scene_id,rank,rank_r1,rank_r2,rank_r3,params,run_dir,RMSE,SAM,NMSE_dB,fit_time_sec
1,"(19,19,3)",19,19,3,20632,C:\Users\mrkys\workspace\NTD-PL\multirun\neurips-cave-tucker-rank-sweep\benchmark\r19_19_3_s01,0.020199697299510176,11.801555626916139,-20.437175208026165,10.530502200010233
2,"(19,19,3)",19,19,3,20632,C:\Users\mrkys\workspace\NTD-PL\multirun\neurips-cave-tucker-rank-sweep\benchmark\r19_19_3_s02,0.09691936130871398,30.076057200329814,-6.842617455158619,10.514217999996617
3,"(19,19,3)",19,19,3,20632,C:\Users\mrkys\workspace\NTD-PL\multirun\neurips-cave-tucker-rank-sweep\benchmark\r19_19_3_s03,0.04286493122471814,31.335260741090003,-10.006058687674308,10.492867499939166
4,"(19,19,3)",19,19,3,20632,C:\Users\mrkys\workspace\NTD-PL\multirun\neurips-cave-tucker-rank-sweep\benchmark\r19_19_3_s04,0.037366557904150305,18.755778943439296,-17.945241640605722,10.561743300058879
5,"(19,19,3)",19,19,3,20632,C:\Users\mrkys\workspace\NTD-PL\multirun\neurips-cave-tucker-rank-sweep\benchmark\r19_19_3_s05,0.015352972385908808,29.51390107169755,-20.469285580355795,9.697483099997044
6,"(19,19,3)",19,19,3,20632,C:\Users\mrkys\workspace\NTD-PL\multirun\neurips-cave-tucker-rank-sweep\benchmark\r19_19_3_s06,0.06442488468815805,10.33155341984375,-10.98162094424206,10.424769300036132
7,"(19,19,3)",19,19,3,20632,C:\Users\mrkys\workspace\NTD-PL\multirun\neurips-cave-tucker-rank-sweep\benchmark\r19_19_3_s07,0.01187590642999139,22.593542688130867,-18.534180555255737,10.178606200031936
8,"(19,19,3)",19,19,3,20632,C:\Users\mrkys\workspace\NTD-PL\multirun\neurips-cave-tucker-rank-sweep\benchmark\r19_19_3_s08,0.04272783204266414,25.26998140434256,-14.216204681947824,10.208542799926363
9,"(19,19,3)",19,19,3,20632,C:\Users\mrkys\workspace\NTD-PL\multirun\neurips-cave-tucker-rank-sweep\benchmark\r19_19_3_s09,0.028196437735172605,32.436153849902205,-15.430308233696788,8.89796249999199
10,"(19,19,3)",19,19,3,20632,C:\Users\mrkys\workspace\NTD-PL\multirun\neurips-cave-tucker-rank-sweep\benchmark\r19_19_3_s10,0.030022453573585465,17.961437796125175,-15.837347187750959,9.74951700004749
11,"(19,19,3)",19,19,3,20632,C:\Users\mrkys\workspace\NTD-PL\multirun\neurips-cave-tucker-rank-sweep\benchmark\r19_19_3_s11,0.0484083349152227,15.99637061028845,-13.879165469520585,9.423973700031638
12,"(19,19,3)",19,19,3,20632,C:\Users\mrkys\workspace\NTD-PL\multirun\neurips-cave-tucker-rank-sweep\benchmark\r19_19_3_s12,0.02877518537862624,10.466787359143353,-22.185107118419435,9.375484699965455
13,"(19,19,3)",19,19,3,20632,C:\Users\mrkys\workspace\NTD-PL\multirun\neurips-cave-tucker-rank-sweep\benchmark\r19_19_3_s13,0.03124104579243987,26.70414990447257,-17.16065078684814,10.321370700025
14,"(19,19,3)",19,19,3,20632,C:\Users\mrkys\workspace\NTD-PL\multirun\neurips-cave-tucker-rank-sweep\benchmark\r19_19_3_s14,0.021334221871089833,25.760293424783484,-14.894165788085484,11.147137699997984
15,"(19,19,3)",19,19,3,20632,C:\Users\mrkys\workspace\NTD-PL\multirun\neurips-cave-tucker-rank-sweep\benchmark\r19_19_3_s15,0.023524482335432736,23.86701242351443,-16.17129396629064,11.217945900047198
1,"(20,20,3)",20,20,3,21773,C:\Users\mrkys\workspace\NTD-PL\multirun\neurips-cave-tucker-rank-sweep\benchmark\r20_20_3_s01,0.019703270422280542,11.694113908983734,-20.65330607718671,11.118942999979481
2,"(20,20,3)",20,20,3,21773,C:\Users\mrkys\workspace\NTD-PL\multirun\neurips-cave-tucker-rank-sweep\benchmark\r20_20_3_s02,0.09500439608231276,29.8903216416306,-7.015954293180914,8.619262399966829
3,"(20,20,3)",20,20,3,21773,C:\Users\mrkys\workspace\NTD-PL\multirun\neurips-cave-tucker-rank-sweep\benchmark\r20_20_3_s03,0.04266020146876397,31.329998878154917,-10.04764327004175,9.68741539993789
4,"(20,20,3)",20,20,3,21773,C:\Users\mrkys\workspace\NTD-PL\multirun\neurips-cave-tucker-rank-sweep\benchmark\r20_20_3_s04,0.036446549521378935,18.589822348552588,-18.161775137340324,9.857472299947403
5,"(20,20,3)",20,20,3,21773,C:\Users\mrkys\workspace\NTD-PL\multirun\neurips-cave-tucker-rank-sweep\benchmark\r20_20_3_s05,0.015275799187613053,29.496661403313528,-20.513056144272994,9.609476999961771
6,"(20,20,3)",20,20,3,21773,C:\Users\mrkys\workspace\NTD-PL\multirun\neurips-cave-tucker-rank-sweep\benchmark\r20_20_3_s06,0.06362520576422412,10.164712116353112,-11.090109944994584,9.354428200051188
7,"(20,20,3)",20,20,3,21773,C:\Users\mrkys\workspace\NTD-PL\multirun\neurips-cave-tucker-rank-sweep\benchmark\r20_20_3_s07,0.011591032092616844,22.81839459401113,-18.745073732427077,10.144144300022162
8,"(20,20,3)",20,20,3,21773,C:\Users\mrkys\workspace\NTD-PL\multirun\neurips-cave-tucker-rank-sweep\benchmark\r20_20_3_s08,0.04195396234421197,25.062960103605263,-14.374962156832114,9.985611599986441
9,"(20,20,3)",20,20,3,21773,C:\Users\mrkys\workspace\NTD-PL\multirun\neurips-cave-tucker-rank-sweep\benchmark\r20_20_3_s09,0.027579431724857797,32.30720522997022,-15.622486851038191,10.082870100042783
10,"(20,20,3)",20,20,3,21773,C:\Users\mrkys\workspace\NTD-PL\multirun\neurips-cave-tucker-rank-sweep\benchmark\r20_20_3_s10,0.029409895156017347,17.79472614470611,-16.01640130024932,8.458552800002508
11,"(20,20,3)",20,20,3,21773,C:\Users\mrkys\workspace\NTD-PL\multirun\neurips-cave-tucker-rank-sweep\benchmark\r20_20_3_s11,0.04672195585583019,15.633249474420985,-14.18714806699465,9.118622499983758
12,"(20,20,3)",20,20,3,21773,C:\Users\mrkys\workspace\NTD-PL\multirun\neurips-cave-tucker-rank-sweep\benchmark\r20_20_3_s12,0.028678831375901968,10.461425467006919,-22.214240713100892,9.279713400057517
13,"(20,20,3)",20,20,3,21773,C:\Users\mrkys\workspace\NTD-PL\multirun\neurips-cave-tucker-rank-sweep\benchmark\r20_20_3_s13,0.03034721463129886,26.482826053796703,-17.412785330687587,9.359084800002165
14,"(20,20,3)",20,20,3,21773,C:\Users\mrkys\workspace\NTD-PL\multirun\neurips-cave-tucker-rank-sweep\benchmark\r20_20_3_s14,0.020846815008105167,25.787362610926667,-15.094907684058754,8.522976099979132
15,"(20,20,3)",20,20,3,21773,C:\Users\mrkys\workspace\NTD-PL\multirun\neurips-cave-tucker-rank-sweep\benchmark\r20_20_3_s15,0.02323216282440835,23.75974635134329,-16.27990261795905,9.228503499994986
1,"(21,21,3)",21,21,3,22920,C:\Users\mrkys\workspace\NTD-PL\multirun\neurips-cave-tucker-rank-sweep\benchmark\r21_21_3_s01,0.019279072268156002,11.477805404441636,-20.84234981035444,9.393952000071295
2,"(21,21,3)",21,21,3,22920,C:\Users\mrkys\workspace\NTD-PL\multirun\neurips-cave-tucker-rank-sweep\benchmark\r21_21_3_s02,0.09337348842375337,29.79109794899407,-7.166356639171933,9.520249400055036
3,"(21,21,3)",21,21,3,22920,C:\Users\mrkys\workspace\NTD-PL\multirun\neurips-cave-tucker-rank-sweep\benchmark\r21_21_3_s03,0.042479564674044845,31.341642605022052,-10.0845001628619,8.42127900000196
4,"(21,21,3)",21,21,3,22920,C:\Users\mrkys\workspace\NTD-PL\multirun\neurips-cave-tucker-rank-sweep\benchmark\r21_21_3_s04,0.03549321534273576,18.246072220922166,-18.391996635843622,9.06173920002766
5,"(21,21,3)",21,21,3,22920,C:\Users\mrkys\workspace\NTD-PL\multirun\neurips-cave-tucker-rank-sweep\benchmark\r21_21_3_s05,0.015215498078551744,29.49985819298428,-20.547411485511912,9.104492799961008
6,"(21,21,3)",21,21,3,22920,C:\Users\mrkys\workspace\NTD-PL\multirun\neurips-cave-tucker-rank-sweep\benchmark\r21_21_3_s06,0.06281191968766725,10.03712351678507,-11.201852607730494,9.453869999968447
7,"(21,21,3)",21,21,3,22920,C:\Users\mrkys\workspace\NTD-PL\multirun\neurips-cave-tucker-rank-sweep\benchmark\r21_21_3_s07,0.011299881603774348,23.13298803021926,-18.966038035652502,8.75582660001237
8,"(21,21,3)",21,21,3,22920,C:\Users\mrkys\workspace\NTD-PL\multirun\neurips-cave-tucker-rank-sweep\benchmark\r21_21_3_s08,0.041272481231442684,25.046214149182994,-14.517210264006213,9.27558889996726
9,"(21,21,3)",21,21,3,22920,C:\Users\mrkys\workspace\NTD-PL\multirun\neurips-cave-tucker-rank-sweep\benchmark\r21_21_3_s09,0.027031103014801522,32.35622442818438,-15.796917764270349,9.532747099990956
10,"(21,21,3)",21,21,3,22920,C:\Users\mrkys\workspace\NTD-PL\multirun\neurips-cave-tucker-rank-sweep\benchmark\r21_21_3_s10,0.028838540732877144,17.732844302264894,-16.18680521100742,9.586361900088377
11,"(21,21,3)",21,21,3,22920,C:\Users\mrkys\workspace\NTD-PL\multirun\neurips-cave-tucker-rank-sweep\benchmark\r21_21_3_s11,0.0451794657670962,15.481139342710552,-14.478746537536175,8.75191819993779
12,"(21,21,3)",21,21,3,22920,C:\Users\mrkys\workspace\NTD-PL\multirun\neurips-cave-tucker-rank-sweep\benchmark\r21_21_3_s12,0.028600830104735867,10.440751211649516,-22.23789695806658,9.02208150003571
13,"(21,21,3)",21,21,3,22920,C:\Users\mrkys\workspace\NTD-PL\multirun\neurips-cave-tucker-rank-sweep\benchmark\r21_21_3_s13,0.02956430916981695,25.928701075490586,-17.63980734993434,9.375718600000255
14,"(21,21,3)",21,21,3,22920,C:\Users\mrkys\workspace\NTD-PL\multirun\neurips-cave-tucker-rank-sweep\benchmark\r21_21_3_s14,0.020412063134217943,25.717894455066062,-15.277963876363376,9.5167087999871
15,"(21,21,3)",21,21,3,22920,C:\Users\mrkys\workspace\NTD-PL\multirun\neurips-cave-tucker-rank-sweep\benchmark\r21_21_3_s15,0.022945966989214306,23.751216062721525,-16.38756818510981,9.106401499942876
1,"(22,22,3)",22,22,3,24073,C:\Users\mrkys\workspace\NTD-PL\multirun\neurips-cave-tucker-rank-sweep\benchmark\r22_22_3_s01,0.01887835914183171,11.448832308627672,-21.02478755944884,9.100125099997967
2,"(22,22,3)",22,22,3,24073,C:\Users\mrkys\workspace\NTD-PL\multirun\neurips-cave-tucker-rank-sweep\benchmark\r22_22_3_s02,0.09178825040381673,29.711317552126204,-7.315086490243361,9.310285600018688
3,"(22,22,3)",22,22,3,24073,C:\Users\mrkys\workspace\NTD-PL\multirun\neurips-cave-tucker-rank-sweep\benchmark\r22_22_3_s03,0.04230460872948131,31.30057714189701,-10.120347659440592,9.41854590002913
4,"(22,22,3)",22,22,3,24073,C:\Users\mrkys\workspace\NTD-PL\multirun\neurips-cave-tucker-rank-sweep\benchmark\r22_22_3_s04,0.03462061755754196,17.85532094088926,-18.60820730639923,8.484059500042349
5,"(22,22,3)",22,22,3,24073,C:\Users\mrkys\workspace\NTD-PL\multirun\neurips-cave-tucker-rank-sweep\benchmark\r22_22_3_s05,0.015167227718222246,29.45939735182484,-20.57501081140375,8.563013199949637
6,"(22,22,3)",22,22,3,24073,C:\Users\mrkys\workspace\NTD-PL\multirun\neurips-cave-tucker-rank-sweep\benchmark\r22_22_3_s06,0.06206460580959715,9.94854977225973,-11.305813914066045,9.14456040004734
7,"(22,22,3)",22,22,3,24073,C:\Users\mrkys\workspace\NTD-PL\multirun\neurips-cave-tucker-rank-sweep\benchmark\r22_22_3_s07,0.011041340652583253,22.727135424726637,-19.167079715225046,9.012291299994104
8,"(22,22,3)",22,22,3,24073,C:\Users\mrkys\workspace\NTD-PL\multirun\neurips-cave-tucker-rank-sweep\benchmark\r22_22_3_s08,0.040622042939693515,24.89586387028086,-14.6551866202066,8.526253300020471
9,"(22,22,3)",22,22,3,24073,C:\Users\mrkys\workspace\NTD-PL\multirun\neurips-cave-tucker-rank-sweep\benchmark\r22_22_3_s09,0.026450799519391263,32.04666132454012,-15.985417039775848,8.778396900044754
10,"(22,22,3)",22,22,3,24073,C:\Users\mrkys\workspace\NTD-PL\multirun\neurips-cave-tucker-rank-sweep\benchmark\r22_22_3_s10,0.02836196218739298,17.720013159827214,-16.331545352350375,9.052484199986793
11,"(22,22,3)",22,22,3,24073,C:\Users\mrkys\workspace\NTD-PL\multirun\neurips-cave-tucker-rank-sweep\benchmark\r22_22_3_s11,0.043839529855437306,15.3404970091945,-14.740250601256477,9.081847300054505
12,"(22,22,3)",22,22,3,24073,C:\Users\mrkys\workspace\NTD-PL\multirun\neurips-cave-tucker-rank-sweep\benchmark\r22_22_3_s12,0.02851905959413201,10.416632793681563,-22.262765707627707,8.620559499948286
13,"(22,22,3)",22,22,3,24073,C:\Users\mrkys\workspace\NTD-PL\multirun\neurips-cave-tucker-rank-sweep\benchmark\r22_22_3_s13,0.02886187583755056,25.693173081448307,-17.84867097470589,8.554313200060278
14,"(22,22,3)",22,22,3,24073,C:\Users\mrkys\workspace\NTD-PL\multirun\neurips-cave-tucker-rank-sweep\benchmark\r22_22_3_s14,0.019924869106676967,25.50464151422252,-15.487792393988807,8.957382199936546
15,"(22,22,3)",22,22,3,24073,C:\Users\mrkys\workspace\NTD-PL\multirun\neurips-cave-tucker-rank-sweep\benchmark\r22_22_3_s15,0.02268147832458678,23.67744062915598,-16.488268325891532,9.001759100006893
1,"(23,23,3)",23,23,3,25232,C:\Users\mrkys\workspace\NTD-PL\multirun\neurips-cave-tucker-rank-sweep\benchmark\r23_23_3_s01,0.018523008424165842,11.419118397046695,-21.189841951595355,8.49275440000929
2,"(23,23,3)",23,23,3,25232,C:\Users\mrkys\workspace\NTD-PL\multirun\neurips-cave-tucker-rank-sweep\benchmark\r23_23_3_s02,0.09013533572723953,29.645792253796344,-7.472926711511874,8.684807399986312
3,"(23,23,3)",23,23,3,25232,C:\Users\mrkys\workspace\NTD-PL\multirun\neurips-cave-tucker-rank-sweep\benchmark\r23_23_3_s03,0.04214522102181366,31.268607120906726,-10.1531345978249,8.875749099999666
4,"(23,23,3)",23,23,3,25232,C:\Users\mrkys\workspace\NTD-PL\multirun\neurips-cave-tucker-rank-sweep\benchmark\r23_23_3_s04,0.03374932874578576,17.09283959308876,-18.8296007283606,8.872588200028986
5,"(23,23,3)",23,23,3,25232,C:\Users\mrkys\workspace\NTD-PL\multirun\neurips-cave-tucker-rank-sweep\benchmark\r23_23_3_s05,0.015116190191551242,29.443739502758824,-20.60428800495557,8.500948200002313
6,"(23,23,3)",23,23,3,25232,C:\Users\mrkys\workspace\NTD-PL\multirun\neurips-cave-tucker-rank-sweep\benchmark\r23_23_3_s06,0.061319564051945046,9.8656785125786,-11.410712770132081,11.377208499936387
7,"(23,23,3)",23,23,3,25232,C:\Users\mrkys\workspace\NTD-PL\multirun\neurips-cave-tucker-rank-sweep\benchmark\r23_23_3_s07,0.010805780861043718,23.038006182273556,-19.354392780229684,13.560005100094713
8,"(23,23,3)",23,23,3,25232,C:\Users\mrkys\workspace\NTD-PL\multirun\neurips-cave-tucker-rank-sweep\benchmark\r23_23_3_s08,0.04000076768621315,24.840672477895364,-14.789055312275021,13.794965499895625
9,"(23,23,3)",23,23,3,25232,C:\Users\mrkys\workspace\NTD-PL\multirun\neurips-cave-tucker-rank-sweep\benchmark\r23_23_3_s09,0.025898233105115652,31.940151289187895,-16.168790405556972,17.778572599985637
10,"(23,23,3)",23,23,3,25232,C:\Users\mrkys\workspace\NTD-PL\multirun\neurips-cave-tucker-rank-sweep\benchmark\r23_23_3_s10,0.027891505013068224,17.640227758918044,-16.476831841261223,16.129203999997117
11,"(23,23,3)",23,23,3,25232,C:\Users\mrkys\workspace\NTD-PL\multirun\neurips-cave-tucker-rank-sweep\benchmark\r23_23_3_s11,0.042685659254747925,14.97507147294355,-14.971928497315139,16.198014399968088
12,"(23,23,3)",23,23,3,25232,C:\Users\mrkys\workspace\NTD-PL\multirun\neurips-cave-tucker-rank-sweep\benchmark\r23_23_3_s12,0.028465980714274502,10.398501933288372,-22.278946706128085,16.134797199978493
13,"(23,23,3)",23,23,3,25232,C:\Users\mrkys\workspace\NTD-PL\multirun\neurips-cave-tucker-rank-sweep\benchmark\r23_23_3_s13,0.028234047292636504,25.53452958102639,-18.0396992989279,11.455779199954122
14,"(23,23,3)",23,23,3,25232,C:\Users\mrkys\workspace\NTD-PL\multirun\neurips-cave-tucker-rank-sweep\benchmark\r23_23_3_s14,0.019517211901108413,25.416183169725556,-15.667346388047363,9.202288200031035
15,"(23,23,3)",23,23,3,25232,C:\Users\mrkys\workspace\NTD-PL\multirun\neurips-cave-tucker-rank-sweep\benchmark\r23_23_3_s15,0.02241996235307003,23.643622594537085,-16.58899789419574,9.812207199982367
1,"(24,24,3)",24,24,3,26397,C:\Users\mrkys\workspace\NTD-PL\multirun\neurips-cave-tucker-rank-sweep\benchmark\r24_24_3_s01,0.01820662378415355,11.356463032422987,-21.33948407281299,9.762744899955578
2,"(24,24,3)",24,24,3,26397,C:\Users\mrkys\workspace\NTD-PL\multirun\neurips-cave-tucker-rank-sweep\benchmark\r24_24_3_s02,0.08862578283081972,29.477168122108875,-7.619626638744639,9.257012100075372
3,"(24,24,3)",24,24,3,26397,C:\Users\mrkys\workspace\NTD-PL\multirun\neurips-cave-tucker-rank-sweep\benchmark\r24_24_3_s03,0.04198979591179069,31.237942380301156,-10.18522603697919,12.928458699956536
4,"(24,24,3)",24,24,3,26397,C:\Users\mrkys\workspace\NTD-PL\multirun\neurips-cave-tucker-rank-sweep\benchmark\r24_24_3_s04,0.033083346048194705,17.282109075292336,-19.002714963662623,15.827810800052248
5,"(24,24,3)",24,24,3,26397,C:\Users\mrkys\workspace\NTD-PL\multirun\neurips-cave-tucker-rank-sweep\benchmark\r24_24_3_s05,0.015071197770265183,29.379358989969273,-20.63017957899365,15.793778700055555
6,"(24,24,3)",24,24,3,26397,C:\Users\mrkys\workspace\NTD-PL\multirun\neurips-cave-tucker-rank-sweep\benchmark\r24_24_3_s06,0.06056118664832206,9.782712835565498,-11.518806417533344,16.219467999995686
7,"(24,24,3)",24,24,3,26397,C:\Users\mrkys\workspace\NTD-PL\multirun\neurips-cave-tucker-rank-sweep\benchmark\r24_24_3_s07,0.010579095372192418,22.936842868087396,-19.53854525044201,14.466742499964312
8,"(24,24,3)",24,24,3,26397,C:\Users\mrkys\workspace\NTD-PL\multirun\neurips-cave-tucker-rank-sweep\benchmark\r24_24_3_s08,0.03947382489643914,24.85817650165606,-14.904237632570212,15.345777499955148
9,"(24,24,3)",24,24,3,26397,C:\Users\mrkys\workspace\NTD-PL\multirun\neurips-cave-tucker-rank-sweep\benchmark\r24_24_3_s09,0.0254201611991755,31.819537874809704,-16.330627111468218,15.446292200009339
10,"(24,24,3)",24,24,3,26397,C:\Users\mrkys\workspace\NTD-PL\multirun\neurips-cave-tucker-rank-sweep\benchmark\r24_24_3_s10,0.02749199996394202,17.592326124333116,-16.602144132578523,14.808540300000459
11,"(24,24,3)",24,24,3,26397,C:\Users\mrkys\workspace\NTD-PL\multirun\neurips-cave-tucker-rank-sweep\benchmark\r24_24_3_s11,0.04158934122300365,14.869293948594098,-15.197927538416502,15.219622200005688
12,"(24,24,3)",24,24,3,26397,C:\Users\mrkys\workspace\NTD-PL\multirun\neurips-cave-tucker-rank-sweep\benchmark\r24_24_3_s12,0.028419908151495737,10.393798110405921,-22.293016321321552,15.8707608000841
13,"(24,24,3)",24,24,3,26397,C:\Users\mrkys\workspace\NTD-PL\multirun\neurips-cave-tucker-rank-sweep\benchmark\r24_24_3_s13,0.02767312312518854,25.291455211306733,-18.213998547823593,15.924504700000398
14,"(24,24,3)",24,24,3,26397,C:\Users\mrkys\workspace\NTD-PL\multirun\neurips-cave-tucker-rank-sweep\benchmark\r24_24_3_s14,0.019175201672290018,25.358906152721108,-15.82090312950631,14.888516699895263
15,"(24,24,3)",24,24,3,26397,C:\Users\mrkys\workspace\NTD-PL\multirun\neurips-cave-tucker-rank-sweep\benchmark\r24_24_3_s15,0.022189210640329415,23.56842892648895,-16.67885841627357,16.239148500026204
1,"(24,24,4)",24,24,4,27004,C:\Users\mrkys\workspace\NTD-PL\multirun\neurips-cave-tucker-rank-sweep\benchmark\r24_24_4_s01,0.016452891687397636,8.961226854182472,-22.219227663031404,10.607010999985505
2,"(24,24,4)",24,24,4,27004,C:\Users\mrkys\workspace\NTD-PL\multirun\neurips-cave-tucker-rank-sweep\benchmark\2026-04-28_22-50-20\0,0.0876598920368423,28.59575121583457,-7.714809696597172,7.3245859000016935
3,"(24,24,4)",24,24,4,27004,C:\Users\mrkys\workspace\NTD-PL\multirun\neurips-cave-tucker-rank-sweep\benchmark\r24_24_4_s03,0.032700301940806184,11.208523183676451,-12.357066057314492,10.594844899955206
4,"(24,24,4)",24,24,4,27004,C:\Users\mrkys\workspace\NTD-PL\multirun\neurips-cave-tucker-rank-sweep\benchmark\2026-04-28_22-50-30\0,0.03217769862924161,16.62178362309248,-19.243803919429453,6.644502600014675
5,"(24,24,4)",24,24,4,27004,C:\Users\mrkys\workspace\NTD-PL\multirun\neurips-cave-tucker-rank-sweep\benchmark\r24_24_4_s05,0.011173946041218468,28.45862382666595,-23.229003559621162,10.499353599967435
6,"(24,24,4)",24,24,4,27004,C:\Users\mrkys\workspace\NTD-PL\multirun\neurips-cave-tucker-rank-sweep\benchmark\2026-04-28_22-50-38\0,0.060253450287865606,9.47735913747599,-11.563055523654672,6.44190289999824
7,"(24,24,4)",24,24,4,27004,C:\Users\mrkys\workspace\NTD-PL\multirun\neurips-cave-tucker-rank-sweep\benchmark\r24_24_4_s07,0.010055849967060515,21.692155360233492,-19.979140196723023,10.502494900021702
8,"(24,24,4)",24,24,4,27004,C:\Users\mrkys\workspace\NTD-PL\multirun\neurips-cave-tucker-rank-sweep\benchmark\2026-04-28_22-50-47\0,0.03505210882250018,18.799151089010454,-15.936138811568004,6.263697399990633
9,"(24,24,4)",24,24,4,27004,C:\Users\mrkys\workspace\NTD-PL\multirun\neurips-cave-tucker-rank-sweep\benchmark\r24_24_4_s09,0.023759931493799284,30.31478936078954,-16.917289434133345,10.215660299989395
10,"(24,24,4)",24,24,4,27004,C:\Users\mrkys\workspace\NTD-PL\multirun\neurips-cave-tucker-rank-sweep\benchmark\2026-04-28_22-50-55\0,0.024715332206836665,10.80759318608416,-17.526941779332198,6.536510100006126
11,"(24,24,4)",24,24,4,27004,C:\Users\mrkys\workspace\NTD-PL\multirun\neurips-cave-tucker-rank-sweep\benchmark\r24_24_4_s11,0.038158524951353766,12.158807239472175,-15.945736794889447,10.254062600026373
12,"(24,24,4)",24,24,4,27004,C:\Users\mrkys\workspace\NTD-PL\multirun\neurips-cave-tucker-rank-sweep\benchmark\2026-04-28_22-51-04\0,0.018645409568579407,8.432884667946102,-25.954031169888086,6.556549500033725
13,"(24,24,4)",24,24,4,27004,C:\Users\mrkys\workspace\NTD-PL\multirun\neurips-cave-tucker-rank-sweep\benchmark\2026-04-28_22-51-12\0,0.02489342749060493,24.399175363081024,-19.13346811069149,6.6293199000065215
14,"(24,24,4)",24,24,4,27004,C:\Users\mrkys\workspace\NTD-PL\multirun\neurips-cave-tucker-rank-sweep\benchmark\2026-04-28_22-51-13\0,0.016119548072727568,13.247307680411769,-17.328644699544203,6.684910100011621
15,"(24,24,4)",24,24,4,27004,C:\Users\mrkys\workspace\NTD-PL\multirun\neurips-cave-tucker-rank-sweep\benchmark\2026-04-28_22-51-21\0,0.01678764790096365,18.170315192470277,-19.10189843681695,6.284597899997607
1,"(25,25,3)",25,25,3,27568,C:\Users\mrkys\workspace\NTD-PL\multirun\neurips-cave-tucker-rank-sweep\benchmark\r25_25_3_s01,0.017912809193731036,11.27327976086898,-21.48079843952882,17.6830675000092
2,"(25,25,3)",25,25,3,27568,C:\Users\mrkys\workspace\NTD-PL\multirun\neurips-cave-tucker-rank-sweep\benchmark\r25_25_3_s02,0.08712956538628971,29.302601058947985,-7.767517370866769,17.94871309993323
3,"(25,25,3)",25,25,3,27568,C:\Users\mrkys\workspace\NTD-PL\multirun\neurips-cave-tucker-rank-sweep\benchmark\r25_25_3_s03,0.04186962988995472,31.1921129989468,-10.210118874208227,16.556606499943882
4,"(25,25,3)",25,25,3,27568,C:\Users\mrkys\workspace\NTD-PL\multirun\neurips-cave-tucker-rank-sweep\benchmark\r25_25_3_s04,0.0323946874927431,17.122537207328556,-19.18542762180012,11.248723799944855
5,"(25,25,3)",25,25,3,27568,C:\Users\mrkys\workspace\NTD-PL\multirun\neurips-cave-tucker-rank-sweep\benchmark\r25_25_3_s05,0.01502678956649202,29.373886045034247,-20.65581086341052,9.901101800031029
6,"(25,25,3)",25,25,3,27568,C:\Users\mrkys\workspace\NTD-PL\multirun\neurips-cave-tucker-rank-sweep\benchmark\r25_25_3_s06,0.059860945964919525,9.699034120431316,-11.619822430418747,9.89363589999266
7,"(25,25,3)",25,25,3,27568,C:\Users\mrkys\workspace\NTD-PL\multirun\neurips-cave-tucker-rank-sweep\benchmark\r25_25_3_s07,0.010335438638791739,23.387729759254615,-19.74093763949195,9.952781399944797
8,"(25,25,3)",25,25,3,27568,C:\Users\mrkys\workspace\NTD-PL\multirun\neurips-cave-tucker-rank-sweep\benchmark\r25_25_3_s08,0.03897667279481723,24.76895414072316,-15.0143265732918,8.880818500067107
9,"(25,25,3)",25,25,3,27568,C:\Users\mrkys\workspace\NTD-PL\multirun\neurips-cave-tucker-rank-sweep\benchmark\r25_25_3_s09,0.0249167261100517,31.73609028486685,-16.504373549291596,9.199223899981007
10,"(25,25,3)",25,25,3,27568,C:\Users\mrkys\workspace\NTD-PL\multirun\neurips-cave-tucker-rank-sweep\benchmark\r25_25_3_s10,0.027098743977311445,17.516593559094012,-16.727287588781145,9.268320300034247
11,"(25,25,3)",25,25,3,27568,C:\Users\mrkys\workspace\NTD-PL\multirun\neurips-cave-tucker-rank-sweep\benchmark\r25_25_3_s11,0.040668519146440735,14.657296897449463,-15.39240118540902,9.348500900086947
12,"(25,25,3)",25,25,3,27568,C:\Users\mrkys\workspace\NTD-PL\multirun\neurips-cave-tucker-rank-sweep\benchmark\r25_25_3_s12,0.028384054900537085,10.373273810426173,-22.303980958491735,11.375859000021592
13,"(25,25,3)",25,25,3,27568,C:\Users\mrkys\workspace\NTD-PL\multirun\neurips-cave-tucker-rank-sweep\benchmark\r25_25_3_s13,0.027139062912071275,25.323400888331378,-18.383265100003214,16.11056760000065
14,"(25,25,3)",25,25,3,27568,C:\Users\mrkys\workspace\NTD-PL\multirun\neurips-cave-tucker-rank-sweep\benchmark\r25_25_3_s14,0.018846973462333997,25.256046284673943,-15.970869554066198,16.110398399992846
15,"(25,25,3)",25,25,3,27568,C:\Users\mrkys\workspace\NTD-PL\multirun\neurips-cave-tucker-rank-sweep\benchmark\r25_25_3_s15,0.02197545873285576,23.52714017806068,-16.76293648146132,15.916441599954851
1,"(25,25,4)",25,25,4,28224,C:\Users\mrkys\workspace\NTD-PL\multirun\neurips-cave-tucker-rank-sweep\benchmark\r25_25_4_s01,0.016127938436592184,8.903505078947049,-22.39249529674707,9.343069599941373
2,"(25,25,4)",25,25,4,28224,C:\Users\mrkys\workspace\NTD-PL\multirun\neurips-cave-tucker-rank-sweep\benchmark\r25_25_4_s02,0.08609900421635858,28.40616638516504,-7.870865752866912,9.728610199992545
3,"(25,25,4)",25,25,4,28224,C:\Users\mrkys\workspace\NTD-PL\multirun\neurips-cave-tucker-rank-sweep\benchmark\r25_25_4_s03,0.032493339587278694,11.127588735566103,-12.412214325113567,9.434660500031896
4,"(25,25,4)",25,25,4,28224,C:\Users\mrkys\workspace\NTD-PL\multirun\neurips-cave-tucker-rank-sweep\benchmark\r25_25_4_s04,0.03145540176746408,16.467340491226146,-19.440998783626927,8.88100910000503
5,"(25,25,4)",25,25,4,28224,C:\Users\mrkys\workspace\NTD-PL\multirun\neurips-cave-tucker-rank-sweep\benchmark\r25_25_4_s05,0.011108350335668949,28.412297601372394,-23.28014359432767,9.370220100041479
6,"(25,25,4)",25,25,4,28224,C:\Users\mrkys\workspace\NTD-PL\multirun\neurips-cave-tucker-rank-sweep\benchmark\r25_25_4_s06,0.05953755364148127,9.38668097612197,-11.666874226033073,9.512062499998137
7,"(25,25,4)",25,25,4,28224,C:\Users\mrkys\workspace\NTD-PL\multirun\neurips-cave-tucker-rank-sweep\benchmark\r25_25_4_s07,0.009792635104415488,21.591865411827406,-20.209524457680196,9.241373699973337
8,"(25,25,4)",25,25,4,28224,C:\Users\mrkys\workspace\NTD-PL\multirun\neurips-cave-tucker-rank-sweep\benchmark\r25_25_4_s08,0.034421690493040086,18.83091338102492,-16.093777932774167,8.732647299999371
9,"(25,25,4)",25,25,4,28224,C:\Users\mrkys\workspace\NTD-PL\multirun\neurips-cave-tucker-rank-sweep\benchmark\r25_25_4_s09,0.02321264832834132,30.223311165336852,-17.11969927883431,9.209660000051372
10,"(25,25,4)",25,25,4,28224,C:\Users\mrkys\workspace\NTD-PL\multirun\neurips-cave-tucker-rank-sweep\benchmark\r25_25_4_s10,0.02423784177581231,10.774161066832676,-17.69639190431294,9.216339600039646
11,"(25,25,4)",25,25,4,28224,C:\Users\mrkys\workspace\NTD-PL\multirun\neurips-cave-tucker-rank-sweep\benchmark\r25_25_4_s11,0.03714460935138714,11.920912752115168,-16.17965245696635,9.399094499996863
12,"(25,25,4)",25,25,4,28224,C:\Users\mrkys\workspace\NTD-PL\multirun\neurips-cave-tucker-rank-sweep\benchmark\r25_25_4_s12,0.018586061976747368,8.4142245688676,-25.981722101679985,8.62835809995886
13,"(25,25,4)",25,25,4,28224,C:\Users\mrkys\workspace\NTD-PL\multirun\neurips-cave-tucker-rank-sweep\benchmark\r25_25_4_s13,0.024273970770195618,24.38792688363641,-19.352345562662546,9.345707800006494
14,"(25,25,4)",25,25,4,28224,C:\Users\mrkys\workspace\NTD-PL\multirun\neurips-cave-tucker-rank-sweep\benchmark\r25_25_4_s14,0.015714716638499153,13.06491954649771,-17.549570846953223,9.49542510008905
15,"(25,25,4)",25,25,4,28224,C:\Users\mrkys\workspace\NTD-PL\multirun\neurips-cave-tucker-rank-sweep\benchmark\r25_25_4_s15,0.01649410157017804,18.10385947058839,-19.255122182148757,9.478939799941145
1,"(26,26,3)",26,26,3,28745,C:\Users\mrkys\workspace\NTD-PL\multirun\neurips-cave-tucker-rank-sweep\benchmark\r26_26_3_s01,0.017630913723906766,11.19381793494485,-21.618576031656506,14.216997700044885
2,"(26,26,3)",26,26,3,28745,C:\Users\mrkys\workspace\NTD-PL\multirun\neurips-cave-tucker-rank-sweep\benchmark\r26_26_3_s02,0.08563363288374198,29.17307423629731,-7.917940950668029,16.269618999911472
3,"(26,26,3)",26,26,3,28745,C:\Users\mrkys\workspace\NTD-PL\multirun\neurips-cave-tucker-rank-sweep\benchmark\r26_26_3_s03,0.04176106446612514,31.162544240015023,-10.232670111570592,15.748795799911022
4,"(26,26,3)",26,26,3,28745,C:\Users\mrkys\workspace\NTD-PL\multirun\neurips-cave-tucker-rank-sweep\benchmark\r26_26_3_s04,0.031727333786750724,17.008899684556496,-19.366231964113865,15.716100899968296
5,"(26,26,3)",26,26,3,28745,C:\Users\mrkys\workspace\NTD-PL\multirun\neurips-cave-tucker-rank-sweep\benchmark\r26_26_3_s05,0.014991747900535948,29.361876080713483,-20.676089544996113,14.139195800060406
6,"(26,26,3)",26,26,3,28745,C:\Users\mrkys\workspace\NTD-PL\multirun\neurips-cave-tucker-rank-sweep\benchmark\r26_26_3_s06,0.059184328832768966,9.635102522564667,-11.718559403101597,15.529449500027113
7,"(26,26,3)",26,26,3,28745,C:\Users\mrkys\workspace\NTD-PL\multirun\neurips-cave-tucker-rank-sweep\benchmark\r26_26_3_s07,0.010110854151855636,23.35262082854552,-19.93175898255379,15.455379999941215
8,"(26,26,3)",26,26,3,28745,C:\Users\mrkys\workspace\NTD-PL\multirun\neurips-cave-tucker-rank-sweep\benchmark\r26_26_3_s08,0.038487766741525056,24.748308367555303,-15.123967601721516,15.461338800028898
9,"(26,26,3)",26,26,3,28745,C:\Users\mrkys\workspace\NTD-PL\multirun\neurips-cave-tucker-rank-sweep\benchmark\r26_26_3_s09,0.02445956835172443,31.67442642740071,-16.665217344807612,14.332431300077587
10,"(26,26,3)",26,26,3,28745,C:\Users\mrkys\workspace\NTD-PL\multirun\neurips-cave-tucker-rank-sweep\benchmark\r26_26_3_s10,0.026703077200466486,17.46580774155336,-16.855044599251784,16.62151399999857
11,"(26,26,3)",26,26,3,28745,C:\Users\mrkys\workspace\NTD-PL\multirun\neurips-cave-tucker-rank-sweep\benchmark\r26_26_3_s11,0.039833639195666765,14.518006079599111,-15.572568655838781,16.607192400027998
12,"(26,26,3)",26,26,3,28745,C:\Users\mrkys\workspace\NTD-PL\multirun\neurips-cave-tucker-rank-sweep\benchmark\r26_26_3_s12,0.02835293745678356,10.350559093213455,-22.313508524128626,17.01892429997679
13,"(26,26,3)",26,26,3,28745,C:\Users\mrkys\workspace\NTD-PL\multirun\neurips-cave-tucker-rank-sweep\benchmark\r26_26_3_s13,0.026662312298390403,25.12695560912535,-18.537205834489626,16.73589280003216
14,"(26,26,3)",26,26,3,28745,C:\Users\mrkys\workspace\NTD-PL\multirun\neurips-cave-tucker-rank-sweep\benchmark\r26_26_3_s14,0.018567238364282153,25.10965454402688,-16.1007556774242,16.260392699972726
15,"(26,26,3)",26,26,3,28745,C:\Users\mrkys\workspace\NTD-PL\multirun\neurips-cave-tucker-rank-sweep\benchmark\r26_26_3_s15,0.021776492493743492,23.425405582629566,-16.841936876174913,16.404262399999425
1,"(26,26,4)",26,26,4,29452,C:\Users\mrkys\workspace\NTD-PL\multirun\neurips-cave-tucker-rank-sweep\benchmark\r26_26_4_s01,0.015796661885068418,8.745119978750735,-22.57276598602198,8.264400999993086
2,"(26,26,4)",26,26,4,29452,C:\Users\mrkys\workspace\NTD-PL\multirun\neurips-cave-tucker-rank-sweep\benchmark\r26_26_4_s02,0.08454832558935525,28.286512920899508,-8.02872810188155,9.160763200023212
3,"(26,26,4)",26,26,4,29452,C:\Users\mrkys\workspace\NTD-PL\multirun\neurips-cave-tucker-rank-sweep\benchmark\r26_26_4_s03,0.03230460648160298,11.05323676581218,-12.462812211686211,9.171563799958676
4,"(26,26,4)",26,26,4,29452,C:\Users\mrkys\workspace\NTD-PL\multirun\neurips-cave-tucker-rank-sweep\benchmark\r26_26_4_s04,0.030727383488861067,16.264219198589107,-19.644391904132444,9.09928919991944
5,"(26,26,4)",26,26,4,29452,C:\Users\mrkys\workspace\NTD-PL\multirun\neurips-cave-tucker-rank-sweep\benchmark\r26_26_4_s05,0.01105094046179781,28.430540857702262,-23.32515017408023,8.215445199981332
6,"(26,26,4)",26,26,4,29452,C:\Users\mrkys\workspace\NTD-PL\multirun\neurips-cave-tucker-rank-sweep\benchmark\r26_26_4_s06,0.058851527296084796,9.328016946219844,-11.767539182191149,9.000448099919595
7,"(26,26,4)",26,26,4,29452,C:\Users\mrkys\workspace\NTD-PL\multirun\neurips-cave-tucker-rank-sweep\benchmark\r26_26_4_s07,0.009549092736096443,21.468507927904298,-20.428273677754806,9.064956999965943
8,"(26,26,4)",26,26,4,29452,C:\Users\mrkys\workspace\NTD-PL\multirun\neurips-cave-tucker-rank-sweep\benchmark\r26_26_4_s08,0.03385229110280123,18.804793218250794,-16.238660502048493,9.055839100037701
9,"(26,26,4)",26,26,4,29452,C:\Users\mrkys\workspace\NTD-PL\multirun\neurips-cave-tucker-rank-sweep\benchmark\r26_26_4_s09,0.022705954256714164,30.16991482486511,-17.311397944786503,8.187501700012945
10,"(26,26,4)",26,26,4,29452,C:\Users\mrkys\workspace\NTD-PL\multirun\neurips-cave-tucker-rank-sweep\benchmark\r26_26_4_s10,0.02375861022313409,10.70286880065891,-17.869850172198824,8.902799600036815
11,"(26,26,4)",26,26,4,29452,C:\Users\mrkys\workspace\NTD-PL\multirun\neurips-cave-tucker-rank-sweep\benchmark\r26_26_4_s11,0.036199468267682416,11.72335999798952,-16.403524536961882,9.125377899967134
12,"(26,26,4)",26,26,4,29452,C:\Users\mrkys\workspace\NTD-PL\multirun\neurips-cave-tucker-rank-sweep\benchmark\r26_26_4_s12,0.018535247019318538,8.38290897120606,-26.005502156845985,9.174280900042504
13,"(26,26,4)",26,26,4,29452,C:\Users\mrkys\workspace\NTD-PL\multirun\neurips-cave-tucker-rank-sweep\benchmark\r26_26_4_s13,0.023733468693701538,24.171218366795742,-19.547937738353184,8.279369199997745
14,"(26,26,4)",26,26,4,29452,C:\Users\mrkys\workspace\NTD-PL\multirun\neurips-cave-tucker-rank-sweep\benchmark\r26_26_4_s14,0.015351739019515571,12.689747457068254,-17.75255035978222,8.71978439996019
15,"(26,26,4)",26,26,4,29452,C:\Users\mrkys\workspace\NTD-PL\multirun\neurips-cave-tucker-rank-sweep\benchmark\r26_26_4_s15,0.01622172815960934,17.998866605255756,-19.399753088139377,9.20763259998057
1,"(26,26,5)",26,26,5,30159,C:\Users\mrkys\workspace\NTD-PL\multirun\neurips-cave-tucker-rank-sweep\benchmark\2026-04-28_22-42-31\0,0.014025797512371947,7.355815671808863,-23.605521140714277,5.4009391000145115
2,"(26,26,5)",26,26,5,30159,C:\Users\mrkys\workspace\NTD-PL\multirun\neurips-cave-tucker-rank-sweep\benchmark\2026-04-28_22-51-22\0,0.08415191296034867,26.514455875238202,-8.069548467206529,6.586032600025646
3,"(26,26,5)",26,26,5,30159,C:\Users\mrkys\workspace\NTD-PL\multirun\neurips-cave-tucker-rank-sweep\benchmark\r26_26_5_s03,0.026824351551116787,8.385034879181426,-14.077516669164535,9.768971199984662
4,"(26,26,5)",26,26,5,30159,C:\Users\mrkys\workspace\NTD-PL\multirun\neurips-cave-tucker-rank-sweep\benchmark\2026-04-28_22-51-30\0,0.030335282899312872,15.253596978041783,-19.75594252777682,9.200969600002281
5,"(26,26,5)",26,26,5,30159,C:\Users\mrkys\workspace\NTD-PL\multirun\neurips-cave-tucker-rank-sweep\benchmark\2026-04-28_22-51-41\0,0.007891184493034007,26.05457346817806,-26.250291013234648,10.792019899992738
6,"(26,26,5)",26,26,5,30159,C:\Users\mrkys\workspace\NTD-PL\multirun\neurips-cave-tucker-rank-sweep\benchmark\2026-04-28_22-51-42\0,0.058607059764337256,9.041980923154611,-11.803695262731608,11.078703799983487
7,"(26,26,5)",26,26,5,30159,C:\Users\mrkys\workspace\NTD-PL\multirun\neurips-cave-tucker-rank-sweep\benchmark\2026-04-28_22-51-55\0,0.009468467969591788,19.990767759948668,-20.50192161088215,9.132417499960866
8,"(26,26,5)",26,26,5,30159,C:\Users\mrkys\workspace\NTD-PL\multirun\neurips-cave-tucker-rank-sweep\benchmark\2026-04-28_22-51-56\0,0.03219690488417689,15.591060241206499,-16.674139346080914,9.166250600013882
9,"(26,26,5)",26,26,5,30159,C:\Users\mrkys\workspace\NTD-PL\multirun\neurips-cave-tucker-rank-sweep\benchmark\2026-04-28_22-52-06\0,0.022021578691248125,23.233842719451687,-17.577224124251913,8.90592419996392
10,"(26,26,5)",26,26,5,30159,C:\Users\mrkys\workspace\NTD-PL\multirun\neurips-cave-tucker-rank-sweep\benchmark\2026-04-28_22-52-07\0,0.02245516556964293,9.934367280272905,-18.359945593670425,9.620311100035906
11,"(26,26,5)",26,26,5,30159,C:\Users\mrkys\workspace\NTD-PL\multirun\neurips-cave-tucker-rank-sweep\benchmark\2026-04-28_22-52-18\0,0.03373494618659286,10.295543340834502,-17.01596792767524,9.577344799996354
12,"(26,26,5)",26,26,5,30159,C:\Users\mrkys\workspace\NTD-PL\multirun\neurips-cave-tucker-rank-sweep\benchmark\2026-04-28_22-52-19\0,0.011961374532025469,6.621071340495373,-29.809847939182873,9.456211599987
13,"(26,26,5)",26,26,5,30159,C:\Users\mrkys\workspace\NTD-PL\multirun\neurips-cave-tucker-rank-sweep\benchmark\2026-04-28_22-52-30\0,0.021924103725032142,18.12472737712537,-20.236725093664468,9.245127900037915
14,"(26,26,5)",26,26,5,30159,C:\Users\mrkys\workspace\NTD-PL\multirun\neurips-cave-tucker-rank-sweep\benchmark\2026-04-28_22-52-31\0,0.014295764649400432,12.252263998591083,-18.37155413926427,9.524112599960063
15,"(26,26,5)",26,26,5,30159,C:\Users\mrkys\workspace\NTD-PL\multirun\neurips-cave-tucker-rank-sweep\benchmark\2026-04-28_22-52-42\0,0.014091709843558715,9.998520496646563,-20.622421629758012,10.918549400055781
1,"(27,27,3)",27,27,3,29928,C:\Users\mrkys\workspace\NTD-PL\multirun\neurips-cave-tucker-rank-sweep\benchmark\r27_27_3_s01,0.017361936457320124,11.13277502526312,-21.752109188019276,16.24886069993954
2,"(27,27,3)",27,27,3,29928,C:\Users\mrkys\workspace\NTD-PL\multirun\neurips-cave-tucker-rank-sweep\benchmark\r27_27_3_s02,0.08415312261476755,29.175302802297004,-8.069423611467698,16.708231800002977
3,"(27,27,3)",27,27,3,29928,C:\Users\mrkys\workspace\NTD-PL\multirun\neurips-cave-tucker-rank-sweep\benchmark\r27_27_3_s03,0.041653722610378224,31.16991689574884,-10.255024901647822,17.222949099959806
4,"(27,27,3)",27,27,3,29928,C:\Users\mrkys\workspace\NTD-PL\multirun\neurips-cave-tucker-rank-sweep\benchmark\r27_27_3_s04,0.031114419374786165,17.004310284835423,-19.535669495399727,17.3054523000028
5,"(27,27,3)",27,27,3,29928,C:\Users\mrkys\workspace\NTD-PL\multirun\neurips-cave-tucker-rank-sweep\benchmark\r27_27_3_s05,0.01495955674570779,29.299870945160478,-20.69476044625574,17.21960620000027
6,"(27,27,3)",27,27,3,29928,C:\Users\mrkys\workspace\NTD-PL\multirun\neurips-cave-tucker-rank-sweep\benchmark\r27_27_3_s06,0.05849534730824575,9.508084828263726,-11.820267464506387,17.051531800068915
7,"(27,27,3)",27,27,3,29928,C:\Users\mrkys\workspace\NTD-PL\multirun\neurips-cave-tucker-rank-sweep\benchmark\r27_27_3_s07,0.009893445691277019,23.577174977910584,-20.120564415799326,16.644379700068384
8,"(27,27,3)",27,27,3,29928,C:\Users\mrkys\workspace\NTD-PL\multirun\neurips-cave-tucker-rank-sweep\benchmark\r27_27_3_s08,0.03801702211050355,24.680572761597034,-15.230859930370045,16.685966899967752
9,"(27,27,3)",27,27,3,29928,C:\Users\mrkys\workspace\NTD-PL\multirun\neurips-cave-tucker-rank-sweep\benchmark\r27_27_3_s09,0.02399568327220087,31.596109867712844,-16.83153069879192,16.659452399937436
10,"(27,27,3)",27,27,3,29928,C:\Users\mrkys\workspace\NTD-PL\multirun\neurips-cave-tucker-rank-sweep\benchmark\r27_27_3_s10,0.026367305310963183,17.426596051693817,-16.964955866294478,16.542809800012037
11,"(27,27,3)",27,27,3,29928,C:\Users\mrkys\workspace\NTD-PL\multirun\neurips-cave-tucker-rank-sweep\benchmark\r27_27_3_s11,0.039032654240012295,14.383169652408894,-15.7490066713825,17.574984699953347
12,"(27,27,3)",27,27,3,29928,C:\Users\mrkys\workspace\NTD-PL\multirun\neurips-cave-tucker-rank-sweep\benchmark\r27_27_3_s12,0.02832129671466711,10.342850725127214,-22.32320704151175,17.58327010006178
13,"(27,27,3)",27,27,3,29928,C:\Users\mrkys\workspace\NTD-PL\multirun\neurips-cave-tucker-rank-sweep\benchmark\r27_27_3_s13,0.0262263850264868,25.068603616170588,-18.68039340060936,17.504007500014268
14,"(27,27,3)",27,27,3,29928,C:\Users\mrkys\workspace\NTD-PL\multirun\neurips-cave-tucker-rank-sweep\benchmark\r27_27_3_s14,0.018280190680907586,24.952382337688633,-16.236087503883653,17.59625139995478
15,"(27,27,3)",27,27,3,29928,C:\Users\mrkys\workspace\NTD-PL\multirun\neurips-cave-tucker-rank-sweep\benchmark\r27_27_3_s15,0.021618488057567196,23.35962621865078,-16.905189129889052,10.655397400027141
1,"(27,27,4)",27,27,4,30688,C:\Users\mrkys\workspace\NTD-PL\multirun\neurips-cave-tucker-rank-sweep\benchmark\r27_27_4_s01,0.015502437309861596,8.669416738443347,-22.73607276075085,9.205469600041397
2,"(27,27,4)",27,27,4,30688,C:\Users\mrkys\workspace\NTD-PL\multirun\neurips-cave-tucker-rank-sweep\benchmark\r27_27_4_s02,0.08301989834903217,28.226537003139995,-8.187184379592221,8.587758000008762
3,"(27,27,4)",27,27,4,30688,C:\Users\mrkys\workspace\NTD-PL\multirun\neurips-cave-tucker-rank-sweep\benchmark\r27_27_4_s03,0.03215292821902612,11.06193371333453,-12.503690693529954,8.567514099995606
4,"(27,27,4)",27,27,4,30688,C:\Users\mrkys\workspace\NTD-PL\multirun\neurips-cave-tucker-rank-sweep\benchmark\r27_27_4_s04,0.030088961748277895,16.14127438675517,-19.826759472120024,9.180149000021629
5,"(27,27,4)",27,27,4,30688,C:\Users\mrkys\workspace\NTD-PL\multirun\neurips-cave-tucker-rank-sweep\benchmark\r27_27_4_s05,0.010993483130905306,28.3794110159104,-23.37042866939448,9.287710400065407
6,"(27,27,4)",27,27,4,30688,C:\Users\mrkys\workspace\NTD-PL\multirun\neurips-cave-tucker-rank-sweep\benchmark\r27_27_4_s06,0.05815431670678071,9.199131692781222,-11.871054796503916,8.55148799996823
7,"(27,27,4)",27,27,4,30688,C:\Users\mrkys\workspace\NTD-PL\multirun\neurips-cave-tucker-rank-sweep\benchmark\r27_27_4_s07,0.009309733482023965,21.400627484128478,-20.648770933530205,8.524335899972357
8,"(27,27,4)",27,27,4,30688,C:\Users\mrkys\workspace\NTD-PL\multirun\neurips-cave-tucker-rank-sweep\benchmark\r27_27_4_s08,0.03331044818860269,18.728074620319553,-16.3788123158297,8.946013299981132
9,"(27,27,4)",27,27,4,30688,C:\Users\mrkys\workspace\NTD-PL\multirun\neurips-cave-tucker-rank-sweep\benchmark\r27_27_4_s09,0.022188248944787756,30.105842112255498,-17.511732519141887,9.03030059998855
10,"(27,27,4)",27,27,4,30688,C:\Users\mrkys\workspace\NTD-PL\multirun\neurips-cave-tucker-rank-sweep\benchmark\r27_27_4_s10,0.02333023444744781,10.545043668810472,-18.02788876439262,8.392406200058758
11,"(27,27,4)",27,27,4,30688,C:\Users\mrkys\workspace\NTD-PL\multirun\neurips-cave-tucker-rank-sweep\benchmark\r27_27_4_s11,0.03530322808378908,11.554541676686341,-16.62127999078652,8.48013409995474
12,"(27,27,4)",27,27,4,30688,C:\Users\mrkys\workspace\NTD-PL\multirun\neurips-cave-tucker-rank-sweep\benchmark\r27_27_4_s12,0.018484574788889256,8.373742105934127,-26.029280427761407,9.03461780003272
13,"(27,27,4)",27,27,4,30688,C:\Users\mrkys\workspace\NTD-PL\multirun\neurips-cave-tucker-rank-sweep\benchmark\r27_27_4_s13,0.02323391818819474,24.11966512410155,-19.732712940016924,8.986352399922907
14,"(27,27,4)",27,27,4,30688,C:\Users\mrkys\workspace\NTD-PL\multirun\neurips-cave-tucker-rank-sweep\benchmark\r27_27_4_s14,0.014993551308996825,12.477030697102343,-17.957611731299302,8.527927999966778
15,"(27,27,4)",27,27,4,30688,C:\Users\mrkys\workspace\NTD-PL\multirun\neurips-cave-tucker-rank-sweep\benchmark\r27_27_4_s15,0.0159756523596219,17.919433570012238,-19.53252344548653,8.50254550005775
1,"(28,28,3)",28,28,3,31117,C:\Users\mrkys\workspace\NTD-PL\multirun\neurips-cave-tucker-rank-sweep\benchmark\r28_28_3_s01,0.01709939679115284,11.009880631980502,-21.88445663196877,10.515619600075297
2,"(28,28,3)",28,28,3,31117,C:\Users\mrkys\workspace\NTD-PL\multirun\neurips-cave-tucker-rank-sweep\benchmark\r28_28_3_s02,0.08272024887830756,29.048707605701075,-8.218591677246796,10.628718000021763
3,"(28,28,3)",28,28,3,31117,C:\Users\mrkys\workspace\NTD-PL\multirun\neurips-cave-tucker-rank-sweep\benchmark\r28_28_3_s03,0.04156289197613212,31.13476167419851,-10.273986143511467,10.341017600032501
4,"(28,28,3)",28,28,3,31117,C:\Users\mrkys\workspace\NTD-PL\multirun\neurips-cave-tucker-rank-sweep\benchmark\r28_28_3_s04,0.030543071524474434,17.01585117966085,-19.696649332619003,9.387307800003327
5,"(28,28,3)",28,28,3,31117,C:\Users\mrkys\workspace\NTD-PL\multirun\neurips-cave-tucker-rank-sweep\benchmark\r28_28_3_s05,0.014930018443675098,29.284270283196594,-20.711928071653553,9.67579000000842
6,"(28,28,3)",28,28,3,31117,C:\Users\mrkys\workspace\NTD-PL\multirun\neurips-cave-tucker-rank-sweep\benchmark\r28_28_3_s06,0.05787215293787979,9.420369472301848,-11.913301159692665,9.661799099994823
7,"(28,28,3)",28,28,3,31117,C:\Users\mrkys\workspace\NTD-PL\multirun\neurips-cave-tucker-rank-sweep\benchmark\r28_28_3_s07,0.00967201304483758,22.969093628846636,-20.317178426174415,9.608479299931787
8,"(28,28,3)",28,28,3,31117,C:\Users\mrkys\workspace\NTD-PL\multirun\neurips-cave-tucker-rank-sweep\benchmark\r28_28_3_s08,0.03755374305013687,24.633645667380886,-15.337357229746981,9.094659300055355
9,"(28,28,3)",28,28,3,31117,C:\Users\mrkys\workspace\NTD-PL\multirun\neurips-cave-tucker-rank-sweep\benchmark\r28_28_3_s09,0.023575498428866005,31.41958358765357,-16.984975451007994,9.478517599985935
10,"(28,28,3)",28,28,3,31117,C:\Users\mrkys\workspace\NTD-PL\multirun\neurips-cave-tucker-rank-sweep\benchmark\r28_28_3_s10,0.026064211093852513,17.38792802070361,-17.065379139397354,9.291695300024003
11,"(28,28,3)",28,28,3,31117,C:\Users\mrkys\workspace\NTD-PL\multirun\neurips-cave-tucker-rank-sweep\benchmark\r28_28_3_s11,0.03827273797605406,14.293033961195178,-15.919777719291545,9.546785399899818
12,"(28,28,3)",28,28,3,31117,C:\Users\mrkys\workspace\NTD-PL\multirun\neurips-cave-tucker-rank-sweep\benchmark\r28_28_3_s12,0.028295093567147888,10.331863513056298,-22.331247033557858,8.839602000080049
13,"(28,28,3)",28,28,3,31117,C:\Users\mrkys\workspace\NTD-PL\multirun\neurips-cave-tucker-rank-sweep\benchmark\r28_28_3_s13,0.025818580713638368,24.939780660202292,-18.816514760275407,9.153323500067927
14,"(28,28,3)",28,28,3,31117,C:\Users\mrkys\workspace\NTD-PL\multirun\neurips-cave-tucker-rank-sweep\benchmark\r28_28_3_s14,0.018054696108421465,24.92258438451887,-16.343898276910377,9.191137699992396
15,"(28,28,3)",28,28,3,31117,C:\Users\mrkys\workspace\NTD-PL\multirun\neurips-cave-tucker-rank-sweep\benchmark\r28_28_3_s15,0.021462130578199082,23.310184896826108,-16.96823881748461,9.169532099971548
1,"(28,28,4)",28,28,4,31932,C:\Users\mrkys\workspace\NTD-PL\multirun\neurips-cave-tucker-rank-sweep\benchmark\r28_28_4_s01,0.015193970424513384,8.494764102254937,-22.910646902370893,9.084753399947658
2,"(28,28,4)",28,28,4,31932,C:\Users\mrkys\workspace\NTD-PL\multirun\neurips-cave-tucker-rank-sweep\benchmark\r28_28_4_s02,0.0815338666186875,28.053468460124485,-8.344067554043985,9.063162399921566
3,"(28,28,4)",28,28,4,31932,C:\Users\mrkys\workspace\NTD-PL\multirun\neurips-cave-tucker-rank-sweep\benchmark\r28_28_4_s03,0.031997496084050794,10.997437047929882,-12.545781420978173,8.521984499995597
4,"(28,28,4)",28,28,4,31932,C:\Users\mrkys\workspace\NTD-PL\multirun\neurips-cave-tucker-rank-sweep\benchmark\r28_28_4_s04,0.029494258962945757,16.110053382365727,-20.000153734510867,8.371448899968527
5,"(28,28,4)",28,28,4,31932,C:\Users\mrkys\workspace\NTD-PL\multirun\neurips-cave-tucker-rank-sweep\benchmark\r28_28_4_s05,0.01095130286106681,28.315001600217848,-23.403819163158687,8.916249400004745
6,"(28,28,4)",28,28,4,31932,C:\Users\mrkys\workspace\NTD-PL\multirun\neurips-cave-tucker-rank-sweep\benchmark\r28_28_4_s06,0.05752397212870212,9.113275131225134,-11.965716598398764,9.057186000049114
7,"(28,28,4)",28,28,4,31932,C:\Users\mrkys\workspace\NTD-PL\multirun\neurips-cave-tucker-rank-sweep\benchmark\r28_28_4_s07,0.00907147376560786,20.821337418155412,-20.873958919212615,8.579232399933971
8,"(28,28,4)",28,28,4,31932,C:\Users\mrkys\workspace\NTD-PL\multirun\neurips-cave-tucker-rank-sweep\benchmark\r28_28_4_s08,0.03277396317939273,18.653499288109778,-16.519842609022774,8.52356190001592
9,"(28,28,4)",28,28,4,31932,C:\Users\mrkys\workspace\NTD-PL\multirun\neurips-cave-tucker-rank-sweep\benchmark\r28_28_4_s09,0.0217155683318022,29.921976592938805,-17.698769115800406,8.989330600015819
10,"(28,28,4)",28,28,4,31932,C:\Users\mrkys\workspace\NTD-PL\multirun\neurips-cave-tucker-rank-sweep\benchmark\r28_28_4_s10,0.02293292672151586,10.556584400423077,-18.17708115924414,9.071742699947208
11,"(28,28,4)",28,28,4,31932,C:\Users\mrkys\workspace\NTD-PL\multirun\neurips-cave-tucker-rank-sweep\benchmark\r28_28_4_s11,0.03445086886604996,11.401250174049157,-16.83356477234202,8.779584500007331
12,"(28,28,4)",28,28,4,31932,C:\Users\mrkys\workspace\NTD-PL\multirun\neurips-cave-tucker-rank-sweep\benchmark\r28_28_4_s12,0.018441895452763965,8.359136562344347,-26.049358608321597,8.869708299986087
13,"(28,28,4)",28,28,4,31932,C:\Users\mrkys\workspace\NTD-PL\multirun\neurips-cave-tucker-rank-sweep\benchmark\r28_28_4_s13,0.022756895068510568,23.935648956161668,-19.912901915665532,9.19692070002202
14,"(28,28,4)",28,28,4,31932,C:\Users\mrkys\workspace\NTD-PL\multirun\neurips-cave-tucker-rank-sweep\benchmark\r28_28_4_s14,0.014710689361969124,12.452068893725862,-18.123041438807018,9.261235999991186
15,"(28,28,4)",28,28,4,31932,C:\Users\mrkys\workspace\NTD-PL\multirun\neurips-cave-tucker-rank-sweep\benchmark\r28_28_4_s15,0.01575638836994861,17.86978272728481,-19.652561935535996,8.699865399976261
1,"(29,29,3)",29,29,3,32312,C:\Users\mrkys\workspace\NTD-PL\multirun\neurips-cave-tucker-rank-sweep\benchmark\r29_29_3_s01,0.016870141490386185,10.953714617708613,-22.00169793551985,8.738233299925923
2,"(29,29,3)",29,29,3,32312,C:\Users\mrkys\workspace\NTD-PL\multirun\neurips-cave-tucker-rank-sweep\benchmark\r29_29_3_s02,0.08136131801492397,28.78025518588797,-8.362468818555385,9.226927099982277
3,"(29,29,3)",29,29,3,32312,C:\Users\mrkys\workspace\NTD-PL\multirun\neurips-cave-tucker-rank-sweep\benchmark\r29_29_3_s03,0.04147406311195533,31.100272662139457,-10.292569628525122,9.338655699975789
4,"(29,29,3)",29,29,3,32312,C:\Users\mrkys\workspace\NTD-PL\multirun\neurips-cave-tucker-rank-sweep\benchmark\r29_29_3_s04,0.030005211600762898,17.047435702506895,-19.85096963989198,9.273964300053194
5,"(29,29,3)",29,29,3,32312,C:\Users\mrkys\workspace\NTD-PL\multirun\neurips-cave-tucker-rank-sweep\benchmark\r29_29_3_s05,0.014905889044439671,29.24393363451083,-20.725977273580373,8.46030219993554
6,"(29,29,3)",29,29,3,32312,C:\Users\mrkys\workspace\NTD-PL\multirun\neurips-cave-tucker-rank-sweep\benchmark\r29_29_3_s06,0.0572348661636863,9.325195008882929,-12.009480509843563,9.107165799941868
7,"(29,29,3)",29,29,3,32312,C:\Users\mrkys\workspace\NTD-PL\multirun\neurips-cave-tucker-rank-sweep\benchmark\r29_29_3_s07,0.009472622788393904,22.508183154698926,-20.49811102799426,9.285325500066392
8,"(29,29,3)",29,29,3,32312,C:\Users\mrkys\workspace\NTD-PL\multirun\neurips-cave-tucker-rank-sweep\benchmark\r29_29_3_s08,0.03711266954497495,24.56381141528079,-15.439977945514292,9.238231500028633
9,"(29,29,3)",29,29,3,32312,C:\Users\mrkys\workspace\NTD-PL\multirun\neurips-cave-tucker-rank-sweep\benchmark\r29_29_3_s09,0.02317552910088043,31.396247848639764,-17.13359995783733,8.150847999961115
10,"(29,29,3)",29,29,3,32312,C:\Users\mrkys\workspace\NTD-PL\multirun\neurips-cave-tucker-rank-sweep\benchmark\r29_29_3_s10,0.02577771838305907,17.358667454434958,-17.161381330124087,9.173021099995822
11,"(29,29,3)",29,29,3,32312,C:\Users\mrkys\workspace\NTD-PL\multirun\neurips-cave-tucker-rank-sweep\benchmark\r29_29_3_s11,0.03757592245338412,14.18573636928286,-16.079375343752446,9.249369299970567
12,"(29,29,3)",29,29,3,32312,C:\Users\mrkys\workspace\NTD-PL\multirun\neurips-cave-tucker-rank-sweep\benchmark\r29_29_3_s12,0.028270355843099473,10.32519453227999,-22.338844220777972,9.196724600042216
13,"(29,29,3)",29,29,3,32312,C:\Users\mrkys\workspace\NTD-PL\multirun\neurips-cave-tucker-rank-sweep\benchmark\r29_29_3_s13,0.025387396659968985,24.65765014409795,-18.962798683340854,8.718241399968974
14,"(29,29,3)",29,29,3,32312,C:\Users\mrkys\workspace\NTD-PL\multirun\neurips-cave-tucker-rank-sweep\benchmark\r29_29_3_s14,0.01785689258120323,24.909713470990056,-16.439584212592422,9.441866699955426
15,"(29,29,3)",29,29,3,32312,C:\Users\mrkys\workspace\NTD-PL\multirun\neurips-cave-tucker-rank-sweep\benchmark\r29_29_3_s15,0.021310718511371052,23.285545010074912,-17.02973362195686,9.422073099995032
1,"(29,29,4)",29,29,4,33184,C:\Users\mrkys\workspace\NTD-PL\multirun\neurips-cave-tucker-rank-sweep\benchmark\2026-04-28_22-52-43\0,0.014928203958227469,8.383686723908774,-23.06392123564546,10.759174900013022
2,"(29,29,4)",29,29,4,33184,C:\Users\mrkys\workspace\NTD-PL\multirun\neurips-cave-tucker-rank-sweep\benchmark\r29_29_4_s02,0.08009800159493437,27.75451762322954,-8.498394709511253,9.781633400009014
3,"(29,29,4)",29,29,4,33184,C:\Users\mrkys\workspace\NTD-PL\multirun\neurips-cave-tucker-rank-sweep\benchmark\2026-04-28_22-52-56\0,0.03187210079788987,10.999731323840766,-12.579887508046944,10.257073500019033
4,"(29,29,4)",29,29,4,33184,C:\Users\mrkys\workspace\NTD-PL\multirun\neurips-cave-tucker-rank-sweep\benchmark\2026-04-28_22-53-08\0,0.028927750662600258,15.998752468810128,-20.16861020639719,10.728709399991203
5,"(29,29,4)",29,29,4,33184,C:\Users\mrkys\workspace\NTD-PL\multirun\neurips-cave-tucker-rank-sweep\benchmark\2026-04-28_22-53-09\0,0.010912018400215374,28.292505914387206,-23.435033163500783,10.76192349998746
6,"(29,29,4)",29,29,4,33184,C:\Users\mrkys\workspace\NTD-PL\multirun\neurips-cave-tucker-rank-sweep\benchmark\2026-04-28_22-53-22\0,0.05687773783205491,9.020073630253219,-12.063847640099741,10.102874199976213
7,"(29,29,4)",29,29,4,33184,C:\Users\mrkys\workspace\NTD-PL\multirun\neurips-cave-tucker-rank-sweep\benchmark\2026-04-28_22-53-23\0,0.00885008241357946,19.672565456966723,-21.088569599150286,10.267774300009478
8,"(29,29,4)",29,29,4,33184,C:\Users\mrkys\workspace\NTD-PL\multirun\neurips-cave-tucker-rank-sweep\benchmark\r29_29_4_s08,0.032260671622765906,18.606032438066535,-16.65695374697322,7.602078299969435
9,"(29,29,4)",29,29,4,33184,C:\Users\mrkys\workspace\NTD-PL\multirun\neurips-cave-tucker-rank-sweep\benchmark\2026-04-28_22-53-35\0,0.021265455043481672,29.871978390059326,-17.880699510812647,10.152118399972096
10,"(29,29,4)",29,29,4,33184,C:\Users\mrkys\workspace\NTD-PL\multirun\neurips-cave-tucker-rank-sweep\benchmark\2026-04-28_22-53-47\0,0.022553703627399224,10.55276020769239,-18.321913442339575,9.57468840002548
11,"(29,29,4)",29,29,4,33184,C:\Users\mrkys\workspace\NTD-PL\multirun\neurips-cave-tucker-rank-sweep\benchmark\2026-04-28_22-53-48\0,0.033654609441487,11.254691663277306,-17.03667726240605,9.725673299981281
12,"(29,29,4)",29,29,4,33184,C:\Users\mrkys\workspace\NTD-PL\multirun\neurips-cave-tucker-rank-sweep\benchmark\2026-04-28_22-53-59\0,0.018402709685027045,8.350999201936018,-26.06783422400555,10.435343499993905
13,"(29,29,4)",29,29,4,33184,C:\Users\mrkys\workspace\NTD-PL\multirun\neurips-cave-tucker-rank-sweep\benchmark\2026-04-28_22-54-00\0,0.022262047271301134,23.681941521513423,-20.103860043575814,10.666256700002123
14,"(29,29,4)",29,29,4,33184,C:\Users\mrkys\workspace\NTD-PL\multirun\neurips-cave-tucker-rank-sweep\benchmark\2026-04-28_22-54-12\0,0.014460504347637735,12.413567043714346,-18.27203312753212,10.740333600027952
15,"(29,29,4)",29,29,4,33184,C:\Users\mrkys\workspace\NTD-PL\multirun\neurips-cave-tucker-rank-sweep\benchmark\2026-04-28_22-54-13\0,0.015534632680880608,17.802743191287174,-19.77567569943986,10.688947299961
1,"(30,30,3)",30,30,3,33513,C:\Users\mrkys\workspace\NTD-PL\multirun\neurips-cave-tucker-rank-sweep\benchmark\r30_30_3_s01,0.016667677108462123,10.920778266542778,-22.106570864906345,9.555484000011347
2,"(30,30,3)",30,30,3,33513,C:\Users\mrkys\workspace\NTD-PL\multirun\neurips-cave-tucker-rank-sweep\benchmark\r30_30_3_s02,0.08009768207400166,28.71109619320485,-8.498429358679008,8.849930199910887
3,"(30,30,3)",30,30,3,33513,C:\Users\mrkys\workspace\NTD-PL\multirun\neurips-cave-tucker-rank-sweep\benchmark\r30_30_3_s03,0.04139462950997377,31.08315492376935,-10.309221314218442,9.82250250002835
4,"(30,30,3)",30,30,3,33513,C:\Users\mrkys\workspace\NTD-PL\multirun\neurips-cave-tucker-rank-sweep\benchmark\r30_30_3_s04,0.029530261009119364,17.054309267727646,-19.98955780459101,9.88618889998179
5,"(30,30,3)",30,30,3,33513,C:\Users\mrkys\workspace\NTD-PL\multirun\neurips-cave-tucker-rank-sweep\benchmark\r30_30_3_s05,0.01488256611473609,29.252043302734474,-20.739578545197453,9.877897800062783
6,"(30,30,3)",30,30,3,33513,C:\Users\mrkys\workspace\NTD-PL\multirun\neurips-cave-tucker-rank-sweep\benchmark\r30_30_3_s06,0.05667400002621783,9.279791700072144,-12.09501662137583,6.352154700085521
7,"(30,30,3)",30,30,3,33513,C:\Users\mrkys\workspace\NTD-PL\multirun\neurips-cave-tucker-rank-sweep\benchmark\r30_30_3_s07,0.00929057131758423,21.910293881625883,-20.666667468691937,10.163340699975379
8,"(30,30,3)",30,30,3,33513,C:\Users\mrkys\workspace\NTD-PL\multirun\neurips-cave-tucker-rank-sweep\benchmark\r30_30_3_s08,0.03667720286920631,24.51283975354911,-15.542497689051904,10.201158099924214
9,"(30,30,3)",30,30,3,33513,C:\Users\mrkys\workspace\NTD-PL\multirun\neurips-cave-tucker-rank-sweep\benchmark\r30_30_3_s09,0.022824280671111072,31.236983327842708,-17.266251132246435,10.040617700084113
10,"(30,30,3)",30,30,3,33513,C:\Users\mrkys\workspace\NTD-PL\multirun\neurips-cave-tucker-rank-sweep\benchmark\r30_30_3_s10,0.025498715893628156,17.30552863608218,-17.25590462458372,9.72562760009896
11,"(30,30,3)",30,30,3,33513,C:\Users\mrkys\workspace\NTD-PL\multirun\neurips-cave-tucker-rank-sweep\benchmark\r30_30_3_s11,0.036956609475928534,14.074185269089432,-16.22372594724527,9.183014699956402
12,"(30,30,3)",30,30,3,33513,C:\Users\mrkys\workspace\NTD-PL\multirun\neurips-cave-tucker-rank-sweep\benchmark\r30_30_3_s12,0.028248169009746117,10.31410392724242,-22.34566366259201,9.666418200009502
13,"(30,30,3)",30,30,3,33513,C:\Users\mrkys\workspace\NTD-PL\multirun\neurips-cave-tucker-rank-sweep\benchmark\r30_30_3_s13,0.024987449599322028,24.557014731032808,-19.100723432782903,9.62907880009152
14,"(30,30,3)",30,30,3,33513,C:\Users\mrkys\workspace\NTD-PL\multirun\neurips-cave-tucker-rank-sweep\benchmark\r30_30_3_s14,0.017664696418741847,24.80002412568272,-16.533578371867684,9.23751240002457
15,"(30,30,3)",30,30,3,33513,C:\Users\mrkys\workspace\NTD-PL\multirun\neurips-cave-tucker-rank-sweep\benchmark\r30_30_3_s15,0.02118107892377059,23.26481875595072,-17.082733904947567,9.019836999941617
1,"(30,30,4)",30,30,4,34444,C:\Users\mrkys\workspace\NTD-PL\multirun\neurips-cave-tucker-rank-sweep\benchmark\r30_30_4_s01,0.014694817270040824,8.327871163689741,-23.200788636564734,8.731477400055155
2,"(30,30,4)",30,30,4,34444,C:\Users\mrkys\workspace\NTD-PL\multirun\neurips-cave-tucker-rank-sweep\benchmark\r30_30_4_s02,0.07876898190776903,27.63434834920306,-8.64372368065651,9.286742699914612
3,"(30,30,4)",30,30,4,34444,C:\Users\mrkys\workspace\NTD-PL\multirun\neurips-cave-tucker-rank-sweep\benchmark\r30_30_4_s03,0.031741827050866825,10.965877995924611,-12.61546289254142,9.348312800051644
4,"(30,30,4)",30,30,4,34444,C:\Users\mrkys\workspace\NTD-PL\multirun\neurips-cave-tucker-rank-sweep\benchmark\r30_30_4_s04,0.028429218245608342,16.002899980664715,-20.319605166072886,8.589893599972129
5,"(30,30,4)",30,30,4,34444,C:\Users\mrkys\workspace\NTD-PL\multirun\neurips-cave-tucker-rank-sweep\benchmark\r30_30_4_s05,0.010874060549683486,28.256575100647517,-23.46530001739289,8.869434499996714
6,"(30,30,4)",30,30,4,34444,C:\Users\mrkys\workspace\NTD-PL\multirun\neurips-cave-tucker-rank-sweep\benchmark\r30_30_4_s06,0.056308536228966415,8.975338045685922,-12.151209186817237,9.206388599937782
7,"(30,30,4)",30,30,4,34444,C:\Users\mrkys\workspace\NTD-PL\multirun\neurips-cave-tucker-rank-sweep\benchmark\r30_30_4_s07,0.008644404224249138,18.37250070224807,-21.292814560184826,9.252159900031984
8,"(30,30,4)",30,30,4,34444,C:\Users\mrkys\workspace\NTD-PL\multirun\neurips-cave-tucker-rank-sweep\benchmark\r30_30_4_s08,0.0317485776089418,18.555605525271712,-16.795936379744006,8.496734600048512
9,"(30,30,4)",30,30,4,34444,C:\Users\mrkys\workspace\NTD-PL\multirun\neurips-cave-tucker-rank-sweep\benchmark\r30_30_4_s09,0.020868395719433976,29.734315940786782,-18.04441184684004,8.825788900023326
10,"(30,30,4)",30,30,4,34444,C:\Users\mrkys\workspace\NTD-PL\multirun\neurips-cave-tucker-rank-sweep\benchmark\r30_30_4_s10,0.022197003846682085,10.48258674836351,-18.460383679857973,9.282676100032404
11,"(30,30,4)",30,30,4,34444,C:\Users\mrkys\workspace\NTD-PL\multirun\neurips-cave-tucker-rank-sweep\benchmark\r30_30_4_s11,0.03295024135645666,11.122419641357503,-17.22039636002588,9.169203000026755
12,"(30,30,4)",30,30,4,34444,C:\Users\mrkys\workspace\NTD-PL\multirun\neurips-cave-tucker-rank-sweep\benchmark\r30_30_4_s12,0.01836663800626021,8.337646378036496,-26.084876393149898,8.46726890001446
13,"(30,30,4)",30,30,4,34444,C:\Users\mrkys\workspace\NTD-PL\multirun\neurips-cave-tucker-rank-sweep\benchmark\r30_30_4_s13,0.021795906336725557,23.5802101630037,-20.287663396582545,8.479393500019796
14,"(30,30,4)",30,30,4,34444,C:\Users\mrkys\workspace\NTD-PL\multirun\neurips-cave-tucker-rank-sweep\benchmark\r30_30_4_s14,0.014212434957466217,12.232860857234853,-18.422332131495377,9.063081900007091
15,"(30,30,4)",30,30,4,34444,C:\Users\mrkys\workspace\NTD-PL\multirun\neurips-cave-tucker-rank-sweep\benchmark\r30_30_4_s15,0.015348038703774828,17.76390865957913,-19.880637760185923,9.06126210000366
1,"(31,31,4)",31,31,4,35712,C:\Users\mrkys\workspace\NTD-PL\multirun\neurips-cave-tucker-rank-sweep\benchmark\2026-04-28_22-54-26\0,0.014478659868119447,8.294041152221503,-23.32950512021943,11.088278799958061
2,"(31,31,4)",31,31,4,35712,C:\Users\mrkys\workspace\NTD-PL\multirun\neurips-cave-tucker-rank-sweep\benchmark\2026-04-28_22-54-27\0,0.07753579395577657,27.469714443156832,-8.780783558070489,11.710197200009134
3,"(31,31,4)",31,31,4,35712,C:\Users\mrkys\workspace\NTD-PL\multirun\neurips-cave-tucker-rank-sweep\benchmark\2026-04-28_22-54-40\0,0.031631543514805655,10.925326184760046,-12.645693621364613,7.124366700008977
4,"(31,31,4)",31,31,4,35712,C:\Users\mrkys\workspace\NTD-PL\multirun\neurips-cave-tucker-rank-sweep\benchmark\2026-04-28_22-54-41\0,0.027855387354999882,15.930929132615839,-20.49671947410349,6.989027999981772
5,"(31,31,4)",31,31,4,35712,C:\Users\mrkys\workspace\NTD-PL\multirun\neurips-cave-tucker-rank-sweep\benchmark\2026-04-28_22-54-49\0,0.010838100797456337,28.237132070954658,-23.494071241026493,6.522915000037756
6,"(31,31,4)",31,31,4,35712,C:\Users\mrkys\workspace\NTD-PL\multirun\neurips-cave-tucker-rank-sweep\benchmark\2026-04-28_22-54-51\0,0.055725929920675876,8.919526224451513,-12.241547453008174,6.552288000006229
7,"(31,31,4)",31,31,4,35712,C:\Users\mrkys\workspace\NTD-PL\multirun\neurips-cave-tucker-rank-sweep\benchmark\2026-04-28_22-54-58\0,0.008454546846561118,18.306229931040566,-21.485709200049953,6.260353799967561
8,"(31,31,4)",31,31,4,35712,C:\Users\mrkys\workspace\NTD-PL\multirun\neurips-cave-tucker-rank-sweep\benchmark\2026-04-28_22-54-59\0,0.03124529364534044,18.548431418458733,-16.934729627159115,6.334065600007307
9,"(31,31,4)",31,31,4,35712,C:\Users\mrkys\workspace\NTD-PL\multirun\neurips-cave-tucker-rank-sweep\benchmark\2026-04-28_22-55-07\0,0.020490745943386842,29.49148715812711,-18.203037742449798,6.581703600008041
10,"(31,31,4)",31,31,4,35712,C:\Users\mrkys\workspace\NTD-PL\multirun\neurips-cave-tucker-rank-sweep\benchmark\2026-04-28_22-55-08\0,0.02186887729974773,10.466629039086804,-18.58974106827402,6.726510200009216
11,"(31,31,4)",31,31,4,35712,C:\Users\mrkys\workspace\NTD-PL\multirun\neurips-cave-tucker-rank-sweep\benchmark\2026-04-28_22-55-16\0,0.032311253322845006,11.004722364259287,-17.39049227762909,6.0573350000195205
12,"(31,31,4)",31,31,4,35712,C:\Users\mrkys\workspace\NTD-PL\multirun\neurips-cave-tucker-rank-sweep\benchmark\2026-04-28_22-55-17\0,0.01833516874722237,8.327595151422116,-26.099771495171183,6.280064999999013
13,"(31,31,4)",31,31,4,35712,C:\Users\mrkys\workspace\NTD-PL\multirun\neurips-cave-tucker-rank-sweep\benchmark\2026-04-28_22-55-24\0,0.021346628097547074,23.27942070346198,-20.46857637865199,6.408393700025044
14,"(31,31,4)",31,31,4,35712,C:\Users\mrkys\workspace\NTD-PL\multirun\neurips-cave-tucker-rank-sweep\benchmark\2026-04-28_22-55-25\0,0.014006664217368745,12.16036055427068,-18.549007586807168,6.743143900006544
15,"(31,31,4)",31,31,4,35712,C:\Users\mrkys\workspace\NTD-PL\multirun\neurips-cave-tucker-rank-sweep\benchmark\2026-04-28_22-55-33\0,0.015149750156984184,17.67766206495586,-19.99358606022479,5.891606799967121
1,"(32,32,4)",32,32,4,36988,C:\Users\mrkys\workspace\NTD-PL\multirun\neurips-cave-tucker-rank-sweep\benchmark\r32_32_4_s01,0.01428364396525469,8.241683208884375,-23.447292108185188,8.489186500082724
2,"(32,32,4)",32,32,4,36988,C:\Users\mrkys\workspace\NTD-PL\multirun\neurips-cave-tucker-rank-sweep\benchmark\r32_32_4_s02,0.07629674331855506,27.449164130013223,-8.920708310359778,8.727646099985577
3,"(32,32,4)",32,32,4,36988,C:\Users\mrkys\workspace\NTD-PL\multirun\neurips-cave-tucker-rank-sweep\benchmark\r32_32_4_s03,0.03153777924852947,10.92751329790374,-12.671479133425496,9.094622700009495
4,"(32,32,4)",32,32,4,36988,C:\Users\mrkys\workspace\NTD-PL\multirun\neurips-cave-tucker-rank-sweep\benchmark\r32_32_4_s04,0.027372906864507666,15.789151429772923,-20.648485121396163,8.979744200012647
5,"(32,32,4)",32,32,4,36988,C:\Users\mrkys\workspace\NTD-PL\multirun\neurips-cave-tucker-rank-sweep\benchmark\r32_32_4_s05,0.010806245667521147,28.223405205343802,-23.519638226220223,8.340709700016305
6,"(32,32,4)",32,32,4,36988,C:\Users\mrkys\workspace\NTD-PL\multirun\neurips-cave-tucker-rank-sweep\benchmark\r32_32_4_s06,0.05514138656741905,8.862516047690754,-12.333140291441147,8.614973600022495
7,"(32,32,4)",32,32,4,36988,C:\Users\mrkys\workspace\NTD-PL\multirun\neurips-cave-tucker-rank-sweep\benchmark\r32_32_4_s07,0.0082892811231418,17.632682245224075,-21.657178526606078,9.061661400017329
8,"(32,32,4)",32,32,4,36988,C:\Users\mrkys\workspace\NTD-PL\multirun\neurips-cave-tucker-rank-sweep\benchmark\r32_32_4_s08,0.030794761753514123,18.491374851172083,-17.060884868570515,9.082118000020273
9,"(32,32,4)",32,32,4,36988,C:\Users\mrkys\workspace\NTD-PL\multirun\neurips-cave-tucker-rank-sweep\benchmark\r32_32_4_s09,0.02012117005373511,29.525771236188962,-18.36112848645424,8.367938800016418
10,"(32,32,4)",32,32,4,36988,C:\Users\mrkys\workspace\NTD-PL\multirun\neurips-cave-tucker-rank-sweep\benchmark\r32_32_4_s10,0.02154567140314204,10.448160671593755,-18.719070184766466,8.614892399986275
11,"(32,32,4)",32,32,4,36988,C:\Users\mrkys\workspace\NTD-PL\multirun\neurips-cave-tucker-rank-sweep\benchmark\r32_32_4_s11,0.031743981255369993,10.881958352891498,-17.544340481412874,9.01371830003336
12,"(32,32,4)",32,32,4,36988,C:\Users\mrkys\workspace\NTD-PL\multirun\neurips-cave-tucker-rank-sweep\benchmark\r32_32_4_s12,0.018307453413989233,8.323033811241988,-26.11291096813757,9.062500200001523
13,"(32,32,4)",32,32,4,36988,C:\Users\mrkys\workspace\NTD-PL\multirun\neurips-cave-tucker-rank-sweep\benchmark\r32_32_4_s13,0.02096497910878187,22.967697398108644,-20.625273376073828,8.531018299981952
14,"(32,32,4)",32,32,4,36988,C:\Users\mrkys\workspace\NTD-PL\multirun\neurips-cave-tucker-rank-sweep\benchmark\r32_32_4_s14,0.013810184088396765,12.09146196672446,-18.67171258054101,8.72755099995993
15,"(32,32,4)",32,32,4,36988,C:\Users\mrkys\workspace\NTD-PL\multirun\neurips-cave-tucker-rank-sweep\benchmark\r32_32_4_s15,0.01498322905562695,17.626488306703397,-20.089587097663177,8.898025100002997
1,"(33,33,4)",33,33,4,38272,C:\Users\mrkys\workspace\NTD-PL\multirun\neurips-cave-tucker-rank-sweep\benchmark\2026-04-28_22-55-34\0,0.014090592032638542,8.14394925669123,-23.565487618800937,6.299650600005407
2,"(33,33,4)",33,33,4,38272,C:\Users\mrkys\workspace\NTD-PL\multirun\neurips-cave-tucker-rank-sweep\benchmark\2026-04-28_22-55-41\0,0.0751169983668946,27.205998550922384,-9.056063816479165,6.275507899990771
3,"(33,33,4)",33,33,4,38272,C:\Users\mrkys\workspace\NTD-PL\multirun\neurips-cave-tucker-rank-sweep\benchmark\2026-04-28_22-55-42\0,0.03144436715674234,10.88317776169967,-12.69724414022078,6.410341100010555
4,"(33,33,4)",33,33,4,38272,C:\Users\mrkys\workspace\NTD-PL\multirun\neurips-cave-tucker-rank-sweep\benchmark\2026-04-28_22-55-50\0,0.026900266349191956,15.831934948522848,-20.7997719136203,6.430501799972262
5,"(33,33,4)",33,33,4,38272,C:\Users\mrkys\workspace\NTD-PL\multirun\neurips-cave-tucker-rank-sweep\benchmark\2026-04-28_22-55-51\0,0.01077686954008657,28.201698738183097,-23.54328244587964,6.618809000006877
6,"(33,33,4)",33,33,4,38272,C:\Users\mrkys\workspace\NTD-PL\multirun\neurips-cave-tucker-rank-sweep\benchmark\2026-04-28_22-55-58\0,0.05460430058717032,8.809244035881125,-12.418156968004997,6.134614099981263
7,"(33,33,4)",33,33,4,38272,C:\Users\mrkys\workspace\NTD-PL\multirun\neurips-cave-tucker-rank-sweep\benchmark\2026-04-28_22-56-00\0,0.008125330686651902,17.646097023083406,-21.83069499744378,6.291058300004806
8,"(33,33,4)",33,33,4,38272,C:\Users\mrkys\workspace\NTD-PL\multirun\neurips-cave-tucker-rank-sweep\benchmark\2026-04-28_22-56-07\0,0.030376529045670685,18.453284972298853,-17.17965887847242,5.885949100018479
9,"(33,33,4)",33,33,4,38272,C:\Users\mrkys\workspace\NTD-PL\multirun\neurips-cave-tucker-rank-sweep\benchmark\2026-04-28_22-56-08\0,0.019759000064567076,29.361017014801,-18.518893863644415,6.07928790000733
10,"(33,33,4)",33,33,4,38272,C:\Users\mrkys\workspace\NTD-PL\multirun\neurips-cave-tucker-rank-sweep\benchmark\2026-04-28_22-56-15\0,0.02126771082071635,10.469000411668246,-18.8318558952289,5.781503300007898
11,"(33,33,4)",33,33,4,38272,C:\Users\mrkys\workspace\NTD-PL\multirun\neurips-cave-tucker-rank-sweep\benchmark\2026-04-28_22-56-16\0,0.03118160991995549,10.759053138759217,-17.69959767707211,5.982683500042185
12,"(33,33,4)",33,33,4,38272,C:\Users\mrkys\workspace\NTD-PL\multirun\neurips-cave-tucker-rank-sweep\benchmark\2026-04-28_22-56-23\0,0.018282437857660958,8.318446780933623,-26.124787603339485,5.795920799952
13,"(33,33,4)",33,33,4,38272,C:\Users\mrkys\workspace\NTD-PL\multirun\neurips-cave-tucker-rank-sweep\benchmark\2026-04-28_22-56-24\0,0.020614134505928097,22.884988768931432,-20.77185994627286,5.981513300037477
14,"(33,33,4)",33,33,4,38272,C:\Users\mrkys\workspace\NTD-PL\multirun\neurips-cave-tucker-rank-sweep\benchmark\2026-04-28_22-56-31\0,0.013604008367592279,11.93245035378948,-18.80236412718352,5.793708699988201
15,"(33,33,4)",33,33,4,38272,C:\Users\mrkys\workspace\NTD-PL\multirun\neurips-cave-tucker-rank-sweep\benchmark\2026-04-28_22-56-32\0,0.014830335294444181,17.59266383882224,-20.178676074932614,5.956894500006456
1,"(34,34,4)",34,34,4,39564,C:\Users\mrkys\workspace\NTD-PL\multirun\neurips-cave-tucker-rank-sweep\benchmark\r34_34_4_s01,0.013905578245422406,8.042318011289094,-23.68029137346632,8.924531900091097
2,"(34,34,4)",34,34,4,39564,C:\Users\mrkys\workspace\NTD-PL\multirun\neurips-cave-tucker-rank-sweep\benchmark\r34_34_4_s02,0.07389695723910479,27.15183203984872,-9.198297197854563,8.393051499966532
3,"(34,34,4)",34,34,4,39564,C:\Users\mrkys\workspace\NTD-PL\multirun\neurips-cave-tucker-rank-sweep\benchmark\r34_34_4_s03,0.0313569212848095,10.884838633751468,-12.721432996935045,8.77762199996505
4,"(34,34,4)",34,34,4,39564,C:\Users\mrkys\workspace\NTD-PL\multirun\neurips-cave-tucker-rank-sweep\benchmark\r34_34_4_s04,0.02645438242942644,15.688313975493216,-20.944950966277162,8.93190650001634
5,"(34,34,4)",34,34,4,39564,C:\Users\mrkys\workspace\NTD-PL\multirun\neurips-cave-tucker-rank-sweep\benchmark\r34_34_4_s05,0.010750273925923632,28.182237965516357,-23.56474434465605,8.933454600046389
6,"(34,34,4)",34,34,4,39564,C:\Users\mrkys\workspace\NTD-PL\multirun\neurips-cave-tucker-rank-sweep\benchmark\r34_34_4_s06,0.05401330008014134,8.74151655580573,-12.512679693758615,8.508712399983779
7,"(34,34,4)",34,34,4,39564,C:\Users\mrkys\workspace\NTD-PL\multirun\neurips-cave-tucker-rank-sweep\benchmark\r34_34_4_s07,0.007963479740740314,17.339752956899233,-22.005458307190594,8.931744400062598
8,"(34,34,4)",34,34,4,39564,C:\Users\mrkys\workspace\NTD-PL\multirun\neurips-cave-tucker-rank-sweep\benchmark\r34_34_4_s08,0.02997377348826076,18.226563246125327,-17.29559341772475,9.351105400011875
9,"(34,34,4)",34,34,4,39564,C:\Users\mrkys\workspace\NTD-PL\multirun\neurips-cave-tucker-rank-sweep\benchmark\r34_34_4_s09,0.019400949167886792,29.188714133302852,-18.67773356101659,9.337901000049897
10,"(34,34,4)",34,34,4,39564,C:\Users\mrkys\workspace\NTD-PL\multirun\neurips-cave-tucker-rank-sweep\benchmark\r34_34_4_s10,0.020989057317570194,10.4581126448919,-18.946412155251615,8.677525299950503
11,"(34,34,4)",34,34,4,39564,C:\Users\mrkys\workspace\NTD-PL\multirun\neurips-cave-tucker-rank-sweep\benchmark\r34_34_4_s11,0.030605015205955443,10.61220706430473,-17.86171636968257,8.691920600016601
12,"(34,34,4)",34,34,4,39564,C:\Users\mrkys\workspace\NTD-PL\multirun\neurips-cave-tucker-rank-sweep\benchmark\r34_34_4_s12,0.01825983580248989,8.30925124486239,-26.135532363431324,8.853015200002119
13,"(34,34,4)",34,34,4,39564,C:\Users\mrkys\workspace\NTD-PL\multirun\neurips-cave-tucker-rank-sweep\benchmark\r34_34_4_s13,0.020289237874268208,22.782163835977315,-20.90984737728408,8.899387900019065
14,"(34,34,4)",34,34,4,39564,C:\Users\mrkys\workspace\NTD-PL\multirun\neurips-cave-tucker-rank-sweep\benchmark\r34_34_4_s14,0.013422213148962832,11.934675572901643,-18.919219309582875,8.809532799990848
15,"(34,34,4)",34,34,4,39564,C:\Users\mrkys\workspace\NTD-PL\multirun\neurips-cave-tucker-rank-sweep\benchmark\r34_34_4_s15,0.014689702793382916,17.566857745792426,-20.261435292327832,8.672683299984783
1,"(35,35,4)",35,35,4,40864,C:\Users\mrkys\workspace\NTD-PL\multirun\neurips-cave-tucker-rank-sweep\benchmark\2026-04-28_22-56-39\0,0.0137176062516789,7.979257976222376,-23.79850578100463,5.803107400017325
2,"(35,35,4)",35,35,4,40864,C:\Users\mrkys\workspace\NTD-PL\multirun\neurips-cave-tucker-rank-sweep\benchmark\2026-04-28_22-56-40\0,0.07276474108789797,27.049865150374544,-9.332408557812835,6.008803399978206
3,"(35,35,4)",35,35,4,40864,C:\Users\mrkys\workspace\NTD-PL\multirun\neurips-cave-tucker-rank-sweep\benchmark\2026-04-28_22-56-47\0,0.031277459706898686,10.8404261122744,-12.743471847022159,5.8779972000047565
4,"(35,35,4)",35,35,4,40864,C:\Users\mrkys\workspace\NTD-PL\multirun\neurips-cave-tucker-rank-sweep\benchmark\2026-04-28_22-56-48\0,0.025993227506692716,15.711049354633012,-21.097699356487585,6.017856099992059
5,"(35,35,4)",35,35,4,40864,C:\Users\mrkys\workspace\NTD-PL\multirun\neurips-cave-tucker-rank-sweep\benchmark\2026-04-28_22-56-55\0,0.010726462603543813,28.172186345724636,-23.58400449647543,5.884560799982864
6,"(35,35,4)",35,35,4,40864,C:\Users\mrkys\workspace\NTD-PL\multirun\neurips-cave-tucker-rank-sweep\benchmark\2026-04-28_22-56-56\0,0.05346682442821012,8.660688450400194,-12.601006128573388,6.031520900025498
7,"(35,35,4)",35,35,4,40864,C:\Users\mrkys\workspace\NTD-PL\multirun\neurips-cave-tucker-rank-sweep\benchmark\2026-04-28_22-57-03\0,0.007803617478029354,17.096048739567802,-22.181596442853046,5.82599369995296
8,"(35,35,4)",35,35,4,40864,C:\Users\mrkys\workspace\NTD-PL\multirun\neurips-cave-tucker-rank-sweep\benchmark\2026-04-28_22-57-05\0,0.029578273749987033,18.172303151704583,-17.410965356881572,6.0068886000080965
9,"(35,35,4)",35,35,4,40864,C:\Users\mrkys\workspace\NTD-PL\multirun\neurips-cave-tucker-rank-sweep\benchmark\2026-04-28_22-57-11\0,0.01908983077273814,29.130605117558584,-18.81815154696,5.840908500016667
10,"(35,35,4)",35,35,4,40864,C:\Users\mrkys\workspace\NTD-PL\multirun\neurips-cave-tucker-rank-sweep\benchmark\2026-04-28_22-57-13\0,0.020744951947000777,10.43266954844591,-19.048022162343997,5.955916800012346
11,"(35,35,4)",35,35,4,40864,C:\Users\mrkys\workspace\NTD-PL\multirun\neurips-cave-tucker-rank-sweep\benchmark\2026-04-28_22-57-19\0,0.030125330057702,10.496170952008537,-17.998932085821576,5.827907600032631
12,"(35,35,4)",35,35,4,40864,C:\Users\mrkys\workspace\NTD-PL\multirun\neurips-cave-tucker-rank-sweep\benchmark\2026-04-28_22-57-21\0,0.018240479077037273,8.30126672322498,-26.144744908438238,5.96526869997615
13,"(35,35,4)",35,35,4,40864,C:\Users\mrkys\workspace\NTD-PL\multirun\neurips-cave-tucker-rank-sweep\benchmark\2026-04-28_22-57-27\0,0.01997415098079066,22.567056141943358,-21.045795489505306,5.88637690001633
14,"(35,35,4)",35,35,4,40864,C:\Users\mrkys\workspace\NTD-PL\multirun\neurips-cave-tucker-rank-sweep\benchmark\2026-04-28_22-57-29\0,0.013242467666109961,11.765153913745674,-19.036323510939205,5.968816699984018
15,"(35,35,4)",35,35,4,40864,C:\Users\mrkys\workspace\NTD-PL\multirun\neurips-cave-tucker-rank-sweep\benchmark\2026-04-28_22-57-35\0,0.01455042487521447,17.5369494671018,-20.34418197450573,5.930504599993583
1,"(36,36,4)",36,36,4,42172,C:\Users\mrkys\workspace\NTD-PL\multirun\neurips-cave-tucker-rank-sweep\benchmark\r36_36_4_s01,0.013549933879887326,7.905452433730378,-23.90532891697105,8.925265699974261
2,"(36,36,4)",36,36,4,42172,C:\Users\mrkys\workspace\NTD-PL\multirun\neurips-cave-tucker-rank-sweep\benchmark\r36_36_4_s02,0.0716720428158818,26.87223260584363,-9.463832664812022,8.997544800047763
3,"(36,36,4)",36,36,4,42172,C:\Users\mrkys\workspace\NTD-PL\multirun\neurips-cave-tucker-rank-sweep\benchmark\r36_36_4_s03,0.031201557654185676,10.82892988019689,-12.764575801768645,8.930293500074185
4,"(36,36,4)",36,36,4,42172,C:\Users\mrkys\workspace\NTD-PL\multirun\neurips-cave-tucker-rank-sweep\benchmark\r36_36_4_s04,0.025542186655133813,15.103694397936653,-21.249742030712973,8.780193999991752
5,"(36,36,4)",36,36,4,42172,C:\Users\mrkys\workspace\NTD-PL\multirun\neurips-cave-tucker-rank-sweep\benchmark\r36_36_4_s05,0.01070400660170111,28.168634920517675,-23.60220759069966,9.180046000052243
6,"(36,36,4)",36,36,4,42172,C:\Users\mrkys\workspace\NTD-PL\multirun\neurips-cave-tucker-rank-sweep\benchmark\r36_36_4_s06,0.052918510822649804,8.585189162382207,-12.69054165761316,9.314341899938881
7,"(36,36,4)",36,36,4,42172,C:\Users\mrkys\workspace\NTD-PL\multirun\neurips-cave-tucker-rank-sweep\benchmark\r36_36_4_s07,0.0076621314156309515,16.819934028905628,-22.340523969420182,9.25225879997015
8,"(36,36,4)",36,36,4,42172,C:\Users\mrkys\workspace\NTD-PL\multirun\neurips-cave-tucker-rank-sweep\benchmark\r36_36_4_s08,0.029213415241311724,18.092594099301273,-17.518775201443088,9.025324700050987
9,"(36,36,4)",36,36,4,42172,C:\Users\mrkys\workspace\NTD-PL\multirun\neurips-cave-tucker-rank-sweep\benchmark\r36_36_4_s09,0.01878050608899954,29.018958719897306,-18.960047291249694,9.565589800011367
10,"(36,36,4)",36,36,4,42172,C:\Users\mrkys\workspace\NTD-PL\multirun\neurips-cave-tucker-rank-sweep\benchmark\r36_36_4_s10,0.020486861274141423,10.368843880648686,-19.156762293076792,9.53228990000207
11,"(36,36,4)",36,36,4,42172,C:\Users\mrkys\workspace\NTD-PL\multirun\neurips-cave-tucker-rank-sweep\benchmark\r36_36_4_s11,0.02965913745351463,10.386378064325672,-18.13439802729157,9.682384599931538
12,"(36,36,4)",36,36,4,42172,C:\Users\mrkys\workspace\NTD-PL\multirun\neurips-cave-tucker-rank-sweep\benchmark\r36_36_4_s12,0.018220987810399714,8.296991532948555,-26.154031370092085,9.522369600017555
13,"(36,36,4)",36,36,4,42172,C:\Users\mrkys\workspace\NTD-PL\multirun\neurips-cave-tucker-rank-sweep\benchmark\r36_36_4_s13,0.019693835196999365,22.446900265096087,-21.168556069290826,9.279325200011954
14,"(36,36,4)",36,36,4,42172,C:\Users\mrkys\workspace\NTD-PL\multirun\neurips-cave-tucker-rank-sweep\benchmark\r36_36_4_s14,0.013094471825620709,11.64697898548462,-19.133942223884397,9.157047500018962
15,"(36,36,4)",36,36,4,42172,C:\Users\mrkys\workspace\NTD-PL\multirun\neurips-cave-tucker-rank-sweep\benchmark\r36_36_4_s15,0.014429355554998803,17.516142662562178,-20.41675677364783,9.081878200056963
1,"(36,36,5)",36,36,5,43499,C:\Users\mrkys\workspace\NTD-PL\multirun\neurips-cave-tucker-rank-sweep\benchmark\2026-04-28_22-57-37\0,0.011364477829809323,6.462008110352006,-25.43308272159875,5.9993499999982305
2,"(36,36,5)",36,36,5,43499,C:\Users\mrkys\workspace\NTD-PL\multirun\neurips-cave-tucker-rank-sweep\benchmark\2026-04-28_22-57-43\0,0.07110490650667702,24.657531847396207,-9.532836930884779,5.949737599992659
3,"(36,36,5)",36,36,5,43499,C:\Users\mrkys\workspace\NTD-PL\multirun\neurips-cave-tucker-rank-sweep\benchmark\2026-04-28_22-57-45\0,0.025284716904092317,7.947106347424204,-14.590939402862148,6.058281200006604
4,"(36,36,5)",36,36,5,43499,C:\Users\mrkys\workspace\NTD-PL\multirun\neurips-cave-tucker-rank-sweep\benchmark\2026-04-28_22-57-51\0,0.02500063527790097,13.169227683990865,-21.43588262741907,5.910062499984633
5,"(36,36,5)",36,36,5,43499,C:\Users\mrkys\workspace\NTD-PL\multirun\neurips-cave-tucker-rank-sweep\benchmark\2026-04-28_22-57-53\0,0.00735851917152732,25.749918682947595,-26.857326442116637,6.039465799985919
6,"(36,36,5)",36,36,5,43499,C:\Users\mrkys\workspace\NTD-PL\multirun\neurips-cave-tucker-rank-sweep\benchmark\2026-04-28_22-57-59\0,0.05261397831158332,8.213342413256886,-12.740671113407986,5.9080057999817654
7,"(36,36,5)",36,36,5,43499,C:\Users\mrkys\workspace\NTD-PL\multirun\neurips-cave-tucker-rank-sweep\benchmark\2026-04-28_22-58-01\0,0.007528567133668079,14.779255762937206,-22.493269349236293,6.018253299989738
8,"(36,36,5)",36,36,5,43499,C:\Users\mrkys\workspace\NTD-PL\multirun\neurips-cave-tucker-rank-sweep\benchmark\2026-04-28_22-58-07\0,0.027029424323698297,14.552231435196886,-18.193685915474816,6.020847400010098
9,"(36,36,5)",36,36,5,43499,C:\Users\mrkys\workspace\NTD-PL\multirun\neurips-cave-tucker-rank-sweep\benchmark\2026-04-28_22-58-09\0,0.01786114698958046,19.726897866779144,-19.396006225739296,6.167162800033111
10,"(36,36,5)",36,36,5,43499,C:\Users\mrkys\workspace\NTD-PL\multirun\neurips-cave-tucker-rank-sweep\benchmark\2026-04-28_22-58-15\0,0.018818925976289334,9.308323130968343,-19.894374146419715,5.944295199995395
11,"(36,36,5)",36,36,5,43499,C:\Users\mrkys\workspace\NTD-PL\multirun\neurips-cave-tucker-rank-sweep\benchmark\2026-04-28_22-58-17\0,0.02642800800343931,8.706480642792668,-19.136279768775793,6.104497000051197
12,"(36,36,5)",36,36,5,43499,C:\Users\mrkys\workspace\NTD-PL\multirun\neurips-cave-tucker-rank-sweep\benchmark\2026-04-28_22-58-23\0,0.01143780673142155,6.515658875247658,-30.19861464484834,5.878689799981657
13,"(36,36,5)",36,36,5,43499,C:\Users\mrkys\workspace\NTD-PL\multirun\neurips-cave-tucker-rank-sweep\benchmark\2026-04-28_22-58-25\0,0.01736561132105444,15.564713091726615,-22.261360528129646,6.07770680001704
14,"(36,36,5)",36,36,5,43499,C:\Users\mrkys\workspace\NTD-PL\multirun\neurips-cave-tucker-rank-sweep\benchmark\2026-04-28_22-58-31\0,0.011755617577099949,11.060015378496033,-20.070792943677457,5.861176699982025
15,"(36,36,5)",36,36,5,43499,C:\Users\mrkys\workspace\NTD-PL\multirun\neurips-cave-tucker-rank-sweep\benchmark\2026-04-28_22-58-33\0,0.011872827226521885,9.100133984632976,-22.110612514459987,6.064407000027131
1,"(37,37,4)",37,37,4,43488,C:\Users\mrkys\workspace\NTD-PL\multirun\neurips-cave-tucker-rank-sweep\benchmark\r37_37_4_s01,0.013389773616293503,7.85694752233951,-24.008607749099987,8.801126800011843
2,"(37,37,4)",37,37,4,43488,C:\Users\mrkys\workspace\NTD-PL\multirun\neurips-cave-tucker-rank-sweep\benchmark\r37_37_4_s02,0.07062955458779296,26.75014765799719,-9.591098976057062,9.003361799987033
3,"(37,37,4)",37,37,4,43488,C:\Users\mrkys\workspace\NTD-PL\multirun\neurips-cave-tucker-rank-sweep\benchmark\r37_37_4_s03,0.03112637905938356,10.80431276089802,-12.785529272353418,9.173361400025897
4,"(37,37,4)",37,37,4,43488,C:\Users\mrkys\workspace\NTD-PL\multirun\neurips-cave-tucker-rank-sweep\benchmark\r37_37_4_s04,0.02508694940639779,14.573640961930804,-21.405946436996494,9.290027900016867
5,"(37,37,4)",37,37,4,43488,C:\Users\mrkys\workspace\NTD-PL\multirun\neurips-cave-tucker-rank-sweep\benchmark\r37_37_4_s05,0.010682808978050152,28.153619135036905,-23.619425701477045,9.041331399930641
6,"(37,37,4)",37,37,4,43488,C:\Users\mrkys\workspace\NTD-PL\multirun\neurips-cave-tucker-rank-sweep\benchmark\r37_37_4_s06,0.052409630885523785,8.539818830890734,-12.774471921512758,9.340842899982817
7,"(37,37,4)",37,37,4,43488,C:\Users\mrkys\workspace\NTD-PL\multirun\neurips-cave-tucker-rank-sweep\benchmark\r37_37_4_s07,0.0075318397471154375,16.690434453902206,-22.489494476498226,9.44695800007321
8,"(37,37,4)",37,37,4,43488,C:\Users\mrkys\workspace\NTD-PL\multirun\neurips-cave-tucker-rank-sweep\benchmark\r37_37_4_s08,0.028843558910917482,18.08077746342788,-17.629444928037824,9.53616320004221
9,"(37,37,4)",37,37,4,43488,C:\Users\mrkys\workspace\NTD-PL\multirun\neurips-cave-tucker-rank-sweep\benchmark\r37_37_4_s09,0.018485273710786145,28.93811457634184,-19.097675405831346,9.325654799933545
10,"(37,37,4)",37,37,4,43488,C:\Users\mrkys\workspace\NTD-PL\multirun\neurips-cave-tucker-rank-sweep\benchmark\r37_37_4_s10,0.02024132047410241,10.343841700950716,-19.261494006533937,8.858828599913977
11,"(37,37,4)",37,37,4,43488,C:\Users\mrkys\workspace\NTD-PL\multirun\neurips-cave-tucker-rank-sweep\benchmark\r37_37_4_s11,0.029221104802770237,10.319111316731515,-18.263635724300197,9.235659900004975
12,"(37,37,4)",37,37,4,43488,C:\Users\mrkys\workspace\NTD-PL\multirun\neurips-cave-tucker-rank-sweep\benchmark\r37_37_4_s12,0.018204112671434715,8.287949788789732,-26.16207942504456,9.301266299909912
13,"(37,37,4)",37,37,4,43488,C:\Users\mrkys\workspace\NTD-PL\multirun\neurips-cave-tucker-rank-sweep\benchmark\r37_37_4_s13,0.01942076065854595,22.337913044291135,-21.2898373346875,9.292900200001895
14,"(37,37,4)",37,37,4,43488,C:\Users\mrkys\workspace\NTD-PL\multirun\neurips-cave-tucker-rank-sweep\benchmark\r37_37_4_s14,0.012940770548182124,11.50059725220725,-19.236499198302063,9.288458700058982
15,"(37,37,4)",37,37,4,43488,C:\Users\mrkys\workspace\NTD-PL\multirun\neurips-cave-tucker-rank-sweep\benchmark\r37_37_4_s15,0.014315196745221945,17.496441423502674,-20.48574904918567,9.669452300062403
1,"(38,38,4)",38,38,4,44812,C:\Users\mrkys\workspace\NTD-PL\multirun\neurips-cave-tucker-rank-sweep\benchmark\r38_38_4_s01,0.013241497367188108,7.821264048533189,-24.10533046616946,9.83322849997785
2,"(38,38,4)",38,38,4,44812,C:\Users\mrkys\workspace\NTD-PL\multirun\neurips-cave-tucker-rank-sweep\benchmark\r38_38_4_s02,0.06963879506826805,26.5742508976103,-9.713803363506237,9.577355200075544
3,"(38,38,4)",38,38,4,44812,C:\Users\mrkys\workspace\NTD-PL\multirun\neurips-cave-tucker-rank-sweep\benchmark\r38_38_4_s03,0.031060655429022525,10.779502459863053,-12.803888996922177,8.823903399985284
4,"(38,38,4)",38,38,4,44812,C:\Users\mrkys\workspace\NTD-PL\multirun\neurips-cave-tucker-rank-sweep\benchmark\r38_38_4_s04,0.024662563499996428,14.469148719518904,-21.55413918695542,9.276895000017248
5,"(38,38,4)",38,38,4,44812,C:\Users\mrkys\workspace\NTD-PL\multirun\neurips-cave-tucker-rank-sweep\benchmark\r38_38_4_s05,0.010664429008394708,28.160850045105292,-23.63438280529809,9.471225199988112
6,"(38,38,4)",38,38,4,44812,C:\Users\mrkys\workspace\NTD-PL\multirun\neurips-cave-tucker-rank-sweep\benchmark\r38_38_4_s06,0.05187368751391907,8.468807704270974,-12.863751511664862,9.47533389995806
7,"(38,38,4)",38,38,4,44812,C:\Users\mrkys\workspace\NTD-PL\multirun\neurips-cave-tucker-rank-sweep\benchmark\r38_38_4_s07,0.0074061993830668756,16.58913619398024,-22.635607906911922,8.429412299999967
8,"(38,38,4)",38,38,4,44812,C:\Users\mrkys\workspace\NTD-PL\multirun\neurips-cave-tucker-rank-sweep\benchmark\r38_38_4_s08,0.028487491498006803,18.035775847031125,-17.737337666682375,9.064818400074728
9,"(38,38,4)",38,38,4,44812,C:\Users\mrkys\workspace\NTD-PL\multirun\neurips-cave-tucker-rank-sweep\benchmark\r38_38_4_s09,0.018190183674002974,28.848232744567255,-19.237451429797268,9.255690500023775
10,"(38,38,4)",38,38,4,44812,C:\Users\mrkys\workspace\NTD-PL\multirun\neurips-cave-tucker-rank-sweep\benchmark\r38_38_4_s10,0.020021730023317773,10.307484326383715,-19.35623880649836,9.102056100033224
11,"(38,38,4)",38,38,4,44812,C:\Users\mrkys\workspace\NTD-PL\multirun\neurips-cave-tucker-rank-sweep\benchmark\r38_38_4_s11,0.02883107668680516,10.230807435094047,-18.380351136499364,8.480046099983156
12,"(38,38,4)",38,38,4,44812,C:\Users\mrkys\workspace\NTD-PL\multirun\neurips-cave-tucker-rank-sweep\benchmark\r38_38_4_s12,0.01818922447420713,8.28195921289247,-26.169186069028598,9.13457070000004
13,"(38,38,4)",38,38,4,44812,C:\Users\mrkys\workspace\NTD-PL\multirun\neurips-cave-tucker-rank-sweep\benchmark\r38_38_4_s13,0.01914913268714001,22.21861536028858,-21.412179886542702,9.387340900022537
14,"(38,38,4)",38,38,4,44812,C:\Users\mrkys\workspace\NTD-PL\multirun\neurips-cave-tucker-rank-sweep\benchmark\r38_38_4_s14,0.012810124196307124,11.395289109757687,-19.324635128478775,9.163665899890475
15,"(38,38,4)",38,38,4,44812,C:\Users\mrkys\workspace\NTD-PL\multirun\neurips-cave-tucker-rank-sweep\benchmark\r38_38_4_s15,0.014206877174841356,17.46917967938274,-20.551722958369506,9.263794200029224
1,"(39,39,4)",39,39,4,46144,C:\Users\mrkys\workspace\NTD-PL\multirun\neurips-cave-tucker-rank-sweep\benchmark\r39_39_4_s01,0.013102560358470173,7.76320009867826,-24.19694905627964,9.904433199902996
2,"(39,39,4)",39,39,4,46144,C:\Users\mrkys\workspace\NTD-PL\multirun\neurips-cave-tucker-rank-sweep\benchmark\r39_39_4_s02,0.06872423328617622,26.482056107142018,-9.828630257553808,10.105441499967128
3,"(39,39,4)",39,39,4,46144,C:\Users\mrkys\workspace\NTD-PL\multirun\neurips-cave-tucker-rank-sweep\benchmark\r39_39_4_s03,0.030998062219159198,10.774037734391994,-12.821410399810597,10.175502100028098
4,"(39,39,4)",39,39,4,46144,C:\Users\mrkys\workspace\NTD-PL\multirun\neurips-cave-tucker-rank-sweep\benchmark\r39_39_4_s04,0.024241648558491976,14.36903282932847,-21.70366050045279,8.555477400077507
5,"(39,39,4)",39,39,4,46144,C:\Users\mrkys\workspace\NTD-PL\multirun\neurips-cave-tucker-rank-sweep\benchmark\r39_39_4_s05,0.010649095354816946,28.195512553012236,-23.646880639390048,8.938603900023736
6,"(39,39,4)",39,39,4,46144,C:\Users\mrkys\workspace\NTD-PL\multirun\neurips-cave-tucker-rank-sweep\benchmark\r39_39_4_s06,0.051388286945729236,8.434966250804816,-12.945411132095384,9.374086200026795
7,"(39,39,4)",39,39,4,46144,C:\Users\mrkys\workspace\NTD-PL\multirun\neurips-cave-tucker-rank-sweep\benchmark\r39_39_4_s07,0.007284009960559432,16.68470521302325,-22.780105278036565,9.385889199911617
8,"(39,39,4)",39,39,4,46144,C:\Users\mrkys\workspace\NTD-PL\multirun\neurips-cave-tucker-rank-sweep\benchmark\r39_39_4_s08,0.028159015919414426,17.924031410700376,-17.83807237155738,9.135561799979769
9,"(39,39,4)",39,39,4,46144,C:\Users\mrkys\workspace\NTD-PL\multirun\neurips-cave-tucker-rank-sweep\benchmark\r39_39_4_s09,0.017891953114787713,28.671421181382566,-19.38103808763862,9.131786199985072
10,"(39,39,4)",39,39,4,46144,C:\Users\mrkys\workspace\NTD-PL\multirun\neurips-cave-tucker-rank-sweep\benchmark\r39_39_4_s10,0.019808154342933006,10.278661127038465,-19.449390599377683,9.702191499993205
11,"(39,39,4)",39,39,4,46144,C:\Users\mrkys\workspace\NTD-PL\multirun\neurips-cave-tucker-rank-sweep\benchmark\r39_39_4_s11,0.028473161460941265,10.176881125794166,-18.488854544938505,9.7180988000473
12,"(39,39,4)",39,39,4,46144,C:\Users\mrkys\workspace\NTD-PL\multirun\neurips-cave-tucker-rank-sweep\benchmark\r39_39_4_s12,0.01817490006001885,8.27208078472122,-26.176029092959375,8.83556330006104
13,"(39,39,4)",39,39,4,46144,C:\Users\mrkys\workspace\NTD-PL\multirun\neurips-cave-tucker-rank-sweep\benchmark\r39_39_4_s13,0.018906446988489138,21.870847234964913,-21.52296362911394,9.143711999990046
14,"(39,39,4)",39,39,4,46144,C:\Users\mrkys\workspace\NTD-PL\multirun\neurips-cave-tucker-rank-sweep\benchmark\r39_39_4_s14,0.012696046295930338,11.367026120529683,-19.402331986989008,9.963654900086112
15,"(39,39,4)",39,39,4,46144,C:\Users\mrkys\workspace\NTD-PL\multirun\neurips-cave-tucker-rank-sweep\benchmark\r39_39_4_s15,0.014102652814715344,17.439440736780845,-20.615679186546664,9.564660599920899
1,"(40,40,4)",40,40,4,47484,C:\Users\mrkys\workspace\NTD-PL\multirun\neurips-cave-tucker-rank-sweep\benchmark\2026-04-28_22-58-39\0,0.012972568048612928,7.667323844397408,-24.283553286459277,5.844880999997258
2,"(40,40,4)",40,40,4,47484,C:\Users\mrkys\workspace\NTD-PL\multirun\neurips-cave-tucker-rank-sweep\benchmark\2026-04-28_22-58-42\0,0.06778277417986414,26.474460196766294,-9.948441536200392,6.104438600013964
3,"(40,40,4)",40,40,4,47484,C:\Users\mrkys\workspace\NTD-PL\multirun\neurips-cave-tucker-rank-sweep\benchmark\2026-04-28_22-58-47\0,0.030939481426143268,10.76255901958234,-12.837840707660177,6.117824799963273
4,"(40,40,4)",40,40,4,47484,C:\Users\mrkys\workspace\NTD-PL\multirun\neurips-cave-tucker-rank-sweep\benchmark\2026-04-28_22-58-50\0,0.0238462956264617,14.070959567284543,-21.846485042760175,6.677465700020548
5,"(40,40,4)",40,40,4,47484,C:\Users\mrkys\workspace\NTD-PL\multirun\neurips-cave-tucker-rank-sweep\benchmark\2026-04-28_22-58-55\0,0.010632738594105153,28.177434540815987,-23.660232218647238,8.872400799999014
6,"(40,40,4)",40,40,4,47484,C:\Users\mrkys\workspace\NTD-PL\multirun\neurips-cave-tucker-rank-sweep\benchmark\2026-04-28_22-58-59\0,0.050914226062516076,8.39187377471725,-13.025911011629272,12.268118800013326
7,"(40,40,4)",40,40,4,47484,C:\Users\mrkys\workspace\NTD-PL\multirun\neurips-cave-tucker-rank-sweep\benchmark\2026-04-28_22-59-08\0,0.007156681114700271,16.594412659901998,-22.93328256849376,12.164582199999131
8,"(40,40,4)",40,40,4,47484,C:\Users\mrkys\workspace\NTD-PL\multirun\neurips-cave-tucker-rank-sweep\benchmark\2026-04-28_22-59-14\0,0.027836708822913066,17.86451990480706,-17.93806410485337,11.281614100036677
9,"(40,40,4)",40,40,4,47484,C:\Users\mrkys\workspace\NTD-PL\multirun\neurips-cave-tucker-rank-sweep\benchmark\2026-04-28_22-59-23\0,0.017621660886926408,28.464650466776813,-19.513256329048744,10.287506200023927
10,"(40,40,4)",40,40,4,47484,C:\Users\mrkys\workspace\NTD-PL\multirun\neurips-cave-tucker-rank-sweep\benchmark\2026-04-28_22-59-29\0,0.019601556005801716,10.256653300426269,-19.5404598703165,10.392199499998242
11,"(40,40,4)",40,40,4,47484,C:\Users\mrkys\workspace\NTD-PL\multirun\neurips-cave-tucker-rank-sweep\benchmark\2026-04-28_22-59-36\0,0.028104877372207005,10.078645674768104,-18.60193446772532,11.042506900033914
12,"(40,40,4)",40,40,4,47484,C:\Users\mrkys\workspace\NTD-PL\multirun\neurips-cave-tucker-rank-sweep\benchmark\2026-04-28_22-59-42\0,0.018161904047935766,8.267925538580553,-26.182242183751093,11.166559499979485
13,"(40,40,4)",40,40,4,47484,C:\Users\mrkys\workspace\NTD-PL\multirun\neurips-cave-tucker-rank-sweep\benchmark\2026-04-28_22-59-50\0,0.018673497848266607,21.62426973329376,-21.630648536498004,10.61864910001168
14,"(40,40,4)",40,40,4,47484,C:\Users\mrkys\workspace\NTD-PL\multirun\neurips-cave-tucker-rank-sweep\benchmark\2026-04-28_22-59-56\0,0.012581634681518804,11.359015315911346,-19.4809605165046,10.385053700010758
15,"(40,40,4)",40,40,4,47484,C:\Users\mrkys\workspace\NTD-PL\multirun\neurips-cave-tucker-rank-sweep\benchmark\2026-04-28_23-00-03\0,0.013999904599972045,17.379091211078762,-20.679193949088997,10.49746459996095
1,"(40,40,5)",40,40,5,49115,C:\Users\mrkys\workspace\NTD-PL\multirun\neurips-cave-tucker-rank-sweep\benchmark\2026-04-28_23-00-09\0,0.010648186808718799,6.249085532250162,-25.998559203014402,10.150360699975863
2,"(40,40,5)",40,40,5,49115,C:\Users\mrkys\workspace\NTD-PL\multirun\neurips-cave-tucker-rank-sweep\benchmark\2026-04-28_23-00-17\0,0.06716085267820945,24.227926313721447,-10.028504298703034,10.179385100025684
3,"(40,40,5)",40,40,5,49115,C:\Users\mrkys\workspace\NTD-PL\multirun\neurips-cave-tucker-rank-sweep\benchmark\2026-04-28_23-00-22\0,0.024919658521542033,7.859253489031405,-14.717259576447923,10.137447000015527
4,"(40,40,5)",40,40,5,49115,C:\Users\mrkys\workspace\NTD-PL\multirun\neurips-cave-tucker-rank-sweep\benchmark\2026-04-28_23-00-30\0,0.023213768616922332,12.338815736432963,-22.07999049022049,10.342307600018103
5,"(40,40,5)",40,40,5,49115,C:\Users\mrkys\workspace\NTD-PL\multirun\neurips-cave-tucker-rank-sweep\benchmark\2026-04-28_23-00-35\0,0.0072486039760675984,25.742896845223015,-26.98804749752664,11.03859749995172
6,"(40,40,5)",40,40,5,49115,C:\Users\mrkys\workspace\NTD-PL\multirun\neurips-cave-tucker-rank-sweep\benchmark\2026-04-28_23-00-43\0,0.050588020137299974,8.002765531077683,-13.081740286874437,12.686018800013699
7,"(40,40,5)",40,40,5,49115,C:\Users\mrkys\workspace\NTD-PL\multirun\neurips-cave-tucker-rank-sweep\benchmark\2026-04-28_23-00-48\0,0.006998712982265677,14.241624401463294,-23.12715222947076,11.526060599950142
8,"(40,40,5)",40,40,5,49115,C:\Users\mrkys\workspace\NTD-PL\multirun\neurips-cave-tucker-rank-sweep\benchmark\2026-04-28_23-00-58\0,0.02548498347294334,14.142280135450287,-18.704734712496077,10.478487999993376
9,"(40,40,5)",40,40,5,49115,C:\Users\mrkys\workspace\NTD-PL\multirun\neurips-cave-tucker-rank-sweep\benchmark\2026-04-28_23-01-03\0,0.016626720111002736,19.112211258525498,-20.018061395227434,9.943616600008681
10,"(40,40,5)",40,40,5,49115,C:\Users\mrkys\workspace\NTD-PL\multirun\neurips-cave-tucker-rank-sweep\benchmark\2026-04-28_23-01-12\0,0.017826292940560165,9.155979955839072,-20.36505004525308,10.00519820000045
11,"(40,40,5)",40,40,5,49115,C:\Users\mrkys\workspace\NTD-PL\multirun\neurips-cave-tucker-rank-sweep\benchmark\2026-04-28_23-01-16\0,0.02463317280082703,8.323047389520358,-19.74716129352235,9.668008800013922
12,"(40,40,5)",40,40,5,49115,C:\Users\mrkys\workspace\NTD-PL\multirun\neurips-cave-tucker-rank-sweep\benchmark\2026-04-28_23-01-24\0,0.011336732120647246,6.479395894538521,-30.275712028388384,10.515534200007096
13,"(40,40,5)",40,40,5,49115,C:\Users\mrkys\workspace\NTD-PL\multirun\neurips-cave-tucker-rank-sweep\benchmark\2026-04-28_23-01-28\0,0.01613518363305552,14.320063268645438,-22.899683806859805,10.468358899990562
14,"(40,40,5)",40,40,5,49115,C:\Users\mrkys\workspace\NTD-PL\multirun\neurips-cave-tucker-rank-sweep\benchmark\2026-04-28_23-01-38\0,0.01115461623741979,10.661528711243758,-20.52660926609867,11.320540099986829
15,"(40,40,5)",40,40,5,49115,C:\Users\mrkys\workspace\NTD-PL\multirun\neurips-cave-tucker-rank-sweep\benchmark\2026-04-28_23-01-41\0,0.011324324933661782,8.937250163322915,-22.5214490289461,11.111693100014236
1,"(41,41,4)",41,41,4,48832,C:\Users\mrkys\workspace\NTD-PL\multirun\neurips-cave-tucker-rank-sweep\benchmark\r41_41_4_s01,0.012848235836931168,7.583282734497318,-24.36720244165442,9.228701599990018
2,"(41,41,4)",41,41,4,48832,C:\Users\mrkys\workspace\NTD-PL\multirun\neurips-cave-tucker-rank-sweep\benchmark\r41_41_4_s02,0.06683762767035294,26.292954469500614,-10.070407791703095,9.035587799968198
3,"(41,41,4)",41,41,4,48832,C:\Users\mrkys\workspace\NTD-PL\multirun\neurips-cave-tucker-rank-sweep\benchmark\r41_41_4_s03,0.030884211223358923,10.729735003606134,-12.853371032329584,9.754218599991873
4,"(41,41,4)",41,41,4,48832,C:\Users\mrkys\workspace\NTD-PL\multirun\neurips-cave-tucker-rank-sweep\benchmark\r41_41_4_s04,0.02347391855772649,14.005349634041492,-21.98319164673314,9.583451300044544
5,"(41,41,4)",41,41,4,48832,C:\Users\mrkys\workspace\NTD-PL\multirun\neurips-cave-tucker-rank-sweep\benchmark\r41_41_4_s05,0.010615969376382678,28.148289996612938,-23.673941815004373,8.533087500021793
6,"(41,41,4)",41,41,4,48832,C:\Users\mrkys\workspace\NTD-PL\multirun\neurips-cave-tucker-rank-sweep\benchmark\r41_41_4_s06,0.05044207919642045,8.351034520507028,-13.106834348866261,8.436847299919464
7,"(41,41,4)",41,41,4,48832,C:\Users\mrkys\workspace\NTD-PL\multirun\neurips-cave-tucker-rank-sweep\benchmark\r41_41_4_s07,0.007026116000342008,16.40102423363367,-23.093209584757947,9.156118000042625
8,"(41,41,4)",41,41,4,48832,C:\Users\mrkys\workspace\NTD-PL\multirun\neurips-cave-tucker-rank-sweep\benchmark\r41_41_4_s08,0.02750055348754633,17.784285143036087,-18.04359314399559,9.21180709998589
9,"(41,41,4)",41,41,4,48832,C:\Users\mrkys\workspace\NTD-PL\multirun\neurips-cave-tucker-rank-sweep\benchmark\r41_41_4_s09,0.017360714302047022,28.29944941771503,-19.642841313804965,8.681769900023937
10,"(41,41,4)",41,41,4,48832,C:\Users\mrkys\workspace\NTD-PL\multirun\neurips-cave-tucker-rank-sweep\benchmark\r41_41_4_s10,0.019410841516366982,10.246432187458417,-19.62538355144902,8.866989400004968
11,"(41,41,4)",41,41,4,48832,C:\Users\mrkys\workspace\NTD-PL\multirun\neurips-cave-tucker-rank-sweep\benchmark\r41_41_4_s11,0.027785696182313278,9.992481787154256,-18.701142708155192,9.595598799991421
12,"(41,41,4)",41,41,4,48832,C:\Users\mrkys\workspace\NTD-PL\multirun\neurips-cave-tucker-rank-sweep\benchmark\r41_41_4_s12,0.0181499872985436,8.261401954502347,-26.187943212804804,9.392407799954526
13,"(41,41,4)",41,41,4,48832,C:\Users\mrkys\workspace\NTD-PL\multirun\neurips-cave-tucker-rank-sweep\benchmark\r41_41_4_s13,0.01845876827218988,21.516124825035636,-21.731107699681658,9.17601219995413
14,"(41,41,4)",41,41,4,48832,C:\Users\mrkys\workspace\NTD-PL\multirun\neurips-cave-tucker-rank-sweep\benchmark\r41_41_4_s14,0.012480997693379202,11.33153982112081,-19.550715876392818,9.232812200090848
15,"(41,41,4)",41,41,4,48832,C:\Users\mrkys\workspace\NTD-PL\multirun\neurips-cave-tucker-rank-sweep\benchmark\r41_41_4_s15,0.01390470538646765,17.342486659546275,-20.738459645373926,9.51243720005732
1,"(42,42,4)",42,42,4,50188,C:\Users\mrkys\workspace\NTD-PL\multirun\neurips-cave-tucker-rank-sweep\benchmark\r42_42_4_s01,0.012734917710695801,7.547102866721735,-24.444149575924577,9.460323799983598
2,"(42,42,4)",42,42,4,50188,C:\Users\mrkys\workspace\NTD-PL\multirun\neurips-cave-tucker-rank-sweep\benchmark\r42_42_4_s02,0.06591719352739621,26.205060047759705,-10.190854151733223,9.149033800000325
3,"(42,42,4)",42,42,4,50188,C:\Users\mrkys\workspace\NTD-PL\multirun\neurips-cave-tucker-rank-sweep\benchmark\r42_42_4_s03,0.03083236353848446,10.717639643428932,-12.867964952244645,8.980763300089166
4,"(42,42,4)",42,42,4,50188,C:\Users\mrkys\workspace\NTD-PL\multirun\neurips-cave-tucker-rank-sweep\benchmark\r42_42_4_s04,0.023122338809719048,13.997453186576543,-22.11426830464077,9.537044700002298
5,"(42,42,4)",42,42,4,50188,C:\Users\mrkys\workspace\NTD-PL\multirun\neurips-cave-tucker-rank-sweep\benchmark\r42_42_4_s05,0.01059770849914807,28.112535071885365,-23.688895563662314,9.491798000060953
6,"(42,42,4)",42,42,4,50188,C:\Users\mrkys\workspace\NTD-PL\multirun\neurips-cave-tucker-rank-sweep\benchmark\r42_42_4_s06,0.049998001030037584,8.317306458300658,-13.18364111901657,9.214090100023896
7,"(42,42,4)",42,42,4,50188,C:\Users\mrkys\workspace\NTD-PL\multirun\neurips-cave-tucker-rank-sweep\benchmark\r42_42_4_s07,0.0069012308536194064,16.250395308769885,-23.24898479270847,9.350307199987583
8,"(42,42,4)",42,42,4,50188,C:\Users\mrkys\workspace\NTD-PL\multirun\neurips-cave-tucker-rank-sweep\benchmark\r42_42_4_s08,0.027217899631820044,17.738028241837515,-18.13332967322331,9.637362899957225
9,"(42,42,4)",42,42,4,50188,C:\Users\mrkys\workspace\NTD-PL\multirun\neurips-cave-tucker-rank-sweep\benchmark\r42_42_4_s09,0.017108542026540538,28.26181757018454,-19.76993309740514,9.576420199940912
10,"(42,42,4)",42,42,4,50188,C:\Users\mrkys\workspace\NTD-PL\multirun\neurips-cave-tucker-rank-sweep\benchmark\r42_42_4_s10,0.019239501903133036,10.235662481923121,-19.702394340415733,14.189967299927957
11,"(42,42,4)",42,42,4,50188,C:\Users\mrkys\workspace\NTD-PL\multirun\neurips-cave-tucker-rank-sweep\benchmark\r42_42_4_s11,0.027476070581761984,9.947210457485463,-18.79847589511118,16.139823400066234
12,"(42,42,4)",42,42,4,50188,C:\Users\mrkys\workspace\NTD-PL\multirun\neurips-cave-tucker-rank-sweep\benchmark\r42_42_4_s12,0.018139234542831176,8.25844738737279,-26.193090595273617,15.954805300105363
13,"(42,42,4)",42,42,4,50188,C:\Users\mrkys\workspace\NTD-PL\multirun\neurips-cave-tucker-rank-sweep\benchmark\r42_42_4_s13,0.018258802417496316,21.37653882732175,-21.825716274519635,15.986228000023402
14,"(42,42,4)",42,42,4,50188,C:\Users\mrkys\workspace\NTD-PL\multirun\neurips-cave-tucker-rank-sweep\benchmark\r42_42_4_s14,0.012368006551306654,11.257458384253567,-19.62970780255723,15.78827789996285
15,"(42,42,4)",42,42,4,50188,C:\Users\mrkys\workspace\NTD-PL\multirun\neurips-cave-tucker-rank-sweep\benchmark\r42_42_4_s15,0.013819139094750523,17.32594917523363,-20.792075710563882,16.02635540009942
1,"(42,42,5)",42,42,5,51983,C:\Users\mrkys\workspace\NTD-PL\multirun\neurips-cave-tucker-rank-sweep\benchmark\2026-04-28_23-01-52\0,0.010351891431626658,6.118888901518995,-26.243678265167265,10.241629900003318
2,"(42,42,5)",42,42,5,51983,C:\Users\mrkys\workspace\NTD-PL\multirun\neurips-cave-tucker-rank-sweep\benchmark\2026-04-28_23-01-55\0,0.06526533489338085,23.884798109115188,-10.27717690866103,10.361412999976892
3,"(42,42,5)",42,42,5,51983,C:\Users\mrkys\workspace\NTD-PL\multirun\neurips-cave-tucker-rank-sweep\benchmark\2026-04-28_23-02-05\0,0.02476968380978595,7.7655639855050556,-14.769692057514987,10.369243799999822
4,"(42,42,5)",42,42,5,51983,C:\Users\mrkys\workspace\NTD-PL\multirun\neurips-cave-tucker-rank-sweep\benchmark\2026-04-28_23-02-08\0,0.022468955556675045,12.292600208372761,-22.36324581193901,10.50521499995375
5,"(42,42,5)",42,42,5,51983,C:\Users\mrkys\workspace\NTD-PL\multirun\neurips-cave-tucker-rank-sweep\benchmark\2026-04-28_23-02-18\0,0.007193672391820802,25.678182064723757,-27.05412184302824,10.750653000024613
6,"(42,42,5)",42,42,5,51983,C:\Users\mrkys\workspace\NTD-PL\multirun\neurips-cave-tucker-rank-sweep\benchmark\2026-04-28_23-02-21\0,0.0496604283196183,7.919512874691373,-13.24248472192907,10.70666850003181
7,"(42,42,5)",42,42,5,51983,C:\Users\mrkys\workspace\NTD-PL\multirun\neurips-cave-tucker-rank-sweep\benchmark\2026-04-28_23-02-32\0,0.006735199423273479,13.852205665550894,-23.460506711603855,10.202155300008599
8,"(42,42,5)",42,42,5,51983,C:\Users\mrkys\workspace\NTD-PL\multirun\neurips-cave-tucker-rank-sweep\benchmark\2026-04-28_23-02-34\0,0.0247565693767921,13.560092991526076,-18.95661258853021,10.506385300017428
9,"(42,42,5)",42,42,5,51983,C:\Users\mrkys\workspace\NTD-PL\multirun\neurips-cave-tucker-rank-sweep\benchmark\2026-04-28_23-02-45\0,0.01607412310685592,18.820082788675172,-20.311647313924833,10.112445799983107
10,"(42,42,5)",42,42,5,51983,C:\Users\mrkys\workspace\NTD-PL\multirun\neurips-cave-tucker-rank-sweep\benchmark\2026-04-28_23-02-47\0,0.01741059846572751,9.121979218646914,-20.569996832763348,10.292702800012194
11,"(42,42,5)",42,42,5,51983,C:\Users\mrkys\workspace\NTD-PL\multirun\neurips-cave-tucker-rank-sweep\benchmark\2026-04-28_23-02-58\0,0.023895960111946283,8.158741330290061,-20.01107866881729,9.873685500002466
12,"(42,42,5)",42,42,5,51983,C:\Users\mrkys\workspace\NTD-PL\multirun\neurips-cave-tucker-rank-sweep\benchmark\2026-04-28_23-03-00\0,0.01129687217747164,6.465890683690311,-30.306305425778497,9.635981099971104
13,"(42,42,5)",42,42,5,51983,C:\Users\mrkys\workspace\NTD-PL\multirun\neurips-cave-tucker-rank-sweep\benchmark\2026-04-28_23-03-10\0,0.015637191508525095,14.006648354709823,-23.171986955584487,9.928737899987027
14,"(42,42,5)",42,42,5,51983,C:\Users\mrkys\workspace\NTD-PL\multirun\neurips-cave-tucker-rank-sweep\benchmark\2026-04-28_23-03-12\0,0.010907419210383995,10.559038008157849,-20.72126183660531,10.116382199979853
15,"(42,42,5)",42,42,5,51983,C:\Users\mrkys\workspace\NTD-PL\multirun\neurips-cave-tucker-rank-sweep\benchmark\2026-04-28_23-03-23\0,0.011088151118955907,8.854644941668194,-22.704512749290192,8.569183900021017
1,"(43,43,4)",43,43,4,51552,C:\Users\mrkys\workspace\NTD-PL\multirun\neurips-cave-tucker-rank-sweep\benchmark\r43_43_4_s01,0.01263473588750275,7.507238823681146,-24.512749076482415,17.068766999989748
2,"(43,43,4)",43,43,4,51552,C:\Users\mrkys\workspace\NTD-PL\multirun\neurips-cave-tucker-rank-sweep\benchmark\r43_43_4_s02,0.06509139513911848,26.106117511784788,-10.300356723089774,17.58336050005164
3,"(43,43,4)",43,43,4,51552,C:\Users\mrkys\workspace\NTD-PL\multirun\neurips-cave-tucker-rank-sweep\benchmark\r43_43_4_s03,0.030779561174019816,10.67762744975856,-12.882852837172582,16.810328599996865
4,"(43,43,4)",43,43,4,51552,C:\Users\mrkys\workspace\NTD-PL\multirun\neurips-cave-tucker-rank-sweep\benchmark\r43_43_4_s04,0.02276836795481915,13.90000002328734,-22.24826548942588,16.887858400004916
5,"(43,43,4)",43,43,4,51552,C:\Users\mrkys\workspace\NTD-PL\multirun\neurips-cave-tucker-rank-sweep\benchmark\r43_43_4_s05,0.010581741093578444,28.095623365530898,-23.70199232977545,16.35007990000304
6,"(43,43,4)",43,43,4,51552,C:\Users\mrkys\workspace\NTD-PL\multirun\neurips-cave-tucker-rank-sweep\benchmark\r43_43_4_s06,0.04954982898815913,8.276186226181764,-13.261850743369301,16.791921900003217
7,"(43,43,4)",43,43,4,51552,C:\Users\mrkys\workspace\NTD-PL\multirun\neurips-cave-tucker-rank-sweep\benchmark\r43_43_4_s07,0.006781956972274438,16.176441387175014,-23.40041529616761,15.353423699969426
8,"(43,43,4)",43,43,4,51552,C:\Users\mrkys\workspace\NTD-PL\multirun\neurips-cave-tucker-rank-sweep\benchmark\r43_43_4_s08,0.02693452378238984,17.688958816388002,-18.224235810620737,15.948606600053608
9,"(43,43,4)",43,43,4,51552,C:\Users\mrkys\workspace\NTD-PL\multirun\neurips-cave-tucker-rank-sweep\benchmark\r43_43_4_s09,0.016869992327531017,28.23244574504019,-19.891895415180386,15.790641999919899
10,"(43,43,4)",43,43,4,51552,C:\Users\mrkys\workspace\NTD-PL\multirun\neurips-cave-tucker-rank-sweep\benchmark\r43_43_4_s10,0.019065953251850294,10.221224652083315,-19.781100349265095,16.301985399913974
11,"(43,43,4)",43,43,4,51552,C:\Users\mrkys\workspace\NTD-PL\multirun\neurips-cave-tucker-rank-sweep\benchmark\r43_43_4_s11,0.027190881697004544,9.868683395525728,-18.889102555207735,16.270708900061436
12,"(43,43,4)",43,43,4,51552,C:\Users\mrkys\workspace\NTD-PL\multirun\neurips-cave-tucker-rank-sweep\benchmark\r43_43_4_s12,0.018129437709641656,8.254805550973343,-26.19778303139942,16.02066460007336
13,"(43,43,4)",43,43,4,51552,C:\Users\mrkys\workspace\NTD-PL\multirun\neurips-cave-tucker-rank-sweep\benchmark\r43_43_4_s13,0.01807114963508441,21.219550209087082,-21.915446415177094,15.996886000037193
14,"(43,43,4)",43,43,4,51552,C:\Users\mrkys\workspace\NTD-PL\multirun\neurips-cave-tucker-rank-sweep\benchmark\r43_43_4_s14,0.012271085205777492,11.227345195321373,-19.698042501035616,16.21876700001303
15,"(43,43,4)",43,43,4,51552,C:\Users\mrkys\workspace\NTD-PL\multirun\neurips-cave-tucker-rank-sweep\benchmark\r43_43_4_s15,0.013737268745156456,17.304924404825954,-20.843687583756115,15.608179399976507
1,"(44,44,4)",44,44,4,52924,C:\Users\mrkys\workspace\NTD-PL\multirun\neurips-cave-tucker-rank-sweep\benchmark\r44_44_4_s01,0.012526245959815772,7.46379700892622,-24.58765373516577,15.558553599985316
2,"(44,44,4)",44,44,4,52924,C:\Users\mrkys\workspace\NTD-PL\multirun\neurips-cave-tucker-rank-sweep\benchmark\r44_44_4_s02,0.06425838547780877,26.039357945235416,-10.41223213531387,15.34044719999656
3,"(44,44,4)",44,44,4,52924,C:\Users\mrkys\workspace\NTD-PL\multirun\neurips-cave-tucker-rank-sweep\benchmark\r44_44_4_s03,0.030735014532838594,10.66709785024973,-12.895432856533427,15.854612399940379
4,"(44,44,4)",44,44,4,52924,C:\Users\mrkys\workspace\NTD-PL\multirun\neurips-cave-tucker-rank-sweep\benchmark\r44_44_4_s04,0.022431866953382572,13.806445680007437,-22.37759510757709,15.733274500002153
5,"(44,44,4)",44,44,4,52924,C:\Users\mrkys\workspace\NTD-PL\multirun\neurips-cave-tucker-rank-sweep\benchmark\r44_44_4_s05,0.01056657886249632,28.072553528792213,-23.71444698231376,16.10480600001756
6,"(44,44,4)",44,44,4,52924,C:\Users\mrkys\workspace\NTD-PL\multirun\neurips-cave-tucker-rank-sweep\benchmark\r44_44_4_s06,0.049048889795181856,8.208695786101362,-13.350110307737701,16.10543100000359
7,"(44,44,4)",44,44,4,52924,C:\Users\mrkys\workspace\NTD-PL\multirun\neurips-cave-tucker-rank-sweep\benchmark\r44_44_4_s07,0.006666718630760663,15.95455990049192,-23.549273376289474,16.49371379998047
8,"(44,44,4)",44,44,4,52924,C:\Users\mrkys\workspace\NTD-PL\multirun\neurips-cave-tucker-rank-sweep\benchmark\r44_44_4_s08,0.026659900933959004,17.628863001481,-18.313251212626074,15.75000340002589
9,"(44,44,4)",44,44,4,52924,C:\Users\mrkys\workspace\NTD-PL\multirun\neurips-cave-tucker-rank-sweep\benchmark\r44_44_4_s09,0.016624407047337766,28.170271149803693,-20.019269836412388,15.449726800085045
10,"(44,44,4)",44,44,4,52924,C:\Users\mrkys\workspace\NTD-PL\multirun\neurips-cave-tucker-rank-sweep\benchmark\r44_44_4_s10,0.01890843795346439,10.187739570068892,-19.85315777013784,15.25318919995334
11,"(44,44,4)",44,44,4,52924,C:\Users\mrkys\workspace\NTD-PL\multirun\neurips-cave-tucker-rank-sweep\benchmark\r44_44_4_s11,0.02691161555320722,9.806412114301544,-18.97877296125759,14.879914300050586
12,"(44,44,4)",44,44,4,52924,C:\Users\mrkys\workspace\NTD-PL\multirun\neurips-cave-tucker-rank-sweep\benchmark\r44_44_4_s12,0.018120374273927677,8.252188519692114,-26.20212644725104,15.063963299966417
13,"(44,44,4)",44,44,4,52924,C:\Users\mrkys\workspace\NTD-PL\multirun\neurips-cave-tucker-rank-sweep\benchmark\r44_44_4_s13,0.01791147875113226,21.128360101183066,-21.992533211874697,15.056945099961013
14,"(44,44,4)",44,44,4,52924,C:\Users\mrkys\workspace\NTD-PL\multirun\neurips-cave-tucker-rank-sweep\benchmark\r44_44_4_s14,0.01217824191275873,11.248297739212255,-19.764009999377052,14.814578999998048
15,"(44,44,4)",44,44,4,52924,C:\Users\mrkys\workspace\NTD-PL\multirun\neurips-cave-tucker-rank-sweep\benchmark\r44_44_4_s15,0.013660496205788538,17.293656584352522,-20.892365974181594,15.098221199936233
1,"(45,45,4)",45,45,4,54304,C:\Users\mrkys\workspace\NTD-PL\multirun\neurips-cave-tucker-rank-sweep\benchmark\r45_45_4_s01,0.012427525798787305,7.4279442904994255,-24.656378968808788,15.138485400006175
2,"(45,45,4)",45,45,4,54304,C:\Users\mrkys\workspace\NTD-PL\multirun\neurips-cave-tucker-rank-sweep\benchmark\r45_45_4_s02,0.06344320993818837,25.90926418078611,-10.523125361435675,15.427120800013654
3,"(45,45,4)",45,45,4,54304,C:\Users\mrkys\workspace\NTD-PL\multirun\neurips-cave-tucker-rank-sweep\benchmark\r45_45_4_s03,0.030692942474151483,10.635177852107779,-12.907330804423868,15.5696014999412
4,"(45,45,4)",45,45,4,54304,C:\Users\mrkys\workspace\NTD-PL\multirun\neurips-cave-tucker-rank-sweep\benchmark\r45_45_4_s04,0.022110928230776726,13.460826060070985,-22.502764017826202,15.78659739997238
5,"(45,45,4)",45,45,4,54304,C:\Users\mrkys\workspace\NTD-PL\multirun\neurips-cave-tucker-rank-sweep\benchmark\r45_45_4_s05,0.010552583365553175,28.048706684112926,-23.72595912075568,15.660726799978875
6,"(45,45,4)",45,45,4,54304,C:\Users\mrkys\workspace\NTD-PL\multirun\neurips-cave-tucker-rank-sweep\benchmark\r45_45_4_s06,0.04861798009088351,8.152409719048311,-13.426755713211062,15.171528900042176
7,"(45,45,4)",45,45,4,54304,C:\Users\mrkys\workspace\NTD-PL\multirun\neurips-cave-tucker-rank-sweep\benchmark\r45_45_4_s07,0.006556280134448016,15.844665348389833,-23.694365864512477,15.649406099924818
8,"(45,45,4)",45,45,4,54304,C:\Users\mrkys\workspace\NTD-PL\multirun\neurips-cave-tucker-rank-sweep\benchmark\r45_45_4_s08,0.026391106443679903,17.505058676969682,-18.401269871357883,16.665784700075164
9,"(45,45,4)",45,45,4,54304,C:\Users\mrkys\workspace\NTD-PL\multirun\neurips-cave-tucker-rank-sweep\benchmark\r45_45_4_s09,0.01640534619319374,28.094193036649624,-20.134485126592118,16.810934300068766
10,"(45,45,4)",45,45,4,54304,C:\Users\mrkys\workspace\NTD-PL\multirun\neurips-cave-tucker-rank-sweep\benchmark\r45_45_4_s10,0.018762399747431286,10.18114313301826,-19.920503131830195,16.818629599991255
11,"(45,45,4)",45,45,4,54304,C:\Users\mrkys\workspace\NTD-PL\multirun\neurips-cave-tucker-rank-sweep\benchmark\r45_45_4_s11,0.02663848472709607,9.74787119602227,-19.067378016062055,16.300812800065614
12,"(45,45,4)",45,45,4,54304,C:\Users\mrkys\workspace\NTD-PL\multirun\neurips-cave-tucker-rank-sweep\benchmark\r45_45_4_s12,0.018112589835782737,8.249459853378848,-26.205858671391297,16.263826299924403
13,"(45,45,4)",45,45,4,54304,C:\Users\mrkys\workspace\NTD-PL\multirun\neurips-cave-tucker-rank-sweep\benchmark\r45_45_4_s13,0.01775328732622191,20.998904946616562,-22.069586417067775,15.753697199979797
14,"(45,45,4)",45,45,4,54304,C:\Users\mrkys\workspace\NTD-PL\multirun\neurips-cave-tucker-rank-sweep\benchmark\r45_45_4_s14,0.012072713016659672,11.15744654344714,-19.83960439419507,15.738037699949928
15,"(45,45,4)",45,45,4,54304,C:\Users\mrkys\workspace\NTD-PL\multirun\neurips-cave-tucker-rank-sweep\benchmark\r45_45_4_s15,0.013588702636193927,17.266591366291543,-20.93813557414405,15.952945100027137
1,"(46,46,4)",46,46,4,55692,C:\Users\mrkys\workspace\NTD-PL\multirun\neurips-cave-tucker-rank-sweep\benchmark\r46_46_4_s01,0.012343965454034612,7.404781635958786,-24.71497848372255,15.744044599938206
2,"(46,46,4)",46,46,4,55692,C:\Users\mrkys\workspace\NTD-PL\multirun\neurips-cave-tucker-rank-sweep\benchmark\r46_46_4_s02,0.06261414663954239,25.743719352474717,-10.637379005054115,15.461594599997625
3,"(46,46,4)",46,46,4,55692,C:\Users\mrkys\workspace\NTD-PL\multirun\neurips-cave-tucker-rank-sweep\benchmark\r46_46_4_s03,0.030654516138257475,10.623933613979467,-12.918212003546707,14.845505499979481
4,"(46,46,4)",46,46,4,55692,C:\Users\mrkys\workspace\NTD-PL\multirun\neurips-cave-tucker-rank-sweep\benchmark\r46_46_4_s04,0.0217805443867228,13.303865049910616,-22.633528908457183,14.828049200004898
5,"(46,46,4)",46,46,4,55692,C:\Users\mrkys\workspace\NTD-PL\multirun\neurips-cave-tucker-rank-sweep\benchmark\r46_46_4_s05,0.01053996503512766,28.04142947237174,-23.73635155285877,14.961732499999925
6,"(46,46,4)",46,46,4,55692,C:\Users\mrkys\workspace\NTD-PL\multirun\neurips-cave-tucker-rank-sweep\benchmark\r46_46_4_s06,0.04818761912256983,8.10919064863366,-13.503984562198907,12.447023699991405
7,"(46,46,4)",46,46,4,55692,C:\Users\mrkys\workspace\NTD-PL\multirun\neurips-cave-tucker-rank-sweep\benchmark\r46_46_4_s07,0.006455104740411022,15.719729720372726,-23.829450027791793,11.583387000020593
8,"(46,46,4)",46,46,4,55692,C:\Users\mrkys\workspace\NTD-PL\multirun\neurips-cave-tucker-rank-sweep\benchmark\r46_46_4_s08,0.026131924653590315,17.460963172200486,-18.486993891888595,9.781878800014965
9,"(46,46,4)",46,46,4,55692,C:\Users\mrkys\workspace\NTD-PL\multirun\neurips-cave-tucker-rank-sweep\benchmark\r46_46_4_s09,0.016189563076353823,27.84912575391396,-20.249490553030576,9.251354700070806
10,"(46,46,4)",46,46,4,55692,C:\Users\mrkys\workspace\NTD-PL\multirun\neurips-cave-tucker-rank-sweep\benchmark\r46_46_4_s10,0.018612805683390417,10.159709678911023,-19.990033958719913,9.347988500026986
11,"(46,46,4)",46,46,4,55692,C:\Users\mrkys\workspace\NTD-PL\multirun\neurips-cave-tucker-rank-sweep\benchmark\r46_46_4_s11,0.02637225248581799,9.692756623859779,-19.154623862092365,9.424913299968466
12,"(46,46,4)",46,46,4,55692,C:\Users\mrkys\workspace\NTD-PL\multirun\neurips-cave-tucker-rank-sweep\benchmark\r46_46_4_s12,0.018105352813827545,8.247688307426657,-26.2093298776636,9.415959100006148
13,"(46,46,4)",46,46,4,55692,C:\Users\mrkys\workspace\NTD-PL\multirun\neurips-cave-tucker-rank-sweep\benchmark\r46_46_4_s13,0.01759053254913834,20.894274925260582,-22.14958229919205,9.395466399961151
14,"(46,46,4)",46,46,4,55692,C:\Users\mrkys\workspace\NTD-PL\multirun\neurips-cave-tucker-rank-sweep\benchmark\r46_46_4_s14,0.011987145959572454,11.114102477466005,-19.901386065380247,8.953363500069827
15,"(46,46,4)",46,46,4,55692,C:\Users\mrkys\workspace\NTD-PL\multirun\neurips-cave-tucker-rank-sweep\benchmark\r46_46_4_s15,0.013511541518812105,17.244366496163746,-20.98759747250943,9.186275299987756
1,"(47,47,4)",47,47,4,57088,C:\Users\mrkys\workspace\NTD-PL\multirun\neurips-cave-tucker-rank-sweep\benchmark\r47_47_4_s01,0.012253860700333616,7.37429229481394,-24.778613655564993,9.13133309991099
2,"(47,47,4)",47,47,4,57088,C:\Users\mrkys\workspace\NTD-PL\multirun\neurips-cave-tucker-rank-sweep\benchmark\r47_47_4_s02,0.06185077054873012,25.65685876246062,-10.74392603484718,8.932402200065553
3,"(47,47,4)",47,47,4,57088,C:\Users\mrkys\workspace\NTD-PL\multirun\neurips-cave-tucker-rank-sweep\benchmark\r47_47_4_s03,0.03061552627031009,10.59791384472269,-12.929266728576916,9.58061040006578
4,"(47,47,4)",47,47,4,57088,C:\Users\mrkys\workspace\NTD-PL\multirun\neurips-cave-tucker-rank-sweep\benchmark\r47_47_4_s04,0.021472803507018787,13.177697544863701,-22.7571285164947,9.878443699912168
5,"(47,47,4)",47,47,4,57088,C:\Users\mrkys\workspace\NTD-PL\multirun\neurips-cave-tucker-rank-sweep\benchmark\r47_47_4_s05,0.010528755110479794,28.038111588932008,-23.745594466225842,9.823917199973948
6,"(47,47,4)",47,47,4,57088,C:\Users\mrkys\workspace\NTD-PL\multirun\neurips-cave-tucker-rank-sweep\benchmark\r47_47_4_s06,0.04776903064742455,8.074201124436403,-13.579765373018517,9.574046800029464
7,"(47,47,4)",47,47,4,57088,C:\Users\mrkys\workspace\NTD-PL\multirun\neurips-cave-tucker-rank-sweep\benchmark\r47_47_4_s07,0.006358425207145763,15.708189648161458,-23.960524555332828,9.261540099978447
8,"(47,47,4)",47,47,4,57088,C:\Users\mrkys\workspace\NTD-PL\multirun\neurips-cave-tucker-rank-sweep\benchmark\r47_47_4_s08,0.025889451539641926,17.43016925567053,-18.56796483552899,9.533976900042035
9,"(47,47,4)",47,47,4,57088,C:\Users\mrkys\workspace\NTD-PL\multirun\neurips-cave-tucker-rank-sweep\benchmark\r47_47_4_s09,0.015983419925864814,27.784159704271122,-20.36079892366876,9.511178700020537
10,"(47,47,4)",47,47,4,57088,C:\Users\mrkys\workspace\NTD-PL\multirun\neurips-cave-tucker-rank-sweep\benchmark\r47_47_4_s10,0.018469873136859983,10.13559610938044,-20.05699257727445,11.404783600009978
11,"(47,47,4)",47,47,4,57088,C:\Users\mrkys\workspace\NTD-PL\multirun\neurips-cave-tucker-rank-sweep\benchmark\r47_47_4_s11,0.02614123771743951,9.636548913761796,-19.23104543374347,15.432418799959123
12,"(47,47,4)",47,47,4,57088,C:\Users\mrkys\workspace\NTD-PL\multirun\neurips-cave-tucker-rank-sweep\benchmark\r47_47_4_s12,0.018098659007921854,8.244123143041252,-26.212541768119507,16.6216702000238
13,"(47,47,4)",47,47,4,57088,C:\Users\mrkys\workspace\NTD-PL\multirun\neurips-cave-tucker-rank-sweep\benchmark\r47_47_4_s13,0.017448825000897783,20.735723359592704,-22.21983831537508,16.54860340000596
14,"(47,47,4)",47,47,4,57088,C:\Users\mrkys\workspace\NTD-PL\multirun\neurips-cave-tucker-rank-sweep\benchmark\r47_47_4_s14,0.011904074448814327,11.067077737850692,-19.961789248646262,16.789145199931227
15,"(47,47,4)",47,47,4,57088,C:\Users\mrkys\workspace\NTD-PL\multirun\neurips-cave-tucker-rank-sweep\benchmark\r47_47_4_s15,0.013437407167519337,17.22159543670894,-21.035385935467808,16.38509790005628
1,"(48,48,4)",48,48,4,58492,C:\Users\mrkys\workspace\NTD-PL\multirun\neurips-cave-tucker-rank-sweep\benchmark\r48_48_4_s01,0.012168245662266784,7.342674002944269,-24.839513056076875,16.194268599967472
2,"(48,48,4)",48,48,4,58492,C:\Users\mrkys\workspace\NTD-PL\multirun\neurips-cave-tucker-rank-sweep\benchmark\r48_48_4_s02,0.06110200391359658,25.52021878835962,-10.849719251594447,16.248644500039518
3,"(48,48,4)",48,48,4,58492,C:\Users\mrkys\workspace\NTD-PL\multirun\neurips-cave-tucker-rank-sweep\benchmark\r48_48_4_s03,0.03057962061298748,10.574912724314885,-12.9394594522996,16.185905599966645
4,"(48,48,4)",48,48,4,58492,C:\Users\mrkys\workspace\NTD-PL\multirun\neurips-cave-tucker-rank-sweep\benchmark\r48_48_4_s04,0.021184802958361594,13.178814097377916,-22.874414937280967,16.183055600035004
5,"(48,48,4)",48,48,4,58492,C:\Users\mrkys\workspace\NTD-PL\multirun\neurips-cave-tucker-rank-sweep\benchmark\r48_48_4_s05,0.01051788791296992,28.031529785460094,-23.75456418995129,16.516560299904086
6,"(48,48,4)",48,48,4,58492,C:\Users\mrkys\workspace\NTD-PL\multirun\neurips-cave-tucker-rank-sweep\benchmark\r48_48_4_s06,0.04735835688549363,8.033259708596251,-13.654761422553648,16.444407999981195
7,"(48,48,4)",48,48,4,58492,C:\Users\mrkys\workspace\NTD-PL\multirun\neurips-cave-tucker-rank-sweep\benchmark\r48_48_4_s07,0.0062604540904093635,15.611637092764624,-24.09539919613981,16.137723200023174
8,"(48,48,4)",48,48,4,58492,C:\Users\mrkys\workspace\NTD-PL\multirun\neurips-cave-tucker-rank-sweep\benchmark\r48_48_4_s08,0.025648053445355982,17.40961589454403,-18.649333638320208,16.556033100001514
9,"(48,48,4)",48,48,4,58492,C:\Users\mrkys\workspace\NTD-PL\multirun\neurips-cave-tucker-rank-sweep\benchmark\r48_48_4_s09,0.01578243778484496,27.756624400044547,-20.470711396776817,16.791678000008687
10,"(48,48,4)",48,48,4,58492,C:\Users\mrkys\workspace\NTD-PL\multirun\neurips-cave-tucker-rank-sweep\benchmark\r48_48_4_s10,0.018335919849716723,10.117682851209153,-20.120216788005663,16.745546799967997
11,"(48,48,4)",48,48,4,58492,C:\Users\mrkys\workspace\NTD-PL\multirun\neurips-cave-tucker-rank-sweep\benchmark\r48_48_4_s11,0.025916242410382803,9.590345108451224,-19.30612769167443,16.467407800024375
12,"(48,48,4)",48,48,4,58492,C:\Users\mrkys\workspace\NTD-PL\multirun\neurips-cave-tucker-rank-sweep\benchmark\r48_48_4_s12,0.01809269809674394,8.241760334589012,-26.21540299362991,16.60530690010637
13,"(48,48,4)",48,48,4,58492,C:\Users\mrkys\workspace\NTD-PL\multirun\neurips-cave-tucker-rank-sweep\benchmark\r48_48_4_s13,0.017301670306066785,20.60434171553469,-22.293401415285913,16.599057500017807
14,"(48,48,4)",48,48,4,58492,C:\Users\mrkys\workspace\NTD-PL\multirun\neurips-cave-tucker-rank-sweep\benchmark\r48_48_4_s14,0.01182045692706043,11.027710769433977,-20.023016639119653,16.954304400016554
15,"(48,48,4)",48,48,4,58492,C:\Users\mrkys\workspace\NTD-PL\multirun\neurips-cave-tucker-rank-sweep\benchmark\r48_48_4_s15,0.013366438961439693,17.20795115998488,-21.081381084319464,16.680626500048675
1,"(49,49,4)",49,49,4,59904,C:\Users\mrkys\workspace\NTD-PL\multirun\neurips-cave-tucker-rank-sweep\benchmark\r49_49_4_s01,0.012087949459025027,7.28916410893846,-24.89701972633999,16.516416299971752
2,"(49,49,4)",49,49,4,59904,C:\Users\mrkys\workspace\NTD-PL\multirun\neurips-cave-tucker-rank-sweep\benchmark\r49_49_4_s02,0.060369167863435776,25.372289795523244,-10.954524534851176,16.147922599921003
3,"(49,49,4)",49,49,4,59904,C:\Users\mrkys\workspace\NTD-PL\multirun\neurips-cave-tucker-rank-sweep\benchmark\r49_49_4_s03,0.03054324959026614,10.565025606984346,-12.949796490649309,16.536254800041206
4,"(49,49,4)",49,49,4,59904,C:\Users\mrkys\workspace\NTD-PL\multirun\neurips-cave-tucker-rank-sweep\benchmark\r49_49_4_s04,0.02090221638857497,13.080108719726642,-22.991056727675087,16.44725309999194
5,"(49,49,4)",49,49,4,59904,C:\Users\mrkys\workspace\NTD-PL\multirun\neurips-cave-tucker-rank-sweep\benchmark\r49_49_4_s05,0.010507244618698616,28.022560566331116,-23.763358092884687,16.915377099998295
6,"(49,49,4)",49,49,4,59904,C:\Users\mrkys\workspace\NTD-PL\multirun\neurips-cave-tucker-rank-sweep\benchmark\r49_49_4_s06,0.0469443931561471,7.989466529154503,-13.731019354833444,15.729171899962239
7,"(49,49,4)",49,49,4,59904,C:\Users\mrkys\workspace\NTD-PL\multirun\neurips-cave-tucker-rank-sweep\benchmark\r49_49_4_s07,0.006170556265146101,15.357009665232393,-24.221029563939986,14.468559100059792
8,"(49,49,4)",49,49,4,59904,C:\Users\mrkys\workspace\NTD-PL\multirun\neurips-cave-tucker-rank-sweep\benchmark\r49_49_4_s08,0.025410545965522995,17.32105603660377,-18.730141912009618,11.045781399938278
9,"(49,49,4)",49,49,4,59904,C:\Users\mrkys\workspace\NTD-PL\multirun\neurips-cave-tucker-rank-sweep\benchmark\r49_49_4_s09,0.015578336550003881,27.66446000448909,-20.583771477007794,10.544320699991658
10,"(49,49,4)",49,49,4,59904,C:\Users\mrkys\workspace\NTD-PL\multirun\neurips-cave-tucker-rank-sweep\benchmark\r49_49_4_s10,0.01821351992338814,10.081627609441881,-20.178393123011404,10.841377400094643
11,"(49,49,4)",49,49,4,59904,C:\Users\mrkys\workspace\NTD-PL\multirun\neurips-cave-tucker-rank-sweep\benchmark\r49_49_4_s11,0.025702793545313716,9.539984936159497,-19.377961805513202,10.754399799974635
12,"(49,49,4)",49,49,4,59904,C:\Users\mrkys\workspace\NTD-PL\multirun\neurips-cave-tucker-rank-sweep\benchmark\r49_49_4_s12,0.018086867637042762,8.240255146359342,-26.21820251479136,11.739112199982628
13,"(49,49,4)",49,49,4,59904,C:\Users\mrkys\workspace\NTD-PL\multirun\neurips-cave-tucker-rank-sweep\benchmark\r49_49_4_s13,0.017170952386770265,20.4814868843941,-22.359274376144217,16.995849199942313
14,"(49,49,4)",49,49,4,59904,C:\Users\mrkys\workspace\NTD-PL\multirun\neurips-cave-tucker-rank-sweep\benchmark\r49_49_4_s14,0.011736931809985468,10.962390436546698,-20.08461030700499,17.944360499968752
15,"(49,49,4)",49,49,4,59904,C:\Users\mrkys\workspace\NTD-PL\multirun\neurips-cave-tucker-rank-sweep\benchmark\r49_49_4_s15,0.013305120283655197,17.188354440292187,-21.121319372251403,17.340226199943572
1,"(50,50,4)",50,50,4,61324,C:\Users\mrkys\workspace\NTD-PL\multirun\neurips-cave-tucker-rank-sweep\benchmark\r50_50_4_s01,0.012013644485481449,7.246603759812096,-24.950576918123822,16.27320439997129
2,"(50,50,4)",50,50,4,61324,C:\Users\mrkys\workspace\NTD-PL\multirun\neurips-cave-tucker-rank-sweep\benchmark\r50_50_4_s02,0.05967437309045564,25.22183674032611,-11.055071020917813,16.484234200092033
3,"(50,50,4)",50,50,4,61324,C:\Users\mrkys\workspace\NTD-PL\multirun\neurips-cave-tucker-rank-sweep\benchmark\r50_50_4_s03,0.030512407753309222,10.553121426173796,-12.958571723821272,16.678518799948506
4,"(50,50,4)",50,50,4,61324,C:\Users\mrkys\workspace\NTD-PL\multirun\neurips-cave-tucker-rank-sweep\benchmark\r50_50_4_s04,0.020634193719633424,13.017324983842336,-23.10315344612608,16.894084400031716
5,"(50,50,4)",50,50,4,61324,C:\Users\mrkys\workspace\NTD-PL\multirun\neurips-cave-tucker-rank-sweep\benchmark\r50_50_4_s05,0.010497989294756531,28.014551057593415,-23.771012444924683,16.298592899926007
6,"(50,50,4)",50,50,4,61324,C:\Users\mrkys\workspace\NTD-PL\multirun\neurips-cave-tucker-rank-sweep\benchmark\r50_50_4_s06,0.046536206775991525,7.954987057609259,-13.806874331929563,17.38108950003516
7,"(50,50,4)",50,50,4,61324,C:\Users\mrkys\workspace\NTD-PL\multirun\neurips-cave-tucker-rank-sweep\benchmark\r50_50_4_s07,0.006092085922785999,15.463045006080806,-24.332195498129593,17.360756800044328
8,"(50,50,4)",50,50,4,61324,C:\Users\mrkys\workspace\NTD-PL\multirun\neurips-cave-tucker-rank-sweep\benchmark\r50_50_4_s08,0.025206671319343482,17.28664751096579,-18.800111868788832,17.445386299979873
9,"(50,50,4)",50,50,4,61324,C:\Users\mrkys\workspace\NTD-PL\multirun\neurips-cave-tucker-rank-sweep\benchmark\r50_50_4_s09,0.015380781095214046,27.572320965996138,-20.694625293234683,17.506996999960393
10,"(50,50,4)",50,50,4,61324,C:\Users\mrkys\workspace\NTD-PL\multirun\neurips-cave-tucker-rank-sweep\benchmark\r50_50_4_s10,0.01809002036225116,10.074263602360402,-20.23748971182792,15.991696999990381
11,"(50,50,4)",50,50,4,61324,C:\Users\mrkys\workspace\NTD-PL\multirun\neurips-cave-tucker-rank-sweep\benchmark\r50_50_4_s11,0.025508143360742648,9.498871041446254,-19.44399137909447,16.06867659999989
12,"(50,50,4)",50,50,4,61324,C:\Users\mrkys\workspace\NTD-PL\multirun\neurips-cave-tucker-rank-sweep\benchmark\r50_50_4_s12,0.018081629232220613,8.23843775683451,-26.22071852791999,16.759609299944714
13,"(50,50,4)",50,50,4,61324,C:\Users\mrkys\workspace\NTD-PL\multirun\neurips-cave-tucker-rank-sweep\benchmark\r50_50_4_s13,0.017041417365670528,20.42983701379361,-22.42504779564625,16.644470200059004
14,"(50,50,4)",50,50,4,61324,C:\Users\mrkys\workspace\NTD-PL\multirun\neurips-cave-tucker-rank-sweep\benchmark\r50_50_4_s14,0.011666104533023218,10.908791375444224,-20.137184663621703,13.021542700007558
15,"(50,50,4)",50,50,4,61324,C:\Users\mrkys\workspace\NTD-PL\multirun\neurips-cave-tucker-rank-sweep\benchmark\r50_50_4_s15,0.013240219059061219,17.15711296639255,-21.16379206323277,11.616669600014575
