dataset,item_id,task,protocol,seed,missing_rate,method,rank,target_shape,fit_time_sec,run_dir,observed_rate,mask_seed,RMSE_all,SAM_all,NMSE_dB_all,PSNR_all,SSIM_all,ERGAS_all,RMSE_missing,SAM_missing,NMSE_dB_missing,PSNR_missing,SSIM_missing,ERGAS_missing
cave_hsi,1,structured-missing-completion,block,0,0.5,ntdpl,"(12,12,3)","(128,128)",6.260332899983041,C:\Users\mrkys\workspace\NTD-PL\multirun\neurips-lowrank-core\run\cave_hsi_block_id01_seed0_mr0.5_ntdpl_r12_12_3,0.49395751953125,0.0,0.09082711488008499,16.152228871885875,-7.355148467743752,20.835689594114342,0.8101455801741825,63.11907676750275,0.12628424167633057,19.117351299612,-4.52822089904959,17.973016905126034,0.5538615579892352,84.66235549773467
cave_hsi,1,structured-missing-completion,block,0,0.5,tucker,"(12,12,3)","(128,128)",2.9397070000413805,C:\Users\mrkys\workspace\NTD-PL\multirun\neurips-lowrank-core\benchmark\cave_hsi_block_id01_seed0_mr0.5_tucker_r12_12_3,0.49395751953125,0.0,0.10028917785114623,19.955324420289443,-6.494377624376409,19.974918578496435,0.7752074416264068,69.82116768130236,0.13961636582654702,26.365964039394537,-3.656477909585554,17.10127341483463,0.49296882821789534,93.9146587393723
cave_hsi,2,structured-missing-completion,block,0,0.5,ntdpl,"(12,12,3)","(128,128)",5.928236399893649,C:\Users\mrkys\workspace\NTD-PL\multirun\neurips-lowrank-core\run\cave_hsi_block_id02_seed0_mr0.5_ntdpl_r12_12_3,0.49395751953125,0.0,0.39632558822631836,35.844472490528666,5.438873670894391,8.038958130808885,0.1282568454900408,259.24635660022307,0.5527220368385315,44.09612212013789,7.537526098378895,5.149863771035737,0.029939630813600418,317.8139592279535
cave_hsi,2,structured-missing-completion,block,0,0.5,tucker,"(12,12,3)","(128,128)",2.9151855999371037,C:\Users\mrkys\workspace\NTD-PL\multirun\neurips-lowrank-core\benchmark\cave_hsi_block_id02_seed0_mr0.5_tucker_r12_12_3,0.49395751953125,0.0,0.22117942991808642,45.85892915858652,0.37272602607176764,13.105105313031142,0.3143707628326783,166.51695601866854,0.30073437398167924,59.81318027750782,2.2510515935623028,10.436338582826965,0.10882941754989278,200.15323206572236
cave_hsi,3,structured-missing-completion,block,0,0.5,ntdpl,"(12,12,3)","(128,128)",5.742689199978486,C:\Users\mrkys\workspace\NTD-PL\multirun\neurips-lowrank-core\run\cave_hsi_block_id03_seed0_mr0.5_ntdpl_r12_12_3,0.49395751953125,0.0,0.08333827555179596,15.547412485636503,-4.191235578593254,21.583109857982752,0.6529468230091358,124.60374282935341,0.1130780354142189,19.912972101267222,-2.11783427307585,18.932434681591335,0.3067800170299273,154.52789923068758
cave_hsi,3,structured-missing-completion,block,0,0.5,tucker,"(12,12,3)","(128,128)",2.8963100999826565,C:\Users\mrkys\workspace\NTD-PL\multirun\neurips-lowrank-core\benchmark\cave_hsi_block_id03_seed0_mr0.5_tucker_r12_12_3,0.49395751953125,0.0,0.08692927391799372,18.1317782389521,-3.8248049007894007,21.21667895661083,0.6349681341589746,129.6518866543752,0.11772454561454535,24.76463977700982,-1.7680591242630863,18.582659542865375,0.30333583956744997,160.3754005698733
cave_hsi,4,structured-missing-completion,block,0,0.5,ntdpl,"(12,12,3)","(128,128)",5.903801299980842,C:\Users\mrkys\workspace\NTD-PL\multirun\neurips-lowrank-core\run\cave_hsi_block_id04_seed0_mr0.5_ntdpl_r12_12_3,0.49395751953125,0.0,0.16449305415153503,19.71138809950589,-5.078500810433223,15.677049209326333,0.754099442538994,102.6344751948836,0.23006471991539001,22.04470826072801,-1.6852710905687787,12.762999180143126,0.3593572892814516,150.71854898196156
cave_hsi,4,structured-missing-completion,block,0,0.5,tucker,"(12,12,3)","(128,128)",2.9247537000337616,C:\Users\mrkys\workspace\NTD-PL\multirun\neurips-lowrank-core\benchmark\cave_hsi_block_id04_seed0_mr0.5_tucker_r12_12_3,0.49395751953125,0.0,0.17787739717319567,26.239035345532386,-4.39903652797628,14.997584681559967,0.7110034590832219,110.85980276532761,0.2488319325362046,32.46594341729968,-1.004149490518402,12.081877750172419,0.24261112908680021,162.87193868481623
cave_hsi,5,structured-missing-completion,block,0,0.5,ntdpl,"(12,12,3)","(128,128)",4.996266199974343,C:\Users\mrkys\workspace\NTD-PL\multirun\neurips-lowrank-core\run\cave_hsi_block_id05_seed0_mr0.5_ntdpl_r12_12_3,0.49395751953125,0.0,0.10456115007400513,31.120650035540436,-3.8147384620034797,19.61259283109825,0.595296738222837,129.74627883677198,0.14653807878494263,32.234541248110965,-2.2132658126877303,16.680989985724256,0.2849096237397796,151.60419166929563
cave_hsi,5,structured-missing-completion,block,0,0.5,tucker,"(12,12,3)","(128,128)",3.4754840000532568,C:\Users\mrkys\workspace\NTD-PL\multirun\neurips-lowrank-core\benchmark\cave_hsi_block_id05_seed0_mr0.5_tucker_r12_12_3,0.49395751953125,0.0,0.1133574635653884,39.93832900327329,-3.1131432269181203,18.910997604520215,0.5462160909560305,143.4553386753212,0.15868589208689857,46.84136520259803,-1.5215096005347128,15.989233646523948,0.22157409096949574,168.10038165569327
cave_hsi,6,structured-missing-completion,block,0,0.5,ntdpl,"(12,12,3)","(128,128)",4.5447012999793515,C:\Users\mrkys\workspace\NTD-PL\multirun\neurips-lowrank-core\run\cave_hsi_block_id06_seed0_mr0.5_ntdpl_r12_12_3,0.49395751953125,0.0,0.14435434341430664,15.504588218818903,-4.962437575199899,16.811403382282105,0.6168849519129777,103.0930733915495,0.19342361390590668,20.77288102923215,-2.678476526907313,14.26980985422935,0.3811736342568461,134.21177150616762
cave_hsi,6,structured-missing-completion,block,0,0.5,tucker,"(12,12,3)","(128,128)",2.454855400021188,C:\Users\mrkys\workspace\NTD-PL\multirun\neurips-lowrank-core\benchmark\cave_hsi_block_id06_seed0_mr0.5_tucker_r12_12_3,0.49395751953125,0.0,0.14622450239252627,17.44267756801989,-4.8506318251459035,16.699596957651185,0.638634976371385,101.21245015451483,0.19610338720172407,24.5621581983129,-2.55896443570167,14.15029809805549,0.45318964556414243,131.4119416743293
cave_hsi,7,structured-missing-completion,block,0,0.5,ntdpl,"(12,12,3)","(128,128)",5.480562400072813,C:\Users\mrkys\workspace\NTD-PL\multirun\neurips-lowrank-core\run\cave_hsi_block_id07_seed0_mr0.5_ntdpl_r12_12_3,0.49395751953125,0.0,0.05544499680399895,30.054081706771797,-6.341805180790719,25.122752925527156,0.818625345194337,112.2691416187743,0.07755015790462494,32.001452999868384,-2.743159470781734,22.20834644519274,0.44552333287877166,144.4791579214617
cave_hsi,7,structured-missing-completion,block,0,0.5,tucker,"(12,12,3)","(128,128)",2.317670200020075,C:\Users\mrkys\workspace\NTD-PL\multirun\neurips-lowrank-core\benchmark\cave_hsi_block_id07_seed0_mr0.5_tucker_r12_12_3,0.49395751953125,0.0,0.06517493447258947,35.685154561141275,-4.937440156259303,23.718387936052544,0.757773879838496,132.59150413281608,0.09128055046629108,39.51483490589518,-1.32724806145862,20.792434991483105,0.2780708271823427,171.346873975569
cave_hsi,8,structured-missing-completion,block,0,0.5,ntdpl,"(12,12,3)","(128,128)",6.454155100043863,C:\Users\mrkys\workspace\NTD-PL\multirun\neurips-lowrank-core\run\cave_hsi_block_id08_seed0_mr0.5_ntdpl_r12_12_3,0.49395751953125,0.0,0.13412967324256897,22.509751835823906,-4.237930394969175,17.44950285742594,0.647894152966074,108.71715181861829,0.1860746294260025,22.44486684466561,-2.5735400589308366,14.606256892562818,0.3905282748573747,123.02035715278916
cave_hsi,8,structured-missing-completion,block,0,0.5,tucker,"(12,12,3)","(128,128)",3.2032034000148997,C:\Users\mrkys\workspace\NTD-PL\multirun\neurips-lowrank-core\benchmark\cave_hsi_block_id08_seed0_mr0.5_tucker_r12_12_3,0.49395751953125,0.0,0.16488579767235784,33.859827314258325,-2.44476240560856,15.65633500817154,0.5271523563661497,134.8275835549448,0.22904225892872865,40.43045725060054,-0.768971150314675,12.801687634741024,0.25245195928998426,153.34614325237365
cave_hsi,9,structured-missing-completion,block,0,0.5,ntdpl,"(12,12,3)","(128,128)",5.940493699978106,C:\Users\mrkys\workspace\NTD-PL\multirun\neurips-lowrank-core\run\cave_hsi_block_id09_seed0_mr0.5_ntdpl_r12_12_3,0.49395751953125,0.0,0.11797142028808594,29.949799627854652,-3.100492371339763,18.564463945459106,0.6394520904473722,130.3546770104794,0.16474661231040955,34.668480661476956,-0.8651092073441825,15.663669900006612,0.3499962549388233,174.0743268953583
cave_hsi,9,structured-missing-completion,block,0,0.5,tucker,"(12,12,3)","(128,128)",2.968590199947357,C:\Users\mrkys\workspace\NTD-PL\multirun\neurips-lowrank-core\benchmark\cave_hsi_block_id09_seed0_mr0.5_tucker_r12_12_3,0.49395751953125,0.0,0.12040210358000891,43.424662355480066,-2.923347092386595,18.38731850654571,0.597611159949468,137.16453263566834,0.16787693192589298,55.276729067067365,-0.7016185005696239,15.500179528766635,0.2578460470396839,183.39204217289702
cave_hsi,10,structured-missing-completion,block,0,0.5,ntdpl,"(12,12,3)","(128,128)",5.725492400000803,C:\Users\mrkys\workspace\NTD-PL\multirun\neurips-lowrank-core\run\cave_hsi_block_id10_seed0_mr0.5_ntdpl_r12_12_3,0.49395751953125,0.0,0.10726539045572281,21.823380438549766,-4.872128614901584,19.390808371058334,0.736238575657252,92.85674775623094,0.14898642897605896,23.310334545083144,-2.662703107451714,16.537066046293663,0.5397572947842426,117.90686397084242
cave_hsi,10,structured-missing-completion,block,0,0.5,tucker,"(12,12,3)","(128,128)",2.9227884999709204,C:\Users\mrkys\workspace\NTD-PL\multirun\neurips-lowrank-core\benchmark\cave_hsi_block_id10_seed0_mr0.5_tucker_r12_12_3,0.49395751953125,0.0,0.09922518613685286,25.31941720357504,-5.548882226052688,20.06756155451177,0.7647008501593224,84.85837954114615,0.13723959704168082,29.848114120267947,-3.3760487430361374,17.250411315498773,0.5826935202438562,105.193063232616
cave_hsi,11,structured-missing-completion,block,0,0.5,ntdpl,"(12,12,3)","(128,128)",6.62744950002525,C:\Users\mrkys\workspace\NTD-PL\multirun\neurips-lowrank-core\run\cave_hsi_block_id11_seed0_mr0.5_ntdpl_r12_12_3,0.49395751953125,0.0,0.13120107352733612,21.34314865539376,-5.185469444472723,17.64125157361326,0.666208561439572,77.69457141258118,0.1799960732460022,27.56827641817071,-2.774433033520411,14.894739455775898,0.38338703850748684,101.2856466271614
cave_hsi,11,structured-missing-completion,block,0,0.5,tucker,"(12,12,3)","(128,128)",3.062023999984376,C:\Users\mrkys\workspace\NTD-PL\multirun\neurips-lowrank-core\benchmark\cave_hsi_block_id11_seed0_mr0.5_tucker_r12_12_3,0.49395751953125,0.0,0.1528505206932705,29.228862237951276,-3.8588788975407367,16.314661549771394,0.5994342970066584,88.35298962794437,0.21039586582195077,42.018395238992014,-1.4189495505678031,13.539255962262715,0.33342059424725456,115.5073244112415
cave_hsi,12,structured-missing-completion,block,0,0.5,ntdpl,"(12,12,3)","(128,128)",6.604850000003353,C:\Users\mrkys\workspace\NTD-PL\multirun\neurips-lowrank-core\run\cave_hsi_block_id12_seed0_mr0.5_ntdpl_r12_12_3,0.49395751953125,0.0,0.14560475945472717,13.733816935229827,-8.202422672019612,16.73648825407942,0.8319621748790991,49.62636106517067,0.20350223779678345,15.99714844204494,-5.6011270293205575,13.82861563325629,0.6170535531855015,64.09384948846255
cave_hsi,12,structured-missing-completion,block,0,0.5,tucker,"(12,12,3)","(128,128)",2.694823700003326,C:\Users\mrkys\workspace\NTD-PL\multirun\neurips-lowrank-core\benchmark\cave_hsi_block_id12_seed0_mr0.5_tucker_r12_12_3,0.49395751953125,0.0,0.15734875736993686,16.461223642400554,-7.5286673075715,16.06273364980523,0.8028880256991647,54.8628426086382,0.21952532894623375,19.71332113232474,-4.9428182696409895,13.170307268168248,0.5464862603704638,70.86495028141003
cave_hsi,13,structured-missing-completion,block,0,0.5,ntdpl,"(12,12,3)","(128,128)",6.628729999996722,C:\Users\mrkys\workspace\NTD-PL\multirun\neurips-lowrank-core\run\cave_hsi_block_id13_seed0_mr0.5_ntdpl_r12_12_3,0.49395751953125,0.0,0.13052211701869965,26.188591480997594,-4.703423916011155,17.686317598030165,0.7330504116529313,107.69030622942604,0.18178583681583405,27.900044911660938,-2.1110606321843663,14.80879896341298,0.4505655716642086,140.43374069201437
cave_hsi,13,structured-missing-completion,block,0,0.5,tucker,"(12,12,3)","(128,128)",2.9285274000139907,C:\Users\mrkys\workspace\NTD-PL\multirun\neurips-lowrank-core\benchmark\cave_hsi_block_id13_seed0_mr0.5_tucker_r12_12_3,0.49395751953125,0.0,0.13745606851987524,33.070454599211615,-4.253827928207602,17.236721636378725,0.7042841655555808,113.32732735285991,0.1913694776946207,39.05671429007232,-1.664808302976177,14.36254656899391,0.3951786030483339,148.97114798914905
cave_hsi,14,structured-missing-completion,block,0,0.5,ntdpl,"(12,12,3)","(128,128)",6.630581500008702,C:\Users\mrkys\workspace\NTD-PL\multirun\neurips-lowrank-core\run\cave_hsi_block_id14_seed0_mr0.5_ntdpl_r12_12_3,0.49395751953125,0.0,0.11864624172449112,26.51065181426876,0.009726882788967446,18.514920194879856,0.4494138923447782,174.25646891636296,0.16592258214950562,31.17158690831841,1.6261475013985618,15.601889721471899,0.23562227219020113,204.70187637111673
cave_hsi,14,structured-missing-completion,block,0,0.5,tucker,"(12,12,3)","(128,128)",2.7469207999529317,C:\Users\mrkys\workspace\NTD-PL\multirun\neurips-lowrank-core\benchmark\cave_hsi_block_id14_seed0_mr0.5_tucker_r12_12_3,0.49395751953125,0.0,0.08966782917439324,33.41705096434226,-2.4226196920849907,20.94726688451206,0.5804611454136016,151.2908915550949,0.12469710801129065,41.882836525152776,-0.8548351484248984,18.082872372177732,0.34251573835428933,180.43931976307337
cave_hsi,15,structured-missing-completion,block,0,0.5,ntdpl,"(12,12,3)","(128,128)",6.697569400072098,C:\Users\mrkys\workspace\NTD-PL\multirun\neurips-lowrank-core\run\cave_hsi_block_id15_seed0_mr0.5_ntdpl_r12_12_3,0.49395751953125,0.0,0.0823739618062973,28.488988482545622,-6.192962971175435,21.68420135914381,0.7954820572328533,88.1964377013114,0.11387307941913605,29.174090509645126,-3.5393430705404234,18.871578504062953,0.5476761599706318,117.21559397312478
cave_hsi,15,structured-missing-completion,block,0,0.5,tucker,"(12,12,3)","(128,128)",2.8063820999814197,C:\Users\mrkys\workspace\NTD-PL\multirun\neurips-lowrank-core\benchmark\cave_hsi_block_id15_seed0_mr0.5_tucker_r12_12_3,0.49395751953125,0.0,0.09348650754426799,33.34718340628725,-5.0937829145908005,20.585021284560856,0.7506180753295096,102.61828708406884,0.12945507156555416,37.89304857503428,-2.425383160891639,17.757618617244937,0.48066852038900537,136.83311597147934
cave_hsi,1,structured-missing-completion,block,1,0.5,ntdpl,"(12,12,3)","(128,128)",4.648693300085142,C:\Users\mrkys\workspace\NTD-PL\multirun\neurips-lowrank-core\run\cave_hsi_block_id01_seed1_mr0.5_ntdpl_r12_12_3,0.49615478515625,1.0,0.09812777489423752,14.172017342309982,-6.683619959960254,20.164161208119236,0.7623901974366363,69.32654041863728,0.13691723346710205,16.5164106562532,-4.276089232805532,17.2708374711815,0.4762190993882415,86.60689851652502
cave_hsi,1,structured-missing-completion,block,1,0.5,tucker,"(12,12,3)","(128,128)",2.7160483000334352,C:\Users\mrkys\workspace\NTD-PL\multirun\neurips-lowrank-core\benchmark\cave_hsi_block_id01_seed1_mr0.5_tucker_r12_12_3,0.49615478515625,1.0,0.10446403046648778,17.19441528574322,-6.140123487469272,19.620664441589298,0.7368335506347568,73.59170802932331,0.14575002103122314,21.447123813842452,-3.7330791784038997,16.72782747803509,0.43560243455289666,92.10932233519397
cave_hsi,2,structured-missing-completion,block,1,0.5,ntdpl,"(12,12,3)","(128,128)",5.280219699954614,C:\Users\mrkys\workspace\NTD-PL\multirun\neurips-lowrank-core\run\cave_hsi_block_id02_seed1_mr0.5_ntdpl_r12_12_3,0.49615478515625,1.0,0.41734981536865234,35.66175566727744,5.8878356648333385,7.589995984960761,0.11575589212882041,281.5221261147728,0.5835630297660828,43.6518687628412,8.239520304801646,4.678244304828242,0.01437609979359856,352.5660287245091
cave_hsi,2,structured-missing-completion,block,1,0.5,tucker,"(12,12,3)","(128,128)",2.747929900069721,C:\Users\mrkys\workspace\NTD-PL\multirun\neurips-lowrank-core\benchmark\cave_hsi_block_id02_seed1_mr0.5_tucker_r12_12_3,0.49615478515625,1.0,0.2201132737535488,46.570363014726134,0.33075600153729834,13.14707533756561,0.3255390049470435,166.79648345648238,0.29942094004268494,61.43646868745054,2.4434078829183576,10.474356609787094,0.08950685694138591,200.10235772503898
cave_hsi,3,structured-missing-completion,block,1,0.5,ntdpl,"(12,12,3)","(128,128)",4.3639955999096856,C:\Users\mrkys\workspace\NTD-PL\multirun\neurips-lowrank-core\run\cave_hsi_block_id03_seed1_mr0.5_ntdpl_r12_12_3,0.49615478515625,1.0,0.06352126598358154,33.507322232513474,-6.54974331954266,23.941617434037695,0.8213593422673953,90.02917587401032,0.07981875538825989,33.437423974969896,-2.7184694399710567,21.95790125823968,0.33717779045885077,130.10583031799305
cave_hsi,3,structured-missing-completion,block,1,0.5,tucker,"(12,12,3)","(128,128)",0.9004605000372976,C:\Users\mrkys\workspace\NTD-PL\multirun\neurips-lowrank-core\benchmark\cave_hsi_block_id03_seed1_mr0.5_tucker_r12_12_3,0.49615478515625,1.0,0.06734297531868397,33.75861262798881,-6.0422799383789325,23.434153994200365,0.7964880917919027,97.0644410955008,0.08313069252613152,33.742902005006165,-2.365340828635814,21.6047720312409,0.2829421668885406,137.9512675133225
cave_hsi,4,structured-missing-completion,block,1,0.5,ntdpl,"(12,12,3)","(128,128)",5.054452499956824,C:\Users\mrkys\workspace\NTD-PL\multirun\neurips-lowrank-core\run\cave_hsi_block_id04_seed1_mr0.5_ntdpl_r12_12_3,0.49615478515625,1.0,0.16890154778957367,19.652819847211866,-4.848779612450588,15.447327819467622,0.7019371599555021,105.56798197512029,0.2368086874485016,21.79135082222523,-2.50049021767081,12.51204723080023,0.3564598569595976,126.5271924775526
cave_hsi,4,structured-missing-completion,block,1,0.5,tucker,"(12,12,3)","(128,128)",2.514147400041111,C:\Users\mrkys\workspace\NTD-PL\multirun\neurips-lowrank-core\benchmark\cave_hsi_block_id04_seed1_mr0.5_tucker_r12_12_3,0.49615478515625,1.0,0.18372097228333611,26.700989983434226,-4.118277144138441,14.716825297722128,0.6584125806931778,114.74336968534917,0.2576211132471557,34.061221795178625,-1.7688140670209105,11.78037094806218,0.28625831575099053,137.51955487573179
cave_hsi,5,structured-missing-completion,block,1,0.5,ntdpl,"(12,12,3)","(128,128)",5.199482000083663,C:\Users\mrkys\workspace\NTD-PL\multirun\neurips-lowrank-core\run\cave_hsi_block_id05_seed1_mr0.5_ntdpl_r12_12_3,0.49615478515625,1.0,0.09466206282377243,33.510477375227616,-4.678626276361271,20.476480552289132,0.6983842672332081,112.3978374311481,0.1327299177646637,35.85795191734459,-2.070563683805178,17.540624411953793,0.284499223360383,135.3870055621334
cave_hsi,5,structured-missing-completion,block,1,0.5,tucker,"(12,12,3)","(128,128)",3.017092699999921,C:\Users\mrkys\workspace\NTD-PL\multirun\neurips-lowrank-core\benchmark\cave_hsi_block_id05_seed1_mr0.5_tucker_r12_12_3,0.49615478515625,1.0,0.1013869123128025,40.03682720789311,-4.0825076816573125,19.880362059259408,0.6707904953974845,130.67983634316298,0.14212931032850587,45.0284356975239,-1.4762666622832457,16.946327026770216,0.22658766310934786,164.71281022384107
cave_hsi,6,structured-missing-completion,block,1,0.5,ntdpl,"(12,12,3)","(128,128)",5.845171399996616,C:\Users\mrkys\workspace\NTD-PL\multirun\neurips-lowrank-core\run\cave_hsi_block_id06_seed1_mr0.5_ntdpl_r12_12_3,0.49615478515625,1.0,0.1454651653766632,15.582223669312892,-4.895854765920788,16.744820196411258,0.610723351851686,105.83032883679746,0.19531571865081787,21.11182489785699,-2.564271446289437,14.185256183565713,0.3732527675087268,142.30126328458257
cave_hsi,6,structured-missing-completion,block,1,0.5,tucker,"(12,12,3)","(128,128)",3.031516700051725,C:\Users\mrkys\workspace\NTD-PL\multirun\neurips-lowrank-core\benchmark\cave_hsi_block_id06_seed1_mr0.5_tucker_r12_12_3,0.49615478515625,1.0,0.14713672429548552,18.516747397739486,-4.796613205151273,16.645578337656552,0.6296293413931474,102.60520757066512,0.19740043383160805,26.713237178009088,-2.4720531522948903,14.093037944121319,0.440094042675215,136.90575335887232
cave_hsi,7,structured-missing-completion,block,1,0.5,ntdpl,"(12,12,3)","(128,128)",5.012434000032954,C:\Users\mrkys\workspace\NTD-PL\multirun\neurips-lowrank-core\run\cave_hsi_block_id07_seed1_mr0.5_ntdpl_r12_12_3,0.49615478515625,1.0,0.07177204638719559,30.440219398305963,-4.099945726836825,22.8808932832986,0.6765211159575781,148.82716292433165,0.1006850004196167,34.52142520809222,-1.7907557989009448,19.9407045393199,0.2987620390148365,191.91075992923365
cave_hsi,7,structured-missing-completion,block,1,0.5,tucker,"(12,12,3)","(128,128)",2.786716900067404,C:\Users\mrkys\workspace\NTD-PL\multirun\neurips-lowrank-core\benchmark\cave_hsi_block_id07_seed1_mr0.5_tucker_r12_12_3,0.49615478515625,1.0,0.080279220951438,34.76256715959737,-3.1269892334177944,21.907937013211036,0.6138498158064466,166.79949637790008,0.11271281674515007,39.731964709789246,-0.8105850703056863,18.960533937248275,0.18624171744779955,215.37006663590782
cave_hsi,8,structured-missing-completion,block,1,0.5,ntdpl,"(12,12,3)","(128,128)",5.637038400047459,C:\Users\mrkys\workspace\NTD-PL\multirun\neurips-lowrank-core\run\cave_hsi_block_id08_seed1_mr0.5_ntdpl_r12_12_3,0.49615478515625,1.0,0.12060316652059555,22.62333754398084,-5.161253127423711,18.372825613206263,0.7527792945881752,97.01138423488102,0.1667688637971878,25.64064583614268,-2.1587735330948514,15.557700546630443,0.4037833990477168,128.43945807376178
cave_hsi,8,structured-missing-completion,block,1,0.5,tucker,"(12,12,3)","(128,128)",2.8283994999947026,C:\Users\mrkys\workspace\NTD-PL\multirun\neurips-lowrank-core\benchmark\cave_hsi_block_id08_seed1_mr0.5_tucker_r12_12_3,0.49615478515625,1.0,0.14429348189025,33.255604109753286,-3.6034931308038227,16.815065733366804,0.6710037523104788,117.4321094336182,0.19978655431574038,41.33359605916678,-0.5897480349907114,13.988674865040673,0.2943100982610141,156.05277257642652
cave_hsi,9,structured-missing-completion,block,1,0.5,ntdpl,"(12,12,3)","(128,128)",5.133627200033516,C:\Users\mrkys\workspace\NTD-PL\multirun\neurips-lowrank-core\run\cave_hsi_block_id09_seed1_mr0.5_ntdpl_r12_12_3,0.49615478515625,1.0,0.09194513410329819,29.987564476771535,-5.265453785942169,20.72942534382787,0.7923951784407057,97.48620961413847,0.12788963317871094,32.06092156640802,-1.5290436285502282,17.863293106530254,0.4463333684982557,149.14076257086242
cave_hsi,9,structured-missing-completion,block,1,0.5,tucker,"(12,12,3)","(128,128)",2.5402338999556378,C:\Users\mrkys\workspace\NTD-PL\multirun\neurips-lowrank-core\benchmark\cave_hsi_block_id09_seed1_mr0.5_tucker_r12_12_3,0.49615478515625,1.0,0.0962810461242356,41.35972157105235,-4.865212578310597,20.32918399246971,0.770464907615598,106.4001168293888,0.133743177663263,48.352600442350905,-1.1403174580172302,17.474567248380243,0.39725758732270866,163.77150725976261
cave_hsi,10,structured-missing-completion,block,1,0.5,ntdpl,"(12,12,3)","(128,128)",4.003310599946417,C:\Users\mrkys\workspace\NTD-PL\multirun\neurips-lowrank-core\run\cave_hsi_block_id10_seed1_mr0.5_ntdpl_r12_12_3,0.49615478515625,1.0,0.08848685771226883,22.072358217167604,-6.543745057323508,21.062424353919525,0.8007535379007844,76.7483221905155,0.12243250012397766,24.496768052880437,-4.0778739142197225,18.24206494326714,0.5935113048130798,97.68433680226892
cave_hsi,10,structured-missing-completion,block,1,0.5,tucker,"(12,12,3)","(128,128)",3.0859253000235185,C:\Users\mrkys\workspace\NTD-PL\multirun\neurips-lowrank-core\benchmark\cave_hsi_block_id10_seed1_mr0.5_tucker_r12_12_3,0.49615478515625,1.0,0.0995608369187148,27.13516640221438,-5.519549898014314,20.038229226473398,0.7610757409677532,86.34994246923951,0.1379542787761686,33.625163882376086,-3.041105061180047,17.205296498830183,0.5403978431287985,109.94217261439611
cave_hsi,11,structured-missing-completion,block,1,0.5,ntdpl,"(12,12,3)","(128,128)",4.085390499909408,C:\Users\mrkys\workspace\NTD-PL\multirun\neurips-lowrank-core\run\cave_hsi_block_id11_seed1_mr0.5_ntdpl_r12_12_3,0.49615478515625,1.0,0.14336863160133362,21.596450767196288,-4.415134613954908,16.870916713770058,0.5975575659759177,87.89604101721675,0.19803550839424133,26.67253967742322,-2.44472433056343,14.065138509351247,0.32181180829607176,110.99147162225059
cave_hsi,11,structured-missing-completion,block,1,0.5,tucker,"(12,12,3)","(128,128)",2.630434099934064,C:\Users\mrkys\workspace\NTD-PL\multirun\neurips-lowrank-core\benchmark\cave_hsi_block_id11_seed1_mr0.5_tucker_r12_12_3,0.49615478515625,1.0,0.15915409273173098,27.982650919838918,-3.5078611235076425,15.963643775738301,0.5470763245111566,94.37018034744156,0.22001995952296804,38.10213341302442,-1.5303436390655842,13.150758391056463,0.28944093457861103,117.87190316965494
cave_hsi,12,structured-missing-completion,block,1,0.5,ntdpl,"(12,12,3)","(128,128)",4.109928099904209,C:\Users\mrkys\workspace\NTD-PL\multirun\neurips-lowrank-core\run\cave_hsi_block_id12_seed1_mr0.5_ntdpl_r12_12_3,0.49615478515625,1.0,0.16049672663211823,14.054838151311241,-7.35661049106761,15.890676817318841,0.7903808642321324,53.66674565835871,0.2250993549823761,17.051475633220413,-4.857678329242595,12.95251503532308,0.5214087110274456,68.03514170887824
cave_hsi,12,structured-missing-completion,block,1,0.5,tucker,"(12,12,3)","(128,128)",2.350516200065613,C:\Users\mrkys\workspace\NTD-PL\multirun\neurips-lowrank-core\benchmark\cave_hsi_block_id12_seed1_mr0.5_tucker_r12_12_3,0.49615478515625,1.0,0.17037084618648785,18.017714077523543,-6.838028049102829,15.372094391336557,0.7630462224024246,59.438304676014944,0.23853248730605922,23.196044996200285,-4.35421255772105,12.449049263554313,0.4529963156556385,75.64341861542216
cave_hsi,13,structured-missing-completion,block,1,0.5,ntdpl,"(12,12,3)","(128,128)",4.12360940000508,C:\Users\mrkys\workspace\NTD-PL\multirun\neurips-lowrank-core\run\cave_hsi_block_id13_seed1_mr0.5_ntdpl_r12_12_3,0.49615478515625,1.0,0.1603860706090927,27.57645706113787,-2.91377346413031,15.89666765947208,0.4580831210176517,130.67078223121524,0.22523023188114166,27.94180328090814,-1.8415070269438556,12.947466696283323,0.1996289165196209,129.98578421427246
cave_hsi,13,structured-missing-completion,block,1,0.5,tucker,"(12,12,3)","(128,128)",2.3101277999812737,C:\Users\mrkys\workspace\NTD-PL\multirun\neurips-lowrank-core\benchmark\cave_hsi_block_id13_seed1_mr0.5_tucker_r12_12_3,0.49615478515625,1.0,0.1699968656160501,35.9024289798395,-2.4082880122872523,15.391181720458377,0.4115166657995826,138.9987254700933,0.23873527938979364,43.47800673047826,-1.3357086434540475,12.441667957345476,0.15360333047726418,138.43470055038736
cave_hsi,14,structured-missing-completion,block,1,0.5,ntdpl,"(12,12,3)","(128,128)",3.7240480000618845,C:\Users\mrkys\workspace\NTD-PL\multirun\neurips-lowrank-core\run\cave_hsi_block_id14_seed1_mr0.5_ntdpl_r12_12_3,0.49615478515625,1.0,0.6930540204048157,33.451806258760335,15.339989391694289,3.1846578467507163,0.033317652299435854,1949.1880513886126,0.9762298464775085,36.711453234991914,18.72793668395925,0.20895839839551303,0.008148922469085976,2916.2184510546767
cave_hsi,14,structured-missing-completion,block,1,0.5,tucker,"(12,12,3)","(128,128)",2.280828900053166,C:\Users\mrkys\workspace\NTD-PL\multirun\neurips-lowrank-core\benchmark\cave_hsi_block_id14_seed1_mr0.5_tucker_r12_12_3,0.49615478515625,1.0,0.07909224791879894,36.68637673754268,-3.5126744273977244,22.03732161982479,0.7193746685199391,145.30625145882843,0.10998102003535258,44.99874396739629,-0.2367502139212974,19.17364513413196,0.37135298235435377,205.66734165442392
cave_hsi,15,structured-missing-completion,block,1,0.5,ntdpl,"(12,12,3)","(128,128)",3.6278899000026286,C:\Users\mrkys\workspace\NTD-PL\multirun\neurips-lowrank-core\run\cave_hsi_block_id15_seed1_mr0.5_ntdpl_r12_12_3,0.49615478515625,1.0,0.10137183964252472,28.561567773704027,-4.390414837410054,19.88165331452696,0.6508807975605763,104.78481906249115,0.1414620280265808,30.174402929856942,-2.6370955859821037,16.98720206479335,0.36593311445223936,117.92814206859723
cave_hsi,15,structured-missing-completion,block,1,0.5,tucker,"(12,12,3)","(128,128)",2.3139490000903606,C:\Users\mrkys\workspace\NTD-PL\multirun\neurips-lowrank-core\benchmark\cave_hsi_block_id15_seed1_mr0.5_tucker_r12_12_3,0.49615478515625,1.0,0.11306988820665614,32.824977093653466,-3.441822374467423,18.933060744437476,0.5872212534691755,119.87121028684831,0.1578982723210231,39.93894668551982,-1.6823457560081567,16.03245243790265,0.2879194713707985,135.20650682357268
cave_hsi,1,structured-missing-completion,block,2,0.5,ntdpl,"(12,12,3)","(128,128)",3.3218597000231966,C:\Users\mrkys\workspace\NTD-PL\multirun\neurips-lowrank-core\run\cave_hsi_block_id01_seed2_mr0.5_ntdpl_r12_12_3,0.49884033203125,2.0,0.10816667973995209,16.247026520546875,-5.837589128901968,19.318130042060787,0.7081848718292233,75.97031885590188,0.15179860591888428,19.9269908843809,-3.5544856331185133,16.3746443760199,0.39402497730445424,95.60371016526015
cave_hsi,1,structured-missing-completion,block,2,0.5,tucker,"(12,12,3)","(128,128)",2.3527436999138445,C:\Users\mrkys\workspace\NTD-PL\multirun\neurips-lowrank-core\benchmark\cave_hsi_block_id01_seed2_mr0.5_tucker_r12_12_3,0.49884033203125,2.0,0.11541386932885772,19.043050653109148,-5.2742990200818065,18.754839974201833,0.6796140704065667,80.93907770257005,0.1620184124901405,24.718349723403307,-2.9885536944611997,15.808712550076603,0.3616697026772737,101.9326909732563
cave_hsi,2,structured-missing-completion,block,2,0.5,ntdpl,"(12,12,3)","(128,128)",4.0792513999622315,C:\Users\mrkys\workspace\NTD-PL\multirun\neurips-lowrank-core\run\cave_hsi_block_id02_seed2_mr0.5_ntdpl_r12_12_3,0.49884033203125,2.0,0.2839864492416382,36.137587070004486,2.543783352454891,10.934047953002281,0.22964352887878023,200.03176421201746,0.3954719305038452,43.09605883292357,4.524036260866998,8.057686570103712,0.05639673884753167,236.22622784251809
cave_hsi,2,structured-missing-completion,block,2,0.5,tucker,"(12,12,3)","(128,128)",2.340478800004348,C:\Users\mrkys\workspace\NTD-PL\multirun\neurips-lowrank-core\benchmark\cave_hsi_block_id02_seed2_mr0.5_tucker_r12_12_3,0.49884033203125,2.0,0.21651818419388918,46.24400944451327,0.1877188645237626,13.290112474579146,0.33260664643060733,166.2896027417316,0.2960526042106923,57.77355052271004,2.0091005893863665,10.572622286345988,0.11085784219546539,192.56152194658586
cave_hsi,3,structured-missing-completion,block,2,0.5,ntdpl,"(12,12,3)","(128,128)",4.001425799913704,C:\Users\mrkys\workspace\NTD-PL\multirun\neurips-lowrank-core\run\cave_hsi_block_id03_seed2_mr0.5_ntdpl_r12_12_3,0.49884033203125,2.0,0.08238120377063751,21.43516784698661,-4.291562991902508,21.68343709462393,0.6709168597768984,123.19955889463134,0.11201117187738419,23.75169818372522,-2.0254343085169344,19.01477358446722,0.29297910675693534,149.4617578881114
cave_hsi,3,structured-missing-completion,block,2,0.5,tucker,"(12,12,3)","(128,128)",2.307423899997957,C:\Users\mrkys\workspace\NTD-PL\multirun\neurips-lowrank-core\benchmark\cave_hsi_block_id03_seed2_mr0.5_tucker_r12_12_3,0.49884033203125,2.0,0.08868249812619135,26.10213736287701,-3.651367576227373,21.043241632048804,0.6309667133726211,131.6881365311572,0.12014343890834218,30.21002154432398,-1.4166598596181,18.405998824909595,0.2509062566152954,159.08906459992102
cave_hsi,4,structured-missing-completion,block,2,0.5,ntdpl,"(12,12,3)","(128,128)",5.280031400034204,C:\Users\mrkys\workspace\NTD-PL\multirun\neurips-lowrank-core\run\cave_hsi_block_id04_seed2_mr0.5_ntdpl_r12_12_3,0.49884033203125,2.0,0.1599942445755005,19.210626394683125,-5.319364957700125,15.917913412037217,0.758577427658129,99.94675947273367,0.2250204086303711,21.531071729339345,-2.059552978048235,12.955561440049499,0.3519838810517806,140.12441806089876
cave_hsi,4,structured-missing-completion,block,2,0.5,tucker,"(12,12,3)","(128,128)",2.257487599970773,C:\Users\mrkys\workspace\NTD-PL\multirun\neurips-lowrank-core\benchmark\cave_hsi_block_id04_seed2_mr0.5_tucker_r12_12_3,0.49884033203125,2.0,0.1734293682786196,25.446532871117753,-4.618999003061871,15.217547156645558,0.7201157119134863,108.14731971125921,0.24396828008281868,32.46110395922004,-1.35732424630947,12.253332709331934,0.26421575322608104,151.64121768961436
cave_hsi,5,structured-missing-completion,block,2,0.5,ntdpl,"(12,12,3)","(128,128)",6.828214199980721,C:\Users\mrkys\workspace\NTD-PL\multirun\neurips-lowrank-core\run\cave_hsi_block_id05_seed2_mr0.5_ntdpl_r12_12_3,0.49884033203125,2.0,0.10624035447835922,33.38481863524773,-3.6763556111497793,19.474210193050652,0.5923439528837506,107.97812119609537,0.14955256879329681,33.427409641677656,-1.9700045939607551,16.50412283859531,0.2611631446757603,121.9753679605645
cave_hsi,5,structured-missing-completion,block,2,0.5,tucker,"(12,12,3)","(128,128)",3.1233163001015782,C:\Users\mrkys\workspace\NTD-PL\multirun\neurips-lowrank-core\benchmark\cave_hsi_block_id05_seed2_mr0.5_tucker_r12_12_3,0.49884033203125,2.0,0.11327748242821056,41.07003922141871,-3.119273855682793,18.917128233284892,0.5504885787382071,122.6557659075262,0.15942830749691914,45.647590183681174,-1.4145729018304365,15.948691287628229,0.20050656183893678,142.238254201593
cave_hsi,6,structured-missing-completion,block,2,0.5,ntdpl,"(12,12,3)","(128,128)",6.513761000009254,C:\Users\mrkys\workspace\NTD-PL\multirun\neurips-lowrank-core\run\cave_hsi_block_id06_seed2_mr0.5_ntdpl_r12_12_3,0.49884033203125,2.0,0.19386257231235504,16.47263945189426,-2.4011549653732627,14.250120738095976,0.45495911747410855,149.4096973308508,0.26777273416519165,23.093744160144688,-0.11218315713882189,11.444673275433729,0.21451616688967287,194.44505941657513
cave_hsi,6,structured-missing-completion,block,2,0.5,tucker,"(12,12,3)","(128,128)",2.7208940000273287,C:\Users\mrkys\workspace\NTD-PL\multirun\neurips-lowrank-core\benchmark\cave_hsi_block_id06_seed2_mr0.5_tucker_r12_12_3,0.49884033203125,2.0,0.1482456962410569,17.8524400648963,-4.731392985404979,16.580358117910258,0.6247716075378148,101.55806562548868,0.20129742013694488,25.84834215783636,-2.5907459559993433,13.923235821399153,0.43322733775975636,129.40854347238326
cave_hsi,7,structured-missing-completion,block,2,0.5,ntdpl,"(12,12,3)","(128,128)",6.612135500065051,C:\Users\mrkys\workspace\NTD-PL\multirun\neurips-lowrank-core\run\cave_hsi_block_id07_seed2_mr0.5_ntdpl_r12_12_3,0.49884033203125,2.0,0.04782940819859505,30.809343231184783,-7.625152395502319,26.406099842028663,0.8866657112560885,93.6096296666821,0.06705073267221451,35.46048141625786,-2.178530330037956,23.471929010236735,0.4501583644353154,156.9055749969036
cave_hsi,7,structured-missing-completion,block,2,0.5,tucker,"(12,12,3)","(128,128)",2.4261138000292704,C:\Users\mrkys\workspace\NTD-PL\multirun\neurips-lowrank-core\benchmark\cave_hsi_block_id07_seed2_mr0.5_tucker_r12_12_3,0.49884033203125,2.0,0.0526426726824139,32.61193606655904,-6.792293611979955,25.573241391773198,0.8659342907944724,103.54007450514595,0.07387975353187504,37.14419686073115,-1.3360924419861808,22.629491241334673,0.3680144453206781,174.5973458418249
cave_hsi,8,structured-missing-completion,block,2,0.5,ntdpl,"(12,12,3)","(128,128)",6.532379800104536,C:\Users\mrkys\workspace\NTD-PL\multirun\neurips-lowrank-core\run\cave_hsi_block_id08_seed2_mr0.5_ntdpl_r12_12_3,0.49884033203125,2.0,0.12319698929786682,23.222138593889916,-4.976425813804111,18.187997889155522,0.7384080972557021,100.34427614174407,0.17166540026664734,26.45202880197331,-2.1698052233959966,15.306344865786405,0.4062089018579947,134.59458822569994
cave_hsi,8,structured-missing-completion,block,2,0.5,tucker,"(12,12,3)","(128,128)",2.4771549999713898,C:\Users\mrkys\workspace\NTD-PL\multirun\neurips-lowrank-core\benchmark\cave_hsi_block_id08_seed2_mr0.5_tucker_r12_12_3,0.49884033203125,2.0,0.1476553606112848,32.92130953903893,-3.403443025442883,16.615015628005864,0.6485552693547788,120.63837977555096,0.20606556665631595,41.720980305293516,-0.5833519298180357,13.719891446366494,0.27746863223388446,161.83242899706866
cave_hsi,9,structured-missing-completion,block,2,0.5,ntdpl,"(12,12,3)","(128,128)",6.618806099984795,C:\Users\mrkys\workspace\NTD-PL\multirun\neurips-lowrank-core\run\cave_hsi_block_id09_seed2_mr0.5_ntdpl_r12_12_3,0.49884033203125,2.0,0.10628457367420197,29.401010302754486,-4.006623694762286,19.470595265806814,0.6585936616409064,117.06648526275285,0.14946602284908295,29.3909263338209,-1.8312629735662758,16.50915010786203,0.31131264544702975,135.45137755758714
cave_hsi,9,structured-missing-completion,block,2,0.5,tucker,"(12,12,3)","(128,128)",2.662914099986665,C:\Users\mrkys\workspace\NTD-PL\multirun\neurips-lowrank-core\benchmark\cave_hsi_block_id09_seed2_mr0.5_tucker_r12_12_3,0.49884033203125,2.0,0.11470452772270703,41.52903158094696,-3.344417363617161,18.808388777776276,0.6112225187668846,126.2767885903624,0.1611999558205392,46.80324683516683,-1.1748142999228819,15.852701631127085,0.2515740785060737,145.89202043625323
cave_hsi,10,structured-missing-completion,block,2,0.5,ntdpl,"(12,12,3)","(128,128)",6.4401597999967635,C:\Users\mrkys\workspace\NTD-PL\multirun\neurips-lowrank-core\run\cave_hsi_block_id10_seed2_mr0.5_ntdpl_r12_12_3,0.49884033203125,2.0,0.10198931396007538,22.54831854467122,-5.310227068740553,19.828906045680753,0.7217209622115357,88.33390521192563,0.14235548675060272,23.445350388563266,-3.2947632604202797,16.932515814259833,0.46680935119836237,103.81206375628769
cave_hsi,10,structured-missing-completion,block,2,0.5,tucker,"(12,12,3)","(128,128)",2.505496000056155,C:\Users\mrkys\workspace\NTD-PL\multirun\neurips-lowrank-core\benchmark\cave_hsi_block_id10_seed2_mr0.5_tucker_r12_12_3,0.49884033203125,2.0,0.11193902530266213,26.79356571395567,-4.501690251271649,19.020369579730733,0.6870733000460856,96.95596318043236,0.15629580237042004,31.69810121868815,-2.4833009694393713,16.121053713044752,0.4409727098199635,114.10876154798706
cave_hsi,11,structured-missing-completion,block,2,0.5,ntdpl,"(12,12,3)","(128,128)",6.608615200035274,C:\Users\mrkys\workspace\NTD-PL\multirun\neurips-lowrank-core\run\cave_hsi_block_id11_seed2_mr0.5_ntdpl_r12_12_3,0.49884033203125,2.0,0.1374020129442215,22.753728449754064,-4.78435530530897,17.240138288315073,0.6601936514868102,80.93369667336444,0.18920113146305084,29.076568604894586,-2.0935464899955503,14.461524751053767,0.38261887567488245,110.54862347704872
cave_hsi,11,structured-missing-completion,block,2,0.5,tucker,"(12,12,3)","(128,128)",2.4780462000053376,C:\Users\mrkys\workspace\NTD-PL\multirun\neurips-lowrank-core\benchmark\cave_hsi_block_id11_seed2_mr0.5_tucker_r12_12_3,0.49884033203125,2.0,0.15423862257723278,29.77606179966307,-3.7803545852895337,16.236137237520193,0.6176110977518889,91.83266980601704,0.2129359726408755,42.1683972051856,-1.0670407380014613,13.435019284175375,0.3665038280144363,125.87319468089477
cave_hsi,12,structured-missing-completion,block,2,0.5,ntdpl,"(12,12,3)","(128,128)",6.449858700041659,C:\Users\mrkys\workspace\NTD-PL\multirun\neurips-lowrank-core\run\cave_hsi_block_id12_seed2_mr0.5_ntdpl_r12_12_3,0.49884033203125,2.0,0.18982985615730286,16.28353162119076,-5.898643195757147,14.432710073322637,0.6977892815225724,61.98314713287021,0.2674328684806824,21.82411507306431,-3.760040621026751,11.455704838079443,0.3903420916397153,75.7217056915946
cave_hsi,12,structured-missing-completion,block,2,0.5,tucker,"(12,12,3)","(128,128)",2.548888999968767,C:\Users\mrkys\workspace\NTD-PL\multirun\neurips-lowrank-core\benchmark\cave_hsi_block_id12_seed2_mr0.5_tucker_r12_12_3,0.49884033203125,2.0,0.1867509215113351,20.099740468594312,-6.040678587905046,14.574744930138774,0.7048031473888544,63.420822860397486,0.2623280328170672,26.442356385933035,-3.9274421747600936,11.623105949744769,0.3868203889960758,78.40519976626452
cave_hsi,13,structured-missing-completion,block,2,0.5,ntdpl,"(12,12,3)","(128,128)",6.700624100049026,C:\Users\mrkys\workspace\NTD-PL\multirun\neurips-lowrank-core\run\cave_hsi_block_id13_seed2_mr0.5_ntdpl_r12_12_3,0.49884033203125,2.0,0.16916252672672272,28.266740503299904,-2.451022854605343,15.433916534159378,0.4884078024815402,138.7282841585027,0.23820628225803375,26.88816402325813,-1.2215427533179168,12.46093563567278,0.23275769133148597,137.47083886139936
cave_hsi,13,structured-missing-completion,block,2,0.5,tucker,"(12,12,3)","(128,128)",2.6309328000061214,C:\Users\mrkys\workspace\NTD-PL\multirun\neurips-lowrank-core\benchmark\cave_hsi_block_id13_seed2_mr0.5_tucker_r12_12_3,0.49884033203125,2.0,0.1707291482479824,37.35761426905996,-2.3709528182655415,15.353846526436667,0.4494554076032199,139.86387880752892,0.2402465583250141,41.96943693966424,-1.1474635899657046,12.386856502837544,0.1747905421109433,138.2904719622583
cave_hsi,14,structured-missing-completion,block,2,0.5,ntdpl,"(12,12,3)","(128,128)",6.403808900038712,C:\Users\mrkys\workspace\NTD-PL\multirun\neurips-lowrank-core\run\cave_hsi_block_id14_seed2_mr0.5_ntdpl_r12_12_3,0.49884033203125,2.0,0.07941838353872299,33.412884104614136,-3.476931848221157,22.001578897194296,0.6796495041099467,130.50008219488555,0.110959492623806,35.622310536375096,-1.0475183313479968,19.09671088242868,0.3447562470565895,168.53013579672552
cave_hsi,14,structured-missing-completion,block,2,0.5,tucker,"(12,12,3)","(128,128)",2.5311246000928804,C:\Users\mrkys\workspace\NTD-PL\multirun\neurips-lowrank-core\benchmark\cave_hsi_block_id14_seed2_mr0.5_tucker_r12_12_3,0.49884033203125,2.0,0.0863872023257387,36.982457771617405,-2.746364617944005,21.27101181037107,0.6305954285235258,144.679849406635,0.12079243867012326,44.855279461285804,-0.31001257957835404,18.359205014069218,0.27913230969976377,187.62930288574773
cave_hsi,15,structured-missing-completion,block,2,0.5,ntdpl,"(12,12,3)","(128,128)",6.5844404000090435,C:\Users\mrkys\workspace\NTD-PL\multirun\neurips-lowrank-core\run\cave_hsi_block_id15_seed2_mr0.5_ntdpl_r12_12_3,0.49884033203125,2.0,0.10336926579475403,24.898042811091408,-4.22093274338929,19.712171116443876,0.6490786199670993,107.98583382296813,0.14477336406707764,28.93359901799636,-2.239823955845238,16.78622695787562,0.3295241639327901,127.42564752117312
cave_hsi,15,structured-missing-completion,block,2,0.5,tucker,"(12,12,3)","(128,128)",2.4203763999976218,C:\Users\mrkys\workspace\NTD-PL\multirun\neurips-lowrank-core\benchmark\cave_hsi_block_id15_seed2_mr0.5_tucker_r12_12_3,0.49884033203125,2.0,0.10918745727718593,30.64489592970493,-3.7453065820997407,19.236544952069796,0.6215489757763032,114.7358446392861,0.15286379725351198,39.237886974177385,-1.767503951968257,16.313907128206335,0.3098771479524886,135.43498649299266
cave_hsi,1,structured-missing-completion,block,0,0.5,ntdpl,"(16,16,3)","(128,128)",6.304924300056882,C:\Users\mrkys\workspace\NTD-PL\multirun\neurips-lowrank-core\run\cave_hsi_block_id01_seed0_mr0.5_ntdpl_r16_16_3,0.49395751953125,0.0,0.09330002963542938,15.66197735791122,-7.121823456876295,20.602364878949032,0.7915121995708371,64.91679102533755,0.13013742864131927,18.816743726928447,-4.267159951431932,17.711955084473324,0.4723495631541214,87.3629829451935
cave_hsi,1,structured-missing-completion,block,0,0.5,tucker,"(16,16,3)","(128,128)",3.133073400007561,C:\Users\mrkys\workspace\NTD-PL\multirun\neurips-lowrank-core\benchmark\cave_hsi_block_id01_seed0_mr0.5_tucker_r16_16_3,0.49395751953125,0.0,0.09913599341622621,17.38397739454154,-6.594831787861381,20.075372741981408,0.7683580221195766,69.36703150826385,0.1383507384400004,21.89883428112611,-3.73557486459546,17.180370369844535,0.42669122153026495,93.83744100551245
cave_hsi,2,structured-missing-completion,block,0,0.5,ntdpl,"(16,16,3)","(128,128)",5.832560900016688,C:\Users\mrkys\workspace\NTD-PL\multirun\neurips-lowrank-core\run\cave_hsi_block_id02_seed0_mr0.5_ntdpl_r16_16_3,0.49395751953125,0.0,0.3232247829437256,34.93702994244988,3.6679249389979263,9.809906585983963,0.1868551840652556,237.94164970435273,0.4506094455718994,43.582064232724065,5.763396176963619,6.923993953475895,0.03808586207691006,301.86675425019445
cave_hsi,2,structured-missing-completion,block,0,0.5,tucker,"(16,16,3)","(128,128)",3.7548533000517637,C:\Users\mrkys\workspace\NTD-PL\multirun\neurips-lowrank-core\benchmark\cave_hsi_block_id02_seed0_mr0.5_tucker_r16_16_3,0.49395751953125,0.0,0.21687580238495005,47.02200443811615,0.20205331742946403,13.275778021673442,0.33207790713151425,168.80683143331373,0.2971407786176335,62.6537741332392,2.14663531702911,10.540754859360158,0.10063468016506134,206.8646973270419
cave_hsi,3,structured-missing-completion,block,0,0.5,ntdpl,"(16,16,3)","(128,128)",5.498824100010097,C:\Users\mrkys\workspace\NTD-PL\multirun\neurips-lowrank-core\run\cave_hsi_block_id03_seed0_mr0.5_ntdpl_r16_16_3,0.49395751953125,0.0,0.08454086631536484,15.310836478559096,-4.066791779673436,21.45866612611597,0.6359590997364036,125.97316365034455,0.11494248360395432,20.044198047649076,-1.9757879955884563,18.790388610551474,0.24738458146260683,156.63376429076007
cave_hsi,3,structured-missing-completion,block,0,0.5,tucker,"(16,16,3)","(128,128)",3.459540600073524,C:\Users\mrkys\workspace\NTD-PL\multirun\neurips-lowrank-core\benchmark\cave_hsi_block_id03_seed0_mr0.5_tucker_r16_16_3,0.49395751953125,0.0,0.08842545632428822,17.676079716270962,-3.6765797503299273,21.068453806151357,0.6132006236747981,131.8966188634079,0.12003438275982799,24.27565384461784,-1.5992863097687255,18.413886728371015,0.23528890690344043,163.59622845262004
cave_hsi,4,structured-missing-completion,block,0,0.5,ntdpl,"(16,16,3)","(128,128)",6.186769100022502,C:\Users\mrkys\workspace\NTD-PL\multirun\neurips-lowrank-core\run\cave_hsi_block_id04_seed0_mr0.5_ntdpl_r16_16_3,0.49395751953125,0.0,0.16521258652210236,19.23431066263881,-5.040589206939966,15.639137061274965,0.7396100378947232,103.1968719749077,0.2314530611038208,21.990092312768965,-1.6330134743018474,12.710741341831449,0.2605912568903428,151.78043399361337
cave_hsi,4,structured-missing-completion,block,0,0.5,tucker,"(16,16,3)","(128,128)",3.307115700095892,C:\Users\mrkys\workspace\NTD-PL\multirun\neurips-lowrank-core\benchmark\cave_hsi_block_id04_seed0_mr0.5_tucker_r16_16_3,0.49395751953125,0.0,0.17503055797558784,23.368938251070958,-4.53917430107606,15.137722454659745,0.7104557260476598,108.97971815138865,0.24520266398224866,29.178533084332468,-1.1317680558404872,12.209496315494503,0.18209712208919687,160.30044919372563
cave_hsi,5,structured-missing-completion,block,0,0.5,ntdpl,"(16,16,3)","(128,128)",5.597308399970643,C:\Users\mrkys\workspace\NTD-PL\multirun\neurips-lowrank-core\run\cave_hsi_block_id05_seed0_mr0.5_ntdpl_r16_16_3,0.49395751953125,0.0,0.11119955778121948,31.40965457076057,-3.2800845387659594,19.07793901631657,0.5382952528372479,138.33111110438324,0.15592467784881592,33.004664386340224,-1.6739786517795874,16.1417028112474,0.1959400711412494,161.61230967414218
cave_hsi,5,structured-missing-completion,block,0,0.5,tucker,"(16,16,3)","(128,128)",3.378932600026019,C:\Users\mrkys\workspace\NTD-PL\multirun\neurips-lowrank-core\benchmark\cave_hsi_block_id05_seed0_mr0.5_tucker_r16_16_3,0.49395751953125,0.0,0.11835508558317513,39.16094030204572,-2.7384071462960153,18.536261523898112,0.5094676592863362,152.7000222836281,0.16576031696376833,45.661828955073666,-1.1426645836968916,15.610388629686128,0.14449014426810974,179.65520351650235
cave_hsi,6,structured-missing-completion,block,0,0.5,ntdpl,"(16,16,3)","(128,128)",6.007772799930535,C:\Users\mrkys\workspace\NTD-PL\multirun\neurips-lowrank-core\run\cave_hsi_block_id06_seed0_mr0.5_ntdpl_r16_16_3,0.49395751953125,0.0,0.1603897213935852,16.343478345615907,-4.04750428737951,15.896469613198008,0.5553687324546932,117.99944981778383,0.2189456671476364,23.123222801017185,-1.6019392248008992,13.19327230033198,0.2789669403527903,156.35767575402406
cave_hsi,6,structured-missing-completion,block,0,0.5,tucker,"(16,16,3)","(128,128)",3.2480360999470577,C:\Users\mrkys\workspace\NTD-PL\multirun\neurips-lowrank-core\benchmark\cave_hsi_block_id06_seed0_mr0.5_tucker_r16_16_3,0.49395751953125,0.0,0.15085369866434933,18.89981260989326,-4.57991561210053,16.42888074460581,0.611037724562047,102.62716015123058,0.20487612869865798,28.045624088065548,-2.178839153848236,13.770172816202058,0.38583829052302177,134.67020354297813
cave_hsi,7,structured-missing-completion,block,0,0.5,ntdpl,"(16,16,3)","(128,128)",6.035112099954858,C:\Users\mrkys\workspace\NTD-PL\multirun\neurips-lowrank-core\run\cave_hsi_block_id07_seed0_mr0.5_ntdpl_r16_16_3,0.49395751953125,0.0,0.057252220809459686,29.11550513194801,-6.063205813450351,24.844153565462452,0.809108355636204,116.37221943015687,0.08017107099294662,31.17647461196725,-2.454458871505128,21.919645964275595,0.39409112536995944,150.2777145016754
cave_hsi,7,structured-missing-completion,block,0,0.5,tucker,"(16,16,3)","(128,128)",3.295459600049071,C:\Users\mrkys\workspace\NTD-PL\multirun\neurips-lowrank-core\benchmark\cave_hsi_block_id07_seed0_mr0.5_tucker_r16_16_3,0.49395751953125,0.0,0.06538145717704172,32.99382396185449,-4.909960308015953,23.690908087809195,0.7613919875999341,133.1530041580784,0.0916446345882135,36.23952318489341,-1.29267219179946,20.757859121823948,0.24237423084120202,172.35195943392227
cave_hsi,8,structured-missing-completion,block,0,0.5,ntdpl,"(16,16,3)","(128,128)",5.803482999908738,C:\Users\mrkys\workspace\NTD-PL\multirun\neurips-lowrank-core\run\cave_hsi_block_id08_seed0_mr0.5_ntdpl_r16_16_3,0.49395751953125,0.0,0.13897837698459625,22.461397366327695,-3.9294831272930484,17.14105571544916,0.608320587912439,112.70466753852506,0.19346389174461365,23.805110501646762,-2.23528481283678,14.26800177996149,0.3052169681839824,128.00915758759717
cave_hsi,8,structured-missing-completion,block,0,0.5,tucker,"(16,16,3)","(128,128)",3.1334555000066757,C:\Users\mrkys\workspace\NTD-PL\multirun\neurips-lowrank-core\benchmark\cave_hsi_block_id08_seed0_mr0.5_tucker_r16_16_3,0.49395751953125,0.0,0.16773070880245522,34.39235719566253,-2.296175752648272,15.507748355211252,0.4867489973598066,136.86658204235235,0.2337644051793616,42.79565790127361,-0.591715860755681,12.62443234518203,0.16987337636536295,155.6794953768519
cave_hsi,9,structured-missing-completion,block,0,0.5,ntdpl,"(16,16,3)","(128,128)",5.529421099927276,C:\Users\mrkys\workspace\NTD-PL\multirun\neurips-lowrank-core\run\cave_hsi_block_id09_seed0_mr0.5_ntdpl_r16_16_3,0.49395751953125,0.0,0.1094600185751915,30.19970377431545,-3.75091831348675,19.21488946784614,0.6548842148083885,126.68668761725044,0.15304884314537048,35.79985560732349,-1.5048381612312203,16.30339942587994,0.32082985970302896,170.18432890119809
cave_hsi,9,structured-missing-completion,block,0,0.5,tucker,"(16,16,3)","(128,128)",3.2523205999750644,C:\Users\mrkys\workspace\NTD-PL\multirun\neurips-lowrank-core\benchmark\cave_hsi_block_id09_seed0_mr0.5_tucker_r16_16_3,0.49395751953125,0.0,0.12088107839027107,42.500965943880225,-2.8888620713235893,18.3528334854827,0.5895267050788647,138.30329736696459,0.1689146532122669,53.63836089834809,-0.6480924536576549,15.446653481854666,0.22403153368642076,185.43254564901358
cave_hsi,10,structured-missing-completion,block,0,0.5,ntdpl,"(16,16,3)","(128,128)",5.9093057999853045,C:\Users\mrkys\workspace\NTD-PL\multirun\neurips-lowrank-core\run\cave_hsi_block_id10_seed0_mr0.5_ntdpl_r16_16_3,0.49395751953125,0.0,0.08954118192195892,21.488859257953294,-6.440864570451371,20.95954360786019,0.7820203593910809,75.36175186067842,0.1240810826420784,23.498462943013458,-4.25152573001633,18.12588853926221,0.5679889846849565,93.2666041174824
cave_hsi,10,structured-missing-completion,block,0,0.5,tucker,"(16,16,3)","(128,128)",3.236697499989532,C:\Users\mrkys\workspace\NTD-PL\multirun\neurips-lowrank-core\benchmark\cave_hsi_block_id10_seed0_mr0.5_tucker_r16_16_3,0.49395751953125,0.0,0.09746072372858887,25.06246898123605,-5.704728030293614,20.2234073587527,0.7546516250855819,82.81040928598416,0.13514768695898294,30.213412970435346,-3.509465083823077,17.383827656285714,0.5370651114838512,102.80395779542013
cave_hsi,11,structured-missing-completion,block,0,0.5,ntdpl,"(16,16,3)","(128,128)",6.538660299964249,C:\Users\mrkys\workspace\NTD-PL\multirun\neurips-lowrank-core\run\cave_hsi_block_id11_seed0_mr0.5_ntdpl_r16_16_3,0.49395751953125,0.0,0.13131293654441833,21.160717051196055,-5.178067676834161,17.633850116256422,0.6567806075694842,78.2491369748804,0.18152961134910583,28.292364575524623,-2.7007440347454863,14.821050725638461,0.3340181637710749,102.95045918745649
cave_hsi,11,structured-missing-completion,block,0,0.5,tucker,"(16,16,3)","(128,128)",3.3396618999540806,C:\Users\mrkys\workspace\NTD-PL\multirun\neurips-lowrank-core\benchmark\cave_hsi_block_id11_seed0_mr0.5_tucker_r16_16_3,0.49395751953125,0.0,0.14121974594491735,26.599586817499294,-4.5463088305422605,17.00209148277292,0.629511386563497,84.38857756218503,0.19517430899271238,38.17507981415939,-2.071240579581159,14.191546991276072,0.32926151402733755,110.9680917930084
cave_hsi,12,structured-missing-completion,block,0,0.5,ntdpl,"(16,16,3)","(128,128)",5.279183999984525,C:\Users\mrkys\workspace\NTD-PL\multirun\neurips-lowrank-core\run\cave_hsi_block_id12_seed0_mr0.5_ntdpl_r16_16_3,0.49395751953125,0.0,0.16884151101112366,15.109602682223443,-6.9163485946576495,15.450414957300316,0.7643288961721469,58.089633813869455,0.2364935278892517,19.101991439315636,-4.29612567431993,12.523614473775167,0.4277780137959291,75.78303290858005
cave_hsi,12,structured-missing-completion,block,0,0.5,tucker,"(16,16,3)","(128,128)",3.107001799973659,C:\Users\mrkys\workspace\NTD-PL\multirun\neurips-lowrank-core\benchmark\cave_hsi_block_id12_seed0_mr0.5_tucker_r16_16_3,0.49395751953125,0.0,0.17594910491994178,18.18404942650416,-6.558192420681238,15.092258762914968,0.7413878787410232,62.56376865077381,0.24595951426919285,23.34212216212259,-3.9552384672501177,12.182727465777376,0.35523029774208753,81.36919096607745
cave_hsi,13,structured-missing-completion,block,0,0.5,ntdpl,"(16,16,3)","(128,128)",5.661070500034839,C:\Users\mrkys\workspace\NTD-PL\multirun\neurips-lowrank-core\run\cave_hsi_block_id13_seed0_mr0.5_ntdpl_r16_16_3,0.49395751953125,0.0,0.12483792752027512,26.13791666501477,-5.0901748898793855,18.073068785305612,0.730570631019978,102.74146086537606,0.17422713339328766,28.62708802588512,-2.47994623069638,15.177684577851412,0.38666814672690014,134.95212906550572
cave_hsi,13,structured-missing-completion,block,0,0.5,tucker,"(16,16,3)","(128,128)",2.9611301999539137,C:\Users\mrkys\workspace\NTD-PL\multirun\neurips-lowrank-core\benchmark\cave_hsi_block_id13_seed0_mr0.5_tucker_r16_16_3,0.49395751953125,0.0,0.13593306882197606,31.7687062383499,-4.350603859184695,17.33349756735582,0.6920329829142355,111.82819160093702,0.18974728385890072,37.96531122342983,-1.738750376074247,14.43648864209198,0.32293208849716687,146.9751433883167
cave_hsi,14,structured-missing-completion,block,0,0.5,ntdpl,"(16,16,3)","(128,128)",6.680025300011039,C:\Users\mrkys\workspace\NTD-PL\multirun\neurips-lowrank-core\run\cave_hsi_block_id14_seed0_mr0.5_ntdpl_r16_16_3,0.49395751953125,0.0,0.08637505769729614,28.405960664710598,-2.747585580518267,21.27223309467418,0.5696487439640331,144.664985781733,0.12039536237716675,37.24171584812227,-1.1597672624272297,18.387804575175313,0.2794646014724882,172.96655339690253
cave_hsi,14,structured-missing-completion,block,0,0.5,tucker,"(16,16,3)","(128,128)",3.2541641000425443,C:\Users\mrkys\workspace\NTD-PL\multirun\neurips-lowrank-core\benchmark\cave_hsi_block_id14_seed0_mr0.5_tucker_r16_16_3,0.49395751953125,0.0,0.09063818943360161,33.85737089413155,-2.329128375949246,20.853775568376314,0.5356407684027258,149.7612070256341,0.12634165723601018,43.36242836832498,-0.7410313906597235,17.969068614412556,0.24272750405695184,178.6530516604238
cave_hsi,15,structured-missing-completion,block,0,0.5,ntdpl,"(16,16,3)","(128,128)",4.72207600006368,C:\Users\mrkys\workspace\NTD-PL\multirun\neurips-lowrank-core\run\cave_hsi_block_id15_seed0_mr0.5_ntdpl_r16_16_3,0.49395751953125,0.0,0.0857049748301506,27.91106651745453,-5.848641145847905,21.339879629831323,0.7695526519123524,91.08532692696,0.11901673674583435,29.743767060235566,-3.155603680948814,18.4878387367377,0.4597746969379289,121.54771668586075
cave_hsi,15,structured-missing-completion,block,0,0.5,tucker,"(16,16,3)","(128,128)",3.10744649998378,C:\Users\mrkys\workspace\NTD-PL\multirun\neurips-lowrank-core\benchmark\cave_hsi_block_id15_seed0_mr0.5_tucker_r16_16_3,0.49395751953125,0.0,0.09584077194109582,32.890709796930715,-4.877755569106826,20.368993939076883,0.7223409997369868,103.60387105418467,0.13323270889153768,38.24111764409805,-2.175547382209127,17.507782838562427,0.37723438034288065,138.5230610003633
cave_hsi,1,structured-missing-completion,block,1,0.5,ntdpl,"(16,16,3)","(128,128)",6.493241399992257,C:\Users\mrkys\workspace\NTD-PL\multirun\neurips-lowrank-core\run\cave_hsi_block_id01_seed1_mr0.5_ntdpl_r16_16_3,0.49615478515625,1.0,0.10250739753246307,14.982634212171266,-6.304354629804908,19.784895199673322,0.7317844924438422,72.53561414501432,0.14347542822360992,18.575700771849313,-3.869700791127582,16.864449331376733,0.3827875886736839,90.79610730831776
cave_hsi,1,structured-missing-completion,block,1,0.5,tucker,"(16,16,3)","(128,128)",2.8340550999855623,C:\Users\mrkys\workspace\NTD-PL\multirun\neurips-lowrank-core\benchmark\cave_hsi_block_id01_seed1_mr0.5_tucker_r16_16_3,0.49615478515625,1.0,0.10896539249276614,17.582226043067344,-5.773687295492885,19.25422824961291,0.7045890888691925,76.9613572000203,0.15256491330665176,22.98902784787752,-3.336158368670283,16.330906668301473,0.3401099493565783,96.5115130280197
cave_hsi,2,structured-missing-completion,block,1,0.5,ntdpl,"(16,16,3)","(128,128)",6.44650169997476,C:\Users\mrkys\workspace\NTD-PL\multirun\neurips-lowrank-core\run\cave_hsi_block_id02_seed1_mr0.5_ntdpl_r16_16_3,0.49615478515625,1.0,0.4765644669532776,34.87270187168083,7.040264461920796,6.437567079532846,0.10428078285916748,327.391865947987,0.6686996221542358,43.641514118640266,9.4223860473016,3.4953785692158608,0.01902854488636718,412.97229692935025
cave_hsi,2,structured-missing-completion,block,1,0.5,tucker,"(16,16,3)","(128,128)",2.7392481999704614,C:\Users\mrkys\workspace\NTD-PL\multirun\neurips-lowrank-core\benchmark\cave_hsi_block_id02_seed1_mr0.5_tucker_r16_16_3,0.49615478515625,1.0,0.2195084289903316,45.43792416744395,0.3068553699554149,13.170975969147493,0.34436147198458,173.39338487834934,0.30122749062826976,59.51726838694712,2.4956565712571397,10.422107921448312,0.09079583182162987,210.7304998600994
cave_hsi,3,structured-missing-completion,block,1,0.5,ntdpl,"(16,16,3)","(128,128)",5.716205999953672,C:\Users\mrkys\workspace\NTD-PL\multirun\neurips-lowrank-core\run\cave_hsi_block_id03_seed1_mr0.5_ntdpl_r16_16_3,0.49615478515625,1.0,0.06487976014614105,33.68571475905387,-6.3659416458810405,23.757815411117903,0.8165840156826758,92.07913064978803,0.0827741026878357,33.93540075651635,-2.402679268433279,21.642110644355668,0.3257042338465048,135.02825446648453
cave_hsi,3,structured-missing-completion,block,1,0.5,tucker,"(16,16,3)","(128,128)",2.779150199959986,C:\Users\mrkys\workspace\NTD-PL\multirun\neurips-lowrank-core\benchmark\cave_hsi_block_id03_seed1_mr0.5_tucker_r16_16_3,0.49615478515625,1.0,0.07211812593002374,36.68099514334636,-5.447237292773147,22.839111348594578,0.7816531854591031,103.83345816042977,0.09186316538889008,39.69684476576738,-1.4977406752466722,20.737171877851758,0.31072073631553965,152.3934683837989
cave_hsi,4,structured-missing-completion,block,1,0.5,ntdpl,"(16,16,3)","(128,128)",6.065858299960382,C:\Users\mrkys\workspace\NTD-PL\multirun\neurips-lowrank-core\run\cave_hsi_block_id04_seed1_mr0.5_ntdpl_r16_16_3,0.49615478515625,1.0,0.17535190284252167,19.301034179974458,-4.523242113945979,15.121790284798726,0.6734285321869095,109.82788350931061,0.24628961086273193,21.891412251381748,-2.1595212736165585,12.171078150329308,0.27589129108297866,131.87909157578764
cave_hsi,4,structured-missing-completion,block,1,0.5,tucker,"(16,16,3)","(128,128)",2.806540499906987,C:\Users\mrkys\workspace\NTD-PL\multirun\neurips-lowrank-core\benchmark\cave_hsi_block_id04_seed1_mr0.5_tucker_r16_16_3,0.49615478515625,1.0,0.18771547598041177,26.880578605094385,-3.9314502665701716,14.529998420153857,0.6352647909996295,117.51013081137688,0.2636573934024539,34.985421173421,-1.5676440350520404,11.57920091609331,0.208540740605381,141.09055417432552
cave_hsi,5,structured-missing-completion,block,1,0.5,ntdpl,"(16,16,3)","(128,128)",6.317609000019729,C:\Users\mrkys\workspace\NTD-PL\multirun\neurips-lowrank-core\run\cave_hsi_block_id05_seed1_mr0.5_ntdpl_r16_16_3,0.49615478515625,1.0,0.09381565451622009,32.904756070353955,-4.75663915204812,20.554493257532968,0.7066857607805701,110.81936624509999,0.13157188892364502,35.25389487821182,-2.146677783943833,17.616737664077927,0.29109079276677086,133.55217264436743
cave_hsi,5,structured-missing-completion,block,1,0.5,tucker,"(16,16,3)","(128,128)",2.8844876000657678,C:\Users\mrkys\workspace\NTD-PL\multirun\neurips-lowrank-core\benchmark\cave_hsi_block_id05_seed1_mr0.5_tucker_r16_16_3,0.49615478515625,1.0,0.1030832665869799,38.97860064640927,-3.9383821748745085,19.736236552476605,0.6679206466800929,133.5940877331427,0.1445730033989315,43.10212575049975,-1.3281955701852928,16.798255934672262,0.17552244277692353,170.43962363735506
cave_hsi,6,structured-missing-completion,block,1,0.5,ntdpl,"(16,16,3)","(128,128)",6.331871500005946,C:\Users\mrkys\workspace\NTD-PL\multirun\neurips-lowrank-core\run\cave_hsi_block_id06_seed1_mr0.5_ntdpl_r16_16_3,0.49615478515625,1.0,0.14071306586265564,16.398038142355773,-5.184346182779444,17.033311421818457,0.6223973400243422,98.72141952092963,0.19062858819961548,23.20685932226033,-2.7752549408014,14.39623969238225,0.35375734251411595,133.2749633001906
cave_hsi,6,structured-missing-completion,block,1,0.5,tucker,"(16,16,3)","(128,128)",2.7811076999641955,C:\Users\mrkys\workspace\NTD-PL\multirun\neurips-lowrank-core\benchmark\cave_hsi_block_id06_seed1_mr0.5_tucker_r16_16_3,0.49615478515625,1.0,0.14714732166838226,19.077215189252946,-4.79598763531331,16.64495276781859,0.631317976691948,101.61970729656858,0.199619092349093,28.304485357651405,-2.374973677030328,13.995958468856758,0.42473577064357937,136.8493877954705
cave_hsi,7,structured-missing-completion,block,1,0.5,ntdpl,"(16,16,3)","(128,128)",6.50825990003068,C:\Users\mrkys\workspace\NTD-PL\multirun\neurips-lowrank-core\run\cave_hsi_block_id07_seed1_mr0.5_ntdpl_r16_16_3,0.49615478515625,1.0,0.07008836418390274,29.880315043767855,-4.306133663968837,23.087081307354328,0.6930658955812067,145.51497121603555,0.09840822964906693,33.305171059397935,-1.989422580696495,20.139371709648675,0.3199042800492737,187.83132661218073
cave_hsi,7,structured-missing-completion,block,1,0.5,tucker,"(16,16,3)","(128,128)",2.8417419999605045,C:\Users\mrkys\workspace\NTD-PL\multirun\neurips-lowrank-core\benchmark\cave_hsi_block_id07_seed1_mr0.5_tucker_r16_16_3,0.49615478515625,1.0,0.07876288427291056,33.71204551077956,-3.2926199904194964,22.07356777021274,0.6253658920634707,163.8032496481537,0.11067057835411175,38.62917590619822,-0.9694075423610358,19.119356409303624,0.18765392538976375,211.6762340291581
cave_hsi,8,structured-missing-completion,block,1,0.5,ntdpl,"(16,16,3)","(128,128)",6.755716799991205,C:\Users\mrkys\workspace\NTD-PL\multirun\neurips-lowrank-core\run\cave_hsi_block_id08_seed1_mr0.5_ntdpl_r16_16_3,0.49615478515625,1.0,0.11787885427474976,22.050419469817946,-5.359709180472697,18.57128176912057,0.7589966405654102,94.92466910145318,0.16376249492168427,25.78134214129696,-2.3167845757758423,15.71571160234559,0.3919498179194417,126.28127567462617
cave_hsi,8,structured-missing-completion,block,1,0.5,tucker,"(16,16,3)","(128,128)",2.7589234999613836,C:\Users\mrkys\workspace\NTD-PL\multirun\neurips-lowrank-core\benchmark\cave_hsi_block_id08_seed1_mr0.5_tucker_r16_16_3,0.49615478515625,1.0,0.13640804160142048,31.869800274726437,-4.091627920620642,17.303200523183623,0.6921225826617079,110.73271242890628,0.18957057746493244,39.46752050365832,-1.0456545095070033,14.444581339556965,0.28367255599580216,147.79986129617814
cave_hsi,9,structured-missing-completion,block,1,0.5,ntdpl,"(16,16,3)","(128,128)",6.606848499970511,C:\Users\mrkys\workspace\NTD-PL\multirun\neurips-lowrank-core\run\cave_hsi_block_id09_seed1_mr0.5_ntdpl_r16_16_3,0.49615478515625,1.0,0.09957563877105713,29.80657557806167,-4.5729663133212135,20.036937955896622,0.7544180971913069,106.99165721754437,0.13924239575862885,32.797988067628694,-0.7903199249535506,17.124569613098206,0.32547526367629026,164.72090145554182
cave_hsi,9,structured-missing-completion,block,1,0.5,tucker,"(16,16,3)","(128,128)",2.8677012000698596,C:\Users\mrkys\workspace\NTD-PL\multirun\neurips-lowrank-core\benchmark\cave_hsi_block_id09_seed1_mr0.5_tucker_r16_16_3,0.49615478515625,1.0,0.10108775899190203,39.81851930532309,-4.442057209754596,19.90602862391371,0.7420587221813794,111.74228195709013,0.14115468261302813,46.437008021266955,-0.6718444127211036,17.006094203084114,0.28026913939112175,172.71767480319448
cave_hsi,10,structured-missing-completion,block,1,0.5,ntdpl,"(16,16,3)","(128,128)",6.7280533000594005,C:\Users\mrkys\workspace\NTD-PL\multirun\neurips-lowrank-core\run\cave_hsi_block_id10_seed1_mr0.5_ntdpl_r16_16_3,0.49615478515625,1.0,0.09763915091753006,21.961238772796964,-5.6888407552904505,20.207519925167542,0.7469872469107639,85.25045428299701,0.13590727746486664,24.711286474297104,-3.170954713916108,17.33514614205522,0.45939489640607006,109.37496121711172
cave_hsi,10,structured-missing-completion,block,1,0.5,tucker,"(16,16,3)","(128,128)",2.71188760001678,C:\Users\mrkys\workspace\NTD-PL\multirun\neurips-lowrank-core\benchmark\cave_hsi_block_id10_seed1_mr0.5_tucker_r16_16_3,0.49615478515625,1.0,0.10253435011807938,25.06241132779783,-5.263933009052087,19.782612337511168,0.7260884934127607,89.61165148052444,0.14260721021612738,30.22223259609437,-2.7529788826198223,16.917170320269957,0.4288908355502703,114.87586180417517
cave_hsi,11,structured-missing-completion,block,1,0.5,ntdpl,"(16,16,3)","(128,128)",6.586074299993925,C:\Users\mrkys\workspace\NTD-PL\multirun\neurips-lowrank-core\run\cave_hsi_block_id11_seed1_mr0.5_ntdpl_r16_16_3,0.49615478515625,1.0,0.13140258193016052,21.19723766752528,-5.172138894589092,17.62792147931,0.6312741138906136,76.93355149813127,0.18193279206752777,26.953994415653142,-3.1813657979132763,14.801780559771753,0.3352714145854868,95.9726997033172
cave_hsi,11,structured-missing-completion,block,1,0.5,tucker,"(16,16,3)","(128,128)",2.786210300051607,C:\Users\mrkys\workspace\NTD-PL\multirun\neurips-lowrank-core\benchmark\cave_hsi_block_id11_seed1_mr0.5_tucker_r16_16_3,0.49615478515625,1.0,0.14322772566364125,27.61032227074329,-4.423675432856619,16.87945808508728,0.5951441652433168,84.44733037165449,0.19831199109921493,38.53121036153615,-2.4326057484946113,14.053020500485491,0.3190600299202113,105.71601185420334
cave_hsi,12,structured-missing-completion,block,1,0.5,ntdpl,"(16,16,3)","(128,128)",6.878817400080152,C:\Users\mrkys\workspace\NTD-PL\multirun\neurips-lowrank-core\run\cave_hsi_block_id12_seed1_mr0.5_ntdpl_r16_16_3,0.49615478515625,1.0,0.17744402587413788,14.902152887441659,-6.484706270729835,15.018772177500257,0.7372271927898024,60.5621916766073,0.2492605745792389,19.27510612841975,-3.9720917707564385,12.066928416481622,0.3734075775810193,77.38915322527926
cave_hsi,12,structured-missing-completion,block,1,0.5,tucker,"(16,16,3)","(128,128)",2.7151215999620035,C:\Users\mrkys\workspace\NTD-PL\multirun\neurips-lowrank-core\benchmark\cave_hsi_block_id12_seed1_mr0.5_tucker_r16_16_3,0.49615478515625,1.0,0.18329557768930224,18.448763922858305,-6.202893917529223,14.73696025976295,0.7154445227736683,65.18448247449187,0.2569394444056184,24.443608583694875,-3.708547680406202,11.803384386239465,0.2909964181162499,83.41679007750712
cave_hsi,13,structured-missing-completion,block,1,0.5,ntdpl,"(16,16,3)","(128,128)",6.585578100057319,C:\Users\mrkys\workspace\NTD-PL\multirun\neurips-lowrank-core\run\cave_hsi_block_id13_seed1_mr0.5_ntdpl_r16_16_3,0.49615478515625,1.0,0.1666245311498642,27.49303667198449,-2.582327430441755,15.565220952258649,0.40244326326739316,135.64607313061344,0.23415757715702057,28.439951366716922,-1.5038762710380156,12.609835763406602,0.12735406426416207,135.02804014369454
cave_hsi,13,structured-missing-completion,block,1,0.5,tucker,"(16,16,3)","(128,128)",2.855520199984312,C:\Users\mrkys\workspace\NTD-PL\multirun\neurips-lowrank-core\benchmark\cave_hsi_block_id13_seed1_mr0.5_tucker_r16_16_3,0.49615478515625,1.0,0.1724833496041665,33.41410490711065,-2.2821627412135133,15.26505644938464,0.37860915037206666,140.68683422563714,0.24239117565317703,39.9753767677503,-1.2037045837227862,12.309663897614216,0.10405946454074265,140.12517143701143
cave_hsi,14,structured-missing-completion,block,1,0.5,ntdpl,"(16,16,3)","(128,128)",6.707504899939522,C:\Users\mrkys\workspace\NTD-PL\multirun\neurips-lowrank-core\run\cave_hsi_block_id14_seed1_mr0.5_ntdpl_r16_16_3,0.49615478515625,1.0,0.06541620194911957,33.38456468269376,-5.161646487597345,23.68629400849542,0.7846164409614999,110.00555664875127,0.09068050980567932,38.62702796705932,-1.9128262927489026,20.849721080139773,0.42492569736803565,152.54305315945524
cave_hsi,14,structured-missing-completion,block,1,0.5,tucker,"(16,16,3)","(128,128)",2.691665100050159,C:\Users\mrkys\workspace\NTD-PL\multirun\neurips-lowrank-core\benchmark\cave_hsi_block_id14_seed1_mr0.5_tucker_r16_16_3,0.49615478515625,1.0,0.07404394623875055,35.87379998034065,-4.085561671314117,22.61020886374119,0.7329038644079334,128.4564500821211,0.1030049123098987,43.9834240169318,-0.8059463452566014,19.742841265467263,0.32999218033249766,180.07695359799868
cave_hsi,15,structured-missing-completion,block,1,0.5,ntdpl,"(16,16,3)","(128,128)",6.59255599998869,C:\Users\mrkys\workspace\NTD-PL\multirun\neurips-lowrank-core\run\cave_hsi_block_id15_seed1_mr0.5_ntdpl_r16_16_3,0.49615478515625,1.0,0.10317955911159515,26.781124890661957,-4.236888579159017,19.728126643495038,0.6235995855952059,107.07479517091411,0.14416758716106415,29.497712300636614,-2.4725406376247854,16.822647549671967,0.3016590099143463,120.60967940362887
cave_hsi,15,structured-missing-completion,block,1,0.5,tucker,"(16,16,3)","(128,128)",2.7342355001019314,C:\Users\mrkys\workspace\NTD-PL\multirun\neurips-lowrank-core\benchmark\cave_hsi_block_id15_seed1_mr0.5_tucker_r16_16_3,0.49615478515625,1.0,0.10986958961161526,29.13131141244432,-3.6912115834647836,19.18244995343484,0.587270677981394,115.73078868569,0.15352176099872653,36.38762693971525,-1.9264944499403223,16.276601131834813,0.2568876953938696,130.38706470642097
cave_hsi,1,structured-missing-completion,block,2,0.5,ntdpl,"(16,16,3)","(128,128)",6.881631800089963,C:\Users\mrkys\workspace\NTD-PL\multirun\neurips-lowrank-core\run\cave_hsi_block_id01_seed2_mr0.5_ntdpl_r16_16_3,0.49884033203125,2.0,0.11123532801866531,15.939210933102448,-5.59460429963599,19.075145204287086,0.6765855350784971,77.8379722798053,0.1563657820224762,19.92827566114429,-3.2970066848060515,16.117165640919417,0.29500046158318705,98.03260976637188
cave_hsi,1,structured-missing-completion,block,2,0.5,tucker,"(16,16,3)","(128,128)",2.7619227999821305,C:\Users\mrkys\workspace\NTD-PL\multirun\neurips-lowrank-core\benchmark\cave_hsi_block_id01_seed2_mr0.5_tucker_r16_16_3,0.49884033203125,2.0,0.11379614331629491,17.73444818486303,-5.396908174617032,18.87744912873706,0.6702384383775769,79.61945067763354,0.15995339953616228,22.903399059299225,-3.09997165027942,15.920130505894823,0.3034979618646963,100.25639519034621
cave_hsi,2,structured-missing-completion,block,2,0.5,ntdpl,"(16,16,3)","(128,128)",6.6755488000344485,C:\Users\mrkys\workspace\NTD-PL\multirun\neurips-lowrank-core\run\cave_hsi_block_id02_seed2_mr0.5_ntdpl_r16_16_3,0.49884033203125,2.0,0.35883402824401855,36.13949567412863,4.575703784596866,8.902127801186985,0.16388576429109633,252.51464104685527,0.5037498474121094,44.39821654729097,6.626021638389636,5.9557013528221106,0.034776337029781924,304.740187085088
cave_hsi,2,structured-missing-completion,block,2,0.5,tucker,"(16,16,3)","(128,128)",2.984426200040616,C:\Users\mrkys\workspace\NTD-PL\multirun\neurips-lowrank-core\benchmark\cave_hsi_block_id02_seed2_mr0.5_tucker_r16_16_3,0.49884033203125,2.0,0.22750493512244754,48.63007444766026,0.6176477785874863,12.860183560515422,0.31132924218330854,175.77854640538237,0.31449644710489577,62.79509563517243,2.5340377466233392,10.047685129109015,0.07887113325527813,206.9806893091986
cave_hsi,3,structured-missing-completion,block,2,0.5,ntdpl,"(16,16,3)","(128,128)",6.892730600084178,C:\Users\mrkys\workspace\NTD-PL\multirun\neurips-lowrank-core\run\cave_hsi_block_id03_seed2_mr0.5_ntdpl_r16_16_3,0.49884033203125,2.0,0.11747270822525024,24.259492645602208,-1.2093864260599256,18.60126024459104,0.45543708854848414,173.3255202997827,0.162961944937706,34.501704011631,1.2310627836568635,15.758275965786638,0.04181031001742312,214.8302691747332
cave_hsi,3,structured-missing-completion,block,2,0.5,tucker,"(16,16,3)","(128,128)",2.71883569995407,C:\Users\mrkys\workspace\NTD-PL\multirun\neurips-lowrank-core\benchmark\cave_hsi_block_id03_seed2_mr0.5_tucker_r16_16_3,0.49884033203125,2.0,0.08404903981080639,25.383813705650503,-4.117470817044817,21.509344872866247,0.653490718060093,126.07842789797867,0.11341138364392714,28.603504284548844,-1.9175280554553942,18.90686702074689,0.2558744056763321,151.69394298433042
cave_hsi,4,structured-missing-completion,block,2,0.5,ntdpl,"(16,16,3)","(128,128)",6.618164099985734,C:\Users\mrkys\workspace\NTD-PL\multirun\neurips-lowrank-core\run\cave_hsi_block_id04_seed2_mr0.5_ntdpl_r16_16_3,0.49884033203125,2.0,0.1586722582578659,19.8439477906823,-5.391431758107709,15.989979989723102,0.758547939083227,99.01716941746483,0.2234501987695694,23.27763246067312,-2.120376534651132,13.016384995599353,0.3228075822594716,138.9544368209966
cave_hsi,4,structured-missing-completion,block,2,0.5,tucker,"(16,16,3)","(128,128)",3.020044600008987,C:\Users\mrkys\workspace\NTD-PL\multirun\neurips-lowrank-core\benchmark\cave_hsi_block_id04_seed2_mr0.5_tucker_r16_16_3,0.49884033203125,2.0,0.17224749859654612,22.885313833432413,-4.678393371671234,15.276941525254921,0.7185355306160462,107.39561417086658,0.2426333039160228,28.94925525778885,-1.4049832968641596,12.300991759886626,0.21476833284251748,150.74154827042838
cave_hsi,5,structured-missing-completion,block,2,0.5,ntdpl,"(16,16,3)","(128,128)",6.943723300006241,C:\Users\mrkys\workspace\NTD-PL\multirun\neurips-lowrank-core\run\cave_hsi_block_id05_seed2_mr0.5_ntdpl_r16_16_3,0.49884033203125,2.0,0.10985945910215378,33.69259197143547,-3.385396330549917,19.183250726503434,0.5565439774627278,112.38612775100898,0.15469849109649658,34.24975882596199,-1.676160004850511,16.210278558955768,0.2006431563320765,127.33383228135138
cave_hsi,5,structured-missing-completion,block,2,0.5,tucker,"(16,16,3)","(128,128)",2.7801386999199167,C:\Users\mrkys\workspace\NTD-PL\multirun\neurips-lowrank-core\benchmark\cave_hsi_block_id05_seed2_mr0.5_tucker_r16_16_3,0.49884033203125,2.0,0.11620664964955527,41.317378156289735,-2.8975260176834228,18.69538039528552,0.5236046848785877,131.04860277596296,0.16360102817722558,46.37593874431217,-1.1901610394408266,15.724279425238619,0.14224062532817108,155.58822946316909
cave_hsi,6,structured-missing-completion,block,2,0.5,ntdpl,"(16,16,3)","(128,128)",6.934925999958068,C:\Users\mrkys\workspace\NTD-PL\multirun\neurips-lowrank-core\run\cave_hsi_block_id06_seed2_mr0.5_ntdpl_r16_16_3,0.49884033203125,2.0,0.16168998181819916,17.267632193207284,-3.977372329849361,15.826337687008342,0.5344077520172145,115.00334075000372,0.2229057401418686,25.269452927087006,-1.7050850052105084,13.037574822955897,0.237951198516898,149.06916363377528
cave_hsi,6,structured-missing-completion,block,2,0.5,tucker,"(16,16,3)","(128,128)",2.934454599977471,C:\Users\mrkys\workspace\NTD-PL\multirun\neurips-lowrank-core\benchmark\cave_hsi_block_id06_seed2_mr0.5_tucker_r16_16_3,0.49884033203125,2.0,0.15924866922075442,20.194676080882957,-4.1095186316481005,15.95848376415338,0.5720108156571962,109.08622405976335,0.21915476352998492,31.05243108490582,-1.8524918369632306,13.184981702363041,0.3372710858912421,140.78640972929546
cave_hsi,7,structured-missing-completion,block,2,0.5,ntdpl,"(16,16,3)","(128,128)",6.856856600032188,C:\Users\mrkys\workspace\NTD-PL\multirun\neurips-lowrank-core\run\cave_hsi_block_id07_seed2_mr0.5_ntdpl_r16_16_3,0.49884033203125,2.0,0.046739622950553894,29.21353157172507,-7.825347866491525,26.60629589029705,0.8919364034682531,91.64005197243186,0.06556924432516098,33.067134233007664,-2.3725979109063915,23.665996652648623,0.44398052361762225,154.14913705588967
cave_hsi,7,structured-missing-completion,block,2,0.5,tucker,"(16,16,3)","(128,128)",2.8333832001080737,C:\Users\mrkys\workspace\NTD-PL\multirun\neurips-lowrank-core\benchmark\cave_hsi_block_id07_seed2_mr0.5_tucker_r16_16_3,0.49884033203125,2.0,0.05315995810708876,31.379628592805105,-6.7073596197392025,25.488307399532445,0.8625752983610481,104.72504777026641,0.0746875336284355,35.464559166631226,-1.241638837220749,22.535037636569243,0.30737012274323267,177.56534289253972
cave_hsi,8,structured-missing-completion,block,2,0.5,ntdpl,"(16,16,3)","(128,128)",6.664699700078927,C:\Users\mrkys\workspace\NTD-PL\multirun\neurips-lowrank-core\run\cave_hsi_block_id08_seed2_mr0.5_ntdpl_r16_16_3,0.49884033203125,2.0,0.11619928479194641,22.62238113571808,-5.484358133139984,18.69593081408282,0.7540500804648811,93.94655080459697,0.16228087246418,26.83877238426498,-2.658113894193004,15.794653321333174,0.4021985487300925,125.7296473741385
cave_hsi,8,structured-missing-completion,block,2,0.5,tucker,"(16,16,3)","(128,128)",2.87808449997101,C:\Users\mrkys\workspace\NTD-PL\multirun\neurips-lowrank-core\benchmark\cave_hsi_block_id08_seed2_mr0.5_tucker_r16_16_3,0.49884033203125,2.0,0.1370622876713337,30.818171124496807,-4.050067872653328,17.26164047521631,0.6807335530505043,111.19265469428525,0.19161674812624668,38.49557254161229,-1.2147911713850426,14.351330687933501,0.2945068599845268,149.12434702256175
cave_hsi,9,structured-missing-completion,block,2,0.5,ntdpl,"(16,16,3)","(128,128)",6.890829800046049,C:\Users\mrkys\workspace\NTD-PL\multirun\neurips-lowrank-core\run\cave_hsi_block_id09_seed2_mr0.5_ntdpl_r16_16_3,0.49884033203125,2.0,0.10771727561950684,29.89657864365249,-3.890321140808714,19.354292499002277,0.6351524326131053,118.72757373606662,0.15168443322181702,31.089289772990774,-1.7032921571411406,16.38117948605645,0.24887833614900245,137.6255950096072
cave_hsi,9,structured-missing-completion,block,2,0.5,tucker,"(16,16,3)","(128,128)",2.7204572999617085,C:\Users\mrkys\workspace\NTD-PL\multirun\neurips-lowrank-core\benchmark\cave_hsi_block_id09_seed2_mr0.5_tucker_r16_16_3,0.49884033203125,2.0,0.11482093058671858,41.354645225232716,-3.3356073385812746,18.799578752740388,0.6021756603056391,124.96974772905192,0.1615521492743217,47.338729806315435,-1.1558578647099846,15.833745195914187,0.20781446324812297,144.44725043550807
cave_hsi,10,structured-missing-completion,block,2,0.5,ntdpl,"(16,16,3)","(128,128)",6.629528600024059,C:\Users\mrkys\workspace\NTD-PL\multirun\neurips-lowrank-core\run\cave_hsi_block_id10_seed2_mr0.5_ntdpl_r16_16_3,0.49884033203125,2.0,0.10836676508188248,22.434740226633657,-4.783398102492605,19.302077695025325,0.6738424190904324,94.51006943979236,0.15178607404232025,23.541020800868953,-2.7376087372854196,16.375361294736127,0.3631231799639459,111.12057343942693
cave_hsi,10,structured-missing-completion,block,2,0.5,tucker,"(16,16,3)","(128,128)",2.8264895000029355,C:\Users\mrkys\workspace\NTD-PL\multirun\neurips-lowrank-core\benchmark\cave_hsi_block_id10_seed2_mr0.5_tucker_r16_16_3,0.49884033203125,2.0,0.11322035574038523,26.343613619282827,-4.4028303693057556,18.92150969776484,0.6541810826359444,98.67974856838421,0.1584490804143351,31.313495355282782,-2.364452795731133,16.002205539336515,0.35156984666799335,115.97467507260714
cave_hsi,11,structured-missing-completion,block,2,0.5,ntdpl,"(16,16,3)","(128,128)",6.782853899989277,C:\Users\mrkys\workspace\NTD-PL\multirun\neurips-lowrank-core\run\cave_hsi_block_id11_seed2_mr0.5_ntdpl_r16_16_3,0.49884033203125,2.0,0.13509656488895416,21.84712760048847,-4.93133145106366,17.387114037460208,0.652476872397638,80.73864711997321,0.18730367720127106,28.55593239834647,-2.1810951219948524,14.549073982756447,0.3171609489148973,111.42742425281413
cave_hsi,11,structured-missing-completion,block,2,0.5,tucker,"(16,16,3)","(128,128)",2.7916520999278873,C:\Users\mrkys\workspace\NTD-PL\multirun\neurips-lowrank-core\benchmark\cave_hsi_block_id11_seed2_mr0.5_tucker_r16_16_3,0.49884033203125,2.0,0.14614370641806623,27.894438031195303,-4.24861499793138,16.70439765016204,0.6208709279795551,86.90425665988,0.20269201362594538,39.739695333989026,-1.4952887105048664,13.863267256678782,0.30652947176988765,119.8935374504489
cave_hsi,12,structured-missing-completion,block,2,0.5,ntdpl,"(16,16,3)","(128,128)",6.6901273999828845,C:\Users\mrkys\workspace\NTD-PL\multirun\neurips-lowrank-core\run\cave_hsi_block_id12_seed2_mr0.5_ntdpl_r16_16_3,0.49884033203125,2.0,0.20399294793605804,17.270572791002973,-5.273630741898948,13.80769717750131,0.6414220117938766,67.06456454954305,0.2875892221927643,24.093044097542393,-3.1288845479109333,10.824548614475253,0.2612733661698094,82.42679357662612
cave_hsi,12,structured-missing-completion,block,2,0.5,tucker,"(16,16,3)","(128,128)",2.7758543000090867,C:\Users\mrkys\workspace\NTD-PL\multirun\neurips-lowrank-core\benchmark\cave_hsi_block_id12_seed2_mr0.5_tucker_r16_16_3,0.49884033203125,2.0,0.1984876488053309,20.464351818136652,-5.511263911610243,14.045330253843971,0.653244414073151,68.97918987255476,0.27909111490966654,27.6043332092918,-3.389416013130595,11.085079788115271,0.24181879584172017,86.51295619444149
cave_hsi,13,structured-missing-completion,block,2,0.5,ntdpl,"(16,16,3)","(128,128)",6.9000182000454515,C:\Users\mrkys\workspace\NTD-PL\multirun\neurips-lowrank-core\run\cave_hsi_block_id13_seed2_mr0.5_ntdpl_r16_16_3,0.49884033203125,2.0,0.15780791640281677,27.466961364502957,-3.054530311414041,16.03742389929502,0.4893815514868585,129.19120167649862,0.22228696942329407,26.332185366504106,-1.8223266882624078,13.0617197657816,0.20968013298932497,127.93267439089855
cave_hsi,13,structured-missing-completion,block,2,0.5,tucker,"(16,16,3)","(128,128)",2.6741334999678656,C:\Users\mrkys\workspace\NTD-PL\multirun\neurips-lowrank-core\benchmark\cave_hsi_block_id13_seed2_mr0.5_tucker_r16_16_3,0.49884033203125,2.0,0.17034903517602773,35.57120984415187,-2.3903127288098025,15.37320643698093,0.4232694651122124,139.56277088278333,0.23993568072383692,41.100333864632866,-1.1587103570988972,12.398103269970736,0.1323289684101536,138.1202641894967
cave_hsi,14,structured-missing-completion,block,2,0.5,ntdpl,"(16,16,3)","(128,128)",6.577343599987216,C:\Users\mrkys\workspace\NTD-PL\multirun\neurips-lowrank-core\run\cave_hsi_block_id14_seed2_mr0.5_ntdpl_r16_16_3,0.49884033203125,2.0,0.07569010555744171,33.273242709644634,-3.894570773411241,22.41921821950942,0.685031555451413,122.85446533249424,0.10575635731220245,37.59308333149349,-1.4646780280952671,19.513870720677303,0.308398867774286,157.69480199913738
cave_hsi,14,structured-missing-completion,block,2,0.5,tucker,"(16,16,3)","(128,128)",2.807525600073859,C:\Users\mrkys\workspace\NTD-PL\multirun\neurips-lowrank-core\benchmark\cave_hsi_block_id14_seed2_mr0.5_tucker_r16_16_3,0.49884033203125,2.0,0.08087359929757121,36.604744811553324,-3.319217369302959,21.84386456173003,0.6538567880189488,132.5539112468157,0.1131320131976595,44.61362691854392,-0.8790972551867892,18.92828968967765,0.2768442598088225,170.83395378493665
cave_hsi,15,structured-missing-completion,block,2,0.5,ntdpl,"(16,16,3)","(128,128)",6.476277900044806,C:\Users\mrkys\workspace\NTD-PL\multirun\neurips-lowrank-core\run\cave_hsi_block_id15_seed2_mr0.5_ntdpl_r16_16_3,0.49884033203125,2.0,0.10052825510501862,21.02761379511268,-4.462999004356421,19.95423751565199,0.6547973149723576,104.60918236795524,0.14097200334072113,24.4375815393597,-2.4709390358613037,17.017342123793078,0.32212351830168695,123.44309309671853
cave_hsi,15,structured-missing-completion,block,2,0.5,tucker,"(16,16,3)","(128,128)",2.818912300048396,C:\Users\mrkys\workspace\NTD-PL\multirun\neurips-lowrank-core\benchmark\cave_hsi_block_id15_seed2_mr0.5_tucker_r16_16_3,0.49884033203125,2.0,0.10558140532510195,28.05917307633549,-4.0370128637599025,19.528251233729957,0.6295764246298603,111.3320278960663,0.14795459599480867,35.24901644803535,-2.0510276150817037,16.59743079131978,0.29621185589719834,131.39662704821058
cave_hsi,1,structured-missing-completion,block,0,0.5,ntdpl,"(20,20,4)","(128,128)",6.56822540005669,C:\Users\mrkys\workspace\NTD-PL\multirun\neurips-lowrank-core\run\cave_hsi_block_id01_seed0_mr0.5_ntdpl_r20_20_4,0.49395751953125,0.0,0.09532971680164337,13.235420880197303,-6.9348926831069075,20.41543375433617,0.7756563516076956,66.27508062311776,0.13338813185691833,17.741871056722783,-4.052860614196836,17.49765595345533,0.3976338033145235,89.48060178298948
cave_hsi,1,structured-missing-completion,block,0,0.5,tucker,"(20,20,4)","(128,128)",3.681499700061977,C:\Users\mrkys\workspace\NTD-PL\multirun\neurips-lowrank-core\benchmark\cave_hsi_block_id01_seed0_mr0.5_tucker_r20_20_4,0.49395751953125,0.0,0.10399377938556455,14.835538783079302,-6.179311809774013,19.65985276389404,0.7373438359531966,72.47394445684218,0.1456096423592478,20.971141602150936,-3.29140179126038,16.736197296509452,0.3110168825951468,98.11082920586949
cave_hsi,2,structured-missing-completion,block,0,0.5,ntdpl,"(20,20,4)","(128,128)",3.5795375999296084,C:\Users\mrkys\workspace\NTD-PL\multirun\neurips-lowrank-core\run\cave_hsi_block_id02_seed0_mr0.5_ntdpl_r20_20_4,0.49395751953125,0.0,0.21350468695163727,33.55064225862802,0.06597970767879614,13.411851684446672,0.3594942668419683,168.99487112118007,0.2961346209049225,42.81760296061722,2.117173992504711,10.570216378269821,0.09005570984075636,211.3396973518635
cave_hsi,2,structured-missing-completion,block,0,0.5,tucker,"(20,20,4)","(128,128)",4.312335500027984,C:\Users\mrkys\workspace\NTD-PL\multirun\neurips-lowrank-core\benchmark\cave_hsi_block_id02_seed0_mr0.5_tucker_r20_20_4,0.49395751953125,0.0,0.21951982381103768,45.919594471880146,0.30730624825078406,13.170525090852125,0.325018305400518,174.66306368771677,0.3030298880646921,62.32291938490819,2.317099484483224,10.370290691906042,0.07300675902631211,216.93976690014355
cave_hsi,3,structured-missing-completion,block,0,0.5,ntdpl,"(20,20,4)","(128,128)",5.8802001000149176,C:\Users\mrkys\workspace\NTD-PL\multirun\neurips-lowrank-core\run\cave_hsi_block_id03_seed0_mr0.5_ntdpl_r20_20_4,0.49395751953125,0.0,0.08298451453447342,13.73815862278628,-4.228184733560145,21.620058618618376,0.6508544275777258,123.27343990641553,0.11505544185638428,18.580819503510764,-1.9672564582799108,18.781856862975882,0.23701980233598607,156.7774174659295
cave_hsi,3,structured-missing-completion,block,0,0.5,tucker,"(20,20,4)","(128,128)",2.8118673000717536,C:\Users\mrkys\workspace\NTD-PL\multirun\neurips-lowrank-core\benchmark\cave_hsi_block_id03_seed0_mr0.5_tucker_r20_20_4,0.49395751953125,0.0,0.08665118213039825,16.672477583482888,-3.8526361059595686,21.244510161780997,0.6313775399155165,128.74616864366797,0.11990162317480568,24.56850897442043,-1.6088983329170348,18.423498751519325,0.22332038891984585,163.48405416860004
cave_hsi,4,structured-missing-completion,block,0,0.5,ntdpl,"(20,20,4)","(128,128)",5.536464000004344,C:\Users\mrkys\workspace\NTD-PL\multirun\neurips-lowrank-core\run\cave_hsi_block_id04_seed0_mr0.5_ntdpl_r20_20_4,0.49395751953125,0.0,0.16566959023475647,18.52455074856483,-5.0165962002489355,15.615144080342034,0.7361971044333552,103.55025972495162,0.23238717019557953,22.53540415697166,-1.5980288296006975,12.675756842749177,0.23419207472093395,152.6098358297421
cave_hsi,4,structured-missing-completion,block,0,0.5,tucker,"(20,20,4)","(128,128)",3.992699099937454,C:\Users\mrkys\workspace\NTD-PL\multirun\neurips-lowrank-core\benchmark\cave_hsi_block_id04_seed0_mr0.5_tucker_r20_20_4,0.49395751953125,0.0,0.17376526066677955,21.760215486155076,-4.602192722775172,15.200740876358857,0.7105631836871801,108.47461493644998,0.24375601891239815,27.951608882293772,-1.1831647751360452,12.260893034790058,0.15331928672194794,159.93762928258218
cave_hsi,5,structured-missing-completion,block,0,0.5,ntdpl,"(20,20,4)","(128,128)",6.728770699934103,C:\Users\mrkys\workspace\NTD-PL\multirun\neurips-lowrank-core\run\cave_hsi_block_id05_seed0_mr0.5_ntdpl_r20_20_4,0.49395751953125,0.0,0.11019067466259003,31.304896704981353,-3.3592487624866014,19.157103524831097,0.5461960219995808,138.5040198458834,0.15466074645519257,33.05390801344395,-1.7446739151602895,16.212397687010856,0.20335012501200878,162.46376632486619
cave_hsi,5,structured-missing-completion,block,0,0.5,tucker,"(20,20,4)","(128,128)",3.753772300085984,C:\Users\mrkys\workspace\NTD-PL\multirun\neurips-lowrank-core\benchmark\cave_hsi_block_id05_seed0_mr0.5_tucker_r20_20_4,0.49395751953125,0.0,0.11941501639342311,38.32355493620836,-2.6609667704933493,18.458821148095446,0.49934297610807216,154.912029810283,0.16755641655095616,45.24625700953123,-1.049054679213452,15.51677872520269,0.11231139295326166,182.9123983616483
cave_hsi,6,structured-missing-completion,block,0,0.5,ntdpl,"(20,20,4)","(128,128)",6.522552200010978,C:\Users\mrkys\workspace\NTD-PL\multirun\neurips-lowrank-core\run\cave_hsi_block_id06_seed0_mr0.5_ntdpl_r20_20_4,0.49395751953125,0.0,0.15963037312030792,16.85618340546173,-4.088724242789051,15.937689593033193,0.5530814827523051,116.2479245842591,0.21949514746665955,25.08867180925677,-1.580167642141379,13.171501072038572,0.2484543840005736,154.8303716518433
cave_hsi,6,structured-missing-completion,block,0,0.5,tucker,"(20,20,4)","(128,128)",3.7654972000746056,C:\Users\mrkys\workspace\NTD-PL\multirun\neurips-lowrank-core\benchmark\cave_hsi_block_id06_seed0_mr0.5_tucker_r20_20_4,0.49395751953125,0.0,0.15057830523709548,19.096854140344504,-4.595786770774837,16.444751903280117,0.610634046079802,101.65807381497123,0.20616287479621775,29.35260238953581,-2.1244571073257728,13.715790769679593,0.36712575784094525,134.37596653972577
cave_hsi,7,structured-missing-completion,block,0,0.5,ntdpl,"(20,20,4)","(128,128)",5.803026500041597,C:\Users\mrkys\workspace\NTD-PL\multirun\neurips-lowrank-core\run\cave_hsi_block_id07_seed0_mr0.5_ntdpl_r20_20_4,0.49395751953125,0.0,0.05708646401762962,22.37873108900858,-6.088389635922633,24.869337140367882,0.8104677595003762,116.10213442069839,0.08007381856441498,25.300092595791824,-2.4650024402422237,21.930189077579463,0.3810572908801561,150.3908132919547
cave_hsi,7,structured-missing-completion,block,0,0.5,tucker,"(20,20,4)","(128,128)",3.729241900029592,C:\Users\mrkys\workspace\NTD-PL\multirun\neurips-lowrank-core\benchmark\cave_hsi_block_id07_seed0_mr0.5_tucker_r20_20_4,0.49395751953125,0.0,0.06536014606536616,24.412956508723624,-4.912791938669504,23.693739718462744,0.7622919573153745,133.46369973319142,0.09175515148168706,30.730643329870656,-1.2822039390646318,20.747390869089124,0.21931585613590318,173.37534843103393
cave_hsi,8,structured-missing-completion,block,0,0.5,ntdpl,"(20,20,4)","(128,128)",6.075956400018185,C:\Users\mrkys\workspace\NTD-PL\multirun\neurips-lowrank-core\run\cave_hsi_block_id08_seed0_mr0.5_ntdpl_r20_20_4,0.49395751953125,0.0,0.14326463639736176,19.522424891998334,-3.6656470862206323,16.877219662432065,0.5754538884992689,116.21445113476017,0.20048508048057556,23.49444934407588,-1.9256423991609848,13.958358782955532,0.23406780043238348,132.46733366513988
cave_hsi,8,structured-missing-completion,block,0,0.5,tucker,"(20,20,4)","(128,128)",3.8274641999742016,C:\Users\mrkys\workspace\NTD-PL\multirun\neurips-lowrank-core\benchmark\cave_hsi_block_id08_seed0_mr0.5_tucker_r20_20_4,0.49395751953125,0.0,0.16029488307923317,30.027079603377352,-2.690034216220903,15.901606818783884,0.5075548667350549,130.4391561406973,0.2241618424094917,40.48562181855509,-0.9560497662161647,12.988766250642511,0.17028019029713004,148.82195741552246
cave_hsi,9,structured-missing-completion,block,0,0.5,ntdpl,"(20,20,4)","(128,128)",6.238459299900569,C:\Users\mrkys\workspace\NTD-PL\multirun\neurips-lowrank-core\run\cave_hsi_block_id09_seed0_mr0.5_ntdpl_r20_20_4,0.49395751953125,0.0,0.10784912109375,29.342216318874446,-3.8796964006807046,19.3436678081671,0.6464363741645711,127.30191680731573,0.1510777622461319,35.42135141034005,-1.617427895218083,16.41598869111984,0.27175328476260774,171.73798223668004
cave_hsi,9,structured-missing-completion,block,0,0.5,tucker,"(20,20,4)","(128,128)",3.854531400022097,C:\Users\mrkys\workspace\NTD-PL\multirun\neurips-lowrank-core\benchmark\cave_hsi_block_id09_seed0_mr0.5_tucker_r20_20_4,0.49395751953125,0.0,0.11837644783306238,39.51796384866098,-3.070722509996222,18.534693924155338,0.599606343571061,134.74856226812676,0.16580925797036805,50.08149698125685,-0.8092634567826986,15.607824484979709,0.2162718659181149,181.16259665983236
cave_hsi,10,structured-missing-completion,block,0,0.5,ntdpl,"(20,20,4)","(128,128)",6.259494400001131,C:\Users\mrkys\workspace\NTD-PL\multirun\neurips-lowrank-core\run\cave_hsi_block_id10_seed0_mr0.5_ntdpl_r20_20_4,0.49395751953125,0.0,0.09131239354610443,16.140727321025953,-6.270726111654854,20.789405404178524,0.7645913425891094,77.5092383162008,0.12744395434856415,21.32095260200447,-4.019252887546181,17.89361532453036,0.508332756820555,97.25923144557179
cave_hsi,10,structured-missing-completion,block,0,0.5,tucker,"(20,20,4)","(128,128)",3.8432706999592483,C:\Users\mrkys\workspace\NTD-PL\multirun\neurips-lowrank-core\benchmark\cave_hsi_block_id10_seed0_mr0.5_tucker_r20_20_4,0.49395751953125,0.0,0.10287046726999585,20.140254054017188,-5.235506420718355,19.754185749177438,0.7160697182179445,87.80196537736657,0.14369997895410105,28.96534409009753,-2.976503336963977,16.850865909426613,0.43699970321026055,111.08985085639019
cave_hsi,11,structured-missing-completion,block,0,0.5,ntdpl,"(20,20,4)","(128,128)",6.479501699912362,C:\Users\mrkys\workspace\NTD-PL\multirun\neurips-lowrank-core\run\cave_hsi_block_id11_seed0_mr0.5_ntdpl_r20_20_4,0.49395751953125,0.0,0.12619324028491974,18.02182264018635,-5.523495805934852,17.97927804165344,0.6686906719839322,74.707713871708,0.175498828291893,26.540244282759918,-2.9942090567844906,15.114515458336848,0.3122278180979673,98.8528595394557
cave_hsi,11,structured-missing-completion,block,0,0.5,tucker,"(20,20,4)","(128,128)",3.804911299957894,C:\Users\mrkys\workspace\NTD-PL\multirun\neurips-lowrank-core\benchmark\cave_hsi_block_id11_seed0_mr0.5_tucker_r20_20_4,0.49395751953125,0.0,0.13460720869216894,22.409747451850784,-4.962850977439705,17.41863362967036,0.641274764512593,79.37779890654224,0.18702198489751592,33.85520399593834,-2.441840349718041,14.562146761412953,0.2975823879482828,104.91349863914033
cave_hsi,12,structured-missing-completion,block,0,0.5,ntdpl,"(20,20,4)","(128,128)",5.802520699915476,C:\Users\mrkys\workspace\NTD-PL\multirun\neurips-lowrank-core\run\cave_hsi_block_id12_seed0_mr0.5_ntdpl_r20_20_4,0.49395751953125,0.0,0.17255999147891998,15.05955127597148,-6.727131746804385,15.261197957156714,0.7471630046422255,59.83765387734527,0.24214422702789307,20.452613682219614,-4.091028703070065,12.318517430885041,0.351843329259849,78.2282153539995
cave_hsi,12,structured-missing-completion,block,0,0.5,tucker,"(20,20,4)","(128,128)",3.8206809998955578,C:\Users\mrkys\workspace\NTD-PL\multirun\neurips-lowrank-core\benchmark\cave_hsi_block_id12_seed0_mr0.5_tucker_r20_20_4,0.49395751953125,0.0,0.184794799781552,18.136029083991946,-6.132138741940897,14.666205084174626,0.7085295420800185,65.68315939358143,0.2591857184327951,25.19815236785021,-3.500289651383444,11.727778649910706,0.23356738942614416,85.95361615703813
cave_hsi,13,structured-missing-completion,block,0,0.5,ntdpl,"(20,20,4)","(128,128)",6.9419546000426635,C:\Users\mrkys\workspace\NTD-PL\multirun\neurips-lowrank-core\run\cave_hsi_block_id13_seed0_mr0.5_ntdpl_r20_20_4,0.49395751953125,0.0,0.1252974271774292,25.064320286390462,-5.058263563178991,18.041157332883284,0.7209928387398078,103.08802799688091,0.17543302476406097,28.186442867376435,-2.420034678805418,15.117773023955971,0.34134521543210306,136.20248196452772
cave_hsi,13,structured-missing-completion,block,0,0.5,tucker,"(20,20,4)","(128,128)",3.848951800027862,C:\Users\mrkys\workspace\NTD-PL\multirun\neurips-lowrank-core\benchmark\cave_hsi_block_id13_seed0_mr0.5_tucker_r20_20_4,0.49395751953125,0.0,0.13379686618491143,30.102274180631696,-4.4881874633331345,17.47108117150426,0.6925481433797999,109.84334159953993,0.18730203712624116,36.35191610113376,-1.8514117168700108,14.549149982887744,0.29089669286534897,145.57789370077688
cave_hsi,14,structured-missing-completion,block,0,0.5,ntdpl,"(20,20,4)","(128,128)",6.7422513999044895,C:\Users\mrkys\workspace\NTD-PL\multirun\neurips-lowrank-core\run\cave_hsi_block_id14_seed0_mr0.5_ntdpl_r20_20_4,0.49395751953125,0.0,0.08245368301868439,18.2492494782317,-3.1511517174882986,21.675799001192463,0.5780170305246486,137.64411554085348,0.11544347554445267,24.88493958746931,-1.524574955279287,18.752611866067486,0.2545696035878507,165.64595001049912
cave_hsi,14,structured-missing-completion,block,0,0.5,tucker,"(20,20,4)","(128,128)",3.8697035999502987,C:\Users\mrkys\workspace\NTD-PL\multirun\neurips-lowrank-core\benchmark\cave_hsi_block_id14_seed0_mr0.5_tucker_r20_20_4,0.49395751953125,0.0,0.08698573904390758,23.89033607751912,-2.686391654558177,21.211038846985243,0.554088931186904,145.55270299830278,0.12172910396534647,35.30515209105312,-1.0640742715584546,18.29211149531129,0.24322967172311621,175.1621899417508
cave_hsi,15,structured-missing-completion,block,0,0.5,ntdpl,"(20,20,4)","(128,128)",7.11491870007012,C:\Users\mrkys\workspace\NTD-PL\multirun\neurips-lowrank-core\run\cave_hsi_block_id15_seed0_mr0.5_ntdpl_r20_20_4,0.49395751953125,0.0,0.08774913847446442,21.802072289121902,-5.643904100166836,21.13514263373571,0.7540843219411109,92.60556263764313,0.12270202487707138,27.460385141447137,-2.890729931297047,18.22296553021475,0.3916075491796966,124.33150478650126
cave_hsi,15,structured-missing-completion,block,0,0.5,tucker,"(20,20,4)","(128,128)",3.914491400006227,C:\Users\mrkys\workspace\NTD-PL\multirun\neurips-lowrank-core\benchmark\cave_hsi_block_id15_seed0_mr0.5_tucker_r20_20_4,0.49395751953125,0.0,0.0964127128100195,26.980450929519392,-4.8260755703916915,20.31731394036175,0.7101948033060825,102.38014955588962,0.13482547683503904,35.295475546023006,-2.0723252451458305,17.40456070149913,0.3090086965432423,137.52853106356147
cave_hsi,1,structured-missing-completion,block,1,0.5,ntdpl,"(20,20,4)","(128,128)",6.88622139999643,C:\Users\mrkys\workspace\NTD-PL\multirun\neurips-lowrank-core\run\cave_hsi_block_id01_seed1_mr0.5_ntdpl_r20_20_4,0.49615478515625,1.0,0.10208500921726227,14.644139590108555,-6.3402197707550005,19.820760473871495,0.7288090489072943,72.16684795978964,0.1431962102651596,19.09665181083101,-3.886621679949009,16.88136995180449,0.3513737878621041,90.56408993914987
cave_hsi,1,structured-missing-completion,block,1,0.5,tucker,"(20,20,4)","(128,128)",3.3691635000286624,C:\Users\mrkys\workspace\NTD-PL\multirun\neurips-lowrank-core\benchmark\cave_hsi_block_id01_seed1_mr0.5_tucker_r20_20_4,0.49615478515625,1.0,0.10951098085077975,15.91784455949301,-5.730305669882659,19.210846624002688,0.6934097084965691,77.39855834205096,0.15369461670618134,21.65225234529496,-3.27207857623514,16.26682687586633,0.28211288502271686,97.23041389674366
cave_hsi,2,structured-missing-completion,block,1,0.5,ntdpl,"(20,20,4)","(128,128)",6.97290900000371,C:\Users\mrkys\workspace\NTD-PL\multirun\neurips-lowrank-core\run\cave_hsi_block_id02_seed1_mr0.5_ntdpl_r20_20_4,0.49615478515625,1.0,0.2261255830526352,33.53600004106539,0.5648251766264355,12.91300581348059,0.3462246500793927,174.50404057686399,0.31452545523643494,42.92366903143927,2.870880649763521,10.046883502992829,0.07192022179353516,216.29467297736062
cave_hsi,2,structured-missing-completion,block,1,0.5,tucker,"(20,20,4)","(128,128)",3.371842300053686,C:\Users\mrkys\workspace\NTD-PL\multirun\neurips-lowrank-core\benchmark\cave_hsi_block_id02_seed1_mr0.5_tucker_r20_20_4,0.49615478515625,1.0,0.21221198216011455,45.46957677707647,0.013229377073356727,13.464601962029551,0.36934791967668273,169.72836946372303,0.29282427534991357,61.86107059915078,2.2499060369834156,10.667858455722037,0.0961715684506356,208.13896668462988
cave_hsi,3,structured-missing-completion,block,1,0.5,ntdpl,"(20,20,4)","(128,128)",6.912840400007553,C:\Users\mrkys\workspace\NTD-PL\multirun\neurips-lowrank-core\run\cave_hsi_block_id03_seed1_mr0.5_ntdpl_r20_20_4,0.49615478515625,1.0,0.05920473858714104,15.206351503802495,-7.160996578818467,24.552870597531932,0.8493761242258902,87.99264096871,0.07867012172937393,19.538535641459262,-2.8443725586321014,22.083803500737346,0.3857292961948807,131.69554460359228
cave_hsi,3,structured-missing-completion,block,1,0.5,tucker,"(20,20,4)","(128,128)",3.465281800017692,C:\Users\mrkys\workspace\NTD-PL\multirun\neurips-lowrank-core\benchmark\cave_hsi_block_id03_seed1_mr0.5_tucker_r20_20_4,0.49615478515625,1.0,0.0659150165652403,17.181238536122905,-6.228438633027532,23.620312688848962,0.8188332853246632,98.8271293469548,0.08691082352606803,24.188533370343258,-1.9790914951334093,21.218522697738496,0.36425514930519093,147.1644958273271
cave_hsi,4,structured-missing-completion,block,1,0.5,ntdpl,"(20,20,4)","(128,128)",7.14870250003878,C:\Users\mrkys\workspace\NTD-PL\multirun\neurips-lowrank-core\run\cave_hsi_block_id04_seed1_mr0.5_ntdpl_r20_20_4,0.49615478515625,1.0,0.17683935165405273,19.41481548144741,-4.44987330226796,15.048421279351862,0.6639688970181026,110.39441951858934,0.24865685403347015,23.290555630275882,-2.0764342164436917,12.08799118194272,0.23984557631615477,132.69060664452442
cave_hsi,4,structured-missing-completion,block,1,0.5,tucker,"(20,20,4)","(128,128)",3.4228097000159323,C:\Users\mrkys\workspace\NTD-PL\multirun\neurips-lowrank-core\benchmark\cave_hsi_block_id04_seed1_mr0.5_tucker_r20_20_4,0.49615478515625,1.0,0.1889231445503687,24.51074789101973,-3.875748533952149,14.474296687535835,0.6251099156214102,117.75207166206067,0.2656375796289535,33.044374712016605,-1.5026528292111,11.51420971025237,0.15151577798072163,141.5016362667673
cave_hsi,5,structured-missing-completion,block,1,0.5,ntdpl,"(20,20,4)","(128,128)",6.8726666999282315,C:\Users\mrkys\workspace\NTD-PL\multirun\neurips-lowrank-core\run\cave_hsi_block_id05_seed1_mr0.5_ntdpl_r20_20_4,0.49615478515625,1.0,0.09009134769439697,32.11653011081789,-5.108483992637444,20.9063382701148,0.7382178028215729,112.52934996495982,0.1266261786222458,35.72587774603836,-2.4794701826542247,17.94953027441042,0.3453704109148352,139.5477297992988
cave_hsi,5,structured-missing-completion,block,1,0.5,tucker,"(20,20,4)","(128,128)",3.463547799969092,C:\Users\mrkys\workspace\NTD-PL\multirun\neurips-lowrank-core\benchmark\cave_hsi_block_id05_seed1_mr0.5_tucker_r20_20_4,0.49615478515625,1.0,0.10451677337121854,38.29512331576689,-3.818425746853797,19.616280124455894,0.6600218162303662,139.647773849471,0.14697503484771696,43.78912972662788,-1.1850681988697365,16.655128563356705,0.13049295319746734,181.5894689191653
cave_hsi,6,structured-missing-completion,block,1,0.5,ntdpl,"(20,20,4)","(128,128)",7.056985199917108,C:\Users\mrkys\workspace\NTD-PL\multirun\neurips-lowrank-core\run\cave_hsi_block_id06_seed1_mr0.5_ntdpl_r20_20_4,0.49615478515625,1.0,0.14984506368637085,17.29137103254194,-4.638185954609883,16.487151082320754,0.5804973162496686,104.36712488129582,0.2059316635131836,25.828930700942664,-2.1045526308935285,13.725537139349393,0.2631351234600426,142.6074522174189
cave_hsi,6,structured-missing-completion,block,1,0.5,tucker,"(20,20,4)","(128,128)",3.4042618999956176,C:\Users\mrkys\workspace\NTD-PL\multirun\neurips-lowrank-core\benchmark\cave_hsi_block_id06_seed1_mr0.5_tucker_r20_20_4,0.49615478515625,1.0,0.15770243138601936,20.41970825273375,-4.194267084697062,16.04323221720234,0.5894615973413179,107.12769701586558,0.21679597463042416,31.623857600064273,-1.6579909250185565,13.278975716844986,0.3487996687197587,145.86343890065928
cave_hsi,7,structured-missing-completion,block,1,0.5,ntdpl,"(20,20,4)","(128,128)",7.048640299937688,C:\Users\mrkys\workspace\NTD-PL\multirun\neurips-lowrank-core\run\cave_hsi_block_id07_seed1_mr0.5_ntdpl_r20_20_4,0.49615478515625,1.0,0.06889306008815765,22.922487774649195,-4.4555423354546955,23.236490487410734,0.703686943436091,142.96729605633251,0.09687395393848419,27.632527462647595,-2.125910643353924,20.27585945360118,0.33215372752345973,184.86912274622077
cave_hsi,7,structured-missing-completion,block,1,0.5,tucker,"(20,20,4)","(128,128)",3.446236400050111,C:\Users\mrkys\workspace\NTD-PL\multirun\neurips-lowrank-core\benchmark\cave_hsi_block_id07_seed1_mr0.5_tucker_r20_20_4,0.49615478515625,1.0,0.07945149214886746,24.897533766785152,-3.217011061350357,21.9979588411436,0.6198620942661376,165.43668259136373,0.11178788317235236,32.35780103018016,-0.8821564854066193,19.03210535234921,0.14843575035632042,214.23077347793296
cave_hsi,8,structured-missing-completion,block,1,0.5,ntdpl,"(20,20,4)","(128,128)",7.061906799906865,C:\Users\mrkys\workspace\NTD-PL\multirun\neurips-lowrank-core\run\cave_hsi_block_id08_seed1_mr0.5_ntdpl_r20_20_4,0.49615478515625,1.0,0.1204773336648941,20.439530748643786,-5.170320504909175,18.3818928230543,0.7413104832600544,97.4915456754221,0.16837377846240997,25.96857549892848,-2.075584169113624,15.474511271197569,0.3115494952499754,130.4903490197638
cave_hsi,8,structured-missing-completion,block,1,0.5,tucker,"(20,20,4)","(128,128)",3.289621499949135,C:\Users\mrkys\workspace\NTD-PL\multirun\neurips-lowrank-core\benchmark\cave_hsi_block_id08_seed1_mr0.5_tucker_r20_20_4,0.49615478515625,1.0,0.13335823298044117,27.60471360878129,-4.288030749809476,17.499603352372457,0.6938677179208907,108.29002299125963,0.1862401712425394,37.49833116726914,-1.1996059241220467,14.598532754172009,0.23007651828409684,145.20350373425092
cave_hsi,9,structured-missing-completion,block,1,0.5,ntdpl,"(20,20,4)","(128,128)",6.83505720004905,C:\Users\mrkys\workspace\NTD-PL\multirun\neurips-lowrank-core\run\cave_hsi_block_id09_seed1_mr0.5_ntdpl_r20_20_4,0.49615478515625,1.0,0.09045018255710602,29.269193141107703,-5.407839598755208,20.871811230196986,0.7787323610092893,102.76313941820423,0.12670278549194336,33.082216661811934,-1.6100267324320627,17.944276542226834,0.2978054584121751,158.9909111058559
cave_hsi,9,structured-missing-completion,block,1,0.5,tucker,"(20,20,4)","(128,128)",3.727078099967912,C:\Users\mrkys\workspace\NTD-PL\multirun\neurips-lowrank-core\benchmark\cave_hsi_block_id09_seed1_mr0.5_tucker_r20_20_4,0.49615478515625,1.0,0.09850537050940301,37.01739531208075,-4.6668304085755805,20.130801822734696,0.7494344024629291,110.85120973819913,0.1380191024515191,43.019003126981005,-0.8669662330395853,17.201216023402598,0.25307168116186984,172.60964878721506
cave_hsi,10,structured-missing-completion,block,1,0.5,ntdpl,"(20,20,4)","(128,128)",6.706627000006847,C:\Users\mrkys\workspace\NTD-PL\multirun\neurips-lowrank-core\run\cave_hsi_block_id10_seed1_mr0.5_ntdpl_r20_20_4,0.49615478515625,1.0,0.09292437881231308,16.08595152445897,-6.118727003957324,20.637406488655895,0.7584728769979114,80.3894908231769,0.1299678236246109,20.771677206148677,-3.5590920570760103,17.72328306791659,0.44547616912388877,103.62462096034047
cave_hsi,10,structured-missing-completion,block,1,0.5,tucker,"(20,20,4)","(128,128)",3.3895411000121385,C:\Users\mrkys\workspace\NTD-PL\multirun\neurips-lowrank-core\benchmark\cave_hsi_block_id10_seed1_mr0.5_tucker_r20_20_4,0.49615478515625,1.0,0.10081182125651134,18.926116616778838,-5.41109145683933,19.929770785298413,0.7253580827327092,87.17013584278772,0.14099879864057008,26.594904245191362,-2.851500315766226,17.01569175341636,0.3936966098066242,112.43795280924263
cave_hsi,11,structured-missing-completion,block,1,0.5,ntdpl,"(20,20,4)","(128,128)",6.582883800030686,C:\Users\mrkys\workspace\NTD-PL\multirun\neurips-lowrank-core\run\cave_hsi_block_id11_seed1_mr0.5_ntdpl_r20_20_4,0.49615478515625,1.0,0.13136804103851318,18.358140837941004,-5.174422432827094,17.63020503990664,0.6209136676119986,75.28634808730959,0.18331106007099152,26.383582017550744,-3.1158118097362997,14.736226511231864,0.2785075207538521,94.3968947770049
cave_hsi,11,structured-missing-completion,block,1,0.5,tucker,"(20,20,4)","(128,128)",3.586793199996464,C:\Users\mrkys\workspace\NTD-PL\multirun\neurips-lowrank-core\benchmark\cave_hsi_block_id11_seed1_mr0.5_tucker_r20_20_4,0.49615478515625,1.0,0.14058926054813345,23.54135277173563,-4.585174413868745,17.040957066099402,0.5919903996230792,81.94483263838092,0.19590804528130237,35.03792943065356,-2.53853982065853,14.15895457264941,0.26956111416952194,103.18493537380068
cave_hsi,12,structured-missing-completion,block,1,0.5,ntdpl,"(20,20,4)","(128,128)",6.842585799982771,C:\Users\mrkys\workspace\NTD-PL\multirun\neurips-lowrank-core\run\cave_hsi_block_id12_seed1_mr0.5_ntdpl_r20_20_4,0.49615478515625,1.0,0.17800205945968628,15.082482421629189,-6.457432934698556,14.991499124184157,0.7282038135072725,61.72186211290666,0.2503818869590759,21.322132346668102,-3.9331050026730825,12.027941653727227,0.31159565075155093,79.28304294566638
cave_hsi,12,structured-missing-completion,block,1,0.5,tucker,"(20,20,4)","(128,128)",3.3881210000254214,C:\Users\mrkys\workspace\NTD-PL\multirun\neurips-lowrank-core\benchmark\cave_hsi_block_id12_seed1_mr0.5_tucker_r20_20_4,0.49615478515625,1.0,0.18944098988718028,17.55824330878496,-5.916454570358139,14.45052091259187,0.6906422631838603,67.39681550220138,0.2664012490720921,25.25503393972353,-3.394438158687552,11.489274864520812,0.1934739142508267,86.93761062145957
cave_hsi,13,structured-missing-completion,block,1,0.5,ntdpl,"(20,20,4)","(128,128)",6.378751499927603,C:\Users\mrkys\workspace\NTD-PL\multirun\neurips-lowrank-core\run\cave_hsi_block_id13_seed1_mr0.5_ntdpl_r20_20_4,0.49615478515625,1.0,0.16778098046779633,26.612179857711123,-2.5222518753092245,15.505145619753511,0.3893332325667443,136.51553348442067,0.23604165017604828,28.683343461321286,-1.4342682431138631,12.540227447846599,0.10546265150845945,136.03925940251426
cave_hsi,13,structured-missing-completion,block,1,0.5,tucker,"(20,20,4)","(128,128)",3.539229799993336,C:\Users\mrkys\workspace\NTD-PL\multirun\neurips-lowrank-core\benchmark\cave_hsi_block_id13_seed1_mr0.5_tucker_r20_20_4,0.49615478515625,1.0,0.17099276485916967,30.72238224339228,-2.3575515983968294,15.340445306567956,0.3791109480856491,139.3470570556312,0.24055015701833185,36.81585107019701,-1.269927791648878,12.375887105540306,0.0948910836445146,138.8982643612763
cave_hsi,14,structured-missing-completion,block,1,0.5,ntdpl,"(20,20,4)","(128,128)",6.413754399982281,C:\Users\mrkys\workspace\NTD-PL\multirun\neurips-lowrank-core\run\cave_hsi_block_id14_seed1_mr0.5_ntdpl_r20_20_4,0.49615478515625,1.0,0.06449765712022781,19.47452744163931,-5.284474031728382,23.809120741325355,0.7822652609530869,106.64965585999325,0.090265654027462,27.6269080322106,-1.9526541924002985,20.889549338858174,0.3689463404492864,149.25140085294328
cave_hsi,14,structured-missing-completion,block,1,0.5,tucker,"(20,20,4)","(128,128)",3.4533307999372482,C:\Users\mrkys\workspace\NTD-PL\multirun\neurips-lowrank-core\benchmark\cave_hsi_block_id14_seed1_mr0.5_tucker_r20_20_4,0.49615478515625,1.0,0.07322953551783806,23.0255056187866,-4.181627217743085,22.706274410170153,0.7295217048810069,124.70641158534839,0.10261189874119596,35.14844386837311,-0.839150601501497,19.776045521712156,0.2668180587195018,175.9110535704399
cave_hsi,15,structured-missing-completion,block,1,0.5,ntdpl,"(20,20,4)","(128,128)",6.124575200024992,C:\Users\mrkys\workspace\NTD-PL\multirun\neurips-lowrank-core\run\cave_hsi_block_id15_seed1_mr0.5_ntdpl_r20_20_4,0.49615478515625,1.0,0.10368232429027557,18.339301861173205,-4.194667038122242,19.68590514173381,0.6119866195496676,106.85633517197905,0.14561213552951813,23.92883367552182,-2.3859417363785367,16.736048553839783,0.26882416760358857,121.1970716380152
cave_hsi,15,structured-missing-completion,block,1,0.5,tucker,"(20,20,4)","(128,128)",3.530660600052215,C:\Users\mrkys\workspace\NTD-PL\multirun\neurips-lowrank-core\benchmark\cave_hsi_block_id15_seed1_mr0.5_tucker_r20_20_4,0.49615478515625,1.0,0.11158905114614147,25.32556981010189,-3.556329935146109,19.047568305116165,0.565754922552912,115.8824904649116,0.1566677273885875,34.68668055049655,-1.7503024455991865,16.100409127493677,0.2018645502232902,131.5991637342156
cave_hsi,1,structured-missing-completion,block,2,0.5,ntdpl,"(20,20,4)","(128,128)",6.215726800030097,C:\Users\mrkys\workspace\NTD-PL\multirun\neurips-lowrank-core\run\cave_hsi_block_id01_seed2_mr0.5_ntdpl_r20_20_4,0.49884033203125,2.0,0.10925642400979996,13.604299947108721,-5.750519462208913,19.231060266220467,0.6816387200277628,76.50565355659744,0.1538354754447937,19.259620535200206,-3.4387110437059687,16.258870095294146,0.2821645211625506,96.50405037058192
cave_hsi,1,structured-missing-completion,block,2,0.5,tucker,"(20,20,4)","(128,128)",3.4657132000429556,C:\Users\mrkys\workspace\NTD-PL\multirun\neurips-lowrank-core\benchmark\cave_hsi_block_id01_seed2_mr0.5_tucker_r20_20_4,0.49884033203125,2.0,0.11494832686495404,15.119648751388507,-5.309405960673744,18.78994691479377,0.6525801355828194,80.55041882300878,0.1618858680190847,22.22701503909819,-2.995662379225582,15.815821234840985,0.22725475566353764,101.63310601107476
cave_hsi,2,structured-missing-completion,block,2,0.5,ntdpl,"(20,20,4)","(128,128)",5.9624151000753045,C:\Users\mrkys\workspace\NTD-PL\multirun\neurips-lowrank-core\run\cave_hsi_block_id02_seed2_mr0.5_ntdpl_r20_20_4,0.49884033203125,2.0,0.3205641806125641,33.98093446641787,3.5961313798855348,9.881700293719097,0.19419172375313712,242.0393566968392,0.45045793056488037,42.553058141679664,5.654807941812786,6.9269145621173855,0.02840173657012315,292.5796514343019
cave_hsi,2,structured-missing-completion,block,2,0.5,tucker,"(20,20,4)","(128,128)",3.5320293999975547,C:\Users\mrkys\workspace\NTD-PL\multirun\neurips-lowrank-core\benchmark\cave_hsi_block_id02_seed2_mr0.5_tucker_r20_20_4,0.49884033203125,2.0,0.22790859660443108,46.58347083562755,0.6330454765370548,12.844785862565853,0.3127602899166549,181.43663389827805,0.3169966488292072,62.529412540047915,2.6028162965746926,9.97890657915766,0.06363041272672221,215.74182956344737
cave_hsi,3,structured-missing-completion,block,2,0.5,ntdpl,"(20,20,4)","(128,128)",6.072788699995726,C:\Users\mrkys\workspace\NTD-PL\multirun\neurips-lowrank-core\run\cave_hsi_block_id03_seed2_mr0.5_ntdpl_r20_20_4,0.49884033203125,2.0,0.07986116409301758,13.06961478133199,-4.561413200465907,21.953287480679506,0.6808012093017324,120.17406940767785,0.11098641902208328,17.937873845490476,-2.1052641920202584,19.094603119828996,0.2369256773873204,148.64010894019378
cave_hsi,3,structured-missing-completion,block,2,0.5,tucker,"(20,20,4)","(128,128)",3.5266728000715375,C:\Users\mrkys\workspace\NTD-PL\multirun\neurips-lowrank-core\benchmark\cave_hsi_block_id03_seed2_mr0.5_tucker_r20_20_4,0.49884033203125,2.0,0.08395241533074305,16.093996767770314,-4.127462036013704,21.519336091835136,0.6588144986373557,126.31683621186968,0.11616081249428763,24.233237597443313,-1.7094682133609254,18.698807178652423,0.21334069096267996,155.4926987919218
cave_hsi,4,structured-missing-completion,block,2,0.5,ntdpl,"(20,20,4)","(128,128)",5.761443000053987,C:\Users\mrkys\workspace\NTD-PL\multirun\neurips-lowrank-core\run\cave_hsi_block_id04_seed2_mr0.5_ntdpl_r20_20_4,0.49884033203125,2.0,0.16059289872646332,19.50330566494373,-5.286924984376416,15.885473551760324,0.7473844646085154,100.3528129582822,0.2264302521944046,24.02524962932244,-2.0053024865668982,12.901310907434755,0.2611083452366621,141.06610653349324
cave_hsi,4,structured-missing-completion,block,2,0.5,tucker,"(20,20,4)","(128,128)",3.553365799947642,C:\Users\mrkys\workspace\NTD-PL\multirun\neurips-lowrank-core\benchmark\cave_hsi_block_id04_seed2_mr0.5_tucker_r20_20_4,0.49884033203125,2.0,0.17144205811455931,21.36358557420459,-4.719104413408724,15.317652566992411,0.7151810532852477,107.08026651818847,0.2417768235677743,27.302162384707312,-1.4356981853938677,12.331706648416333,0.16622907785327892,150.51834271977606
cave_hsi,5,structured-missing-completion,block,2,0.5,ntdpl,"(20,20,4)","(128,128)",5.753877300070599,C:\Users\mrkys\workspace\NTD-PL\multirun\neurips-lowrank-core\run\cave_hsi_block_id05_seed2_mr0.5_ntdpl_r20_20_4,0.49884033203125,2.0,0.10847631096839905,33.13726099674575,-3.495447175659574,19.293301829941566,0.5714074426772618,111.9610364516694,0.15294726192951202,34.86540303521785,-1.7750474327900556,16.309165390571668,0.21297835124732387,127.76000006747879
cave_hsi,5,structured-missing-completion,block,2,0.5,tucker,"(20,20,4)","(128,128)",3.7340032000793144,C:\Users\mrkys\workspace\NTD-PL\multirun\neurips-lowrank-core\benchmark\cave_hsi_block_id05_seed2_mr0.5_tucker_r20_20_4,0.49884033203125,2.0,0.11743860249190718,38.188263776358724,-2.8059281315956532,18.60378250919775,0.51558920625613,131.97098822609422,0.16558825535952276,44.178054320923046,-1.0852910054946212,15.619409391292415,0.10864446238722535,156.4525177982185
cave_hsi,6,structured-missing-completion,block,2,0.5,ntdpl,"(20,20,4)","(128,128)",5.93858449999243,C:\Users\mrkys\workspace\NTD-PL\multirun\neurips-lowrank-core\run\cave_hsi_block_id06_seed2_mr0.5_ntdpl_r20_20_4,0.49884033203125,2.0,0.15460868179798126,17.227502618088185,-4.366357747781651,16.215322891185643,0.5592967388839737,107.82974338718279,0.21420621871948242,26.277712563499215,-2.0508687400918375,13.383358474237902,0.24258968887683652,140.29192060271882
cave_hsi,6,structured-missing-completion,block,2,0.5,tucker,"(20,20,4)","(128,128)",3.499315100023523,C:\Users\mrkys\workspace\NTD-PL\multirun\neurips-lowrank-core\benchmark\cave_hsi_block_id06_seed2_mr0.5_tucker_r20_20_4,0.49884033203125,2.0,0.1593351621892273,20.476394244077664,-4.104802332055887,15.953767464561166,0.5675984774645483,105.06014166755102,0.22072796417600665,32.57972144110579,-1.7903629803848677,13.122852845784676,0.3097137659382431,136.21897727446148
cave_hsi,7,structured-missing-completion,block,2,0.5,ntdpl,"(20,20,4)","(128,128)",5.690956200007349,C:\Users\mrkys\workspace\NTD-PL\multirun\neurips-lowrank-core\run\cave_hsi_block_id07_seed2_mr0.5_ntdpl_r20_20_4,0.49884033203125,2.0,0.04541226476430893,23.09095591845651,-8.075588800550431,26.85653657111123,0.8979205212652048,89.01794314137415,0.06392223387956619,28.458469205055795,-2.593562704294636,23.8869612825319,0.4560980792673185,150.7350374887508
cave_hsi,7,structured-missing-completion,block,2,0.5,tucker,"(20,20,4)","(128,128)",3.6830020000925288,C:\Users\mrkys\workspace\NTD-PL\multirun\neurips-lowrank-core\benchmark\cave_hsi_block_id07_seed2_mr0.5_tucker_r20_20_4,0.49884033203125,2.0,0.053972907295372755,23.82476402607425,-6.5755359736584795,25.35648375345172,0.8564142915139453,106.56196707815629,0.07607621710651025,30.791387363438027,-1.0816230175990402,22.37502181694753,0.24359398618715988,182.2025016253678
cave_hsi,8,structured-missing-completion,block,2,0.5,ntdpl,"(20,20,4)","(128,128)",5.897636800073087,C:\Users\mrkys\workspace\NTD-PL\multirun\neurips-lowrank-core\run\cave_hsi_block_id08_seed2_mr0.5_ntdpl_r20_20_4,0.49884033203125,2.0,0.12141521275043488,19.96871039921764,-5.102965382096498,18.314538290450166,0.7278603118338872,98.2569653591216,0.17042818665504456,26.5652850340674,-2.232631990723105,15.369171464158082,0.3125734738376173,132.0672480169197
cave_hsi,8,structured-missing-completion,block,2,0.5,tucker,"(20,20,4)","(128,128)",3.4964082000078633,C:\Users\mrkys\workspace\NTD-PL\multirun\neurips-lowrank-core\benchmark\cave_hsi_block_id08_seed2_mr0.5_tucker_r20_20_4,0.49884033203125,2.0,0.13361699128811272,25.80081232965617,-4.271193630834852,17.482766233397832,0.6843177607616541,108.46514993429797,0.18751223025466834,35.94053456689545,-1.4028684972283187,14.539408013776779,0.251395752115282,146.30695822359445
cave_hsi,9,structured-missing-completion,block,2,0.5,ntdpl,"(20,20,4)","(128,128)",5.9003062000265345,C:\Users\mrkys\workspace\NTD-PL\multirun\neurips-lowrank-core\run\cave_hsi_block_id09_seed2_mr0.5_ntdpl_r20_20_4,0.49884033203125,2.0,0.10812132060527802,30.003442737582798,-3.8578017928444526,19.321773457563026,0.625057263777136,118.46006499192809,0.15242566168308258,32.43116437940171,-1.6609506781865278,16.338838064978777,0.2183366567444352,137.45660888002874
cave_hsi,9,structured-missing-completion,block,2,0.5,tucker,"(20,20,4)","(128,128)",3.4613156999694183,C:\Users\mrkys\workspace\NTD-PL\multirun\neurips-lowrank-core\benchmark\cave_hsi_block_id09_seed2_mr0.5_tucker_r20_20_4,0.49884033203125,2.0,0.11408000752163354,39.451124135859246,-3.3918377629985725,18.85580917715769,0.6008643844003112,123.36480376903012,0.16080242053239366,45.33033722956566,-1.1962610322946807,15.874148363498882,0.18106605935483808,142.94711269151853
cave_hsi,10,structured-missing-completion,block,2,0.5,ntdpl,"(20,20,4)","(128,128)",5.673652299912646,C:\Users\mrkys\workspace\NTD-PL\multirun\neurips-lowrank-core\run\cave_hsi_block_id10_seed2_mr0.5_ntdpl_r20_20_4,0.49884033203125,2.0,0.10381472110748291,15.33243366319262,-5.156141836159065,19.67482148979365,0.6930848583619119,90.27148833689105,0.14592793583869934,19.417894598435122,-3.0794784450144057,16.717231298444297,0.381448672641397,106.2348134970765
cave_hsi,10,structured-missing-completion,block,2,0.5,tucker,"(20,20,4)","(128,128)",3.492957300040871,C:\Users\mrkys\workspace\NTD-PL\multirun\neurips-lowrank-core\benchmark\cave_hsi_block_id10_seed2_mr0.5_tucker_r20_20_4,0.49884033203125,2.0,0.10895177452684501,19.327371710742586,-4.736634509323475,19.25531383778256,0.6644716981136929,94.41640332390342,0.15307803539852236,27.0137831670011,-2.663989659222567,16.301742402827944,0.33598376985884704,111.10254376568443
cave_hsi,11,structured-missing-completion,block,2,0.5,ntdpl,"(20,20,4)","(128,128)",7.044619800057262,C:\Users\mrkys\workspace\NTD-PL\multirun\neurips-lowrank-core\run\cave_hsi_block_id11_seed2_mr0.5_ntdpl_r20_20_4,0.49884033203125,2.0,0.12641200423240662,18.5287096253453,-5.508450709223917,17.964233363353667,0.6754316516269789,74.5272663099837,0.17650578916072845,27.303662873128555,-2.6968422091597755,15.064820733251263,0.2958330775824536,103.52474559757272
cave_hsi,11,structured-missing-completion,block,2,0.5,tucker,"(20,20,4)","(128,128)",3.5445309000788257,C:\Users\mrkys\workspace\NTD-PL\multirun\neurips-lowrank-core\benchmark\cave_hsi_block_id11_seed2_mr0.5_tucker_r20_20_4,0.49884033203125,2.0,0.13805045006547956,23.444662715533973,-4.743460810895263,17.19924346312592,0.6369335825304566,81.23209384263752,0.19265895626708518,35.69106405232811,-1.9362373906389343,14.304215936812849,0.2713568898467317,112.75447684031452
cave_hsi,12,structured-missing-completion,block,2,0.5,ntdpl,"(20,20,4)","(128,128)",6.9157413999782875,C:\Users\mrkys\workspace\NTD-PL\multirun\neurips-lowrank-core\run\cave_hsi_block_id12_seed2_mr0.5_ntdpl_r20_20_4,0.49884033203125,2.0,0.19394487142562866,16.649077939583442,-5.712367562694615,14.24643357102384,0.6669169281553303,65.43647979791517,0.2736002802848816,24.296685845897613,-3.5620053355489842,11.257669023859041,0.2733814912316438,81.67716475719186
cave_hsi,12,structured-missing-completion,block,2,0.5,tucker,"(20,20,4)","(128,128)",3.449496299959719,C:\Users\mrkys\workspace\NTD-PL\multirun\neurips-lowrank-core\benchmark\cave_hsi_block_id12_seed2_mr0.5_tucker_r20_20_4,0.49884033203125,2.0,0.20242534576731816,18.936316944713425,-5.340635862224435,13.874702204458163,0.6359598935176972,69.90879041927832,0.28552329329319526,27.887544872979483,-3.191505340380036,10.887169115364712,0.18656959394029804,88.24155407683003
cave_hsi,13,structured-missing-completion,block,2,0.5,ntdpl,"(20,20,4)","(128,128)",6.986325999954715,C:\Users\mrkys\workspace\NTD-PL\multirun\neurips-lowrank-core\run\cave_hsi_block_id13_seed2_mr0.5_ntdpl_r20_20_4,0.49884033203125,2.0,0.1609410047531128,26.56972819400847,-2.883771905840495,15.866665734641053,0.45120489703989464,131.39941408935044,0.22698137164115906,26.018587348386532,-1.6408025494195624,12.880195602072126,0.14698482947059227,130.2267853216214
cave_hsi,13,structured-missing-completion,block,2,0.5,tucker,"(20,20,4)","(128,128)",3.3657583000604063,C:\Users\mrkys\workspace\NTD-PL\multirun\neurips-lowrank-core\benchmark\cave_hsi_block_id13_seed2_mr0.5_tucker_r20_20_4,0.49884033203125,2.0,0.16943337096050626,34.367529329937994,-2.437127263235717,15.420020971406846,0.41542200853513317,138.37788797553145,0.23893621317319472,40.02680690872154,-1.1949675589012472,12.434360471773086,0.11023469051932462,137.12245249215908
cave_hsi,14,structured-missing-completion,block,2,0.5,ntdpl,"(20,20,4)","(128,128)",6.8613145999843255,C:\Users\mrkys\workspace\NTD-PL\multirun\neurips-lowrank-core\run\cave_hsi_block_id14_seed2_mr0.5_ntdpl_r20_20_4,0.49884033203125,2.0,0.07406551390886307,19.839357548222292,-4.083031896609832,22.607679139273877,0.6884417207416946,118.22157156284061,0.10415917634963989,28.598171139074918,-1.596856883355776,19.646049375503658,0.28268684023079876,152.33171718572734
cave_hsi,14,structured-missing-completion,block,2,0.5,tucker,"(20,20,4)","(128,128)",3.4399207999231294,C:\Users\mrkys\workspace\NTD-PL\multirun\neurips-lowrank-core\benchmark\cave_hsi_block_id14_seed2_mr0.5_tucker_r20_20_4,0.49884033203125,2.0,0.07974876821732274,23.52010734047971,-3.4408731323743953,21.96552032480146,0.6556498483442482,129.75886452600287,0.11219490858470586,35.93822182684867,-0.9513445846353746,19.000537019126238,0.24843377585754794,168.4078020121022
cave_hsi,15,structured-missing-completion,block,2,0.5,ntdpl,"(20,20,4)","(128,128)",7.12271010002587,C:\Users\mrkys\workspace\NTD-PL\multirun\neurips-lowrank-core\run\cave_hsi_block_id15_seed2_mr0.5_ntdpl_r20_20_4,0.49884033203125,2.0,0.10042189806699753,18.28826651476666,-4.472193077519049,19.963432009048994,0.6479450860815475,103.84899635398541,0.14138811826705933,23.881173745496614,-2.4453384076617994,16.991741824825397,0.29249215080573177,123.08186911427363
cave_hsi,15,structured-missing-completion,block,2,0.5,tucker,"(20,20,4)","(128,128)",3.4085075000766665,C:\Users\mrkys\workspace\NTD-PL\multirun\neurips-lowrank-core\benchmark\cave_hsi_block_id15_seed2_mr0.5_tucker_r20_20_4,0.49884033203125,2.0,0.10728697547699935,25.56631715421121,-3.8978215843362536,19.38905995430631,0.6109028693867999,111.79720735680804,0.1510090887229855,35.17279009341834,-1.8735350880370727,16.41993826427515,0.22917124329775407,132.70230869501083
cave_hsi,1,structured-missing-completion,block,0,0.5,ntdpl,"(24,24,4)","(128,128)",3.6744447000091895,C:\Users\mrkys\workspace\NTD-PL\multirun\neurips-lowrank-core\run\cave_hsi_block_id01_seed0_mr0.5_ntdpl_r24_24_4,0.49395751953125,0.0,0.09599054604768753,13.363136372598671,-6.874890071544165,20.355431110224007,0.768171880218711,66.63249699236665,0.13441357016563416,18.744342039254878,-3.9863420359916493,17.431137186394025,0.3538434523696181,89.94277332677001
cave_hsi,1,structured-missing-completion,block,0,0.5,tucker,"(24,24,4)","(128,128)",4.343244299991056,C:\Users\mrkys\workspace\NTD-PL\multirun\neurips-lowrank-core\benchmark\cave_hsi_block_id01_seed0_mr0.5_tucker_r24_24_4,0.49395751953125,0.0,0.10517328692442922,14.811409218906443,-6.081350107797219,19.561891061917244,0.7251474961688383,73.10503108502137,0.1473635748859054,21.621526566323404,-3.18740152455887,16.632197029807944,0.24653330314408936,98.85412433415762
cave_hsi,2,structured-missing-completion,block,0,0.5,ntdpl,"(24,24,4)","(128,128)",3.735019800020382,C:\Users\mrkys\workspace\NTD-PL\multirun\neurips-lowrank-core\run\cave_hsi_block_id02_seed0_mr0.5_ntdpl_r24_24_4,0.49395751953125,0.0,0.1952420324087143,32.314378168910196,-0.7107024730013374,14.188533821655678,0.41576735816978583,158.31618189457419,0.2712385356426239,41.41973718756639,1.354418484523808,11.332971569635998,0.12529508625123015,199.60934965951424
cave_hsi,2,structured-missing-completion,block,0,0.5,tucker,"(24,24,4)","(128,128)",2.744582600076683,C:\Users\mrkys\workspace\NTD-PL\multirun\neurips-lowrank-core\benchmark\cave_hsi_block_id02_seed0_mr0.5_tucker_r24_24_4,0.49395751953125,0.0,0.21167105521581062,45.83023634150491,-0.00893916413564373,13.486770503238553,0.36257513472711356,171.95280339823933,0.29313340789084097,63.69788824695401,2.0286965168971975,10.658693659492071,0.10767086383991188,215.03648909355883
cave_hsi,3,structured-missing-completion,block,0,0.5,ntdpl,"(24,24,4)","(128,128)",3.7334322999231517,C:\Users\mrkys\workspace\NTD-PL\multirun\neurips-lowrank-core\run\cave_hsi_block_id03_seed0_mr0.5_ntdpl_r24_24_4,0.49395751953125,0.0,0.08366817235946655,14.386400491286384,-4.156919956971413,21.548793817469676,0.6418316173339748,124.40711638347341,0.11607678234577179,20.151160764283215,-1.8904922117929002,18.70509257702124,0.20601649841598577,158.29649798012582
cave_hsi,3,structured-missing-completion,block,0,0.5,tucker,"(24,24,4)","(128,128)",3.0679357999470085,C:\Users\mrkys\workspace\NTD-PL\multirun\neurips-lowrank-core\benchmark\cave_hsi_block_id03_seed0_mr0.5_tucker_r24_24_4,0.49395751953125,0.0,0.08760011366695396,17.60955725344799,-3.7580325502921026,21.149906606113532,0.6167174102566395,130.36805957406565,0.1213062950781365,26.699734737504897,-1.5077328061504158,18.322333224752704,0.16761527916087293,165.61260687028957
cave_hsi,4,structured-missing-completion,block,0,0.5,ntdpl,"(24,24,4)","(128,128)",6.411631800001487,C:\Users\mrkys\workspace\NTD-PL\multirun\neurips-lowrank-core\run\cave_hsi_block_id04_seed0_mr0.5_ntdpl_r24_24_4,0.49395751953125,0.0,0.1618139147758484,18.945467998029233,-5.221134799924191,15.819682727528527,0.7417623858803851,101.16807244851407,0.2270888090133667,23.85371542787263,-1.7983573707159437,12.876085614182362,0.2103235654179049,149.13043829642916
cave_hsi,4,structured-missing-completion,block,0,0.5,tucker,"(24,24,4)","(128,128)",3.0279743999708444,C:\Users\mrkys\workspace\NTD-PL\multirun\neurips-lowrank-core\benchmark\cave_hsi_block_id04_seed0_mr0.5_tucker_r24_24_4,0.49395751953125,0.0,0.17123552611872633,20.584839193081123,-4.729574396986788,15.328122550570473,0.7138401937197293,106.95789330216594,0.24034987057919463,26.683653402850595,-1.305393888128332,12.383122147782348,0.12976791427644205,157.74922685190174
cave_hsi,5,structured-missing-completion,block,0,0.5,ntdpl,"(24,24,4)","(128,128)",6.848783900029957,C:\Users\mrkys\workspace\NTD-PL\multirun\neurips-lowrank-core\run\cave_hsi_block_id05_seed0_mr0.5_ntdpl_r24_24_4,0.49395751953125,0.0,0.11135799437761307,31.456425811996496,-3.267717653130915,19.06557177490481,0.5351282176167992,139.925385076048,0.1563093066215515,33.40873295929904,-1.6525796410299323,16.120303580578067,0.18558313542549573,164.11332507331846
cave_hsi,5,structured-missing-completion,block,0,0.5,tucker,"(24,24,4)","(128,128)",4.450713800033554,C:\Users\mrkys\workspace\NTD-PL\multirun\neurips-lowrank-core\benchmark\cave_hsi_block_id05_seed0_mr0.5_tucker_r24_24_4,0.49395751953125,0.0,0.12053087335146699,37.79674676587791,-2.580179554085103,18.378033931687202,0.489179151546866,158.2210140956942,0.16913505801213327,44.503283252108304,-0.9676032197792144,15.43532726576845,0.08193776183275328,187.38464707452977
cave_hsi,6,structured-missing-completion,block,0,0.5,ntdpl,"(24,24,4)","(128,128)",5.933353800093755,C:\Users\mrkys\workspace\NTD-PL\multirun\neurips-lowrank-core\run\cave_hsi_block_id06_seed0_mr0.5_ntdpl_r24_24_4,0.49395751953125,0.0,0.1544378250837326,16.682103430919554,-4.375961478576796,16.22492685118129,0.5716055151746839,109.80757603463043,0.21326887607574463,25.353894787127338,-1.83011672307276,13.421450130192593,0.255104030596288,146.6662425904865
cave_hsi,6,structured-missing-completion,block,0,0.5,tucker,"(24,24,4)","(128,128)",4.430772299994715,C:\Users\mrkys\workspace\NTD-PL\multirun\neurips-lowrank-core\benchmark\cave_hsi_block_id06_seed0_mr0.5_tucker_r24_24_4,0.49395751953125,0.0,0.15187418546378353,19.854867957831146,-4.5213556329475795,16.37032076545286,0.6001483321505381,100.20126922076558,0.20926899397535156,31.38884985585754,-1.994568607272567,13.585902269626386,0.33291433926471475,133.15208065364362
cave_hsi,7,structured-missing-completion,block,0,0.5,ntdpl,"(24,24,4)","(128,128)",6.034184299991466,C:\Users\mrkys\workspace\NTD-PL\multirun\neurips-lowrank-core\run\cave_hsi_block_id07_seed0_mr0.5_ntdpl_r24_24_4,0.49395751953125,0.0,0.05632215365767479,21.936460495047587,-6.205467014346767,24.986414848372295,0.817204552620916,114.14213801953412,0.07902490347623825,25.843524448680654,-2.579533227537911,22.044720497483148,0.3907778526278854,147.64809388178753
cave_hsi,7,structured-missing-completion,block,0,0.5,tucker,"(24,24,4)","(128,128)",4.183323899982497,C:\Users\mrkys\workspace\NTD-PL\multirun\neurips-lowrank-core\benchmark\cave_hsi_block_id07_seed0_mr0.5_tucker_r24_24_4,0.49395751953125,0.0,0.06534631184904835,23.670740854113394,-4.914630600332159,23.6955783801254,0.762899312002095,133.2350930041542,0.09175592872290107,30.565042641976515,-1.2821303627835745,20.747317292808063,0.18782926937398764,172.9695488873156
cave_hsi,8,structured-missing-completion,block,0,0.5,ntdpl,"(24,24,4)","(128,128)",6.972710000001825,C:\Users\mrkys\workspace\NTD-PL\multirun\neurips-lowrank-core\run\cave_hsi_block_id08_seed0_mr0.5_ntdpl_r24_24_4,0.49395751953125,0.0,0.14245563745498657,19.702587050717263,-3.714834130267451,16.926406747695918,0.5701464116178447,115.6191465260662,0.19951458275318146,24.734682935101844,-1.9677907157568473,14.00050732008777,0.21298749503827136,131.88300291788184
cave_hsi,8,structured-missing-completion,block,0,0.5,tucker,"(24,24,4)","(128,128)",4.372511600027792,C:\Users\mrkys\workspace\NTD-PL\multirun\neurips-lowrank-core\benchmark\cave_hsi_block_id08_seed0_mr0.5_tucker_r24_24_4,0.49395751953125,0.0,0.15638068708849365,29.007608584381323,-2.9047650583568756,16.116337660919857,0.5140895670696399,127.28590773998198,0.2188649634094055,39.479487957809646,-1.163758637419521,13.19647512184587,0.1550222795347657,145.29267990241433
cave_hsi,9,structured-missing-completion,block,0,0.5,ntdpl,"(24,24,4)","(128,128)",7.060362700023688,C:\Users\mrkys\workspace\NTD-PL\multirun\neurips-lowrank-core\run\cave_hsi_block_id09_seed0_mr0.5_ntdpl_r24_24_4,0.49395751953125,0.0,0.10865078866481781,29.516461258068702,-3.8153712377541513,19.27934236736136,0.6346372279497569,128.619826475444,0.15230676531791687,36.43388442829741,-1.5470550034465518,16.345615614969432,0.2341636479927986,173.70138808573654
cave_hsi,9,structured-missing-completion,block,0,0.5,tucker,"(24,24,4)","(128,128)",4.29697969998233,C:\Users\mrkys\workspace\NTD-PL\multirun\neurips-lowrank-core\benchmark\cave_hsi_block_id09_seed0_mr0.5_tucker_r24_24_4,0.49395751953125,0.0,0.11774214378925892,38.89626577125496,-3.1173898066033328,18.581361220762446,0.5946612847005884,136.38468229104882,0.16504192120974087,49.64242450011698,-0.8495535617482175,15.648114589945228,0.18250818391056245,183.8505208398643
cave_hsi,10,structured-missing-completion,block,0,0.5,ntdpl,"(24,24,4)","(128,128)",7.456578399986029,C:\Users\mrkys\workspace\NTD-PL\multirun\neurips-lowrank-core\run\cave_hsi_block_id10_seed0_mr0.5_ntdpl_r24_24_4,0.49395751953125,0.0,0.09516929090023041,16.256370085138165,-5.911383870086075,20.430063157776033,0.7377199697526383,80.13345951667672,0.13303112983703613,22.20125138062083,-3.6465719950526494,17.52093460475572,0.4342244136603902,100.20567466144303
cave_hsi,10,structured-missing-completion,block,0,0.5,tucker,"(24,24,4)","(128,128)",4.330418300000019,C:\Users\mrkys\workspace\NTD-PL\multirun\neurips-lowrank-core\benchmark\cave_hsi_block_id10_seed0_mr0.5_tucker_r24_24_4,0.49395751953125,0.0,0.10770785970593126,20.49863174563384,-4.83637275184512,19.355052080304205,0.6759534641160239,91.42453727457907,0.15064324160986034,30.004029427720432,-2.566644378426302,16.44100695088894,0.31921489850567625,115.38549821936448
cave_hsi,11,structured-missing-completion,block,0,0.5,ntdpl,"(24,24,4)","(128,128)",7.211760499980301,C:\Users\mrkys\workspace\NTD-PL\multirun\neurips-lowrank-core\run\cave_hsi_block_id11_seed0_mr0.5_ntdpl_r24_24_4,0.49395751953125,0.0,0.12433641403913498,17.51604062579225,-5.6522503278578355,18.10803331238595,0.6695715916726475,72.89367075139998,0.17329111695289612,26.236536095214806,-3.1041675817215095,15.22447409960418,0.28704148257893897,96.75114765253878
cave_hsi,11,structured-missing-completion,block,0,0.5,tucker,"(24,24,4)","(128,128)",4.240121199982241,C:\Users\mrkys\workspace\NTD-PL\multirun\neurips-lowrank-core\benchmark\cave_hsi_block_id11_seed0_mr0.5_tucker_r24_24_4,0.49395751953125,0.0,0.12974582287159875,21.139159175811315,-5.282349652506532,17.738132304737192,0.6541990603171507,75.75184369783628,0.18057843213193722,32.099648890617075,-2.746376029269034,14.866682440963945,0.291316037728864,100.365461969125
cave_hsi,12,structured-missing-completion,block,0,0.5,ntdpl,"(24,24,4)","(128,128)",7.510148900095373,C:\Users\mrkys\workspace\NTD-PL\multirun\neurips-lowrank-core\run\cave_hsi_block_id12_seed0_mr0.5_ntdpl_r24_24_4,0.49395751953125,0.0,0.17510059475898743,15.281746064827658,-6.6001809556971125,15.134247351132244,0.7370118331853536,61.076173673002046,0.24575261771678925,20.986306469348733,-3.962547990270087,12.190036755424472,0.312463802505693,79.94209786911924
cave_hsi,12,structured-missing-completion,block,0,0.5,tucker,"(24,24,4)","(128,128)",4.345460299984552,C:\Users\mrkys\workspace\NTD-PL\multirun\neurips-lowrank-core\benchmark\cave_hsi_block_id12_seed0_mr0.5_tucker_r24_24_4,0.49395751953125,0.0,0.1882683842664316,18.538904771620825,-5.970385748292646,14.504452090526375,0.6933193272042582,67.28048427389831,0.26410355670759406,26.21879067494591,-3.3370260028487793,11.564515001376039,0.17147270033663306,88.06169945213298
cave_hsi,13,structured-missing-completion,block,0,0.5,ntdpl,"(24,24,4)","(128,128)",7.312489000032656,C:\Users\mrkys\workspace\NTD-PL\multirun\neurips-lowrank-core\run\cave_hsi_block_id13_seed0_mr0.5_ntdpl_r24_24_4,0.49395751953125,0.0,0.12727637588977814,24.96643707810038,-4.922150835198096,17.905045066400117,0.7086403849713662,104.49269498751367,0.17833064496517181,28.69345380395921,-2.277741900380033,14.975480626897742,0.2943964637430084,138.33272137701005
cave_hsi,13,structured-missing-completion,block,0,0.5,tucker,"(24,24,4)","(128,128)",4.243493499932811,C:\Users\mrkys\workspace\NTD-PL\multirun\neurips-lowrank-core\benchmark\cave_hsi_block_id13_seed0_mr0.5_tucker_r24_24_4,0.49395751953125,0.0,0.1381798731227691,28.94628557747737,-4.208210500281214,17.19110420845234,0.6648626971407199,113.40233377048104,0.19362614232445882,35.19028152935822,-1.5629818748673008,14.260720140885033,0.19619839501513103,150.30634372621466
cave_hsi,14,structured-missing-completion,block,0,0.5,ntdpl,"(24,24,4)","(128,128)",7.351927599986084,C:\Users\mrkys\workspace\NTD-PL\multirun\neurips-lowrank-core\run\cave_hsi_block_id14_seed0_mr0.5_ntdpl_r24_24_4,0.49395751953125,0.0,0.0831611379981041,17.810162799952288,-3.076944498640098,21.601591882681653,0.5621358780533039,139.72643022766317,0.1164928674697876,24.41323851971639,-1.4459761303855745,18.674013356610168,0.219275460905039,168.5069198243227
cave_hsi,14,structured-missing-completion,block,0,0.5,tucker,"(24,24,4)","(128,128)",4.317402200074866,C:\Users\mrkys\workspace\NTD-PL\multirun\neurips-lowrank-core\benchmark\cave_hsi_block_id14_seed0_mr0.5_tucker_r24_24_4,0.49395751953125,0.0,0.08849477234156489,23.027838919902628,-2.537000480682728,21.061647673109796,0.5242050162466463,149.21848696470875,0.12393784753005395,34.310187754725,-0.9078837894071624,18.135921013159997,0.178439999142783,179.99139660637852
cave_hsi,15,structured-missing-completion,block,0,0.5,ntdpl,"(24,24,4)","(128,128)",7.157367900013924,C:\Users\mrkys\workspace\NTD-PL\multirun\neurips-lowrank-core\run\cave_hsi_block_id15_seed0_mr0.5_ntdpl_r24_24_4,0.49395751953125,0.0,0.08869561553001404,20.420239331103282,-5.550718410091745,21.041956849619865,0.7426416720688462,93.21766700553769,0.12412577867507935,26.269941858516297,-2.7905247702841853,18.122760365315806,0.34708544056834234,125.23225434058955
cave_hsi,15,structured-missing-completion,block,0,0.5,tucker,"(24,24,4)","(128,128)",4.321618299931288,C:\Users\mrkys\workspace\NTD-PL\multirun\neurips-lowrank-core\benchmark\cave_hsi_block_id15_seed0_mr0.5_tucker_r24_24_4,0.49395751953125,0.0,0.09684673093953712,26.13559274166589,-4.787062316099544,20.2783006860696,0.6991916622995438,101.81647673639364,0.13552235159115777,34.145537149572725,-2.0275459645807166,17.359781420934016,0.24731747270701587,136.7938494284331
cave_hsi,1,structured-missing-completion,block,1,0.5,ntdpl,"(24,24,4)","(128,128)",6.981084100087173,C:\Users\mrkys\workspace\NTD-PL\multirun\neurips-lowrank-core\run\cave_hsi_block_id01_seed1_mr0.5_ntdpl_r24_24_4,0.49615478515625,1.0,0.10374955832958221,14.805012561241067,-6.199733795789467,19.680274804325503,0.7154832721014238,73.25445633492396,0.14563508331775665,19.964693006949094,-3.739931185396705,16.734679679867742,0.3021435355300673,92.07176911258645
cave_hsi,1,structured-missing-completion,block,1,0.5,tucker,"(24,24,4)","(128,128)",3.969855700037442,C:\Users\mrkys\workspace\NTD-PL\multirun\neurips-lowrank-core\benchmark\cave_hsi_block_id01_seed1_mr0.5_tucker_r24_24_4,0.49615478515625,1.0,0.1114714275327878,15.416124699465271,-5.5761877887856315,19.05672874290566,0.6749275544762925,78.65420378568994,0.15656026234008233,21.301492286763654,-3.111620892853477,16.106369192484667,0.2089285751639341,98.97019915451537
cave_hsi,2,structured-missing-completion,block,1,0.5,ntdpl,"(24,24,4)","(128,128)",7.122215499985032,C:\Users\mrkys\workspace\NTD-PL\multirun\neurips-lowrank-core\run\cave_hsi_block_id02_seed1_mr0.5_ntdpl_r24_24_4,0.49615478515625,1.0,0.21456967294216156,32.856020229383596,0.10919786811835781,13.368633204303201,0.3691995520515961,168.36882787867643,0.2991427183151245,42.49528544358186,2.4353329759328775,10.482431237076195,0.06307315324263214,209.3917333959135
cave_hsi,2,structured-missing-completion,block,1,0.5,tucker,"(24,24,4)","(128,128)",3.8360267999814823,C:\Users\mrkys\workspace\NTD-PL\multirun\neurips-lowrank-core\benchmark\cave_hsi_block_id02_seed1_mr0.5_tucker_r24_24_4,0.49615478515625,1.0,0.2091055161667478,46.15048238494154,-0.1148588692800235,13.592690208382932,0.37487310519717554,169.89949205857297,0.28979491818849745,64.00486403539279,2.1595798019479457,10.758184690757506,0.07954462412727975,209.51826965092638
cave_hsi,3,structured-missing-completion,block,1,0.5,ntdpl,"(24,24,4)","(128,128)",7.0483991000801325,C:\Users\mrkys\workspace\NTD-PL\multirun\neurips-lowrank-core\run\cave_hsi_block_id03_seed1_mr0.5_ntdpl_r24_24_4,0.49615478515625,1.0,0.059348784387111664,15.996347691247848,-7.139889429496024,24.531763446525744,0.8471845963472499,88.09748220795022,0.07907196879386902,21.07552941826345,-2.800117453071349,22.039548650108948,0.35014816648411606,132.27272977651754
cave_hsi,3,structured-missing-completion,block,1,0.5,tucker,"(24,24,4)","(128,128)",3.8625604000408202,C:\Users\mrkys\workspace\NTD-PL\multirun\neurips-lowrank-core\benchmark\cave_hsi_block_id03_seed1_mr0.5_tucker_r24_24_4,0.49615478515625,1.0,0.06613890446531755,17.47987929606149,-6.1989860058053505,23.590860061626778,0.8149616746817289,98.89538478350583,0.08739681648608726,24.94607029628114,-1.9306565309096033,21.170087733514688,0.32680046094468157,147.9013990932021
cave_hsi,4,structured-missing-completion,block,1,0.5,ntdpl,"(24,24,4)","(128,128)",7.343400100013241,C:\Users\mrkys\workspace\NTD-PL\multirun\neurips-lowrank-core\run\cave_hsi_block_id04_seed1_mr0.5_ntdpl_r24_24_4,0.49615478515625,1.0,0.1758219599723816,18.85630048100814,-4.499989691878889,15.098537682523201,0.6646758108644885,109.78351105873057,0.24732179939746857,23.145538294818543,-2.123195465871193,12.134752336315891,0.22785583568679674,132.0155714067833
cave_hsi,4,structured-missing-completion,block,1,0.5,tucker,"(24,24,4)","(128,128)",3.827872399939224,C:\Users\mrkys\workspace\NTD-PL\multirun\neurips-lowrank-core\benchmark\cave_hsi_block_id04_seed1_mr0.5_tucker_r24_24_4,0.49615478515625,1.0,0.1883636854148161,22.4085836585593,-3.9015082662521077,14.500056419835794,0.623289341566046,117.46626078804834,0.26497691980957666,30.13596492660112,-1.5242821712316652,11.535839052272935,0.11765757916216842,141.2434796603478
cave_hsi,5,structured-missing-completion,block,1,0.5,ntdpl,"(24,24,4)","(128,128)",7.135823699994944,C:\Users\mrkys\workspace\NTD-PL\multirun\neurips-lowrank-core\run\cave_hsi_block_id05_seed1_mr0.5_ntdpl_r24_24_4,0.49615478515625,1.0,0.09224709868431091,32.62471295731813,-4.903091060645228,20.700945410672507,0.7264041685931476,116.47842175454493,0.12968510389328003,37.61248543447012,-2.2721381305724657,17.742197935638508,0.30946795004126854,145.15270742024381
cave_hsi,5,structured-missing-completion,block,1,0.5,tucker,"(24,24,4)","(128,128)",4.074624100001529,C:\Users\mrkys\workspace\NTD-PL\multirun\neurips-lowrank-core\benchmark\cave_hsi_block_id05_seed1_mr0.5_tucker_r24_24_4,0.49615478515625,1.0,0.10529873157404622,38.27298542617916,-3.753682828072846,19.551537205674943,0.6545782379345595,143.3426456785709,0.148087824408549,44.07369441847081,-1.1195525784653466,16.589612942952318,0.09633753786020544,187.35407079223552
cave_hsi,6,structured-missing-completion,block,1,0.5,ntdpl,"(24,24,4)","(128,128)",7.196366999996826,C:\Users\mrkys\workspace\NTD-PL\multirun\neurips-lowrank-core\run\cave_hsi_block_id06_seed1_mr0.5_ntdpl_r24_24_4,0.49615478515625,1.0,0.14792975783348083,17.0921777508009,-4.749923899880334,16.598888617105104,0.5901151369702324,103.49477679717776,0.20442423224449158,26.039337988526785,-2.168367739584813,13.789352370202849,0.2639756520229156,142.17859556228674
cave_hsi,6,structured-missing-completion,block,1,0.5,tucker,"(24,24,4)","(128,128)",3.7882316999603063,C:\Users\mrkys\workspace\NTD-PL\multirun\neurips-lowrank-core\benchmark\cave_hsi_block_id06_seed1_mr0.5_tucker_r24_24_4,0.49615478515625,1.0,0.15490012604222259,20.140868778677678,-4.349999444599886,16.198964577105166,0.5924711964822437,104.57290289294482,0.21404689362205068,31.740899565590013,-1.7688366187349027,13.389821410561332,0.32816094343520613,143.10938130129946
cave_hsi,7,structured-missing-completion,block,1,0.5,ntdpl,"(24,24,4)","(128,128)",7.109215199947357,C:\Users\mrkys\workspace\NTD-PL\multirun\neurips-lowrank-core\run\cave_hsi_block_id07_seed1_mr0.5_ntdpl_r24_24_4,0.49615478515625,1.0,0.06963314116001129,21.688501317167592,-4.362732835232014,23.14368032251343,0.697764697979109,144.65575811171254,0.09794619679450989,26.546805563007414,-2.030299991856859,20.18024844933722,0.3121012174122562,187.2076473530654
cave_hsi,7,structured-missing-completion,block,1,0.5,tucker,"(24,24,4)","(128,128)",3.8576431999681517,C:\Users\mrkys\workspace\NTD-PL\multirun\neurips-lowrank-core\benchmark\cave_hsi_block_id07_seed1_mr0.5_tucker_r24_24_4,0.49615478515625,1.0,0.07981942270951213,23.621933142603034,-3.176880571336866,21.957828351130107,0.6150235454796625,166.16773721042685,0.11233269412994722,31.16738717252084,-0.8399276349425595,18.98987650188515,0.12126270873332727,215.29398458242716
cave_hsi,8,structured-missing-completion,block,1,0.5,ntdpl,"(24,24,4)","(128,128)",7.28570160001982,C:\Users\mrkys\workspace\NTD-PL\multirun\neurips-lowrank-core\run\cave_hsi_block_id08_seed1_mr0.5_ntdpl_r24_24_4,0.49615478515625,1.0,0.11912912875413895,19.96775745931418,-5.268068162510867,18.47964061640571,0.7388920632198056,96.36527580818183,0.16675806045532227,26.231707255600288,-2.1593361352009683,15.558262662761049,0.27139603083009295,129.1335258263157
cave_hsi,8,structured-missing-completion,block,1,0.5,tucker,"(24,24,4)","(128,128)",3.8120669000782073,C:\Users\mrkys\workspace\NTD-PL\multirun\neurips-lowrank-core\benchmark\cave_hsi_block_id08_seed1_mr0.5_tucker_r24_24_4,0.49615478515625,1.0,0.13042272408502478,26.73162171200964,-4.481362059560508,17.69293466212349,0.6992036489301149,105.56777486071162,0.18246011824014643,36.72778969900291,-1.3777141306510727,14.776640960701036,0.207659577353356,141.52650503231638
cave_hsi,9,structured-missing-completion,block,1,0.5,ntdpl,"(24,24,4)","(128,128)",6.962259099935181,C:\Users\mrkys\workspace\NTD-PL\multirun\neurips-lowrank-core\run\cave_hsi_block_id09_seed1_mr0.5_ntdpl_r24_24_4,0.49615478515625,1.0,0.08983732759952545,30.20165857727718,-5.466892110649447,20.930863448167774,0.7795813964914728,102.93623735358229,0.12601901590824127,35.11843774979058,-1.6570288919514553,17.99127832112125,0.27311778164232087,159.3817998805012
cave_hsi,9,structured-missing-completion,block,1,0.5,tucker,"(24,24,4)","(128,128)",4.086526000057347,C:\Users\mrkys\workspace\NTD-PL\multirun\neurips-lowrank-core\benchmark\cave_hsi_block_id09_seed1_mr0.5_tucker_r24_24_4,0.49615478515625,1.0,0.09784007971647395,36.48033228983907,-4.725692628332182,20.189664042491295,0.7500890120952834,111.8241528834516,0.1372725801579768,42.315159911307695,-0.9140742755837205,17.248324065946733,0.21989137888704496,174.0575146233338
cave_hsi,10,structured-missing-completion,block,1,0.5,ntdpl,"(24,24,4)","(128,128)",7.20684799994342,C:\Users\mrkys\workspace\NTD-PL\multirun\neurips-lowrank-core\run\cave_hsi_block_id10_seed1_mr0.5_ntdpl_r24_24_4,0.49615478515625,1.0,0.09224264323711395,16.290867717276797,-6.1826858172221595,20.70136469522762,0.7551493929031424,79.60429392243783,0.12911318242549896,21.927234138680802,-3.616396838280603,17.780588356901855,0.419379389844455,102.6372248353401
cave_hsi,10,structured-missing-completion,block,1,0.5,tucker,"(24,24,4)","(128,128)",3.826073200092651,C:\Users\mrkys\workspace\NTD-PL\multirun\neurips-lowrank-core\benchmark\cave_hsi_block_id10_seed1_mr0.5_tucker_r24_24_4,0.49615478515625,1.0,0.10096148084182452,19.589531022828744,-5.398206433239324,19.916885761698406,0.715960418452433,87.02705368271948,0.14132611209205656,28.242626375359432,-2.8313603303639807,16.995551768014113,0.3413321315072782,112.30058181329608
cave_hsi,11,structured-missing-completion,block,1,0.5,ntdpl,"(24,24,4)","(128,128)",6.994788799900562,C:\Users\mrkys\workspace\NTD-PL\multirun\neurips-lowrank-core\run\cave_hsi_block_id11_seed1_mr0.5_ntdpl_r24_24_4,0.49615478515625,1.0,0.132582888007164,18.109513518481226,-5.094467805940075,17.550250634158846,0.6054098183367876,76.5677929953096,0.18538591265678406,26.673761225617998,-3.018050915472008,14.638465874545432,0.2269680514921892,96.3710472095606
cave_hsi,11,structured-missing-completion,block,1,0.5,tucker,"(24,24,4)","(128,128)",3.9889713000738993,C:\Users\mrkys\workspace\NTD-PL\multirun\neurips-lowrank-core\benchmark\cave_hsi_block_id11_seed1_mr0.5_tucker_r24_24_4,0.49615478515625,1.0,0.1393002061536691,22.515869546199532,-4.665182164827092,17.12096481705775,0.5849336074806458,80.76184328059652,0.1944581311845979,33.7190317361296,-2.603063093940406,14.223477845931285,0.2280713649921335,101.53577035975643
cave_hsi,12,structured-missing-completion,block,1,0.5,ntdpl,"(24,24,4)","(128,128)",7.290845400071703,C:\Users\mrkys\workspace\NTD-PL\multirun\neurips-lowrank-core\run\cave_hsi_block_id12_seed1_mr0.5_ntdpl_r24_24_4,0.49615478515625,1.0,0.18121352791786194,15.478624772158316,-6.302121015276741,14.836187556620304,0.7154723578296096,62.83006455505345,0.254939466714859,22.27515556700019,-3.776421764265004,11.8712585728709,0.26696233029172056,80.73498593233712
cave_hsi,12,structured-missing-completion,block,1,0.5,tucker,"(24,24,4)","(128,128)",3.7569526999723166,C:\Users\mrkys\workspace\NTD-PL\multirun\neurips-lowrank-core\benchmark\cave_hsi_block_id12_seed1_mr0.5_tucker_r24_24_4,0.49615478515625,1.0,0.1934163782056847,18.180952089579883,-5.736068723717377,14.270135065951106,0.6732625727645172,69.03874315871202,0.27203595944106346,26.61091675475917,-3.2126369815265554,11.307473687359817,0.1260047854442067,89.11621791895217
cave_hsi,13,structured-missing-completion,block,1,0.5,ntdpl,"(24,24,4)","(128,128)",7.041790400049649,C:\Users\mrkys\workspace\NTD-PL\multirun\neurips-lowrank-core\run\cave_hsi_block_id13_seed1_mr0.5_ntdpl_r24_24_4,0.49615478515625,1.0,0.16903743147850037,25.90169640137294,-2.457448586691462,15.440342557361454,0.3774357718537743,137.48972105814647,0.2378399819135666,28.085116682299592,-1.3683435218600015,12.474303098544741,0.08901295133503499,137.03927412060995
cave_hsi,13,structured-missing-completion,block,1,0.5,tucker,"(24,24,4)","(128,128)",3.9846975000109524,C:\Users\mrkys\workspace\NTD-PL\multirun\neurips-lowrank-core\benchmark\cave_hsi_block_id13_seed1_mr0.5_tucker_r24_24_4,0.49615478515625,1.0,0.17205520937639154,29.268149227577908,-2.3037497629577404,15.286643471128867,0.3659267013127521,140.11433813329904,0.24207938438630985,34.49592779507534,-1.2148845609242722,12.3208438748157,0.07038855885405979,139.69618977457614
cave_hsi,14,structured-missing-completion,block,1,0.5,ntdpl,"(24,24,4)","(128,128)",7.121899699908681,C:\Users\mrkys\workspace\NTD-PL\multirun\neurips-lowrank-core\run\cave_hsi_block_id14_seed1_mr0.5_ntdpl_r24_24_4,0.49615478515625,1.0,0.06491100043058395,20.193365686694296,-5.228987038205163,23.75363397786232,0.7757064771954099,105.99527785927627,0.09091703593730927,29.629256258712584,-1.8901997855179227,20.827094886787783,0.3279384893875203,148.12632326373495
cave_hsi,14,structured-missing-completion,block,1,0.5,tucker,"(24,24,4)","(128,128)",3.832880000001751,C:\Users\mrkys\workspace\NTD-PL\multirun\neurips-lowrank-core\benchmark\cave_hsi_block_id14_seed1_mr0.5_tucker_r24_24_4,0.49615478515625,1.0,0.07158205517196257,22.848812664248705,-4.379269544814062,22.90391673724113,0.7349812584802726,119.66907834312262,0.10035220509850531,35.2451884122172,-1.032566681019065,19.969461601229725,0.24038030960974163,168.30131590329017
cave_hsi,15,structured-missing-completion,block,1,0.5,ntdpl,"(24,24,4)","(128,128)",6.9827678999863565,C:\Users\mrkys\workspace\NTD-PL\multirun\neurips-lowrank-core\run\cave_hsi_block_id15_seed1_mr0.5_ntdpl_r24_24_4,0.49615478515625,1.0,0.10412005335092545,18.187771862741876,-4.158074254816832,19.649312670804065,0.603698019642018,107.2624927970073,0.14628098905086517,24.333376172137722,-2.3461352640218798,16.696241949407092,0.2486014447089659,121.70502561865129
cave_hsi,15,structured-missing-completion,block,1,0.5,tucker,"(24,24,4)","(128,128)",3.8757137999637052,C:\Users\mrkys\workspace\NTD-PL\multirun\neurips-lowrank-core\benchmark\cave_hsi_block_id15_seed1_mr0.5_tucker_r24_24_4,0.49615478515625,1.0,0.11139112728863067,25.337766516533463,-3.5717496486528777,19.06298801862293,0.5596742589921785,114.86830248432838,0.1564424729138414,35.181081721376074,-1.7627998720245825,16.112906553919075,0.16922227181442503,130.4276794969162
cave_hsi,1,structured-missing-completion,block,2,0.5,ntdpl,"(24,24,4)","(128,128)",7.028403399977833,C:\Users\mrkys\workspace\NTD-PL\multirun\neurips-lowrank-core\run\cave_hsi_block_id01_seed2_mr0.5_ntdpl_r24_24_4,0.49884033203125,2.0,0.10856366157531738,13.421064228231009,-5.805769439721537,19.28631054553874,0.6809802047626817,75.98572859870806,0.15291975438594818,19.521588492242206,-3.4905691475567764,16.310728287764572,0.26245269360826773,95.9159458144626
cave_hsi,1,structured-missing-completion,block,2,0.5,tucker,"(24,24,4)","(128,128)",3.7842018000083044,C:\Users\mrkys\workspace\NTD-PL\multirun\neurips-lowrank-core\benchmark\cave_hsi_block_id01_seed2_mr0.5_tucker_r24_24_4,0.49884033203125,2.0,0.11542225530990353,14.461204899472348,-5.273667925568183,18.754208879688207,0.6421227774699515,80.81100701151239,0.16262812464650783,21.43625748262216,-2.955928065526756,15.77608692114216,0.17855734306472534,102.01357932748154
cave_hsi,2,structured-missing-completion,block,2,0.5,ntdpl,"(24,24,4)","(128,128)",7.123842099914327,C:\Users\mrkys\workspace\NTD-PL\multirun\neurips-lowrank-core\run\cave_hsi_block_id02_seed2_mr0.5_ntdpl_r24_24_4,0.49884033203125,2.0,0.23067843914031982,33.031675777983054,0.7379713790216771,12.73986014856709,0.3297562123140428,189.4596849523336,0.32340100407600403,41.61852470717457,2.776550509490888,9.805172307200488,0.07305469151548193,226.66695621578143
cave_hsi,2,structured-missing-completion,block,2,0.5,tucker,"(24,24,4)","(128,128)",3.9989710999652743,C:\Users\mrkys\workspace\NTD-PL\multirun\neurips-lowrank-core\benchmark\cave_hsi_block_id02_seed2_mr0.5_tucker_r24_24_4,0.49884033203125,2.0,0.21735798617403093,46.61213666698657,0.22134337273597507,13.256487966366935,0.3402411287956446,176.13332632077515,0.30303748964744626,63.59494023791754,2.2116500688711365,10.370072806861216,0.08062208207355832,209.84883472960786
cave_hsi,3,structured-missing-completion,block,2,0.5,ntdpl,"(24,24,4)","(128,128)",6.987596399965696,C:\Users\mrkys\workspace\NTD-PL\multirun\neurips-lowrank-core\run\cave_hsi_block_id03_seed2_mr0.5_ntdpl_r24_24_4,0.49884033203125,2.0,0.08076827228069305,13.207969299381134,-4.463310429047796,21.855184821615193,0.6715482027030486,121.32398020316597,0.11233130097389221,18.564027989641698,-2.0006448428841064,18.9899836699302,0.20509986440099431,150.22893486581157
cave_hsi,3,structured-missing-completion,block,2,0.5,tucker,"(24,24,4)","(128,128)",3.806602400029078,C:\Users\mrkys\workspace\NTD-PL\multirun\neurips-lowrank-core\benchmark\cave_hsi_block_id03_seed2_mr0.5_tucker_r24_24_4,0.49884033203125,2.0,0.08421673792228856,16.465226518525235,-4.1001576379690094,21.49203169379044,0.651723490903881,126.57183922260282,0.11657929052160843,25.27360763351327,-1.6782328754771192,18.667571840768613,0.16891696133392003,155.93304314078054
cave_hsi,4,structured-missing-completion,block,2,0.5,ntdpl,"(24,24,4)","(128,128)",6.719117900007404,C:\Users\mrkys\workspace\NTD-PL\multirun\neurips-lowrank-core\run\cave_hsi_block_id04_seed2_mr0.5_ntdpl_r24_24_4,0.49884033203125,2.0,0.1606631875038147,18.881703179936665,-5.28312391041104,15.881672115687657,0.7440208408353807,100.39981588178941,0.22661420702934265,23.980282133969467,-1.9982487905600803,12.894257427443165,0.23186380570733717,141.2361478327508
cave_hsi,4,structured-missing-completion,block,2,0.5,tucker,"(24,24,4)","(128,128)",3.8439907000865787,C:\Users\mrkys\workspace\NTD-PL\multirun\neurips-lowrank-core\benchmark\cave_hsi_block_id04_seed2_mr0.5_tucker_r24_24_4,0.49884033203125,2.0,0.1712066192528105,20.14292317832456,-4.731040816065849,15.329588969649535,0.7120567987416104,107.04214828802996,0.24154020688312966,26.31378954559333,-1.4442028580789072,12.340211321101371,0.1289630951474168,150.63586509996367
cave_hsi,5,structured-missing-completion,block,2,0.5,ntdpl,"(24,24,4)","(128,128)",6.792780600022525,C:\Users\mrkys\workspace\NTD-PL\multirun\neurips-lowrank-core\run\cave_hsi_block_id05_seed2_mr0.5_ntdpl_r24_24_4,0.49884033203125,2.0,0.10879868268966675,33.0357887276777,-3.469672698433607,19.267527366474578,0.5692523619014201,113.19815276164837,0.1534079760313034,35.49714321963021,-1.7489231138077896,16.28304155916098,0.20539494896622915,129.72146039345333
cave_hsi,5,structured-missing-completion,block,2,0.5,tucker,"(24,24,4)","(128,128)",3.798743100021966,C:\Users\mrkys\workspace\NTD-PL\multirun\neurips-lowrank-core\benchmark\cave_hsi_block_id05_seed2_mr0.5_tucker_r24_24_4,0.49884033203125,2.0,0.11828543917921257,37.97290446963333,-2.7435198884738905,18.541374266075987,0.5111929336370933,135.01307793508167,0.16679349061582227,44.14122123363571,-1.022299662363513,15.556418048161307,0.08520268338007977,161.48596887277273
cave_hsi,6,structured-missing-completion,block,2,0.5,ntdpl,"(24,24,4)","(128,128)",6.402207999955863,C:\Users\mrkys\workspace\NTD-PL\multirun\neurips-lowrank-core\run\cave_hsi_block_id06_seed2_mr0.5_ntdpl_r24_24_4,0.49884033203125,2.0,0.15380454063415527,17.548273673973508,-4.411651780682991,16.260616802608887,0.5554291463348362,105.59986380972816,0.21402160823345184,27.446598090678773,-2.058358176992331,13.39084777482886,0.21672540357897316,137.833010710363
cave_hsi,6,structured-missing-completion,block,2,0.5,tucker,"(24,24,4)","(128,128)",3.9099474000977352,C:\Users\mrkys\workspace\NTD-PL\multirun\neurips-lowrank-core\benchmark\cave_hsi_block_id06_seed2_mr0.5_tucker_r24_24_4,0.49884033203125,2.0,0.15754710812694225,21.083697308016774,-4.2028261506219176,16.051791283127198,0.5702945871738511,103.2656176498338,0.21910391576770474,34.259701006537824,-1.8545073500579066,13.186997215457716,0.2993027119111235,134.41508037515356
cave_hsi,7,structured-missing-completion,block,2,0.5,ntdpl,"(24,24,4)","(128,128)",6.7950919000431895,C:\Users\mrkys\workspace\NTD-PL\multirun\neurips-lowrank-core\run\cave_hsi_block_id07_seed2_mr0.5_ntdpl_r24_24_4,0.49884033203125,2.0,0.04530290141701698,22.831332207102054,-8.096532264374247,26.877479584686238,0.8981306922692422,88.72616574236916,0.06378937512636185,28.837831131878723,-2.611634392280066,23.905033075989763,0.44278985152771877,150.09334716197498
cave_hsi,7,structured-missing-completion,block,2,0.5,tucker,"(24,24,4)","(128,128)",3.933552199974656,C:\Users\mrkys\workspace\NTD-PL\multirun\neurips-lowrank-core\benchmark\cave_hsi_block_id07_seed2_mr0.5_tucker_r24_24_4,0.49884033203125,2.0,0.05431478481911154,23.073181960234333,-6.520690953894422,25.30163873368766,0.8524696788720787,107.79438560843396,0.07657952353967112,30.70070588869084,-1.0243480018742273,22.317746801222718,0.20848012335142893,185.53211345658795
cave_hsi,8,structured-missing-completion,block,2,0.5,ntdpl,"(24,24,4)","(128,128)",6.6573803999926895,C:\Users\mrkys\workspace\NTD-PL\multirun\neurips-lowrank-core\run\cave_hsi_block_id08_seed2_mr0.5_ntdpl_r24_24_4,0.49884033203125,2.0,0.12373700737953186,19.678939380383866,-4.938435467748643,18.150007992760603,0.711380077616753,100.06654201754459,0.17389602959156036,27.290262586196715,-2.0576671473128494,15.194206840686586,0.24738793886269395,134.75175419014462
cave_hsi,8,structured-missing-completion,block,2,0.5,tucker,"(24,24,4)","(128,128)",4.020400000037625,C:\Users\mrkys\workspace\NTD-PL\multirun\neurips-lowrank-core\benchmark\cave_hsi_block_id08_seed2_mr0.5_tucker_r24_24_4,0.49884033203125,2.0,0.13247082058363674,24.9153681588823,-4.346022866711636,17.557595469274617,0.6798175694616015,107.11371949701791,0.18610571046294774,35.650266149193726,-1.4682664991276075,14.604806015676067,0.19727501449743942,144.6018074345162
cave_hsi,9,structured-missing-completion,block,2,0.5,ntdpl,"(24,24,4)","(128,128)",6.413161900010891,C:\Users\mrkys\workspace\NTD-PL\multirun\neurips-lowrank-core\run\cave_hsi_block_id09_seed2_mr0.5_ntdpl_r24_24_4,0.49884033203125,2.0,0.10764365643262863,31.26197159777985,-3.896260173180248,19.360231217095155,0.6223555597970335,117.35010985457424,0.1517922431230545,35.53466586241103,-1.6971213451799767,16.37500860528927,0.20319659384352678,136.1367969044458
cave_hsi,9,structured-missing-completion,block,2,0.5,tucker,"(24,24,4)","(128,128)",3.8746598000871018,C:\Users\mrkys\workspace\NTD-PL\multirun\neurips-lowrank-core\benchmark\cave_hsi_block_id09_seed2_mr0.5_tucker_r24_24_4,0.49884033203125,2.0,0.11411798022986583,39.25640337381428,-3.3889470560360935,18.852918470195206,0.5974600566439533,124.27732530107427,0.16092169615513438,45.88409162920805,-1.1898206388683499,15.867707970072551,0.15473903102786774,144.16364618384205
cave_hsi,10,structured-missing-completion,block,2,0.5,ntdpl,"(24,24,4)","(128,128)",6.432919000042602,C:\Users\mrkys\workspace\NTD-PL\multirun\neurips-lowrank-core\run\cave_hsi_block_id10_seed2_mr0.5_ntdpl_r24_24_4,0.49884033203125,2.0,0.10297106206417084,16.23582639269875,-5.227017040902419,19.745696319174975,0.6835326337590821,89.10626660621416,0.14479069411754608,21.51372974178514,-3.147434410784821,16.785187265683913,0.3326791996427388,104.93891239751608
cave_hsi,10,structured-missing-completion,block,2,0.5,tucker,"(24,24,4)","(128,128)",3.9152794000692666,C:\Users\mrkys\workspace\NTD-PL\multirun\neurips-lowrank-core\benchmark\cave_hsi_block_id10_seed2_mr0.5_tucker_r24_24_4,0.49884033203125,2.0,0.11069536491897984,20.048539151616595,-4.5987319454305995,19.117411273889683,0.6450793301021895,95.51931857365365,0.15563243151786843,28.626769849071678,-2.520245202599873,16.157997946205253,0.27099522734473325,112.38898906054875
cave_hsi,11,structured-missing-completion,block,2,0.5,ntdpl,"(24,24,4)","(128,128)",6.254117800039239,C:\Users\mrkys\workspace\NTD-PL\multirun\neurips-lowrank-core\run\cave_hsi_block_id11_seed2_mr0.5_ntdpl_r24_24_4,0.49884033203125,2.0,0.1197611466050148,17.912783612929143,-5.977898327496538,18.43368105838527,0.6989278052269381,69.95091063311712,0.16745224595069885,26.74068677082793,-3.1542021351867895,15.522180786250303,0.31479319293945107,97.21438993211001
cave_hsi,11,structured-missing-completion,block,2,0.5,tucker,"(24,24,4)","(128,128)",3.8821978999767452,C:\Users\mrkys\workspace\NTD-PL\multirun\neurips-lowrank-core\benchmark\cave_hsi_block_id11_seed2_mr0.5_tucker_r24_24_4,0.49884033203125,2.0,0.12804061464055544,21.974097048422642,-5.3972623428633915,17.85304499509405,0.6729622658091434,75.73804965219266,0.17880751706671832,33.44720465365714,-2.5843060022150666,14.952284548388981,0.30568066370683905,105.22771404827182
cave_hsi,12,structured-missing-completion,block,2,0.5,ntdpl,"(24,24,4)","(128,128)",6.206421299953945,C:\Users\mrkys\workspace\NTD-PL\multirun\neurips-lowrank-core\run\cave_hsi_block_id12_seed2_mr0.5_ntdpl_r24_24_4,0.49884033203125,2.0,0.19402238726615906,16.643825883406148,-5.708896758444152,14.242963408690084,0.6636285567802576,65.48348462544703,0.27373552322387695,24.483781597145473,-3.5577129348561227,11.253376851529467,0.2546928324949102,81.76244882049836
cave_hsi,12,structured-missing-completion,block,2,0.5,tucker,"(24,24,4)","(128,128)",4.045272700022906,C:\Users\mrkys\workspace\NTD-PL\multirun\neurips-lowrank-core\benchmark\cave_hsi_block_id12_seed2_mr0.5_tucker_r24_24_4,0.49884033203125,2.0,0.20484590078047318,19.02079727845028,-5.237388105625536,13.771454447859263,0.6220724496730894,70.78186100064174,0.2889687107135638,28.297705683812445,-3.087319819718645,10.782983594703321,0.135912041015354,89.37347095134017
cave_hsi,13,structured-missing-completion,block,2,0.5,ntdpl,"(24,24,4)","(128,128)",5.78303789999336,C:\Users\mrkys\workspace\NTD-PL\multirun\neurips-lowrank-core\run\cave_hsi_block_id13_seed2_mr0.5_ntdpl_r24_24_4,0.49884033203125,2.0,0.16270609200000763,25.98131163265627,-2.7890298091168004,15.771923876685818,0.4323839614110983,132.7933032526955,0.22952593863010406,25.745212026156803,-1.5439715167909571,12.783363954274979,0.11941098810631032,131.6384498100082
cave_hsi,13,structured-missing-completion,block,2,0.5,tucker,"(24,24,4)","(128,128)",3.904575699940324,C:\Users\mrkys\workspace\NTD-PL\multirun\neurips-lowrank-core\benchmark\cave_hsi_block_id13_seed2_mr0.5_tucker_r24_24_4,0.49884033203125,2.0,0.16922760592124095,32.31063449435848,-2.4476820821511613,15.430575790322287,0.4064545556171878,138.1436777816844,0.2387088654962225,36.834175340691054,-1.2032361125573576,12.442629025429197,0.08583957740261362,136.91995989313156
cave_hsi,14,structured-missing-completion,block,2,0.5,ntdpl,"(24,24,4)","(128,128)",5.516697600018233,C:\Users\mrkys\workspace\NTD-PL\multirun\neurips-lowrank-core\run\cave_hsi_block_id14_seed2_mr0.5_ntdpl_r24_24_4,0.49884033203125,2.0,0.07406923919916153,20.097935479628887,-4.082594816995952,22.60724196317119,0.6838655114564082,117.55172142744121,0.10420828312635422,29.693634124812117,-1.5927627897796401,19.641954893561913,0.2558630966207925,151.3514199772187
cave_hsi,14,structured-missing-completion,block,2,0.5,tucker,"(24,24,4)","(128,128)",3.9442059999564663,C:\Users\mrkys\workspace\NTD-PL\multirun\neurips-lowrank-core\benchmark\cave_hsi_block_id14_seed2_mr0.5_tucker_r24_24_4,0.49884033203125,2.0,0.07898654964020602,23.303284391250347,-3.5242899474268286,22.048937139853898,0.6532625725930485,128.6767679461865,0.11117767894907647,36.345681481114845,-1.0304555044553316,19.079647938946195,0.20954563037394341,167.33935469096932
cave_hsi,15,structured-missing-completion,block,2,0.5,ntdpl,"(24,24,4)","(128,128)",5.759180199936964,C:\Users\mrkys\workspace\NTD-PL\multirun\neurips-lowrank-core\run\cave_hsi_block_id15_seed2_mr0.5_ntdpl_r24_24_4,0.49884033203125,2.0,0.10062741488218307,18.620239244136624,-4.454435081945455,19.945673271637126,0.6423781682770977,103.81548958972657,0.14172649383544922,24.934544404893725,-2.4245757507210395,16.970978666327788,0.2700348750320571,123.04703125855603
cave_hsi,15,structured-missing-completion,block,2,0.5,tucker,"(24,24,4)","(128,128)",4.018972499994561,C:\Users\mrkys\workspace\NTD-PL\multirun\neurips-lowrank-core\benchmark\cave_hsi_block_id15_seed2_mr0.5_tucker_r24_24_4,0.49884033203125,2.0,0.10707470909315973,25.398812173883577,-3.9150235669593876,19.406261936929443,0.6063162428227362,110.85591532859492,0.15076367029773058,35.19288920669592,-1.8876627901781318,16.43406596641621,0.20050260010159565,131.5148465044801
cave_hsi,1,random-missing-completion,random,0,0.5,ntdpl,"(12,12,3)","(128,128)",4.565633099991828,C:\Users\mrkys\workspace\NTD-PL\multirun\neurips-lowrank-core\run\cave_hsi_random_id01_seed0_mr0.5_ntdpl_r12_12_3,0.5002205141129032,0.0,0.023902056738734245,11.79201825046994,-18.950753804017786,32.43129446179316,0.9881811914486734,16.762724471425766,0.024217162281274796,11.114503947570695,-18.830938949009273,32.31753463981339,0.9878640214350227,17.002448032798114
cave_hsi,1,random-missing-completion,random,0,0.5,tucker,"(12,12,3)","(128,128)",0.9865441999863833,C:\Users\mrkys\workspace\NTD-PL\multirun\neurips-lowrank-core\benchmark\cave_hsi_random_id01_seed0_mr0.5_tucker_r12_12_3,0.5002205141129032,0.0,0.02562251504307043,12.616480451738788,-18.34702391029191,31.827564864411933,0.9864141596821527,17.97685963316256,0.025911516770136412,12.02661562363047,-18.243547260666958,31.730143283610058,0.9861047439575902,18.20807677035044
cave_hsi,2,random-missing-completion,random,0,0.5,ntdpl,"(12,12,3)","(128,128)",5.31863340002019,C:\Users\mrkys\workspace\NTD-PL\multirun\neurips-lowrank-core\run\cave_hsi_random_id02_seed0_mr0.5_ntdpl_r12_12_3,0.5002205141129032,0.0,0.10506895184516907,28.161252931767052,-6.092680701345875,19.570512316614057,0.7665379026250455,95.74603161192715,0.10647828131914139,26.872076786789336,-5.954987358780942,19.454779490129148,0.7589912985729915,96.8454161120843
cave_hsi,2,random-missing-completion,random,0,0.5,tucker,"(12,12,3)","(128,128)",1.0086580000352114,C:\Users\mrkys\workspace\NTD-PL\multirun\neurips-lowrank-core\benchmark\cave_hsi_random_id02_seed0_mr0.5_tucker_r12_12_3,0.5002205141129032,0.0,0.11157372868626027,30.60990746953408,-5.5709297204306445,19.048761059533554,0.7291810183675808,98.72102109237154,0.11269813719723863,29.6069986595598,-5.461873008339429,18.96166524813664,0.7224982229398705,99.69218780309802
cave_hsi,3,random-missing-completion,random,0,0.5,ntdpl,"(12,12,3)","(128,128)",4.706594099989161,C:\Users\mrkys\workspace\NTD-PL\multirun\neurips-lowrank-core\run\cave_hsi_random_id03_seed0_mr0.5_ntdpl_r12_12_3,0.5002205141129032,0.0,0.04267093911767006,32.70451312559425,-10.005482159127455,27.397356045454906,0.9271687925685985,54.803195630548714,0.043329887092113495,30.437220246382545,-9.892378477919602,27.264248409818954,0.9251926063314827,55.814835394111604
cave_hsi,3,random-missing-completion,random,0,0.5,tucker,"(12,12,3)","(128,128)",1.0166609000880271,C:\Users\mrkys\workspace\NTD-PL\multirun\neurips-lowrank-core\benchmark\cave_hsi_random_id03_seed0_mr0.5_tucker_r12_12_3,0.5002205141129032,0.0,0.045634407727847624,31.089970181160417,-9.422277577082893,26.81415163290432,0.9154713365645337,61.26667101259715,0.04625686171430688,28.936636402163032,-9.324606552101939,26.696476703418792,0.913476334827491,62.196271018683966
cave_hsi,4,random-missing-completion,random,0,0.5,ntdpl,"(12,12,3)","(128,128)",4.585661999997683,C:\Users\mrkys\workspace\NTD-PL\multirun\neurips-lowrank-core\run\cave_hsi_random_id04_seed0_mr0.5_ntdpl_r12_12_3,0.5002205141129032,0.0,0.04152791202068329,17.533333376101133,-17.0346495597349,27.633197813071305,0.9860240640005244,26.459481290514564,0.04214847832918167,16.707235863877777,-16.88673021091564,27.504361619092247,0.9855543184363681,26.922806527628985
cave_hsi,4,random-missing-completion,random,0,0.5,tucker,"(12,12,3)","(128,128)",0.97091689996887,C:\Users\mrkys\workspace\NTD-PL\multirun\neurips-lowrank-core\benchmark\cave_hsi_random_id04_seed0_mr0.5_tucker_r12_12_3,0.5002205141129032,0.0,0.04498325252522618,22.16863384407711,-16.340434766314118,26.938982919897807,0.983589895844459,28.379160634408017,0.04547923675775537,21.5285517764637,-16.226105133010577,26.84373664691411,0.9831682228969365,28.762472308249613
cave_hsi,5,random-missing-completion,random,0,0.5,ntdpl,"(12,12,3)","(128,128)",4.320297300000675,C:\Users\mrkys\workspace\NTD-PL\multirun\neurips-lowrank-core\run\cave_hsi_random_id05_seed0_mr0.5_ntdpl_r12_12_3,0.5002205141129032,0.0,0.014245408587157726,27.684321425910667,-21.12864733892342,36.92650206350096,0.9953073322706273,28.259249037240643,0.014518346637487411,24.714532974395112,-20.951155400620834,36.76165706373648,0.9951117655879809,28.4230604053564
cave_hsi,5,random-missing-completion,random,0,0.5,tucker,"(12,12,3)","(128,128)",0.9843759998911992,C:\Users\mrkys\workspace\NTD-PL\multirun\neurips-lowrank-core\benchmark\cave_hsi_random_id05_seed0_mr0.5_tucker_r12_12_3,0.5002205141129032,0.0,0.016366002443508776,31.060582132130392,-19.92329338875863,35.72114776636073,0.9937943948735212,31.408173044660288,0.016633078150268148,27.898785673810508,-19.770045865911246,35.580547438976204,0.9935761739855413,31.566816443068372
cave_hsi,6,random-missing-completion,random,0,0.5,ntdpl,"(12,12,3)","(128,128)",4.414092499995604,C:\Users\mrkys\workspace\NTD-PL\multirun\neurips-lowrank-core\run\cave_hsi_random_id06_seed0_mr0.5_ntdpl_r12_12_3,0.5002205141129032,0.0,0.07689099758863449,11.046989913593633,-10.433525071487264,22.282490333945336,0.8768890545663236,50.65402514736331,0.07768970727920532,10.9442258920989,-10.337069950218927,22.19273021997202,0.874138119418793,51.11394167687814
cave_hsi,6,random-missing-completion,random,0,0.5,tucker,"(12,12,3)","(128,128)",0.9929137999424711,C:\Users\mrkys\workspace\NTD-PL\multirun\neurips-lowrank-core\benchmark\cave_hsi_random_id06_seed0_mr0.5_tucker_r12_12_3,0.5002205141129032,0.0,0.07833906684086359,11.351478533502867,-10.271466987204011,22.120432119709292,0.8716473815438303,52.527813100574875,0.07905865111701962,11.285516434914005,-10.185351647528611,22.04101199551808,0.8690744912356749,52.91365170807724
cave_hsi,7,random-missing-completion,random,0,0.5,ntdpl,"(12,12,3)","(128,128)",4.267685299972072,C:\Users\mrkys\workspace\NTD-PL\multirun\neurips-lowrank-core\run\cave_hsi_random_id07_seed0_mr0.5_ntdpl_r12_12_3,0.5002205141129032,0.0,0.014965064823627472,25.839935489058114,-17.717480113967415,36.49842826667915,0.990048578254624,30.452175358695495,0.015336633659899235,24.130055444832898,-17.469562250367687,36.28539912358561,0.9894698242837475,31.296340628594493
cave_hsi,7,random-missing-completion,random,0,0.5,tucker,"(12,12,3)","(128,128)",0.9896906999638304,C:\Users\mrkys\workspace\NTD-PL\multirun\neurips-lowrank-core\benchmark\cave_hsi_random_id07_seed0_mr0.5_tucker_r12_12_3,0.5002205141129032,0.0,0.016147181565944458,28.549301814803286,-17.05711764621643,35.83806542600967,0.9883558106203022,32.71364638400081,0.016511684797352072,26.426635584998575,-16.828335685435846,35.644172210259775,0.987730754800873,33.54555669692906
cave_hsi,8,random-missing-completion,random,0,0.5,ntdpl,"(12,12,3)","(128,128)",4.385202200035565,C:\Users\mrkys\workspace\NTD-PL\multirun\neurips-lowrank-core\run\cave_hsi_random_id08_seed0_mr0.5_ntdpl_r12_12_3,0.5002205141129032,0.0,0.04450025036931038,20.62453435689246,-13.821178712267946,27.032751646291175,0.9689938055803927,35.85665386160171,0.045229487121105194,19.339408208875966,-13.673065423040176,26.891566767590366,0.9679035920261579,36.544491828095346
cave_hsi,8,random-missing-completion,random,0,0.5,tucker,"(12,12,3)","(128,128)",0.9473769000032917,C:\Users\mrkys\workspace\NTD-PL\multirun\neurips-lowrank-core\benchmark\cave_hsi_random_id08_seed0_mr0.5_tucker_r12_12_3,0.5002205141129032,0.0,0.05091405574757553,26.738659257592182,-12.651673522439534,25.86324612500252,0.9592316484773717,41.45344452503896,0.05162587032968171,25.46805200236362,-12.52415061864756,25.742652275256276,0.9580051666730371,42.17402183554238
cave_hsi,9,random-missing-completion,random,0,0.5,ntdpl,"(12,12,3)","(128,128)",4.326260200003162,C:\Users\mrkys\workspace\NTD-PL\multirun\neurips-lowrank-core\run\cave_hsi_random_id09_seed0_mr0.5_ntdpl_r12_12_3,0.5002205141129032,0.0,0.03182022273540497,25.818992421867136,-14.481963605571806,29.945935214725324,0.976610979692922,40.02246612743335,0.03249967098236084,23.524120590372682,-14.313912818150783,29.762421376330952,0.9756949384229058,40.425899863741584
cave_hsi,9,random-missing-completion,random,0,0.5,tucker,"(12,12,3)","(128,128)",1.050740099977702,C:\Users\mrkys\workspace\NTD-PL\multirun\neurips-lowrank-core\benchmark\cave_hsi_random_id09_seed0_mr0.5_tucker_r12_12_3,0.5002205141129032,0.0,0.035073339748223714,33.425751175350186,-13.63648614236778,29.10045755652689,0.9715146899524639,44.19133573758868,0.035723460223499204,31.637193312228735,-13.49242160311798,28.9409296277023,0.9705726593814008,44.56381105547178
cave_hsi,10,random-missing-completion,random,0,0.5,ntdpl,"(12,12,3)","(128,128)",4.480277800001204,C:\Users\mrkys\workspace\NTD-PL\multirun\neurips-lowrank-core\run\cave_hsi_random_id10_seed0_mr0.5_ntdpl_r12_12_3,0.5002205141129032,0.0,0.030082860961556435,19.05329596405607,-15.914937786280463,30.43361703600157,0.9792011988859142,25.614858049969047,0.030553210526704788,17.77971896991635,-15.786128264962771,30.298862985007958,0.9786025274991007,26.021730100009812
cave_hsi,10,random-missing-completion,random,0,0.5,tucker,"(12,12,3)","(128,128)",0.989347800030373,C:\Users\mrkys\workspace\NTD-PL\multirun\neurips-lowrank-core\benchmark\cave_hsi_random_id10_seed0_mr0.5_tucker_r12_12_3,0.5002205141129032,0.0,0.03334989894719903,19.113089613819746,-15.01943022537432,29.5381095538334,0.9743697718535878,28.882731933296807,0.03377793934386862,17.770227972331785,-14.914602263945564,29.427336970305824,0.9737658503207629,29.260978169923074
cave_hsi,11,random-missing-completion,random,0,0.5,ntdpl,"(12,12,3)","(128,128)",4.35125499998685,C:\Users\mrkys\workspace\NTD-PL\multirun\neurips-lowrank-core\run\cave_hsi_random_id11_seed0_mr0.5_ntdpl_r12_12_3,0.5002205141129032,0.0,0.06082836538553238,17.782438592464278,-11.862094638248482,24.317877160508893,0.9298119427925928,38.70244235584997,0.061314333230257034,16.998389176678245,-11.789877091942644,24.248759681843435,0.9285417022933874,38.96098373989136
cave_hsi,11,random-missing-completion,random,0,0.5,tucker,"(12,12,3)","(128,128)",0.9721568999812007,C:\Users\mrkys\workspace\NTD-PL\multirun\neurips-lowrank-core\benchmark\cave_hsi_random_id11_seed0_mr0.5_tucker_r12_12_3,0.5002205141129032,0.0,0.06775654885808524,19.293551108520514,-10.925191800979784,23.380974453210438,0.9115753646383049,43.473727876415765,0.06822527840113982,18.696945841065183,-10.862211125578687,23.321093669311676,0.9102102466356103,43.71475610928
cave_hsi,12,random-missing-completion,random,0,0.5,ntdpl,"(12,12,3)","(128,128)",4.465194899938069,C:\Users\mrkys\workspace\NTD-PL\multirun\neurips-lowrank-core\run\cave_hsi_random_id12_seed0_mr0.5_ntdpl_r12_12_3,0.5002205141129032,0.0,0.022883528843522072,8.995851247364786,-24.2754736200255,32.809540448739924,0.996468390727671,11.30349595402113,0.023051535710692406,8.482433062114756,-24.20913012377726,32.74600268334368,0.996415978459824,11.391229752509801
cave_hsi,12,random-missing-completion,random,0,0.5,tucker,"(12,12,3)","(128,128)",1.012278200010769,C:\Users\mrkys\workspace\NTD-PL\multirun\neurips-lowrank-core\benchmark\cave_hsi_random_id12_seed0_mr0.5_tucker_r12_12_3,0.5002205141129032,0.0,0.029914449634981983,10.734682432258076,-21.94831331543451,30.482379657668236,0.9939536782320247,14.336499006740555,0.030088125789388884,10.11657898515291,-21.8952248719016,30.432097278549573,0.9938829689966031,14.429895478012558
cave_hsi,13,random-missing-completion,random,0,0.5,ntdpl,"(12,12,3)","(128,128)",5.33735470008105,C:\Users\mrkys\workspace\NTD-PL\multirun\neurips-lowrank-core\run\cave_hsi_random_id13_seed0_mr0.5_ntdpl_r12_12_3,0.5002205141129032,0.0,0.03764013573527336,24.08807819671613,-15.504082257835865,28.486976073651725,0.9799696298430802,31.09899920979995,0.03826754167675972,22.487164419661134,-15.379151580089868,28.34338859080496,0.9793850916465118,31.56205040251157
cave_hsi,13,random-missing-completion,random,0,0.5,tucker,"(12,12,3)","(128,128)",1.0272432999918237,C:\Users\mrkys\workspace\NTD-PL\multirun\neurips-lowrank-core\benchmark\cave_hsi_random_id13_seed0_mr0.5_tucker_r12_12_3,0.5002205141129032,0.0,0.04151440407691895,29.944144506403823,-14.653130128307101,27.63602383647823,0.97558498199538,34.27646593781283,0.042146822631558604,28.62282654287343,-14.540466545934468,27.50470320872987,0.9749388566740356,34.72471200144804
cave_hsi,14,random-missing-completion,random,0,0.5,ntdpl,"(12,12,3)","(128,128)",7.271275399951264,C:\Users\mrkys\workspace\NTD-PL\multirun\neurips-lowrank-core\run\cave_hsi_random_id14_seed0_mr0.5_ntdpl_r12_12_3,0.5002205141129032,0.0,0.023755647242069244,28.429194113693285,-13.960015282263969,32.484662473261004,0.9751763518410778,48.52694445134689,0.02422054298222065,26.146884176337345,-13.807922265330198,32.31632300264319,0.9742646910095049,49.048944280888634
cave_hsi,14,random-missing-completion,random,0,0.5,tucker,"(12,12,3)","(128,128)",1.0720835999818519,C:\Users\mrkys\workspace\NTD-PL\multirun\neurips-lowrank-core\benchmark\cave_hsi_random_id14_seed0_mr0.5_tucker_r12_12_3,0.5002205141129032,0.0,0.027067504728889014,27.804030308458515,-12.826388381060859,31.351035573487927,0.9674731901259885,56.70016060407034,0.027460638751030338,25.846178095703035,-12.717386681798192,31.225787300600388,0.9665961064963339,57.27223731744295
cave_hsi,15,random-missing-completion,random,0,0.5,ntdpl,"(12,12,3)","(128,128)",7.895499199978076,C:\Users\mrkys\workspace\NTD-PL\multirun\neurips-lowrank-core\run\cave_hsi_random_id15_seed0_mr0.5_ntdpl_r12_12_3,0.5002205141129032,0.0,0.027162976562976837,25.82511089126602,-15.829214251520916,31.320452638762376,0.98081172673611,28.531812510958186,0.02751280926167965,23.196421500084796,-15.696016389913993,31.209300605643303,0.9802297505121066,28.96212101047465
cave_hsi,15,random-missing-completion,random,0,0.5,tucker,"(12,12,3)","(128,128)",0.9841537000611424,C:\Users\mrkys\workspace\NTD-PL\multirun\neurips-lowrank-core\benchmark\cave_hsi_random_id15_seed0_mr0.5_tucker_r12_12_3,0.5002205141129032,0.0,0.029902581299939883,27.355672543187353,-14.99458803348629,30.485826403456343,0.9766816837658093,31.93086544741872,0.030244464891560335,24.757641564804693,-14.873797147462879,30.387081899243313,0.9760449459780205,32.34577142252422
cave_hsi,1,random-missing-completion,random,1,0.5,ntdpl,"(12,12,3)","(128,128)",5.994665700010955,C:\Users\mrkys\workspace\NTD-PL\multirun\neurips-lowrank-core\run\cave_hsi_random_id01_seed1_mr0.5_ntdpl_r12_12_3,0.5003169890372984,1.0,0.02389388345181942,11.7846526504025,-18.953724286812005,32.43426477726765,0.9881861451554274,16.76694787066054,0.024091679602861404,11.11579652804863,-18.869577948961012,32.36265825496406,0.9879500405638015,16.929708747367318
cave_hsi,1,random-missing-completion,random,1,0.5,tucker,"(12,12,3)","(128,128)",1.010432899929583,C:\Users\mrkys\workspace\NTD-PL\multirun\neurips-lowrank-core\benchmark\cave_hsi_random_id01_seed1_mr0.5_tucker_r12_12_3,0.5003169890372984,1.0,0.025621838845500566,12.574430035733213,-18.347253140520024,31.827794094640048,0.9864056465330978,17.98277081121343,0.025814492494770414,11.961954603415405,-18.269647721621016,31.76272817265847,0.9861510323064041,18.134521464161306
cave_hsi,2,random-missing-completion,random,1,0.5,ntdpl,"(12,12,3)","(128,128)",4.383773599984124,C:\Users\mrkys\workspace\NTD-PL\multirun\neurips-lowrank-core\run\cave_hsi_random_id02_seed1_mr0.5_ntdpl_r12_12_3,0.5003169890372984,1.0,0.10484705865383148,28.22287547677464,-6.111043412429104,19.588875071947875,0.7681896776403558,95.724500846933,0.10604255646467209,26.916091936409295,-5.9993262064344135,19.490395866499558,0.7624804119283548,96.5881951102521
cave_hsi,2,random-missing-completion,random,1,0.5,tucker,"(12,12,3)","(128,128)",1.0945831999415532,C:\Users\mrkys\workspace\NTD-PL\multirun\neurips-lowrank-core\benchmark\cave_hsi_random_id02_seed1_mr0.5_tucker_r12_12_3,0.5003169890372984,1.0,0.11159088107351975,30.84646044159075,-5.569594528948278,19.047425868051185,0.7293009353725165,98.83481622657818,0.11231841984281055,29.7792906086495,-5.499910353799989,18.99098030128953,0.7254844929411459,99.46832935252472
cave_hsi,3,random-missing-completion,random,1,0.5,ntdpl,"(12,12,3)","(128,128)",4.309663500054739,C:\Users\mrkys\workspace\NTD-PL\multirun\neurips-lowrank-core\run\cave_hsi_random_id03_seed1_mr0.5_ntdpl_r12_12_3,0.5003169890372984,1.0,0.043030619621276855,31.995018489306123,-9.93257409998824,27.32444832368366,0.9259465184608118,55.884046911634336,0.04370447248220444,29.87703833068978,-9.79858788221453,27.189482080020625,0.9235321141588491,56.80958658017191
cave_hsi,3,random-missing-completion,random,1,0.5,tucker,"(12,12,3)","(128,128)",1.0857763999374583,C:\Users\mrkys\workspace\NTD-PL\multirun\neurips-lowrank-core\benchmark\cave_hsi_random_id03_seed1_mr0.5_tucker_r12_12_3,0.5003169890372984,1.0,0.045649108185607176,30.52673321962185,-9.419479995207247,26.81135405102868,0.9153690406782932,61.90724018139154,0.04618116330931205,28.606317664385042,-9.319808178261294,26.710702626968597,0.913271100620251,62.56956246819216
cave_hsi,4,random-missing-completion,random,1,0.5,ntdpl,"(12,12,3)","(128,128)",4.514714699937031,C:\Users\mrkys\workspace\NTD-PL\multirun\neurips-lowrank-core\run\cave_hsi_random_id04_seed1_mr0.5_ntdpl_r12_12_3,0.5003169890372984,1.0,0.04176279157400131,17.494631044186274,-16.985661380996596,27.584209319494185,0.9858642716740578,26.57204117485615,0.04247075319290161,16.641474122491275,-16.847849227612343,27.438200902252138,0.985406695129921,26.981073207309507
cave_hsi,4,random-missing-completion,random,1,0.5,tucker,"(12,12,3)","(128,128)",0.9788053999654949,C:\Users\mrkys\workspace\NTD-PL\multirun\neurips-lowrank-core\benchmark\cave_hsi_random_id04_seed1_mr0.5_tucker_r12_12_3,0.5003169890372984,1.0,0.04523027536398046,22.42832680132313,-16.29286721124448,26.89141536482817,0.9834060521801293,28.511072699861934,0.04586088404178922,21.786503148593468,-16.180799650378287,26.77115155611186,0.9829651797496355,28.863973342829198
cave_hsi,5,random-missing-completion,random,1,0.5,ntdpl,"(12,12,3)","(128,128)",4.434652699972503,C:\Users\mrkys\workspace\NTD-PL\multirun\neurips-lowrank-core\run\cave_hsi_random_id05_seed1_mr0.5_ntdpl_r12_12_3,0.5003169890372984,1.0,0.014209331013262272,27.690222230333543,-21.150673015125335,36.94852734863887,0.9953313180548395,28.120601554747417,0.014463488012552261,24.755686523989972,-21.0082851108672,36.79453897546081,0.9951752289900239,28.148959175671685
cave_hsi,5,random-missing-completion,random,1,0.5,tucker,"(12,12,3)","(128,128)",0.9617975000292063,C:\Users\mrkys\workspace\NTD-PL\multirun\neurips-lowrank-core\benchmark\cave_hsi_random_id05_seed1_mr0.5_tucker_r12_12_3,0.5003169890372984,1.0,0.016327938116476193,30.729439325526137,-19.943518708036542,35.74137308563864,0.9938221866554711,31.571941907199015,0.016575376176417567,27.637004320101543,-19.82447786450875,35.61073213087584,0.993650758810723,31.58216076363124
cave_hsi,6,random-missing-completion,random,1,0.5,ntdpl,"(12,12,3)","(128,128)",4.323562400066294,C:\Users\mrkys\workspace\NTD-PL\multirun\neurips-lowrank-core\run\cave_hsi_random_id06_seed1_mr0.5_ntdpl_r12_12_3,0.5003169890372984,1.0,0.07692471146583557,11.075641166213709,-10.429717132522526,22.278682002619938,0.8767310962388338,51.061943366708164,0.07781628519296646,10.947144469655486,-10.32548798655338,22.178589679177357,0.873813607335266,51.71755484849364
cave_hsi,6,random-missing-completion,random,1,0.5,tucker,"(12,12,3)","(128,128)",1.00139509991277,C:\Users\mrkys\workspace\NTD-PL\multirun\neurips-lowrank-core\benchmark\cave_hsi_random_id06_seed1_mr0.5_tucker_r12_12_3,0.5003169890372984,1.0,0.07837313604362652,11.272526877941353,-10.26769036567141,22.116655498176687,0.8714229144353374,52.80637786779878,0.07918222513653954,11.18910816691023,-10.174344070677348,22.027445962021737,0.868696753564501,53.351579745978526
cave_hsi,7,random-missing-completion,random,1,0.5,ntdpl,"(12,12,3)","(128,128)",4.048003300093114,C:\Users\mrkys\workspace\NTD-PL\multirun\neurips-lowrank-core\run\cave_hsi_random_id07_seed1_mr0.5_ntdpl_r12_12_3,0.5003169890372984,1.0,0.014828451909124851,26.32226708929656,-17.797135994729352,36.57808402668295,0.9902310119336027,30.264799060892845,0.015191111713647842,24.60160250692367,-17.560206286522725,36.36820886384434,0.9896841258877775,31.000042117802124
cave_hsi,7,random-missing-completion,random,1,0.5,tucker,"(12,12,3)","(128,128)",1.028433799976483,C:\Users\mrkys\workspace\NTD-PL\multirun\neurips-lowrank-core\benchmark\cave_hsi_random_id07_seed1_mr0.5_tucker_r12_12_3,0.5003169890372984,1.0,0.01612891051371549,29.64586861406886,-17.066951572814016,35.84789935260726,0.9883935965216387,32.7839377108389,0.0165268306993295,27.333305921879425,-16.8282059531505,35.63620843584176,0.987740405946572,33.6079441518982
cave_hsi,8,random-missing-completion,random,1,0.5,ntdpl,"(12,12,3)","(128,128)",4.245886699995026,C:\Users\mrkys\workspace\NTD-PL\multirun\neurips-lowrank-core\run\cave_hsi_random_id08_seed1_mr0.5_ntdpl_r12_12_3,0.5003169890372984,1.0,0.044446881860494614,20.5517807703597,-13.831601032954488,27.04317381478215,0.9691210201799036,35.76857472973426,0.045182421803474426,19.257213730732538,-13.670460922373458,26.900610104874808,0.9679438881928863,36.42066658477971
cave_hsi,8,random-missing-completion,random,1,0.5,tucker,"(12,12,3)","(128,128)",0.9963763999985531,C:\Users\mrkys\workspace\NTD-PL\multirun\neurips-lowrank-core\benchmark\cave_hsi_random_id08_seed1_mr0.5_tucker_r12_12_3,0.5003169890372984,1.0,0.05095962422029469,26.63231226284428,-12.643903060990882,25.85547566355386,0.959229522036444,41.432826793760434,0.051692741823740444,25.358939472999545,-12.501259619420473,25.73140863800007,0.9578579885606354,42.0968622641969
cave_hsi,9,random-missing-completion,random,1,0.5,ntdpl,"(12,12,3)","(128,128)",4.599091700045392,C:\Users\mrkys\workspace\NTD-PL\multirun\neurips-lowrank-core\run\cave_hsi_random_id09_seed1_mr0.5_ntdpl_r12_12_3,0.5003169890372984,1.0,0.0317159928381443,25.849151772432702,-14.510462432494997,29.97443358775982,0.9767423361986943,39.862712382971466,0.03233051672577858,23.474018735322257,-14.339308696464164,29.807746859439494,0.9757984373892413,40.546830665643654
cave_hsi,9,random-missing-completion,random,1,0.5,tucker,"(12,12,3)","(128,128)",1.006891000084579,C:\Users\mrkys\workspace\NTD-PL\multirun\neurips-lowrank-core\benchmark\cave_hsi_random_id09_seed1_mr0.5_tucker_r12_12_3,0.5003169890372984,1.0,0.035021445515860256,33.5935538523043,-13.649347231985667,29.113318646144783,0.9715553840919106,44.111331209291095,0.03559147575598197,31.691786367543042,-13.504641632946646,28.973080082917125,0.9705758755432435,44.777741553055215
cave_hsi,10,random-missing-completion,random,1,0.5,ntdpl,"(12,12,3)","(128,128)",4.615800399915315,C:\Users\mrkys\workspace\NTD-PL\multirun\neurips-lowrank-core\run\cave_hsi_random_id10_seed1_mr0.5_ntdpl_r12_12_3,0.5003169890372984,1.0,0.03004104644060135,19.252308214718,-15.92701928986838,30.445698784275557,0.9792629894676481,25.617796910927616,0.030420195311307907,17.975757037776255,-15.818283398587273,30.336759565084993,0.9787396205162923,25.98920037994542
cave_hsi,10,random-missing-completion,random,1,0.5,tucker,"(12,12,3)","(128,128)",1.021195000037551,C:\Users\mrkys\workspace\NTD-PL\multirun\neurips-lowrank-core\benchmark\cave_hsi_random_id10_seed1_mr0.5_tucker_r12_12_3,0.5003169890372984,1.0,0.033413251201888046,19.265463327976388,-15.002945956537904,29.521625284996986,0.9742907312373289,28.9685292291481,0.03378674811396106,17.850509826789867,-14.90659565439933,29.42507211840811,0.9737218205468107,29.32353785341622
cave_hsi,11,random-missing-completion,random,1,0.5,ntdpl,"(12,12,3)","(128,128)",4.301278300001286,C:\Users\mrkys\workspace\NTD-PL\multirun\neurips-lowrank-core\run\cave_hsi_random_id11_seed1_mr0.5_ntdpl_r12_12_3,0.5003169890372984,1.0,0.06086127832531929,17.796459821885193,-11.857395937612731,24.313178693019417,0.929766597304681,38.72034218845265,0.061271246522665024,16.999658416792755,-11.811631623762018,24.254865520203065,0.9291238873635457,38.98588815081177
cave_hsi,11,random-missing-completion,random,1,0.5,tucker,"(12,12,3)","(128,128)",0.9405605999054387,C:\Users\mrkys\workspace\NTD-PL\multirun\neurips-lowrank-core\benchmark\cave_hsi_random_id11_seed1_mr0.5_tucker_r12_12_3,0.5003169890372984,1.0,0.06775466642023485,19.223237718441926,-10.925433118975292,23.38121577120595,0.911609480547754,43.406603776230526,0.06811681808959662,18.648332373300214,-10.891678731025445,23.33491294478336,0.9111081002302308,43.61515722112169
cave_hsi,12,random-missing-completion,random,1,0.5,ntdpl,"(12,12,3)","(128,128)",4.086291800020263,C:\Users\mrkys\workspace\NTD-PL\multirun\neurips-lowrank-core\run\cave_hsi_random_id12_seed1_mr0.5_ntdpl_r12_12_3,0.5003169890372984,1.0,0.023043377324938774,9.016532962928434,-24.21501097328065,32.74907749329635,0.9964186982837977,11.370325142916084,0.023255841806530952,8.503649588554023,-24.13645242014928,32.66935867040276,0.9963537948268006,11.481984160856747
cave_hsi,12,random-missing-completion,random,1,0.5,tucker,"(12,12,3)","(128,128)",0.9631693999981508,C:\Users\mrkys\workspace\NTD-PL\multirun\neurips-lowrank-core\benchmark\cave_hsi_random_id12_seed1_mr0.5_tucker_r12_12_3,0.5003169890372984,1.0,0.02992360944887164,10.733288269830734,-21.94565410040012,30.47972044263385,0.9939503120904625,14.369137806520312,0.030125090437557164,10.109710785957663,-21.888526704296197,30.42143281267473,0.9938730915536738,14.493054053878248
cave_hsi,13,random-missing-completion,random,1,0.5,ntdpl,"(12,12,3)","(128,128)",4.2498706000624225,C:\Users\mrkys\workspace\NTD-PL\multirun\neurips-lowrank-core\run\cave_hsi_random_id13_seed1_mr0.5_ntdpl_r12_12_3,0.5003169890372984,1.0,0.037487633526325226,24.107531551073073,-15.539345838749943,28.522239224888484,0.9801270819546206,30.9915864898193,0.0378585010766983,22.547081462470423,-15.43482532167342,28.436731541043635,0.9796370512440232,31.3778880125561
cave_hsi,13,random-missing-completion,random,1,0.5,tucker,"(12,12,3)","(128,128)",0.9750780001049861,C:\Users\mrkys\workspace\NTD-PL\multirun\neurips-lowrank-core\benchmark\cave_hsi_random_id13_seed1_mr0.5_tucker_r12_12_3,0.5003169890372984,1.0,0.04148673333249319,30.28317829133055,-14.658921495719424,27.641815203890552,0.9756140014142304,34.274333248375214,0.04182901517252135,29.001011051816516,-14.568541136949841,27.570447207634125,0.9750948182043981,34.65231775947461
cave_hsi,14,random-missing-completion,random,1,0.5,ntdpl,"(12,12,3)","(128,128)",4.30056170001626,C:\Users\mrkys\workspace\NTD-PL\multirun\neurips-lowrank-core\run\cave_hsi_random_id14_seed1_mr0.5_ntdpl_r12_12_3,0.5003169890372984,1.0,0.02379952371120453,28.49787067551473,-13.943987744239642,32.468634966452505,0.9751043555197195,48.57532602465569,0.024230072274804115,26.16219506784862,-13.79897177300878,32.31290625734209,0.9742697940257932,49.115681886519155
cave_hsi,14,random-missing-completion,random,1,0.5,tucker,"(12,12,3)","(128,128)",1.0171193999703974,C:\Users\mrkys\workspace\NTD-PL\multirun\neurips-lowrank-core\benchmark\cave_hsi_random_id14_seed1_mr0.5_tucker_r12_12_3,0.5003169890372984,1.0,0.027086541846078678,27.968109715981974,-12.820281568506463,31.344928760933534,0.9674859726227887,56.26781220072636,0.02744153238913073,25.990466933017846,-12.71789845836637,31.231832808604835,0.9667389988549743,56.60108426025944
cave_hsi,15,random-missing-completion,random,1,0.5,ntdpl,"(12,12,3)","(128,128)",4.193042099941522,C:\Users\mrkys\workspace\NTD-PL\multirun\neurips-lowrank-core\run\cave_hsi_random_id15_seed1_mr0.5_ntdpl_r12_12_3,0.5003169890372984,1.0,0.027193060144782066,25.595207742342108,-15.819600211111629,31.31083851900771,0.9807566901952353,28.739932291563612,0.02757975272834301,22.949681737280798,-15.706165451040683,31.188192966217684,0.9802272896097601,29.145933971168823
cave_hsi,15,random-missing-completion,random,1,0.5,tucker,"(12,12,3)","(128,128)",1.0241230999818072,C:\Users\mrkys\workspace\NTD-PL\multirun\neurips-lowrank-core\benchmark\cave_hsi_random_id15_seed1_mr0.5_tucker_r12_12_3,0.5003169890372984,1.0,0.029878855444220163,26.896104306684265,-15.00148248722958,30.492720857199636,0.9766978013438811,32.07256488768959,0.030253057950582696,24.331990191532757,-14.902587157239495,30.384614414317742,0.9761324265839495,32.48001235487569
cave_hsi,1,random-missing-completion,random,2,0.5,ntdpl,"(12,12,3)","(128,128)",4.372504399972968,C:\Users\mrkys\workspace\NTD-PL\multirun\neurips-lowrank-core\run\cave_hsi_random_id01_seed2_mr0.5_ntdpl_r12_12_3,0.4997617660030242,2.0,0.023907190188765526,11.791890529242163,-18.948888599069086,32.42942936869321,0.988177408800701,16.7574701815997,0.024232635274529457,11.123375245075218,-18.798017149229146,32.31198732714953,0.9877666267680003,17.044966952948172
cave_hsi,1,random-missing-completion,random,2,0.5,tucker,"(12,12,3)","(128,128)",1.028895499999635,C:\Users\mrkys\workspace\NTD-PL\multirun\neurips-lowrank-core\benchmark\cave_hsi_random_id01_seed2_mr0.5_tucker_r12_12_3,0.4997617660030242,2.0,0.025637490898247003,12.627836771881256,-18.341948661992127,31.822489616112154,0.986397567669493,17.976132703427368,0.025884251621546905,12.03701845400628,-18.225317691572332,31.73928774080575,0.9860359039275375,18.216044200117757
cave_hsi,2,random-missing-completion,random,2,0.5,ntdpl,"(12,12,3)","(128,128)",6.998372399946675,C:\Users\mrkys\workspace\NTD-PL\multirun\neurips-lowrank-core\run\cave_hsi_random_id02_seed2_mr0.5_ntdpl_r12_12_3,0.4997617660030242,2.0,0.10494575649499893,28.251947130351873,-6.102871331001926,19.58070217929833,0.7675103168657427,95.80815961678584,0.10613257437944412,26.97596051615558,-5.984573594626519,19.48302603606155,0.761210535294727,96.42657335709514
cave_hsi,2,random-missing-completion,random,2,0.5,tucker,"(12,12,3)","(128,128)",1.0114658999955282,C:\Users\mrkys\workspace\NTD-PL\multirun\neurips-lowrank-core\benchmark\cave_hsi_random_id02_seed2_mr0.5_tucker_r12_12_3,0.4997617660030242,2.0,0.11160104309523707,30.85004772533847,-5.56880358456688,19.04663492366979,0.7293367505336015,98.86920591590692,0.11230579268553649,29.856410055866164,-5.493504465690471,18.991956848683117,0.7251758321272065,99.2354682567249
cave_hsi,3,random-missing-completion,random,2,0.5,ntdpl,"(12,12,3)","(128,128)",6.5644717999966815,C:\Users\mrkys\workspace\NTD-PL\multirun\neurips-lowrank-core\run\cave_hsi_random_id03_seed2_mr0.5_ntdpl_r12_12_3,0.4997617660030242,2.0,0.043109700083732605,31.820333477452472,-9.916626140134795,27.308499926952223,0.9254401216329404,56.31160437430841,0.04360152408480644,29.728345424540993,-9.819533351185108,27.209966844237794,0.9236386554753545,57.05894393747699
cave_hsi,3,random-missing-completion,random,2,0.5,tucker,"(12,12,3)","(128,128)",1.0782258999533951,C:\Users\mrkys\workspace\NTD-PL\multirun\neurips-lowrank-core\benchmark\cave_hsi_random_id03_seed2_mr0.5_tucker_r12_12_3,0.4997617660030242,2.0,0.04564403865774219,30.49600776150816,-9.420444653806939,26.812318709628368,0.9151688800115811,62.00604911882345,0.046140760208629505,28.604219750611993,-9.327871527969334,26.718305087632235,0.9131523339416441,62.712291015120314
cave_hsi,4,random-missing-completion,random,2,0.5,ntdpl,"(12,12,3)","(128,128)",6.340713599929586,C:\Users\mrkys\workspace\NTD-PL\multirun\neurips-lowrank-core\run\cave_hsi_random_id04_seed2_mr0.5_ntdpl_r12_12_3,0.4997617660030242,2.0,0.04175370931625366,17.541996448849716,-16.98755051922604,27.586098746824675,0.9858674850677999,26.604079958910653,0.04230183735489845,16.68373011779061,-16.88255992139473,27.4728158280533,0.9855073081514647,26.889466943519025
cave_hsi,4,random-missing-completion,random,2,0.5,tucker,"(12,12,3)","(128,128)",1.0100504000438377,C:\Users\mrkys\workspace\NTD-PL\multirun\neurips-lowrank-core\benchmark\cave_hsi_random_id04_seed2_mr0.5_tucker_r12_12_3,0.4997617660030242,2.0,0.045306185748641294,22.324027590910838,-16.2783018224508,26.876849976034485,0.9833470980989747,28.56441323060431,0.04585202379640693,21.68446394531854,-16.182573919090316,26.772829817451736,0.9829575991515805,28.84795752645275
cave_hsi,5,random-missing-completion,random,2,0.5,ntdpl,"(12,12,3)","(128,128)",6.804400100023486,C:\Users\mrkys\workspace\NTD-PL\multirun\neurips-lowrank-core\run\cave_hsi_random_id05_seed2_mr0.5_ntdpl_r12_12_3,0.4997617660030242,2.0,0.014243356883525848,27.634332753716144,-21.129898462226777,36.92775314989695,0.9953071463615808,28.39417758410805,0.014565316028892994,24.59255242710543,-20.9525392406853,36.733601573541144,0.99511047916725,28.852617087358638
cave_hsi,5,random-missing-completion,random,2,0.5,tucker,"(12,12,3)","(128,128)",1.0055334999924526,C:\Users\mrkys\workspace\NTD-PL\multirun\neurips-lowrank-core\benchmark\cave_hsi_random_id05_seed2_mr0.5_tucker_r12_12_3,0.4997617660030242,2.0,0.016384460201196917,30.71156590563055,-19.91350286671569,35.71135724431778,0.9937747929910142,31.440643685544163,0.016698842014684367,27.52059822102695,-19.765210461155597,35.546272881323056,0.9935559196598426,31.851137793833118
cave_hsi,6,random-missing-completion,random,2,0.5,ntdpl,"(12,12,3)","(128,128)",7.210222200024873,C:\Users\mrkys\workspace\NTD-PL\multirun\neurips-lowrank-core\run\cave_hsi_random_id06_seed2_mr0.5_ntdpl_r12_12_3,0.4997617660030242,2.0,0.07690585404634476,11.149741692051752,-10.43184709404084,22.280811965139115,0.8766990235693379,50.738460427811304,0.07766752690076828,11.035221909161898,-10.338017709620823,22.195210966610276,0.8743019387173903,51.380524713954124
cave_hsi,6,random-missing-completion,random,2,0.5,tucker,"(12,12,3)","(128,128)",1.0161507999291644,C:\Users\mrkys\workspace\NTD-PL\multirun\neurips-lowrank-core\benchmark\cave_hsi_random_id06_seed2_mr0.5_tucker_r12_12_3,0.4997617660030242,2.0,0.0783309083988333,11.410073311630272,-10.2723716063188,22.121336738824077,0.8714630622553288,52.56672975531944,0.07897739799644012,11.328497449738546,-10.192750604362594,22.04994357415787,0.8693535502711404,53.10275673376209
cave_hsi,7,random-missing-completion,random,2,0.5,ntdpl,"(12,12,3)","(128,128)",6.557872899924405,C:\Users\mrkys\workspace\NTD-PL\multirun\neurips-lowrank-core\run\cave_hsi_random_id07_seed2_mr0.5_ntdpl_r12_12_3,0.4997617660030242,2.0,0.014929455704987049,25.791743945555233,-17.738172871043396,36.519120699226974,0.990093106339007,30.45909084004192,0.015228633768856525,23.989023938081438,-17.605436259404172,36.346781255417355,0.9897830357035594,30.99822414591976
cave_hsi,7,random-missing-completion,random,2,0.5,tucker,"(12,12,3)","(128,128)",1.0414370999205858,C:\Users\mrkys\workspace\NTD-PL\multirun\neurips-lowrank-core\benchmark\cave_hsi_random_id07_seed2_mr0.5_tucker_r12_12_3,0.4997617660030242,2.0,0.016234537078225954,30.034296659237476,-17.010254032340974,35.79120181213421,0.9882368470218312,32.96846818475239,0.01654770549723479,27.669558822502857,-16.883899606766303,35.625244338639,0.9878938274359972,33.535538386991476
cave_hsi,8,random-missing-completion,random,2,0.5,ntdpl,"(12,12,3)","(128,128)",6.637702099978924,C:\Users\mrkys\workspace\NTD-PL\multirun\neurips-lowrank-core\run\cave_hsi_random_id08_seed2_mr0.5_ntdpl_r12_12_3,0.4997617660030242,2.0,0.04435199499130249,20.573352435356398,-13.85016432186794,27.061736994828493,0.9692373419533497,35.69453876396848,0.04497247561812401,19.25845638546548,-13.722976239930297,26.941064265627244,0.9683334190141437,36.1992436683361
cave_hsi,8,random-missing-completion,random,2,0.5,tucker,"(12,12,3)","(128,128)",1.0021268000127748,C:\Users\mrkys\workspace\NTD-PL\multirun\neurips-lowrank-core\benchmark\cave_hsi_random_id08_seed2_mr0.5_tucker_r12_12_3,0.4997617660030242,2.0,0.05089495208547761,26.723016006250568,-12.654933200657496,25.866505803220477,0.9592987606781381,41.422971828048055,0.0513942719097334,25.44446577090165,-12.563618112684997,25.78170564212567,0.9584511961531479,41.82771760238088
cave_hsi,9,random-missing-completion,random,2,0.5,ntdpl,"(12,12,3)","(128,128)",6.325864099897444,C:\Users\mrkys\workspace\NTD-PL\multirun\neurips-lowrank-core\run\cave_hsi_random_id09_seed2_mr0.5_ntdpl_r12_12_3,0.4997617660030242,2.0,0.03179517015814781,25.89462069475875,-14.488804843927978,29.952776497284113,0.9766173938559427,40.00947284785716,0.0324515737593174,23.453339020240758,-14.327582482363795,29.775284990423884,0.9757248853695062,40.493113779411146
cave_hsi,9,random-missing-completion,random,2,0.5,tucker,"(12,12,3)","(128,128)",1.0269107999047264,C:\Users\mrkys\workspace\NTD-PL\multirun\neurips-lowrank-core\benchmark\cave_hsi_random_id09_seed2_mr0.5_tucker_r12_12_3,0.4997617660030242,2.0,0.035052641832754534,33.56930185670694,-13.641613480643,29.105584894802114,0.9714947588203378,44.164317841953434,0.0356378463301285,31.623615084128637,-13.514068417558981,28.9617709833892,0.9706313078097717,44.576686226220744
cave_hsi,10,random-missing-completion,random,2,0.5,ntdpl,"(12,12,3)","(128,128)",7.116800599964336,C:\Users\mrkys\workspace\NTD-PL\multirun\neurips-lowrank-core\run\cave_hsi_random_id10_seed2_mr0.5_ntdpl_r12_12_3,0.4997617660030242,2.0,0.030479000881314278,19.07630671198858,-15.801305974748399,30.319985245455968,0.9786226178940872,26.02503425297238,0.030882135033607483,17.78237271962013,-15.693353185866574,30.205853657444578,0.9780897893292773,26.361928111074306
cave_hsi,10,random-missing-completion,random,2,0.5,tucker,"(12,12,3)","(128,128)",1.0165840000845492,C:\Users\mrkys\workspace\NTD-PL\multirun\neurips-lowrank-core\benchmark\cave_hsi_random_id10_seed2_mr0.5_tucker_r12_12_3,0.4997617660030242,2.0,0.03346355030404524,19.17110188305781,-14.989880363603628,29.508559692062715,0.974197616988994,28.987636152458094,0.03394731415051286,17.78112004972589,-14.871391046140616,29.383891612208004,0.973485567222737,29.374611134036243
cave_hsi,11,random-missing-completion,random,2,0.5,ntdpl,"(12,12,3)","(128,128)",6.8128373000072315,C:\Users\mrkys\workspace\NTD-PL\multirun\neurips-lowrank-core\run\cave_hsi_random_id11_seed2_mr0.5_ntdpl_r12_12_3,0.4997617660030242,2.0,0.06059912592172623,17.734495604775873,-11.894889880485955,24.350672540850617,0.9304435219341398,38.55368202138908,0.061183467507362366,16.98752983184299,-11.82226978173482,24.26731838765666,0.9293038495787656,38.84939231764315
cave_hsi,11,random-missing-completion,random,2,0.5,tucker,"(12,12,3)","(128,128)",0.9855666999937966,C:\Users\mrkys\workspace\NTD-PL\multirun\neurips-lowrank-core\benchmark\cave_hsi_random_id11_seed2_mr0.5_tucker_r12_12_3,0.4997617660030242,2.0,0.06777363716345854,19.27969854198585,-10.92300148250214,23.3787841347328,0.9115523266624432,43.33640611927714,0.06830706072354806,18.73463156848149,-10.865639468283385,23.31068804209846,0.9104182785933077,43.58444739187066
cave_hsi,12,random-missing-completion,random,2,0.5,ntdpl,"(12,12,3)","(128,128)",6.670637900009751,C:\Users\mrkys\workspace\NTD-PL\multirun\neurips-lowrank-core\run\cave_hsi_random_id12_seed2_mr0.5_ntdpl_r12_12_3,0.4997617660030242,2.0,0.022863471880555153,8.956549183876788,-24.28308979638219,32.81715604175423,0.9964753575368547,11.216944889007591,0.0230858251452446,8.44305122366961,-24.177991997376175,32.733091697650984,0.9963956572902414,11.339612797713425
cave_hsi,12,random-missing-completion,random,2,0.5,tucker,"(12,12,3)","(128,128)",0.9901523999869823,C:\Users\mrkys\workspace\NTD-PL\multirun\neurips-lowrank-core\benchmark\cave_hsi_random_id12_seed2_mr0.5_tucker_r12_12_3,0.4997617660030242,2.0,0.029951482873643555,10.730259767632226,-21.93756708125737,30.471633423491102,0.9939398894011959,14.30281544365624,0.03015038208962089,10.117690353386221,-21.859043818919073,30.414143595277604,0.9938415475450407,14.415033158324198
cave_hsi,13,random-missing-completion,random,2,0.5,ntdpl,"(12,12,3)","(128,128)",5.93577290000394,C:\Users\mrkys\workspace\NTD-PL\multirun\neurips-lowrank-core\run\cave_hsi_random_id13_seed2_mr0.5_ntdpl_r12_12_3,0.4997617660030242,2.0,0.037786226719617844,24.103533394975862,-15.470435791069095,28.45332971963034,0.9798174763003623,31.198928963637417,0.03827250748872757,22.44334871621752,-15.360670257943955,28.342261189380128,0.9793149745580768,31.632857930549267
cave_hsi,13,random-missing-completion,random,2,0.5,tucker,"(12,12,3)","(128,128)",1.029138799989596,C:\Users\mrkys\workspace\NTD-PL\multirun\neurips-lowrank-core\benchmark\cave_hsi_random_id13_seed2_mr0.5_tucker_r12_12_3,0.4997617660030242,2.0,0.04158962663077967,29.625293577758143,-14.637405861409238,27.620299569580364,0.975509417966711,34.31480186066134,0.041939048440888034,28.30814684279713,-14.56603720162806,27.54762855016491,0.9751258243168183,34.6482823972138
cave_hsi,14,random-missing-completion,random,2,0.5,ntdpl,"(12,12,3)","(128,128)",6.088213699986227,C:\Users\mrkys\workspace\NTD-PL\multirun\neurips-lowrank-core\run\cave_hsi_random_id14_seed2_mr0.5_ntdpl_r12_12_3,0.4997617660030242,2.0,0.02363971434533596,28.592003216084088,-14.002508153106792,32.527155812739444,0.9754572293392595,47.784261915302764,0.023903964087367058,26.231458255872717,-13.88263565283593,32.43060209015627,0.974775187229712,47.906686555292005
cave_hsi,14,random-missing-completion,random,2,0.5,tucker,"(12,12,3)","(128,128)",1.018653400009498,C:\Users\mrkys\workspace\NTD-PL\multirun\neurips-lowrank-core\benchmark\cave_hsi_random_id14_seed2_mr0.5_tucker_r12_12_3,0.4997617660030242,2.0,0.027172990922306395,27.911132357438376,-12.792603933536917,31.317251125963985,0.9672703323456623,55.572883177454536,0.027300816126032502,25.907030765218614,-12.72852115575658,31.27648740077123,0.9667924346273086,55.309387526279764
cave_hsi,15,random-missing-completion,random,2,0.5,ntdpl,"(12,12,3)","(128,128)",4.367956700036302,C:\Users\mrkys\workspace\NTD-PL\multirun\neurips-lowrank-core\run\cave_hsi_random_id15_seed2_mr0.5_ntdpl_r12_12_3,0.4997617660030242,2.0,0.027154481038451195,25.084735828629167,-15.831931750315531,31.323170051152548,0.9808255782327523,28.819244874438,0.02758685313165188,22.405815119391022,-15.70086129143707,31.185956797431786,0.9802334402101025,29.168856416453835
cave_hsi,15,random-missing-completion,random,2,0.5,tucker,"(12,12,3)","(128,128)",1.0288391000358388,C:\Users\mrkys\workspace\NTD-PL\multirun\neurips-lowrank-core\benchmark\cave_hsi_random_id15_seed2_mr0.5_tucker_r12_12_3,0.4997617660030242,2.0,0.029857862135561863,26.3333774767828,-15.007587461759094,30.49882583172915,0.9767451666355427,32.16331225687043,0.030261272730469815,23.720651197971925,-14.897160558335433,30.382256206893622,0.9761456226729311,32.49728908157514
cave_hsi,1,random-missing-completion,random,0,0.5,ntdpl,"(16,16,3)","(128,128)",7.35275790002197,C:\Users\mrkys\workspace\NTD-PL\multirun\neurips-lowrank-core\run\cave_hsi_random_id01_seed0_mr0.5_ntdpl_r16_16_3,0.5002205141129032,0.0,0.02068217471241951,11.439117273504683,-20.20753470308832,33.68807586228057,0.9911763835128726,14.528224157643251,0.021038930863142014,10.827128841238906,-20.052930936839353,33.53952693680484,0.9908684070056548,14.788952088252211
cave_hsi,1,random-missing-completion,random,0,0.5,tucker,"(16,16,3)","(128,128)",1.0535142999142408,C:\Users\mrkys\workspace\NTD-PL\multirun\neurips-lowrank-core\benchmark\cave_hsi_random_id01_seed0_mr0.5_tucker_r16_16_3,0.5002205141129032,0.0,0.02199619461618186,12.191019743776584,-19.67250797501942,33.153048929139445,0.9900230117584554,15.459807845098839,0.02234830481099897,11.59278877419787,-19.52851225467783,33.01510827762093,0.9897009315684477,15.720430159040061
cave_hsi,2,random-missing-completion,random,0,0.5,ntdpl,"(16,16,3)","(128,128)",7.603491799905896,C:\Users\mrkys\workspace\NTD-PL\multirun\neurips-lowrank-core\run\cave_hsi_random_id02_seed0_mr0.5_ntdpl_r16_16_3,0.5002205141129032,0.0,0.09400294721126556,27.00453997887431,-7.05933916303353,20.537170953899114,0.8214463141559905,87.61409011113595,0.095672108232975,25.756586149707665,-6.884501215501265,20.3842934415048,0.8140693103929149,88.78439983538954
cave_hsi,2,random-missing-completion,random,0,0.5,tucker,"(16,16,3)","(128,128)",0.9909768999787048,C:\Users\mrkys\workspace\NTD-PL\multirun\neurips-lowrank-core\benchmark\cave_hsi_random_id02_seed0_mr0.5_tucker_r16_16_3,0.5002205141129032,0.0,0.10250570309590439,30.87675625756701,-6.307208083953643,19.785039423056553,0.7808705187089359,92.33157149450804,0.10388294982735712,30.000747892046498,-6.169322295783167,19.669114535580377,0.7739812454564475,93.40547471405264
cave_hsi,3,random-missing-completion,random,0,0.5,ntdpl,"(16,16,3)","(128,128)",7.561193299945444,C:\Users\mrkys\workspace\NTD-PL\multirun\neurips-lowrank-core\run\cave_hsi_random_id03_seed0_mr0.5_ntdpl_r16_16_3,0.5002205141129032,0.0,0.04065689817070961,32.2030743146503,-10.425440712516194,27.81731472682692,0.934363369068649,51.099628233531156,0.04151032865047455,29.88029936992576,-10.265005881151446,27.636876098191525,0.9318648019656477,52.3776000586536
cave_hsi,3,random-missing-completion,random,0,0.5,tucker,"(16,16,3)","(128,128)",1.0682616999838501,C:\Users\mrkys\workspace\NTD-PL\multirun\neurips-lowrank-core\benchmark\cave_hsi_random_id03_seed0_mr0.5_tucker_r16_16_3,0.5002205141129032,0.0,0.04375726394808447,31.19292121397078,-9.787122771545775,27.178996827367207,0.9229078240418906,57.663427178572434,0.04460241466446106,28.947730196904274,-9.640962429120028,27.012832580436882,0.92020990575501,58.86093281098267
cave_hsi,4,random-missing-completion,random,0,0.5,ntdpl,"(16,16,3)","(128,128)",7.97091899998486,C:\Users\mrkys\workspace\NTD-PL\multirun\neurips-lowrank-core\run\cave_hsi_random_id04_seed0_mr0.5_ntdpl_r16_16_3,0.5002205141129032,0.0,0.03577830642461777,17.430530563057424,-18.329056150959506,28.92760434870876,0.9896608833279181,22.86681487621061,0.03647059574723244,16.582270524885896,-18.143511388426646,28.761143284288124,0.9892180526840612,23.376135605870157
cave_hsi,4,random-missing-completion,random,0,0.5,tucker,"(16,16,3)","(128,128)",1.039424299960956,C:\Users\mrkys\workspace\NTD-PL\multirun\neurips-lowrank-core\benchmark\cave_hsi_random_id04_seed0_mr0.5_tucker_r16_16_3,0.5002205141129032,0.0,0.03904438609917074,21.465005256946498,-17.57027987161001,28.168828025193697,0.9876783834304141,24.613565973521588,0.0396837674613408,20.863515534285575,-17.410110564235303,28.027742078138836,0.9872261768108058,25.078787473174298
cave_hsi,5,random-missing-completion,random,0,0.5,ntdpl,"(16,16,3)","(128,128)",8.023082899977453,C:\Users\mrkys\workspace\NTD-PL\multirun\neurips-lowrank-core\run\cave_hsi_random_id05_seed0_mr0.5_ntdpl_r16_16_3,0.5002205141129032,0.0,0.013548951596021652,27.535618945500286,-21.56403150782449,37.36188612152962,0.9957568947435694,26.97472594817502,0.013802284374833107,24.542052418438747,-21.39047899597363,37.20098037973646,0.9955843956255902,27.228284003003644
cave_hsi,5,random-missing-completion,random,0,0.5,tucker,"(16,16,3)","(128,128)",1.0304525000974536,C:\Users\mrkys\workspace\NTD-PL\multirun\neurips-lowrank-core\benchmark\cave_hsi_random_id05_seed0_mr0.5_tucker_r16_16_3,0.5002205141129032,0.0,0.015512326316333357,29.81457816971119,-20.38860698322791,36.18646136083,0.9944347776684638,29.64887636995947,0.015771844409050773,26.606927566677463,-20.231848745728456,36.04235031879342,0.9942326191981881,29.918529558990727
cave_hsi,6,random-missing-completion,random,0,0.5,ntdpl,"(16,16,3)","(128,128)",7.926277999999002,C:\Users\mrkys\workspace\NTD-PL\multirun\neurips-lowrank-core\run\cave_hsi_random_id06_seed0_mr0.5_ntdpl_r16_16_3,0.5002205141129032,0.0,0.0715346708893776,10.474396135451503,-11.060703712212076,22.909668464240433,0.8951653403686438,46.59236654564277,0.07252728939056396,10.387143902102768,-10.93431127171819,22.789971247013128,0.8920381139390261,47.186851976676834
cave_hsi,6,random-missing-completion,random,0,0.5,tucker,"(16,16,3)","(128,128)",1.0224819999421015,C:\Users\mrkys\workspace\NTD-PL\multirun\neurips-lowrank-core\benchmark\cave_hsi_random_id06_seed0_mr0.5_tucker_r16_16_3,0.5002205141129032,0.0,0.07351484430676998,10.789423426042124,-10.823534031498772,22.67249916400405,0.888638856727744,48.99145399134852,0.0743796374611125,10.741387081989659,-10.715258507938126,22.570918855927594,0.8857682462160648,49.502966777603085
cave_hsi,7,random-missing-completion,random,0,0.5,ntdpl,"(16,16,3)","(128,128)",6.417594099999405,C:\Users\mrkys\workspace\NTD-PL\multirun\neurips-lowrank-core\run\cave_hsi_random_id07_seed0_mr0.5_ntdpl_r16_16_3,0.5002205141129032,0.0,0.012686045840382576,25.557209915859772,-19.15252686037247,37.933474498554574,0.9928689797018116,26.08631294304495,0.01306919939815998,23.841821885184235,-18.859183637202385,37.67502028727553,0.9923760524117416,26.942795425621473
cave_hsi,7,random-missing-completion,random,0,0.5,tucker,"(16,16,3)","(128,128)",1.0253891999600455,C:\Users\mrkys\workspace\NTD-PL\multirun\neurips-lowrank-core\benchmark\cave_hsi_random_id07_seed0_mr0.5_tucker_r16_16_3,0.5002205141129032,0.0,0.013735915134414,28.376002503127136,-18.461900241636396,37.24284802142964,0.9916079042336015,28.018653431348326,0.014133456663238259,26.300275169552528,-18.179195643473914,36.99503216829783,0.9910509770652502,28.9266205192863
cave_hsi,8,random-missing-completion,random,0,0.5,ntdpl,"(16,16,3)","(128,128)",7.209144200081937,C:\Users\mrkys\workspace\NTD-PL\multirun\neurips-lowrank-core\run\cave_hsi_random_id08_seed0_mr0.5_ntdpl_r16_16_3,0.5002205141129032,0.0,0.03866332024335861,20.024184353094693,-15.04244448180113,28.254017382883617,0.9767711025299208,31.108019445350717,0.03944970294833183,18.769705354568444,-14.86062342231769,28.07912503559033,0.9757675727892785,31.81262819412612
cave_hsi,8,random-missing-completion,random,0,0.5,tucker,"(16,16,3)","(128,128)",1.0467255000257865,C:\Users\mrkys\workspace\NTD-PL\multirun\neurips-lowrank-core\benchmark\cave_hsi_random_id08_seed0_mr0.5_tucker_r16_16_3,0.5002205141129032,0.0,0.04516285629848278,26.31192486906028,-13.692799380986756,26.904371983549737,0.9681893051391275,36.906790624448796,0.045937674944123603,25.106343966281354,-13.538118136350626,26.756619792959345,0.9670253405734612,37.653908651497034
cave_hsi,9,random-missing-completion,random,0,0.5,ntdpl,"(16,16,3)","(128,128)",7.143406399991363,C:\Users\mrkys\workspace\NTD-PL\multirun\neurips-lowrank-core\run\cave_hsi_random_id09_seed0_mr0.5_ntdpl_r16_16_3,0.5002205141129032,0.0,0.02756437472999096,25.201292432040155,-15.729065538705878,31.193036675761515,0.9825433032200909,35.45945347933616,0.028338195756077766,22.951579956241208,-15.504047783001749,30.952555462414217,0.9816119253173751,35.95763550749517
cave_hsi,9,random-missing-completion,random,0,0.5,tucker,"(16,16,3)","(128,128)",1.0295154000632465,C:\Users\mrkys\workspace\NTD-PL\multirun\neurips-lowrank-core\benchmark\cave_hsi_random_id09_seed0_mr0.5_tucker_r16_16_3,0.5002205141129032,0.0,0.03085604457705336,32.66581997457753,-14.749223520357148,30.213194934516263,0.9780681067778871,39.808862153468105,0.03160631643305513,30.849497400281024,-14.556014299064504,30.00452232364882,0.977072214030107,40.26296317010455
cave_hsi,10,random-missing-completion,random,0,0.5,ntdpl,"(16,16,3)","(128,128)",7.309166899998672,C:\Users\mrkys\workspace\NTD-PL\multirun\neurips-lowrank-core\run\cave_hsi_random_id10_seed0_mr0.5_ntdpl_r16_16_3,0.5002205141129032,0.0,0.02628222294151783,18.17099213399732,-17.08807904174487,31.606758252485392,0.9841982641872793,22.305578431560875,0.02678549475967884,16.910453970295183,-16.92927226674279,31.44200686837104,0.9836289075238555,22.72763578198441
cave_hsi,10,random-missing-completion,random,0,0.5,tucker,"(16,16,3)","(128,128)",1.0008599000284448,C:\Users\mrkys\workspace\NTD-PL\multirun\neurips-lowrank-core\benchmark\cave_hsi_random_id10_seed0_mr0.5_tucker_r16_16_3,0.5002205141129032,0.0,0.028938886214995626,18.21398089989094,-16.251684427511304,30.77036375597039,0.9808215356968726,25.035737706998066,0.02938765621582679,16.91338776961276,-16.12396627931416,30.636700985674416,0.9802702028912362,25.4225038098024
cave_hsi,11,random-missing-completion,random,0,0.5,ntdpl,"(16,16,3)","(128,128)",7.881668500020169,C:\Users\mrkys\workspace\NTD-PL\multirun\neurips-lowrank-core\run\cave_hsi_random_id11_seed0_mr0.5_ntdpl_r16_16_3,0.5002205141129032,0.0,0.050109002739191055,15.60166319073045,-13.545902548963532,26.00168485754796,0.9534359367401526,31.786328589851102,0.05069216340780258,14.86396754251139,-13.442300737024029,25.901183603410395,0.9522649389633489,32.11119274985367
cave_hsi,11,random-missing-completion,random,0,0.5,tucker,"(16,16,3)","(128,128)",1.0026953000342473,C:\Users\mrkys\workspace\NTD-PL\multirun\neurips-lowrank-core\benchmark\cave_hsi_random_id11_seed0_mr0.5_tucker_r16_16_3,0.5002205141129032,0.0,0.05487346381912705,16.935623658633425,-12.756969840566143,25.212752492796803,0.9436458488635748,35.24394506123212,0.05545934061842393,16.343349561404885,-12.661623421348045,25.120505965081037,0.9423514042250611,35.564373697119244
cave_hsi,12,random-missing-completion,random,0,0.5,ntdpl,"(16,16,3)","(128,128)",7.925782199949026,C:\Users\mrkys\workspace\NTD-PL\multirun\neurips-lowrank-core\run\cave_hsi_random_id12_seed0_mr0.5_ntdpl_r16_16_3,0.5002205141129032,0.0,0.0219156164675951,8.888525289329703,-24.650860113337547,33.18492627547854,0.9967616519210809,10.95212737808332,0.022104399278759956,8.378462446298226,-24.573553135899328,33.11042559459685,0.9967051041406063,11.052770832703544
cave_hsi,12,random-missing-completion,random,0,0.5,tucker,"(16,16,3)","(128,128)",1.0045395999914035,C:\Users\mrkys\workspace\NTD-PL\multirun\neurips-lowrank-core\benchmark\cave_hsi_random_id12_seed0_mr0.5_tucker_r16_16_3,0.5002205141129032,0.0,0.029072436550700527,10.522642813029808,-22.196305030489807,30.730371372723532,0.994289657878236,14.019177057856917,0.029298667541965355,9.896624256799686,-22.126170198099416,30.66304260474739,0.9941999699543725,14.137898947320087
cave_hsi,13,random-missing-completion,random,0,0.5,ntdpl,"(16,16,3)","(128,128)",7.334491000045091,C:\Users\mrkys\workspace\NTD-PL\multirun\neurips-lowrank-core\run\cave_hsi_random_id13_seed0_mr0.5_ntdpl_r16_16_3,0.5002205141129032,0.0,0.031124159693717957,23.607857520298424,-17.155153567616896,30.138047435254993,0.9863886916842701,25.74027119562194,0.031748462468385696,21.99978956798821,-17.001308915710734,29.965545873585654,0.9858975934017727,26.20826204018412
cave_hsi,13,random-missing-completion,random,0,0.5,tucker,"(16,16,3)","(128,128)",1.0138171000871807,C:\Users\mrkys\workspace\NTD-PL\multirun\neurips-lowrank-core\benchmark\cave_hsi_random_id13_seed0_mr0.5_tucker_r16_16_3,0.5002205141129032,0.0,0.03454646664105751,27.978955359458524,-16.24903359149585,29.231927299666975,0.9832064987869483,28.593739355890712,0.035164158571491445,26.580876811366547,-16.11375874076592,29.077995403561324,0.9826719066602156,29.049273801541965
cave_hsi,14,random-missing-completion,random,0,0.5,ntdpl,"(16,16,3)","(128,128)",7.619779699947685,C:\Users\mrkys\workspace\NTD-PL\multirun\neurips-lowrank-core\run\cave_hsi_random_id14_seed0_mr0.5_ntdpl_r16_16_3,0.5002205141129032,0.0,0.020734598860144615,24.832553148488493,-15.141439806582612,33.666087263743464,0.9811933093763158,42.743343300981394,0.021144408732652664,22.8920954541678,-14.987688258594808,33.49608869431448,0.98049626357816,43.208336340949316
cave_hsi,14,random-missing-completion,random,0,0.5,tucker,"(16,16,3)","(128,128)",1.0637509999796748,C:\Users\mrkys\workspace\NTD-PL\multirun\neurips-lowrank-core\benchmark\cave_hsi_random_id14_seed0_mr0.5_tucker_r16_16_3,0.5002205141129032,0.0,0.022831484510939137,26.44433082531213,-14.304669799889167,32.82931699231624,0.9770699714787306,47.551953484447424,0.023202812926104974,24.569616725225156,-14.180786610766445,32.689187229568645,0.9763841039543173,47.9788388401127
cave_hsi,15,random-missing-completion,random,0,0.5,ntdpl,"(16,16,3)","(128,128)",7.104767499957234,C:\Users\mrkys\workspace\NTD-PL\multirun\neurips-lowrank-core\run\cave_hsi_random_id15_seed0_mr0.5_ntdpl_r16_16_3,0.5002205141129032,0.0,0.024098949506878853,22.176805849245802,-16.86879952080524,32.36003785813733,0.9849528109894006,25.421485373754937,0.024460749700665474,19.73677864051221,-16.71731969145984,32.23060489583821,0.9844279658724542,25.84166698502691
cave_hsi,15,random-missing-completion,random,0,0.5,tucker,"(16,16,3)","(128,128)",1.002295900019817,C:\Users\mrkys\workspace\NTD-PL\multirun\neurips-lowrank-core\benchmark\cave_hsi_random_id15_seed0_mr0.5_tucker_r16_16_3,0.5002205141129032,0.0,0.02653874748740655,24.1510975463387,-16.031153185719255,31.522391555689314,0.9817133338099562,28.46032786124728,0.02687673063970918,21.990515299152783,-15.899186472107871,31.4124712238883,0.9811633963694629,28.874696942374033
cave_hsi,1,random-missing-completion,random,1,0.5,ntdpl,"(16,16,3)","(128,128)",4.712972200009972,C:\Users\mrkys\workspace\NTD-PL\multirun\neurips-lowrank-core\run\cave_hsi_random_id01_seed1_mr0.5_ntdpl_r16_16_3,0.5003169890372984,1.0,0.02065330371260643,11.441269257839014,-20.21966866623851,33.70020976344545,0.9911972311123975,14.53185809132378,0.02093653753399849,10.839110455857075,-20.088822723821448,33.581903348671226,0.9909215754057384,14.750031972455705
cave_hsi,1,random-missing-completion,random,1,0.5,tucker,"(16,16,3)","(128,128)",0.9945679000811651,C:\Users\mrkys\workspace\NTD-PL\multirun\neurips-lowrank-core\benchmark\cave_hsi_random_id01_seed1_mr0.5_tucker_r16_16_3,0.5003169890372984,1.0,0.021940613129219837,12.168591893367086,-19.69448385100926,33.17502480512929,0.9900656262685499,15.457375784761837,0.022215656941172928,11.57690607329317,-19.57373634240977,33.06681679344722,0.9897766779443656,15.66824498118064
cave_hsi,2,random-missing-completion,random,1,0.5,ntdpl,"(16,16,3)","(128,128)",4.566459199995734,C:\Users\mrkys\workspace\NTD-PL\multirun\neurips-lowrank-core\run\cave_hsi_random_id02_seed1_mr0.5_ntdpl_r16_16_3,0.5003169890372984,1.0,0.09386758506298065,26.998882161430718,-7.071855715906571,20.549686994210585,0.8225806125990561,87.12125445048221,0.09551767259836197,25.749985876714852,-6.907255694614502,20.398325761018615,0.8159862149538258,88.34220801122363
cave_hsi,2,random-missing-completion,random,1,0.5,tucker,"(16,16,3)","(128,128)",1.1451962999999523,C:\Users\mrkys\workspace\NTD-PL\multirun\neurips-lowrank-core\benchmark\cave_hsi_random_id02_seed1_mr0.5_tucker_r16_16_3,0.5003169890372984,1.0,0.10246028212264131,30.75400157833252,-6.311057713608573,19.788889052711482,0.7814115194716271,92.14701779145271,0.10357713182001621,29.83602946176709,-6.203652438661815,19.694722386151355,0.7765320114046592,93.04442202020824
cave_hsi,3,random-missing-completion,random,1,0.5,ntdpl,"(16,16,3)","(128,128)",5.0522063000826165,C:\Users\mrkys\workspace\NTD-PL\multirun\neurips-lowrank-core\run\cave_hsi_random_id03_seed1_mr0.5_ntdpl_r16_16_3,0.5003169890372984,1.0,0.04096410423517227,31.373878672831275,-10.360056255837753,27.751930568694306,0.9333401275537061,51.97369178253963,0.04182884469628334,29.125989884818697,-10.179587980031283,27.570482044537204,0.9303993110297298,53.189915229365035
cave_hsi,3,random-missing-completion,random,1,0.5,tucker,"(16,16,3)","(128,128)",1.0814944999292493,C:\Users\mrkys\workspace\NTD-PL\multirun\neurips-lowrank-core\benchmark\cave_hsi_random_id03_seed1_mr0.5_tucker_r16_16_3,0.5003169890372984,1.0,0.04378933821639913,30.761628628817512,-9.780758308268396,27.172632364089825,0.9227498895237786,58.10908776683408,0.04455954715733827,28.649261457887526,-9.630290179105138,27.02118462781244,0.9198931910773034,59.13730193608138
cave_hsi,4,random-missing-completion,random,1,0.5,ntdpl,"(16,16,3)","(128,128)",6.757551299990155,C:\Users\mrkys\workspace\NTD-PL\multirun\neurips-lowrank-core\run\cave_hsi_random_id04_seed1_mr0.5_ntdpl_r16_16_3,0.5003169890372984,1.0,0.03571544215083122,17.36758459049036,-18.344331558601926,28.94287928222543,0.9896989306798079,22.812274691532682,0.036482490599155426,16.506560985275808,-18.167958261328923,28.75831021726434,0.9892691929983704,23.24814370864707
cave_hsi,4,random-missing-completion,random,1,0.5,tucker,"(16,16,3)","(128,128)",1.064677899936214,C:\Users\mrkys\workspace\NTD-PL\multirun\neurips-lowrank-core\benchmark\cave_hsi_random_id04_seed1_mr0.5_tucker_r16_16_3,0.5003169890372984,1.0,0.03886200886197285,21.22428026458863,-17.610946916961822,28.209495070545504,0.9877908312232647,24.5030306271002,0.039558586210747225,20.65245269889811,-17.464832856311038,28.055184762044615,0.9873668016312713,24.90053926986656
cave_hsi,5,random-missing-completion,random,1,0.5,ntdpl,"(16,16,3)","(128,128)",6.574762800009921,C:\Users\mrkys\workspace\NTD-PL\multirun\neurips-lowrank-core\run\cave_hsi_random_id05_seed1_mr0.5_ntdpl_r16_16_3,0.5003169890372984,1.0,0.013547874987125397,27.519542050195188,-21.564721829495955,37.36257627940263,0.9957571918157636,26.826864886396017,0.013805819675326347,24.57168035619234,-21.412501708132872,37.198755872450356,0.9956052208200493,26.89903006403026
cave_hsi,5,random-missing-completion,random,1,0.5,tucker,"(16,16,3)","(128,128)",1.1393584000179544,C:\Users\mrkys\workspace\NTD-PL\multirun\neurips-lowrank-core\benchmark\cave_hsi_random_id05_seed1_mr0.5_tucker_r16_16_3,0.5003169890372984,1.0,0.015515503092141744,29.798998639887582,-20.386828378362594,36.184682755964694,0.9944303039340204,29.608244568391363,0.015800489975217186,26.662960504382266,-20.24033463981828,36.02658890618537,0.9942385910118051,29.691809063736812
cave_hsi,6,random-missing-completion,random,1,0.5,ntdpl,"(16,16,3)","(128,128)",6.98356139997486,C:\Users\mrkys\workspace\NTD-PL\multirun\neurips-lowrank-core\run\cave_hsi_random_id06_seed1_mr0.5_ntdpl_r16_16_3,0.5003169890372984,1.0,0.07157633453607559,10.486241095084203,-11.055645891577717,22.904610884071325,0.8950285999888713,46.665292237387504,0.07271791994571686,10.366423135764492,-10.914068554703746,22.76717036119091,0.8915698790122162,47.440428550535444
cave_hsi,6,random-missing-completion,random,1,0.5,tucker,"(16,16,3)","(128,128)",1.0305221000453457,C:\Users\mrkys\workspace\NTD-PL\multirun\neurips-lowrank-core\benchmark\cave_hsi_random_id06_seed1_mr0.5_tucker_r16_16_3,0.5003169890372984,1.0,0.07353034079384037,10.732139969971445,-10.821703291146719,22.670668423651996,0.888570737586068,49.04651611124108,0.07451798250582217,10.658414724386045,-10.701676342102132,22.55477823344652,0.8854377697351388,49.68670355230723
cave_hsi,7,random-missing-completion,random,1,0.5,ntdpl,"(16,16,3)","(128,128)",7.557564799906686,C:\Users\mrkys\workspace\NTD-PL\multirun\neurips-lowrank-core\run\cave_hsi_random_id07_seed1_mr0.5_ntdpl_r16_16_3,0.5003169890372984,1.0,0.012715157121419907,25.594617748196924,-19.132617338256036,37.913565292688425,0.9928344702362735,26.172447352032535,0.013057413510978222,23.77620146876992,-18.87485452698925,37.682856805897785,0.9923964588503074,26.891776383177223
cave_hsi,7,random-missing-completion,random,1,0.5,tucker,"(16,16,3)","(128,128)",1.0343769999453798,C:\Users\mrkys\workspace\NTD-PL\multirun\neurips-lowrank-core\benchmark\cave_hsi_random_id07_seed1_mr0.5_tucker_r16_16_3,0.5003169890372984,1.0,0.01361844829135485,28.986180017103703,-18.53649969700214,37.31744747679538,0.991742435072773,27.85019284393747,0.013976571390148075,26.666376320294592,-18.283984574039376,37.09198705673063,0.9912481318237052,28.61830606153184
cave_hsi,8,random-missing-completion,random,1,0.5,ntdpl,"(16,16,3)","(128,128)",6.805332400021143,C:\Users\mrkys\workspace\NTD-PL\multirun\neurips-lowrank-core\run\cave_hsi_random_id08_seed1_mr0.5_ntdpl_r16_16_3,0.5003169890372984,1.0,0.03865964710712433,19.883334265598748,-15.04327015262545,28.254842461562536,0.9768118051499068,31.05441217688862,0.039424967020750046,18.61097378793261,-14.854423725487791,28.084572954493744,0.9757732674719511,31.707948528275598
cave_hsi,8,random-missing-completion,random,1,0.5,tucker,"(16,16,3)","(128,128)",1.0409670000663027,C:\Users\mrkys\workspace\NTD-PL\multirun\neurips-lowrank-core\benchmark\cave_hsi_random_id08_seed1_mr0.5_tucker_r16_16_3,0.5003169890372984,1.0,0.044973795577125324,25.889395222219573,-13.72923656685173,26.940809169414713,0.968500963708929,36.703442636864544,0.04575134966309533,24.602572375324897,-13.561772776173715,26.791921794753314,0.9672570219369983,37.39003957079747
cave_hsi,9,random-missing-completion,random,1,0.5,ntdpl,"(16,16,3)","(128,128)",7.512647700030357,C:\Users\mrkys\workspace\NTD-PL\multirun\neurips-lowrank-core\run\cave_hsi_random_id09_seed1_mr0.5_ntdpl_r16_16_3,0.5003169890372984,1.0,0.027430862188339233,25.3560092741169,-15.771239573372329,31.23521100936419,0.9827093787880677,35.1892935281719,0.028209561482071877,23.058838866255225,-15.523634729861413,30.99207301611625,0.9816923011434179,36.01734058331942
cave_hsi,9,random-missing-completion,random,1,0.5,tucker,"(16,16,3)","(128,128)",1.0431014000205323,C:\Users\mrkys\workspace\NTD-PL\multirun\neurips-lowrank-core\benchmark\cave_hsi_random_id09_seed1_mr0.5_tucker_r16_16_3,0.5003169890372984,1.0,0.030920018601875446,33.07220080088668,-14.731233655372172,30.195205069531283,0.9779643422871939,39.79867603399689,0.0316230989436297,31.230704669140856,-14.531473012190691,29.999911462161172,0.9769259226970437,40.58893292068138
cave_hsi,10,random-missing-completion,random,1,0.5,ntdpl,"(16,16,3)","(128,128)",7.548651600023732,C:\Users\mrkys\workspace\NTD-PL\multirun\neurips-lowrank-core\run\cave_hsi_random_id10_seed1_mr0.5_ntdpl_r16_16_3,0.5003169890372984,1.0,0.02621803991496563,18.079375545085703,-17.109316186939083,31.627995533407983,0.9842787866890641,22.28373995938603,0.026647398248314857,16.797203477788305,-16.96842754399064,31.48690395167486,0.9837600155038325,22.686287557842487
cave_hsi,10,random-missing-completion,random,1,0.5,tucker,"(16,16,3)","(128,128)",1.0252467000391334,C:\Users\mrkys\workspace\NTD-PL\multirun\neurips-lowrank-core\benchmark\cave_hsi_random_id10_seed1_mr0.5_tucker_r16_16_3,0.5003169890372984,1.0,0.028932091737446975,18.16532815598613,-16.253724001905763,30.77240333036485,0.9808447303421818,25.049576766590302,0.029304614028229738,16.827735472044772,-16.142803422944656,30.66127988695343,0.9803560227297116,25.40226675523874
cave_hsi,11,random-missing-completion,random,1,0.5,ntdpl,"(16,16,3)","(128,128)",6.978849799954332,C:\Users\mrkys\workspace\NTD-PL\multirun\neurips-lowrank-core\run\cave_hsi_random_id11_seed1_mr0.5_ntdpl_r16_16_3,0.5003169890372984,1.0,0.05016544461250305,15.61213852091863,-13.536124053588566,25.991906517568356,0.9533278731771583,31.8930004235095,0.050672683864831924,14.862293240378577,-13.46128739493688,25.904521734857326,0.9525701431999928,32.19139567197152
cave_hsi,11,random-missing-completion,random,1,0.5,tucker,"(16,16,3)","(128,128)",0.9996009999886155,C:\Users\mrkys\workspace\NTD-PL\multirun\neurips-lowrank-core\benchmark\cave_hsi_random_id11_seed1_mr0.5_tucker_r16_16_3,0.5003169890372984,1.0,0.054864149909166895,16.91433138356357,-12.758444259253746,25.214226911484406,0.9436726348124784,35.29588144386446,0.055328393720454165,16.32270966542211,-12.697804544789072,25.14103875854699,0.9429669711977415,35.584396579772836
cave_hsi,12,random-missing-completion,random,1,0.5,ntdpl,"(16,16,3)","(128,128)",6.240191499935463,C:\Users\mrkys\workspace\NTD-PL\multirun\neurips-lowrank-core\run\cave_hsi_random_id12_seed1_mr0.5_ntdpl_r16_16_3,0.5003169890372984,1.0,0.021886691451072693,8.869079695573875,-24.66233125233746,33.19639746261038,0.9967703191715281,10.928913126727435,0.022089816629886627,8.358047251894362,-24.583251757904783,33.11615763975449,0.9967114061873367,11.042738654005744
cave_hsi,12,random-missing-completion,random,1,0.5,tucker,"(16,16,3)","(128,128)",1.0168921999866143,C:\Users\mrkys\workspace\NTD-PL\multirun\neurips-lowrank-core\benchmark\cave_hsi_random_id12_seed1_mr0.5_tucker_r16_16_3,0.5003169890372984,1.0,0.029051869560065106,10.528891978900539,-22.202451946651237,30.736518288884966,0.9942992966731528,14.015772464484597,0.029260677806542103,9.898641742057798,-22.141406249935706,30.674312358314243,0.994221105032048,14.148318301179922
cave_hsi,13,random-missing-completion,random,1,0.5,ntdpl,"(16,16,3)","(128,128)",7.70043920003809,C:\Users\mrkys\workspace\NTD-PL\multirun\neurips-lowrank-core\run\cave_hsi_random_id13_seed1_mr0.5_ntdpl_r16_16_3,0.5003169890372984,1.0,0.031397152692079544,23.501382634124298,-17.079300600430432,30.062194222796133,0.9861434357984941,25.957036691894697,0.03188909590244293,21.919836818342382,-16.925249436810024,29.927155960712298,0.9856403772893674,26.435646958517346
cave_hsi,13,random-missing-completion,random,1,0.5,tucker,"(16,16,3)","(128,128)",1.026013399939984,C:\Users\mrkys\workspace\NTD-PL\multirun\neurips-lowrank-core\benchmark\cave_hsi_random_id13_seed1_mr0.5_tucker_r16_16_3,0.5003169890372984,1.0,0.03467683483592123,27.978700448268384,-16.21631729315398,29.199211001325107,0.9830771510929486,28.670639196291653,0.03513125251361616,26.60530222687151,-16.0842212551062,29.086127325790486,0.9825505819013788,29.13377688460229
cave_hsi,14,random-missing-completion,random,1,0.5,ntdpl,"(16,16,3)","(128,128)",7.423885900061578,C:\Users\mrkys\workspace\NTD-PL\multirun\neurips-lowrank-core\run\cave_hsi_random_id14_seed1_mr0.5_ntdpl_r16_16_3,0.5003169890372984,1.0,0.020751837641000748,27.89113520056892,-15.134222075929758,33.658869342433555,0.981178309539845,41.28792120055398,0.0210798941552639,25.55945242180653,-15.008696693133048,33.52263083265418,0.9806303747019457,41.91840778809952
cave_hsi,14,random-missing-completion,random,1,0.5,tucker,"(16,16,3)","(128,128)",1.07693099998869,C:\Users\mrkys\workspace\NTD-PL\multirun\neurips-lowrank-core\benchmark\cave_hsi_random_id14_seed1_mr0.5_tucker_r16_16_3,0.5003169890372984,1.0,0.023204761822439548,27.82003767551099,-14.163810505439915,32.68845769786698,0.9763505764571279,46.79357911337261,0.023516726781625003,25.755156001326966,-14.058528178893464,32.572462529131926,0.9757882970924402,47.38730755440252
cave_hsi,15,random-missing-completion,random,1,0.5,ntdpl,"(16,16,3)","(128,128)",7.746192599995993,C:\Users\mrkys\workspace\NTD-PL\multirun\neurips-lowrank-core\run\cave_hsi_random_id15_seed1_mr0.5_ntdpl_r16_16_3,0.5003169890372984,1.0,0.024079691618680954,22.52862361060852,-16.87574321947864,32.366981798965725,0.9849693349867249,25.482462283395463,0.024450302124023438,20.008913783734606,-16.75228825074727,32.23431507384871,0.9845183999665,25.858923031906826
cave_hsi,15,random-missing-completion,random,1,0.5,tucker,"(16,16,3)","(128,128)",1.0171712000155821,C:\Users\mrkys\workspace\NTD-PL\multirun\neurips-lowrank-core\benchmark\cave_hsi_random_id15_seed1_mr0.5_tucker_r16_16_3,0.5003169890372984,1.0,0.02644286592384411,24.36441641382147,-16.062591170898827,31.553829540868886,0.9818309436990678,28.425449303267886,0.02681751561651894,22.11852934297859,-15.949601899017711,31.43162915609596,0.9813271284462314,28.808450757342374
cave_hsi,1,random-missing-completion,random,2,0.5,ntdpl,"(16,16,3)","(128,128)",7.835252700024284,C:\Users\mrkys\workspace\NTD-PL\multirun\neurips-lowrank-core\run\cave_hsi_random_id01_seed2_mr0.5_ntdpl_r16_16_3,0.4997617660030242,2.0,0.020685169845819473,11.394827531252997,-20.20627736161082,33.686818338581936,0.9911736593144963,14.535474272898771,0.021039530634880066,10.791173908847766,-20.02530928457243,33.53927954782015,0.9908023320265569,14.834622680425614
cave_hsi,1,random-missing-completion,random,2,0.5,tucker,"(16,16,3)","(128,128)",1.0091605000197887,C:\Users\mrkys\workspace\NTD-PL\multirun\neurips-lowrank-core\benchmark\cave_hsi_random_id01_seed2_mr0.5_tucker_r16_16_3,0.4997617660030242,2.0,0.02189662062584367,12.151041440769138,-19.711917166242515,33.19245812036254,0.9901122602493311,15.411908998032844,0.022219636963747708,11.573964289744932,-19.55129077219715,33.06526082143057,0.9897445330956905,15.694733365819141
cave_hsi,2,random-missing-completion,random,2,0.5,ntdpl,"(16,16,3)","(128,128)",7.888147999998182,C:\Users\mrkys\workspace\NTD-PL\multirun\neurips-lowrank-core\run\cave_hsi_random_id02_seed2_mr0.5_ntdpl_r16_16_3,0.4997617660030242,2.0,0.09349539875984192,27.120170135735563,-7.106363692090978,20.584194846304573,0.8240920012974325,87.0042906766686,0.0951174721121788,25.867309506137794,-6.936341933558101,20.434794063945535,0.8171917616213686,87.9840223704544
cave_hsi,2,random-missing-completion,random,2,0.5,tucker,"(16,16,3)","(128,128)",1.168940500007011,C:\Users\mrkys\workspace\NTD-PL\multirun\neurips-lowrank-core\benchmark\cave_hsi_random_id02_seed2_mr0.5_tucker_r16_16_3,0.4997617660030242,2.0,0.10245468614681612,30.954643325082614,-6.311532115540823,19.78936345464373,0.7813776051766993,92.160280507447,0.10354963198323974,30.097812850285546,-6.1985764221296105,19.697028805122258,0.7760617330000238,92.77782102027585
cave_hsi,3,random-missing-completion,random,2,0.5,ntdpl,"(16,16,3)","(128,128)",7.63928450003732,C:\Users\mrkys\workspace\NTD-PL\multirun\neurips-lowrank-core\run\cave_hsi_random_id03_seed2_mr0.5_ntdpl_r16_16_3,0.4997617660030242,2.0,0.04140271246433258,29.513688119909276,-10.267550017573672,27.659423962522652,0.9316022331008528,53.91349394797972,0.04208385944366455,27.551204289412908,-10.127255022944588,27.51768847061626,0.9292423902287351,54.98390529319915
cave_hsi,3,random-missing-completion,random,2,0.5,tucker,"(16,16,3)","(128,128)",1.0543800999876112,C:\Users\mrkys\workspace\NTD-PL\multirun\neurips-lowrank-core\benchmark\cave_hsi_random_id03_seed2_mr0.5_tucker_r16_16_3,0.4997617660030242,2.0,0.04380325308149223,30.508352515777652,-9.777998646024065,27.169872701845495,0.9224667773885876,58.625201021389294,0.04447581374207682,28.521216820790666,-9.647088384268706,27.03752194393161,0.9199309686728816,59.6647117561599
cave_hsi,4,random-missing-completion,random,2,0.5,ntdpl,"(16,16,3)","(128,128)",7.404125300003216,C:\Users\mrkys\workspace\NTD-PL\multirun\neurips-lowrank-core\run\cave_hsi_random_id04_seed2_mr0.5_ntdpl_r16_16_3,0.4997617660030242,2.0,0.03598595783114433,16.695997567939852,-18.27879010524971,28.877338262528394,0.9895405792632539,23.23640203255109,0.036571141332387924,15.870190544948438,-18.146973511560425,28.737229287588534,0.9892081967081999,23.543865120691223
cave_hsi,4,random-missing-completion,random,2,0.5,tucker,"(16,16,3)","(128,128)",1.0457475000293925,C:\Users\mrkys\workspace\NTD-PL\multirun\neurips-lowrank-core\benchmark\cave_hsi_random_id04_seed2_mr0.5_tucker_r16_16_3,0.4997617660030242,2.0,0.03930250483846121,20.804240924504885,-17.513047249668166,28.111595403251854,0.9875133833596738,25.188091288700992,0.03988454548737462,20.072603749236823,-17.393651155189776,27.983907053551196,0.9871512423054324,25.497480988040135
cave_hsi,5,random-missing-completion,random,2,0.5,ntdpl,"(16,16,3)","(128,128)",6.844821300008334,C:\Users\mrkys\workspace\NTD-PL\multirun\neurips-lowrank-core\run\cave_hsi_random_id05_seed2_mr0.5_ntdpl_r16_16_3,0.4997617660030242,2.0,0.013477414846420288,27.487999442023614,-21.61001345401344,37.40786789415338,0.995799879237938,27.119553748542792,0.013803031295537949,24.44573980345318,-21.41944816680777,37.20051049517603,0.9956104013811858,27.5511106746324
cave_hsi,5,random-missing-completion,random,2,0.5,tucker,"(16,16,3)","(128,128)",1.043039200012572,C:\Users\mrkys\workspace\NTD-PL\multirun\neurips-lowrank-core\benchmark\cave_hsi_random_id05_seed2_mr0.5_tucker_r16_16_3,0.4997617660030242,2.0,0.015501389347998457,29.901393567231132,-20.394733131084433,36.19258750868653,0.9944370957558683,29.703208968078716,0.01581765882646305,26.584369021130502,-20.236093501011332,36.0171559211788,0.9942276521460407,30.13794234522647
cave_hsi,6,random-missing-completion,random,2,0.5,ntdpl,"(16,16,3)","(128,128)",6.603897099965252,C:\Users\mrkys\workspace\NTD-PL\multirun\neurips-lowrank-core\run\cave_hsi_random_id06_seed2_mr0.5_ntdpl_r16_16_3,0.4997617660030242,2.0,0.07158364355564117,10.450994436943597,-11.054758872162742,22.903724116364003,0.8949055063041069,46.713770567789396,0.07261811196804047,10.343935677239982,-10.921907776020895,22.779100870379395,0.891825531194695,47.5136092638929
cave_hsi,6,random-missing-completion,random,2,0.5,tucker,"(16,16,3)","(128,128)",1.0085895999800414,C:\Users\mrkys\workspace\NTD-PL\multirun\neurips-lowrank-core\benchmark\cave_hsi_random_id06_seed2_mr0.5_tucker_r16_16_3,0.4997617660030242,2.0,0.07351944780698644,10.761548622290103,-10.82299013804008,22.67195527054536,0.8885020213620513,49.02906753021693,0.07437871797825499,10.69409079046973,-10.713833261971493,22.571026231766766,0.8858311232836725,49.689361877646974
cave_hsi,7,random-missing-completion,random,2,0.5,ntdpl,"(16,16,3)","(128,128)",7.584859100054018,C:\Users\mrkys\workspace\NTD-PL\multirun\neurips-lowrank-core\run\cave_hsi_random_id07_seed2_mr0.5_ntdpl_r16_16_3,0.4997617660030242,2.0,0.012625840492546558,25.50860815052375,-19.19384651583399,37.97479442452692,0.992935174802474,26.073242756647907,0.012898541986942291,23.743479380401638,-19.047842495650393,37.78918742852508,0.9926933152055442,26.57162549839373
cave_hsi,7,random-missing-completion,random,2,0.5,tucker,"(16,16,3)","(128,128)",1.0495301000773907,C:\Users\mrkys\workspace\NTD-PL\multirun\neurips-lowrank-core\benchmark\cave_hsi_random_id07_seed2_mr0.5_tucker_r16_16_3,0.4997617660030242,2.0,0.013756140378576026,29.216814586153298,-18.44912023904226,37.2300680188355,0.9915779526238465,28.118149272869914,0.014016596928005658,26.998922172302162,-18.325803575810056,37.06714830768276,0.9913382120652249,28.58763844260429
cave_hsi,8,random-missing-completion,random,2,0.5,ntdpl,"(16,16,3)","(128,128)",7.871847500093281,C:\Users\mrkys\workspace\NTD-PL\multirun\neurips-lowrank-core\run\cave_hsi_random_id08_seed2_mr0.5_ntdpl_r16_16_3,0.4997617660030242,2.0,0.03862861171364784,19.977718803806187,-15.050245530307247,28.2618180842378,0.9768270971122661,31.00600078698138,0.03926083818078041,18.677747475917414,-14.902721235015377,28.12080836823254,0.9760246120889324,31.52289230397594
cave_hsi,8,random-missing-completion,random,2,0.5,tucker,"(16,16,3)","(128,128)",1.0309753000037745,C:\Users\mrkys\workspace\NTD-PL\multirun\neurips-lowrank-core\benchmark\cave_hsi_random_id08_seed2_mr0.5_tucker_r16_16_3,0.4997617660030242,2.0,0.04493649763676114,25.95055015767239,-13.736442990070554,26.94801559263354,0.9685125972485407,36.68107569263593,0.04550211541834076,24.670045562610134,-13.621280716249515,26.83936824569019,0.9676607394427803,37.13829057370477
cave_hsi,9,random-missing-completion,random,2,0.5,ntdpl,"(16,16,3)","(128,128)",6.453436800045893,C:\Users\mrkys\workspace\NTD-PL\multirun\neurips-lowrank-core\run\cave_hsi_random_id09_seed2_mr0.5_ntdpl_r16_16_3,0.4997617660030242,2.0,0.027512695640325546,25.377613598792436,-15.74536600491344,31.20933750969921,0.9825951354164639,35.3636715744239,0.0282550398260355,23.013528775675198,-15.530379065343045,30.97808165549531,0.9817062793950005,35.933024934067156
cave_hsi,9,random-missing-completion,random,2,0.5,tucker,"(16,16,3)","(128,128)",1.062053499976173,C:\Users\mrkys\workspace\NTD-PL\multirun\neurips-lowrank-core\benchmark\cave_hsi_random_id09_seed2_mr0.5_tucker_r16_16_3,0.4997617660030242,2.0,0.030893985830296695,32.84490958750469,-14.73854972545537,30.202521139614483,0.9779984700066598,39.780960147616035,0.031615520960685775,30.93276449713319,-14.554290583880263,30.00199314971048,0.9770474778299958,40.30366064994091
cave_hsi,10,random-missing-completion,random,2,0.5,ntdpl,"(16,16,3)","(128,128)",6.189239799976349,C:\Users\mrkys\workspace\NTD-PL\multirun\neurips-lowrank-core\run\cave_hsi_random_id10_seed2_mr0.5_ntdpl_r16_16_3,0.4997617660030242,2.0,0.026433425024151802,18.04575016115491,-17.038251899721082,31.556931648085772,0.9840065338427424,22.465166304438103,0.026903938502073288,16.743357486011664,-16.891182463540744,31.4036827457997,0.983464635752889,22.869550744647952
cave_hsi,10,random-missing-completion,random,2,0.5,tucker,"(16,16,3)","(128,128)",1.1293003000319004,C:\Users\mrkys\workspace\NTD-PL\multirun\neurips-lowrank-core\benchmark\cave_hsi_random_id10_seed2_mr0.5_tucker_r16_16_3,0.4997617660030242,2.0,0.02895528492172193,18.070417968197305,-16.24676381606306,30.76544314452214,0.9807963392845697,25.056629688296216,0.02948538975361851,16.723178332526373,-16.09536197617225,30.607862542239634,0.980123526265892,25.508016536576278
cave_hsi,11,random-missing-completion,random,2,0.5,ntdpl,"(16,16,3)","(128,128)",6.529896600055508,C:\Users\mrkys\workspace\NTD-PL\multirun\neurips-lowrank-core\run\cave_hsi_random_id11_seed2_mr0.5_ntdpl_r16_16_3,0.4997617660030242,2.0,0.04994115233421326,15.523911742437486,-13.575046166430331,26.030828751902728,0.9537801044624835,31.344965379671557,0.05058798938989639,14.811333403595825,-13.474002840132277,25.919051371606123,0.9527016419538509,31.682418761736564
cave_hsi,11,random-missing-completion,random,2,0.5,tucker,"(16,16,3)","(128,128)",1.0800406000344083,C:\Users\mrkys\workspace\NTD-PL\multirun\neurips-lowrank-core\benchmark\cave_hsi_random_id11_seed2_mr0.5_tucker_r16_16_3,0.4997617660030242,2.0,0.054749654716620764,16.905213997433084,-12.776589655659244,25.2323723078899,0.9439137158403056,34.81238697261864,0.055348441642022655,16.34891958802538,-12.692843473217245,25.137892047032324,0.9428264757553588,35.11127982792972
cave_hsi,12,random-missing-completion,random,2,0.5,ntdpl,"(16,16,3)","(128,128)",7.509974700049497,C:\Users\mrkys\workspace\NTD-PL\multirun\neurips-lowrank-core\run\cave_hsi_random_id12_seed2_mr0.5_ntdpl_r16_16_3,0.4997617660030242,2.0,0.021782277151942253,8.8517437049186,-24.703867928162786,33.23793448514215,0.9968020597535845,10.854933578505532,0.022003456950187683,8.34055956376054,-24.595081713789654,33.15018126894892,0.9967270706692346,10.97282922498098
cave_hsi,12,random-missing-completion,random,2,0.5,tucker,"(16,16,3)","(128,128)",1.0079506000038236,C:\Users\mrkys\workspace\NTD-PL\multirun\neurips-lowrank-core\benchmark\cave_hsi_random_id12_seed2_mr0.5_tucker_r16_16_3,0.4997617660030242,2.0,0.029060304544779363,10.533103180993315,-22.19993043208153,30.73399677431526,0.9942968064080097,14.002435314415365,0.029274179925490626,9.909595301505068,-22.115205468188257,30.670305244546793,0.9941962722406522,14.119126183501088
cave_hsi,13,random-missing-completion,random,2,0.5,ntdpl,"(16,16,3)","(128,128)",7.944405399961397,C:\Users\mrkys\workspace\NTD-PL\multirun\neurips-lowrank-core\run\cave_hsi_random_id13_seed2_mr0.5_ntdpl_r16_16_3,0.4997617660030242,2.0,0.03103272244334221,23.563089151673303,-17.1807084133718,30.163602259656976,0.9864743140785964,25.679263413813118,0.03152494132518768,21.930634632473364,-17.045322984569896,30.026914431705684,0.9860549581311835,26.11485056961887
cave_hsi,13,random-missing-completion,random,2,0.5,tucker,"(16,16,3)","(128,128)",1.0082219999749213,C:\Users\mrkys\workspace\NTD-PL\multirun\neurips-lowrank-core\benchmark\cave_hsi_random_id13_seed2_mr0.5_tucker_r16_16_3,0.4997617660030242,2.0,0.034556858413030384,28.08358096638304,-16.24642121980143,29.229314927972556,0.983210385562223,28.619998090388016,0.03498622925810914,26.750716249954074,-16.140465898199373,29.122057246736222,0.9828125074075492,29.006327152615945
cave_hsi,14,random-missing-completion,random,2,0.5,ntdpl,"(16,16,3)","(128,128)",7.698251899913885,C:\Users\mrkys\workspace\NTD-PL\multirun\neurips-lowrank-core\run\cave_hsi_random_id14_seed2_mr0.5_ntdpl_r16_16_3,0.4997617660030242,2.0,0.020496083423495293,26.98885392019092,-15.241934852058975,33.76658239225907,0.9816612305285781,41.08049235871602,0.020889773964881897,24.74882025837564,-15.053359311486286,33.601325250228506,0.9808464441362066,41.696691568254124
cave_hsi,14,random-missing-completion,random,2,0.5,tucker,"(16,16,3)","(128,128)",1.0408639999805018,C:\Users\mrkys\workspace\NTD-PL\multirun\neurips-lowrank-core\benchmark\cave_hsi_random_id14_seed2_mr0.5_tucker_r16_16_3,0.4997617660030242,2.0,0.02315872120767588,27.418534712422996,-14.181061315949442,32.70570850837651,0.9764346362523798,47.2843079901105,0.023529050675611198,25.42748326745027,-14.019945653165493,32.56791189818014,0.9755440626175019,47.84418012637152
cave_hsi,15,random-missing-completion,random,2,0.5,ntdpl,"(16,16,3)","(128,128)",6.721220000064932,C:\Users\mrkys\workspace\NTD-PL\multirun\neurips-lowrank-core\run\cave_hsi_random_id15_seed2_mr0.5_ntdpl_r16_16_3,0.4997617660030242,2.0,0.02410154417157173,23.76796975579561,-16.86786459569601,32.359102718301635,0.984957928836352,25.292001370979133,0.024558037519454956,21.14605010596847,-16.71103115477968,32.19612651489542,0.9844036177902287,25.65017766067981
cave_hsi,15,random-missing-completion,random,2,0.5,tucker,"(16,16,3)","(128,128)",1.0336864999262616,C:\Users\mrkys\workspace\NTD-PL\multirun\neurips-lowrank-core\benchmark\cave_hsi_random_id15_seed2_mr0.5_tucker_r16_16_3,0.4997617660030242,2.0,0.02641399301003567,25.24302714541146,-16.0720804584907,31.563318828460755,0.9818932594384124,28.14792683915594,0.026873816208759563,22.69171406424897,-15.928317497862814,31.413413146421007,0.9812863692505129,28.517650360926687
cave_hsi,1,random-missing-completion,random,0,0.5,ntdpl,"(20,20,4)","(128,128)",7.39735889993608,C:\Users\mrkys\workspace\NTD-PL\multirun\neurips-lowrank-core\run\cave_hsi_random_id01_seed0_mr0.5_ntdpl_r20_20_4,0.5002205141129032,0.0,0.016921745613217354,9.166318993104857,-21.950556107373078,35.43109698215512,0.9941097223427531,11.880898550419417,0.017317593097686768,8.77718853477441,-21.743653078749258,35.23024893229972,0.9938298697160609,12.169922981163316
cave_hsi,1,random-missing-completion,random,0,0.5,tucker,"(20,20,4)","(128,128)",1.1063283999683335,C:\Users\mrkys\workspace\NTD-PL\multirun\neurips-lowrank-core\benchmark\cave_hsi_random_id01_seed0_mr0.5_tucker_r20_20_4,0.5002205141129032,0.0,0.018013364477523143,9.719616974708932,-21.407562315799545,34.88810326991957,0.9933277685137486,12.680265146573626,0.018408844044523698,9.46965349877971,-21.21287360713555,34.699469630078646,0.993030502701175,12.972716173024356
cave_hsi,2,random-missing-completion,random,0,0.5,ntdpl,"(20,20,4)","(128,128)",4.972113800002262,C:\Users\mrkys\workspace\NTD-PL\multirun\neurips-lowrank-core\run\cave_hsi_random_id02_seed0_mr0.5_ntdpl_r20_20_4,0.5002205141129032,0.0,0.08385737240314484,25.587533670824833,-8.051343637272453,21.529175171738643,0.8628508274166775,78.9166992256567,0.08566267043352127,24.37585754065767,-7.844375704774334,21.34416800835856,0.8561270622589346,80.29309519582874
cave_hsi,2,random-missing-completion,random,0,0.5,tucker,"(20,20,4)","(128,128)",1.0785358999855816,C:\Users\mrkys\workspace\NTD-PL\multirun\neurips-lowrank-core\benchmark\cave_hsi_random_id02_seed0_mr0.5_tucker_r20_20_4,0.5002205141129032,0.0,0.09361308078825589,29.698119925221917,-7.095437900400827,20.573269239503738,0.823791517340764,85.39940350114236,0.09516807758996207,28.987908271532465,-6.930381828529422,20.430174068326636,0.8171754919072444,86.63631316920242
cave_hsi,3,random-missing-completion,random,0,0.5,ntdpl,"(20,20,4)","(128,128)",4.970196400070563,C:\Users\mrkys\workspace\NTD-PL\multirun\neurips-lowrank-core\run\cave_hsi_random_id03_seed0_mr0.5_ntdpl_r20_20_4,0.5002205141129032,0.0,0.030242811888456345,12.48012422218936,-12.995682767485754,30.38755687105549,0.9647261584047883,42.99763888200731,0.03152689337730408,12.261354101709102,-12.65450618466261,30.026375799101423,0.9618258310644451,44.82028231445571
cave_hsi,3,random-missing-completion,random,0,0.5,tucker,"(20,20,4)","(128,128)",1.0773353000404313,C:\Users\mrkys\workspace\NTD-PL\multirun\neurips-lowrank-core\benchmark\cave_hsi_random_id03_seed0_mr0.5_tucker_r20_20_4,0.5002205141129032,0.0,0.033944002371696425,11.479051309242134,-11.992864962116833,29.384739017938266,0.9551600773288228,49.40855249149553,0.03506320528767827,11.246229902027444,-11.731097560405356,29.102967711722208,0.9523494117340796,50.96838976448297
cave_hsi,4,random-missing-completion,random,0,0.5,ntdpl,"(20,20,4)","(128,128)",4.4362150999950245,C:\Users\mrkys\workspace\NTD-PL\multirun\neurips-lowrank-core\run\cave_hsi_random_id04_seed0_mr0.5_ntdpl_r20_20_4,0.5002205141129032,0.0,0.030653445050120354,16.07263567090914,-19.67186585069727,30.270414141887056,0.9924305731297005,19.512687779356032,0.03141096979379654,15.25582280453026,-19.44074134631942,30.05837297179891,0.9920227558420323,20.04275269746656
cave_hsi,4,random-missing-completion,random,0,0.5,tucker,"(20,20,4)","(128,128)",1.0983713999157771,C:\Users\mrkys\workspace\NTD-PL\multirun\neurips-lowrank-core\benchmark\cave_hsi_random_id04_seed0_mr0.5_tucker_r20_20_4,0.5002205141129032,0.0,0.033843368248311856,18.092292920282077,-18.811980256204127,29.410528409787812,0.9907618924221601,21.261714574692224,0.03462179502803006,17.575825417194046,-18.59537686836566,29.213008382269194,0.9902970103179443,21.80451720781861
cave_hsi,5,random-missing-completion,random,0,0.5,ntdpl,"(20,20,4)","(128,128)",4.6118903999449685,C:\Users\mrkys\workspace\NTD-PL\multirun\neurips-lowrank-core\run\cave_hsi_random_id05_seed0_mr0.5_ntdpl_r20_20_4,0.5002205141129032,0.0,0.00988102052360773,26.877464035021372,-24.30610954927654,40.10396404825116,0.9977469480670709,23.500939932847807,0.010029627941548824,23.858453797719047,-24.163802167021757,39.97430355659163,0.9976718969041377,23.748708165445763
cave_hsi,5,random-missing-completion,random,0,0.5,tucker,"(20,20,4)","(128,128)",1.0865357000147924,C:\Users\mrkys\workspace\NTD-PL\multirun\neurips-lowrank-core\benchmark\cave_hsi_random_id05_seed0_mr0.5_tucker_r20_20_4,0.5002205141129032,0.0,0.011189503850738624,28.600309684829426,-23.225929020809435,39.02378339841153,0.9971106914081258,25.881598437298305,0.011376069071560331,25.51066306725117,-23.069654021340696,38.88015559440566,0.9970059261827823,26.196854392334707
cave_hsi,6,random-missing-completion,random,0,0.5,ntdpl,"(20,20,4)","(128,128)",4.901527100009844,C:\Users\mrkys\workspace\NTD-PL\multirun\neurips-lowrank-core\run\cave_hsi_random_id06_seed0_mr0.5_ntdpl_r20_20_4,0.5002205141129032,0.0,0.06637518107891083,9.808155349146542,-11.710920620669453,23.55988544073429,0.9110354654762615,42.67736580042022,0.06770391762256622,9.73456366062554,-11.532063671093018,23.387724753099096,0.9072128000189611,43.481019647625104
cave_hsi,6,random-missing-completion,random,0,0.5,tucker,"(20,20,4)","(128,128)",1.0904937000013888,C:\Users\mrkys\workspace\NTD-PL\multirun\neurips-lowrank-core\benchmark\cave_hsi_random_id06_seed0_mr0.5_tucker_r20_20_4,0.5002205141129032,0.0,0.06911964454676314,10.123032672825175,-11.35900494583732,23.2079700783426,0.9028535251789791,45.97539324273161,0.07029893793626185,10.117660378305322,-11.205364375484638,23.061024723474112,0.899269709978313,46.68775351781829
cave_hsi,7,random-missing-completion,random,0,0.5,ntdpl,"(20,20,4)","(128,128)",4.425552399945445,C:\Users\mrkys\workspace\NTD-PL\multirun\neurips-lowrank-core\run\cave_hsi_random_id07_seed0_mr0.5_ntdpl_r20_20_4,0.5002205141129032,0.0,0.010467215441167355,22.917141351904288,-20.82242926573531,39.603376964759356,0.995156002036089,21.25060827825027,0.01086478866636753,21.324862902871665,-20.463737717018002,39.27957433161499,0.9947433221384009,22.130399937629885
cave_hsi,7,random-missing-completion,random,0,0.5,tucker,"(20,20,4)","(128,128)",1.0646184999495745,C:\Users\mrkys\workspace\NTD-PL\multirun\neurips-lowrank-core\benchmark\cave_hsi_random_id07_seed0_mr0.5_tucker_r20_20_4,0.5002205141129032,0.0,0.011237334136744841,22.18832779329159,-20.205786328323118,38.98673410811636,0.9944085762702214,22.630054823017844,0.01165976193119592,21.039529278109757,-19.850369813240093,38.666206338064015,0.993937610458507,23.578264076219504
cave_hsi,8,random-missing-completion,random,0,0.5,ntdpl,"(20,20,4)","(128,128)",5.557356599951163,C:\Users\mrkys\workspace\NTD-PL\multirun\neurips-lowrank-core\run\cave_hsi_random_id08_seed0_mr0.5_ntdpl_r20_20_4,0.5002205141129032,0.0,0.029860399663448334,14.56138695521158,-17.2865147801894,30.49808719930727,0.9862752806384059,24.61554849333165,0.030713219195604324,13.637543223972935,-17.034991226514077,30.25349287332158,0.9854547319038635,25.326399171659386
cave_hsi,8,random-missing-completion,random,0,0.5,tucker,"(20,20,4)","(128,128)",1.032698499970138,C:\Users\mrkys\workspace\NTD-PL\multirun\neurips-lowrank-core\benchmark\cave_hsi_random_id08_seed0_mr0.5_tucker_r20_20_4,0.5002205141129032,0.0,0.036983967667893934,19.860231134924813,-15.42815738220737,28.63972998477035,0.9788350757019662,30.32160793787384,0.037822129038993124,19.21313911756254,-15.226578903521869,28.445080560130585,0.977826878950453,31.0893409445616
cave_hsi,9,random-missing-completion,random,0,0.5,ntdpl,"(20,20,4)","(128,128)",4.554890000028536,C:\Users\mrkys\workspace\NTD-PL\multirun\neurips-lowrank-core\run\cave_hsi_random_id09_seed0_mr0.5_ntdpl_r20_20_4,0.5002205141129032,0.0,0.02363014966249466,24.122806926685957,-17.066699036195477,32.530670333465594,0.9872239382317582,30.42074575345216,0.02444036304950714,21.97472904180004,-16.78933896758919,32.23784701539222,0.9863738109485511,31.04096450977633
cave_hsi,9,random-missing-completion,random,0,0.5,tucker,"(20,20,4)","(128,128)",1.0871302000014111,C:\Users\mrkys\workspace\NTD-PL\multirun\neurips-lowrank-core\benchmark\cave_hsi_random_id09_seed0_mr0.5_tucker_r20_20_4,0.5002205141129032,0.0,0.026430350026306438,30.93531846308882,-16.093970292191308,31.557941706350423,0.983980772270621,33.930077348101115,0.0272322738268736,29.255205037895582,-15.849813868237742,31.29832189282206,0.9830425631589148,34.53778816864605
cave_hsi,10,random-missing-completion,random,0,0.5,ntdpl,"(20,20,4)","(128,128)",7.208931799978018,C:\Users\mrkys\workspace\NTD-PL\multirun\neurips-lowrank-core\run\cave_hsi_random_id10_seed0_mr0.5_ntdpl_r20_20_4,0.5002205141129032,0.0,0.02002924121916294,10.32878729563394,-19.448030450169572,33.966709978296244,0.9908787190395775,17.28615483994315,0.020574791356921196,9.555592661961175,-19.220556210281575,33.733290799619915,0.9903981250532526,17.72862151180438
cave_hsi,10,random-missing-completion,random,0,0.5,tucker,"(20,20,4)","(128,128)",1.0639036999782547,C:\Users\mrkys\workspace\NTD-PL\multirun\neurips-lowrank-core\benchmark\cave_hsi_random_id10_seed0_mr0.5_tucker_r20_20_4,0.5002205141129032,0.0,0.02278367150074686,11.24218968180212,-18.328846466290354,32.84752579474944,0.9881899872750626,19.92996727984097,0.023352848723775264,10.57974488091601,-18.120467972853408,32.63320267921367,0.9876221032293347,20.395896805240852
cave_hsi,11,random-missing-completion,random,0,0.5,ntdpl,"(20,20,4)","(128,128)",7.294240100076422,C:\Users\mrkys\workspace\NTD-PL\multirun\neurips-lowrank-core\run\cave_hsi_random_id11_seed0_mr0.5_ntdpl_r20_20_4,0.5002205141129032,0.0,0.039696354418992996,11.579994450419248,-15.56920462928544,28.02498763400196,0.9712852573632476,24.871254193924152,0.040400758385658264,11.138366727405,-15.413327128732423,27.87220969985714,0.9702099608842568,25.267896031270954
cave_hsi,11,random-missing-completion,random,0,0.5,tucker,"(20,20,4)","(128,128)",1.0314082000404596,C:\Users\mrkys\workspace\NTD-PL\multirun\neurips-lowrank-core\benchmark\cave_hsi_random_id11_seed0_mr0.5_tucker_r20_20_4,0.5002205141129032,0.0,0.04408776578667243,13.272185102455191,-14.657855530510302,27.11363818274096,0.9643759254282911,27.783063129210213,0.04476714953874652,13.040711132438354,-14.521928608135358,26.980811151868345,0.9632134443185283,28.185589701821783
cave_hsi,12,random-missing-completion,random,0,0.5,ntdpl,"(20,20,4)","(128,128)",6.818357999902219,C:\Users\mrkys\workspace\NTD-PL\multirun\neurips-lowrank-core\run\cave_hsi_random_id12_seed0_mr0.5_ntdpl_r20_20_4,0.5002205141129032,0.0,0.014555642381310463,7.264995573591276,-28.205306117810668,36.739372445093124,0.9985741728087659,7.367695526333158,0.014745218679308891,6.823189736280446,-28.09010320253057,36.62697559170833,0.9985367363527471,7.461806008425653
cave_hsi,12,random-missing-completion,random,0,0.5,tucker,"(20,20,4)","(128,128)",1.0451466999948025,C:\Users\mrkys\workspace\NTD-PL\multirun\neurips-lowrank-core\benchmark\cave_hsi_random_id12_seed0_mr0.5_tucker_r20_20_4,0.5002205141129032,0.0,0.018762186230996195,8.441879688011548,-26.00026480980716,34.53433115204089,0.997630745235133,9.433661681963084,0.01900708102150655,7.913454926062579,-25.884819073601935,34.421691480249905,0.9975684508461614,9.562784678215367
cave_hsi,13,random-missing-completion,random,0,0.5,ntdpl,"(20,20,4)","(128,128)",7.731305500026792,C:\Users\mrkys\workspace\NTD-PL\multirun\neurips-lowrank-core\run\cave_hsi_random_id13_seed0_mr0.5_ntdpl_r20_20_4,0.5002205141129032,0.0,0.02504555881023407,22.127871229419675,-19.042492114716477,32.02538528393546,0.991227946019348,20.63501573369289,0.025701820850372314,20.629552937648768,-18.83648527550009,31.80072231656068,0.9908023120396081,21.14543239916919
cave_hsi,13,random-missing-completion,random,0,0.5,tucker,"(20,20,4)","(128,128)",1.0693795999977738,C:\Users\mrkys\workspace\NTD-PL\multirun\neurips-lowrank-core\benchmark\cave_hsi_random_id13_seed0_mr0.5_tucker_r20_20_4,0.5002205141129032,0.0,0.028065295170078237,25.8117783884109,-18.053714008452737,31.036607716623866,0.9889731854435816,23.166640074049567,0.028717324707515788,24.542031313346126,-17.872883761510398,30.8371204243058,0.9885023823556933,23.665746185062506
cave_hsi,14,random-missing-completion,random,0,0.5,ntdpl,"(20,20,4)","(128,128)",6.628891499945894,C:\Users\mrkys\workspace\NTD-PL\multirun\neurips-lowrank-core\run\cave_hsi_random_id14_seed0_mr0.5_ntdpl_r20_20_4,0.5002205141129032,0.0,0.015234453603625298,12.076295620197367,-17.81881531253027,36.34346243396381,0.9899406163028672,30.774767373897628,0.01575995795428753,11.50422843383469,-17.540498100385836,36.04889862685249,0.9892684721732801,31.47673875708704
cave_hsi,14,random-missing-completion,random,0,0.5,tucker,"(20,20,4)","(128,128)",1.0859051999868825,C:\Users\mrkys\workspace\NTD-PL\multirun\neurips-lowrank-core\benchmark\cave_hsi_random_id14_seed0_mr0.5_tucker_r20_20_4,0.5002205141129032,0.0,0.017281536161889384,13.581178775014319,-16.723705918581715,35.24835311100878,0.9870254936644751,34.724830184383784,0.01774067588048312,13.293329897618829,-16.512196151810446,35.02059677061264,0.9863716314710701,35.344127470311335
cave_hsi,15,random-missing-completion,random,0,0.5,ntdpl,"(20,20,4)","(128,128)",8.115399400005117,C:\Users\mrkys\workspace\NTD-PL\multirun\neurips-lowrank-core\run\cave_hsi_random_id15_seed0_mr0.5_ntdpl_r20_20_4,0.5002205141129032,0.0,0.016379384323954582,15.017699685560075,-20.22280964289811,35.714048223929545,0.9931030300978896,17.54358920645909,0.016728203743696213,13.34457814281298,-20.017729295565665,35.5310144178691,0.9927737646689717,17.93501166115555
cave_hsi,15,random-missing-completion,random,0,0.5,tucker,"(20,20,4)","(128,128)",1.0595813000109047,C:\Users\mrkys\workspace\NTD-PL\multirun\neurips-lowrank-core\benchmark\cave_hsi_random_id15_seed0_mr0.5_tucker_r20_20_4,0.5002205141129032,0.0,0.018649869233532613,18.55394202676789,-19.09524580939244,34.5864841793625,0.9910513742277333,20.167357818392322,0.01899937826158563,16.95174835112421,-18.911927462826725,34.42521221460715,0.990671594310033,20.583472432335295
cave_hsi,1,random-missing-completion,random,1,0.5,ntdpl,"(20,20,4)","(128,128)",7.761887799948454,C:\Users\mrkys\workspace\NTD-PL\multirun\neurips-lowrank-core\run\cave_hsi_random_id01_seed1_mr0.5_ntdpl_r20_20_4,0.5003169890372984,1.0,0.016921402886509895,9.375796850424441,-21.95073230240463,35.43127333063111,0.9941090246409074,11.875311623588384,0.017296377569437027,8.964813658048676,-21.747816558515773,35.24089704171577,0.9938247740444434,12.153526131639095
cave_hsi,1,random-missing-completion,random,1,0.5,tucker,"(20,20,4)","(128,128)",1.0370862999698147,C:\Users\mrkys\workspace\NTD-PL\multirun\neurips-lowrank-core\benchmark\cave_hsi_random_id01_seed1_mr0.5_tucker_r20_20_4,0.5003169890372984,1.0,0.018113487983203353,10.18768128362803,-21.359417299675393,34.839958253795416,0.9932516971006757,12.748573181930666,0.01851750250554889,9.864094564005923,-21.1552713072276,34.64835175826505,0.9929234117592538,13.049783402917548
cave_hsi,2,random-missing-completion,random,1,0.5,ntdpl,"(20,20,4)","(128,128)",8.109094799961895,C:\Users\mrkys\workspace\NTD-PL\multirun\neurips-lowrank-core\run\cave_hsi_random_id02_seed1_mr0.5_ntdpl_r20_20_4,0.5003169890372984,1.0,0.08391273021697998,25.606170916277154,-8.045611250824939,21.523442753775374,0.8630777398256094,78.7545312584661,0.08589845895767212,24.396556362103745,-7.829222851706915,21.320292280263647,0.8562142152506723,80.36833171240637
cave_hsi,2,random-missing-completion,random,1,0.5,tucker,"(20,20,4)","(128,128)",1.104186199954711,C:\Users\mrkys\workspace\NTD-PL\multirun\neurips-lowrank-core\benchmark\cave_hsi_random_id02_seed1_mr0.5_tucker_r20_20_4,0.5003169890372984,1.0,0.09365953991017033,29.708162438639892,-7.091128260129826,20.568959599232738,0.823873015368039,85.39736528490603,0.09503322538249341,28.8944358161378,-6.95142066724851,20.44249061473805,0.8184804300369422,86.56411188421148
cave_hsi,3,random-missing-completion,random,1,0.5,ntdpl,"(20,20,4)","(128,128)",7.916423400049098,C:\Users\mrkys\workspace\NTD-PL\multirun\neurips-lowrank-core\run\cave_hsi_random_id03_seed1_mr0.5_ntdpl_r20_20_4,0.5003169890372984,1.0,0.030219245702028275,12.319574163862974,-13.002453505121307,30.394327560716693,0.9647892878693954,43.056288667981576,0.03131910413503647,12.185396206720437,-12.692919042161916,30.08381318912424,0.9621262393424055,44.576413727336565
cave_hsi,3,random-missing-completion,random,1,0.5,tucker,"(20,20,4)","(128,128)",1.0534657000098377,C:\Users\mrkys\workspace\NTD-PL\multirun\neurips-lowrank-core\benchmark\cave_hsi_random_id03_seed1_mr0.5_tucker_r20_20_4,0.5003169890372984,1.0,0.03396336301945887,11.294949602502303,-11.987912201738817,29.379786257560248,0.9550943230166964,49.5316717946466,0.03488441765729338,11.142541734740856,-11.756476001598308,29.147370450305612,0.9525445267634,50.72898016523314
cave_hsi,4,random-missing-completion,random,1,0.5,ntdpl,"(20,20,4)","(128,128)",8.002700900076889,C:\Users\mrkys\workspace\NTD-PL\multirun\neurips-lowrank-core\run\cave_hsi_random_id04_seed1_mr0.5_ntdpl_r20_20_4,0.5003169890372984,1.0,0.03056064061820507,15.839224163468067,-19.698202826028016,30.296750810041118,0.9924778292888236,19.481317772897384,0.03140835091471672,15.05834311442102,-19.46874548080604,30.05909735615616,0.9920676505216839,19.985155928963927
cave_hsi,4,random-missing-completion,random,1,0.5,tucker,"(20,20,4)","(128,128)",1.0657188000623137,C:\Users\mrkys\workspace\NTD-PL\multirun\neurips-lowrank-core\benchmark\cave_hsi_random_id04_seed1_mr0.5_tucker_r20_20_4,0.5003169890372984,1.0,0.03366700005999123,18.001523131100935,-18.85736345119775,29.455911604781434,0.9908608333203944,21.166646744552846,0.034484773906330445,17.56755371804765,-18.65710043516752,29.24745234090109,0.9904263066278688,21.647434404005768
cave_hsi,5,random-missing-completion,random,1,0.5,ntdpl,"(20,20,4)","(128,128)",7.556607499951497,C:\Users\mrkys\workspace\NTD-PL\multirun\neurips-lowrank-core\run\cave_hsi_random_id05_seed1_mr0.5_ntdpl_r20_20_4,0.5003169890372984,1.0,0.009759371168911457,26.858308690230338,-24.41370894958751,40.21156333810019,0.997802190800222,23.163979645934425,0.009915703907608986,23.891032572686136,-24.28727492293738,40.07352937716183,0.9977367956131048,23.22107096752871
cave_hsi,5,random-missing-completion,random,1,0.5,tucker,"(20,20,4)","(128,128)",1.0978871999541298,C:\Users\mrkys\workspace\NTD-PL\multirun\neurips-lowrank-core\benchmark\cave_hsi_random_id05_seed1_mr0.5_tucker_r20_20_4,0.5003169890372984,1.0,0.011136552804080662,28.63010408150833,-23.267130010036766,39.064984387638866,0.9971372069722385,25.758601641774163,0.011317603115728608,25.591700223241734,-23.138656531982853,38.92491079834994,0.9970508708097799,25.845795242501218
cave_hsi,6,random-missing-completion,random,1,0.5,ntdpl,"(20,20,4)","(128,128)",6.258431399939582,C:\Users\mrkys\workspace\NTD-PL\multirun\neurips-lowrank-core\run\cave_hsi_random_id06_seed1_mr0.5_ntdpl_r20_20_4,0.5003169890372984,1.0,0.0666288360953331,9.889746498956667,-11.677790453643397,23.526755028950042,0.9102847075580721,43.02064898011231,0.06808798760175705,9.790619232982351,-11.4854881118812,23.33858963672007,0.9061836184660977,43.95159650911829
cave_hsi,6,random-missing-completion,random,1,0.5,tucker,"(20,20,4)","(128,128)",1.0606727000558749,C:\Users\mrkys\workspace\NTD-PL\multirun\neurips-lowrank-core\benchmark\cave_hsi_random_id06_seed1_mr0.5_tucker_r20_20_4,0.5003169890372984,1.0,0.06932235162244546,10.23038036739991,-11.333569130186081,23.18253426269136,0.9021939738650555,46.22498819128257,0.0705848074526014,10.189816446437373,-11.172673421762715,23.025775313107104,0.8984450202746865,47.0130124791653
cave_hsi,7,random-missing-completion,random,1,0.5,ntdpl,"(20,20,4)","(128,128)",4.531257699942216,C:\Users\mrkys\workspace\NTD-PL\multirun\neurips-lowrank-core\run\cave_hsi_random_id07_seed1_mr0.5_ntdpl_r20_20_4,0.5003169890372984,1.0,0.010489709675312042,21.877715609144722,-20.803783180379565,39.58473078536091,0.9951332114948379,21.216367164699747,0.010868677869439125,20.29587288754273,-20.468463083754926,39.27646558601689,0.9947423001751289,21.959579036642562
cave_hsi,7,random-missing-completion,random,1,0.5,tucker,"(20,20,4)","(128,128)",1.0843259999528527,C:\Users\mrkys\workspace\NTD-PL\multirun\neurips-lowrank-core\benchmark\cave_hsi_random_id07_seed1_mr0.5_tucker_r20_20_4,0.5003169890372984,1.0,0.011282998077783964,20.432631100145787,-20.170561937127808,38.951509716921045,0.9943652578882584,22.596547807560384,0.011681546166794314,19.76044941175062,-19.84199092331252,38.64999340600378,0.993921425456073,23.399930224293524
cave_hsi,8,random-missing-completion,random,1,0.5,ntdpl,"(20,20,4)","(128,128)",5.001466800109483,C:\Users\mrkys\workspace\NTD-PL\multirun\neurips-lowrank-core\run\cave_hsi_random_id08_seed1_mr0.5_ntdpl_r20_20_4,0.5003169890372984,1.0,0.029857005923986435,14.408205256434155,-17.28750230982503,30.499075112884,0.9862965072154137,24.62082915572817,0.030755897983908653,13.450982761216926,-17.011282716547292,30.241431888022227,0.9853921080678031,25.346357545000043
cave_hsi,8,random-missing-completion,random,1,0.5,tucker,"(20,20,4)","(128,128)",1.1171788999345154,C:\Users\mrkys\workspace\NTD-PL\multirun\neurips-lowrank-core\benchmark\cave_hsi_random_id08_seed1_mr0.5_tucker_r20_20_4,0.5003169890372984,1.0,0.036593843904143254,19.78536353971129,-15.520266773336376,28.731839375899355,0.9793211600005923,30.028304270109107,0.03749004256012486,19.120264510469543,-15.291532312430903,28.521681331010498,0.9782005359625444,30.805413345747603
cave_hsi,9,random-missing-completion,random,1,0.5,ntdpl,"(20,20,4)","(128,128)",4.476232299930416,C:\Users\mrkys\workspace\NTD-PL\multirun\neurips-lowrank-core\run\cave_hsi_random_id09_seed1_mr0.5_ntdpl_r20_20_4,0.5003169890372984,1.0,0.023571273311972618,24.111473383742297,-17.08836783842973,32.55233899583936,0.987288236358353,30.568630629371658,0.024410666897892952,21.938750254930195,-16.779968665177943,32.24840668426752,0.986349671128559,31.464682613339413
cave_hsi,9,random-missing-completion,random,1,0.5,tucker,"(20,20,4)","(128,128)",1.137342800037004,C:\Users\mrkys\workspace\NTD-PL\multirun\neurips-lowrank-core\benchmark\cave_hsi_random_id09_seed1_mr0.5_tucker_r20_20_4,0.5003169890372984,1.0,0.02638538219851712,31.074515314009496,-16.10876079749595,31.572732211655065,0.9840375887315708,34.04170951851932,0.027195255663100944,29.324521560368417,-15.841698630412928,31.310137080383406,0.9830234399708613,34.948935289282076
cave_hsi,10,random-missing-completion,random,1,0.5,ntdpl,"(20,20,4)","(128,128)",4.273514200001955,C:\Users\mrkys\workspace\NTD-PL\multirun\neurips-lowrank-core\run\cave_hsi_random_id10_seed1_mr0.5_ntdpl_r20_20_4,0.5003169890372984,1.0,0.020094558596611023,10.621072476166015,-19.419751453162313,33.93843100846507,0.9908226505163694,17.376246965967066,0.020616931840777397,9.827324476610674,-19.19704253519153,33.715519342768594,0.9903395357983121,17.825427209946554
cave_hsi,10,random-missing-completion,random,1,0.5,tucker,"(20,20,4)","(128,128)",1.0672479999484494,C:\Users\mrkys\workspace\NTD-PL\multirun\neurips-lowrank-core\benchmark\cave_hsi_random_id10_seed1_mr0.5_tucker_r20_20_4,0.5003169890372984,1.0,0.022716445411534766,11.481409492996152,-18.354513161508574,32.87319248996766,0.9882661049070225,19.884282984800553,0.02323616503424976,10.801241179565451,-18.158234488386082,32.67671095239486,0.9877238133989447,20.332279195815534
cave_hsi,11,random-missing-completion,random,1,0.5,ntdpl,"(20,20,4)","(128,128)",6.039945000084117,C:\Users\mrkys\workspace\NTD-PL\multirun\neurips-lowrank-core\run\cave_hsi_random_id11_seed1_mr0.5_ntdpl_r20_20_4,0.5003169890372984,1.0,0.03973051905632019,11.626333691622285,-15.561732454779605,28.01751474501859,0.9712339899865544,24.883752150610906,0.040366675704717636,11.1865257908727,-15.436306033825417,27.879540591257328,0.9704226979046031,25.28011916317312
cave_hsi,11,random-missing-completion,random,1,0.5,tucker,"(20,20,4)","(128,128)",0.9968504999997094,C:\Users\mrkys\workspace\NTD-PL\multirun\neurips-lowrank-core\benchmark\cave_hsi_random_id11_seed1_mr0.5_tucker_r20_20_4,0.5003169890372984,1.0,0.04411632998788094,13.261070038489914,-14.652229816516158,27.108012468746814,0.9643393038872804,27.79167888833374,0.04469002428394108,13.080612239522035,-14.552553973241324,26.995788186999242,0.9635670353374127,28.159081369426524
cave_hsi,12,random-missing-completion,random,1,0.5,ntdpl,"(20,20,4)","(128,128)",7.604623800027184,C:\Users\mrkys\workspace\NTD-PL\multirun\neurips-lowrank-core\run\cave_hsi_random_id12_seed1_mr0.5_ntdpl_r20_20_4,0.5003169890372984,1.0,0.01452974695712328,7.28053487258637,-28.22077262281832,36.75483880670097,0.9985793018109498,7.3585968796919925,0.014672921970486641,6.824359753753836,-28.136761855489457,36.66966774544922,0.9985518192406238,7.426165277038309
cave_hsi,12,random-missing-completion,random,1,0.5,tucker,"(20,20,4)","(128,128)",1.1241687999572605,C:\Users\mrkys\workspace\NTD-PL\multirun\neurips-lowrank-core\benchmark\cave_hsi_random_id12_seed1_mr0.5_tucker_r20_20_4,0.5003169890372984,1.0,0.018756500670568655,8.50291329418166,-26.00289731935696,34.53696366159069,0.9976320992524504,9.476148741671414,0.018932841345363646,7.9560389927446975,-25.922777980001964,34.4556840883805,0.9975885786213113,9.571104452609575
cave_hsi,13,random-missing-completion,random,1,0.5,ntdpl,"(20,20,4)","(128,128)",7.983517599990591,C:\Users\mrkys\workspace\NTD-PL\multirun\neurips-lowrank-core\run\cave_hsi_random_id13_seed1_mr0.5_ntdpl_r20_20_4,0.5003169890372984,1.0,0.025017952546477318,22.188928165100116,-19.052071038908778,32.0349646204273,0.9912467753762475,20.604420077138872,0.025597935542464256,20.6995366351809,-18.83399524686243,31.83590117361402,0.9907953528781874,21.142555629898933
cave_hsi,13,random-missing-completion,random,1,0.5,tucker,"(20,20,4)","(128,128)",1.0515547000104561,C:\Users\mrkys\workspace\NTD-PL\multirun\neurips-lowrank-core\benchmark\cave_hsi_random_id13_seed1_mr0.5_tucker_r20_20_4,0.5003169890372984,1.0,0.027998251879586364,25.794579006853922,-18.074487966948645,31.05738167511977,0.9890280601595478,23.09718756524138,0.02857713461825819,24.562384413868834,-17.87772031625928,30.879626386943563,0.9885177565502967,23.641366212940394
cave_hsi,14,random-missing-completion,random,1,0.5,ntdpl,"(20,20,4)","(128,128)",8.303861599997617,C:\Users\mrkys\workspace\NTD-PL\multirun\neurips-lowrank-core\run\cave_hsi_random_id14_seed1_mr0.5_ntdpl_r20_20_4,0.5003169890372984,1.0,0.015257032588124275,12.076493028933104,-17.805951417353757,36.33059847147676,0.9899176437137011,30.836741052432302,0.015674153342843056,11.498173547939189,-17.582383837713152,36.09631821055629,0.9893928741658646,31.444559693393103
cave_hsi,14,random-missing-completion,random,1,0.5,tucker,"(20,20,4)","(128,128)",1.0672303000465035,C:\Users\mrkys\workspace\NTD-PL\multirun\neurips-lowrank-core\benchmark\cave_hsi_random_id14_seed1_mr0.5_tucker_r20_20_4,0.5003169890372984,1.0,0.017310001367601593,13.542284442468965,-16.709410763823804,35.23405795625087,0.9869947709353198,34.719030032455,0.0177080117888694,13.246283728316524,-16.522669601109833,35.03660395134829,0.9864384974576969,35.29253101996347
cave_hsi,15,random-missing-completion,random,1,0.5,ntdpl,"(20,20,4)","(128,128)",6.553945100051351,C:\Users\mrkys\workspace\NTD-PL\multirun\neurips-lowrank-core\run\cave_hsi_random_id15_seed1_mr0.5_ntdpl_r20_20_4,0.5003169890372984,1.0,0.01648014411330223,14.895970189011368,-20.169541645749035,35.66077997335232,0.9930175959299711,17.66616561761918,0.01684037409722805,13.168817273654147,-19.99093814372414,35.472965135858345,0.9927196233100759,17.992113435812534
cave_hsi,15,random-missing-completion,random,1,0.5,tucker,"(20,20,4)","(128,128)",0.992476399987936,C:\Users\mrkys\workspace\NTD-PL\multirun\neurips-lowrank-core\benchmark\cave_hsi_random_id15_seed1_mr0.5_tucker_r20_20_4,0.5003169890372984,1.0,0.018619171772592626,18.472581839402693,-19.109554458662377,34.600792828632436,0.9910788742910833,20.139169524109363,0.018955308318484642,16.895737557490982,-18.963355685765475,34.44538294284372,0.9907652997477532,20.458370412823086
cave_hsi,1,random-missing-completion,random,2,0.5,ntdpl,"(20,20,4)","(128,128)",7.8116077000740916,C:\Users\mrkys\workspace\NTD-PL\multirun\neurips-lowrank-core\run\cave_hsi_random_id01_seed2_mr0.5_ntdpl_r20_20_4,0.4997617660030242,2.0,0.01709911972284317,9.94031129348819,-21.859983926339122,35.34052512970651,0.9939829762056168,11.96559000533298,0.01754334568977356,9.459004613340992,-21.603781884762686,35.11775163962385,0.9936203382641833,12.326482066949806
cave_hsi,1,random-missing-completion,random,2,0.5,tucker,"(20,20,4)","(128,128)",1.0132991999853402,C:\Users\mrkys\workspace\NTD-PL\multirun\neurips-lowrank-core\benchmark\cave_hsi_random_id01_seed2_mr0.5_tucker_r20_20_4,0.4997617660030242,2.0,0.018229393732137368,10.772203315009284,-21.304014540762463,34.78455549488249,0.9931678499632842,12.797015169871836,0.018678473741425835,10.342973010448567,-21.059202226757957,34.573172275991375,0.9927762182314261,13.166971127013035
cave_hsi,2,random-missing-completion,random,2,0.5,ntdpl,"(20,20,4)","(128,128)",7.404906200012192,C:\Users\mrkys\workspace\NTD-PL\multirun\neurips-lowrank-core\run\cave_hsi_random_id02_seed2_mr0.5_ntdpl_r20_20_4,0.4997617660030242,2.0,0.08375778794288635,25.511851311395063,-8.061664306564355,21.539495689514034,0.8635339777921857,78.64072786171961,0.08559414744377136,24.291177250116437,-7.852666428996185,21.351118799145297,0.856880626267046,79.82948521764074
cave_hsi,2,random-missing-completion,random,2,0.5,tucker,"(20,20,4)","(128,128)",1.0371934999711812,C:\Users\mrkys\workspace\NTD-PL\multirun\neurips-lowrank-core\benchmark\cave_hsi_random_id02_seed2_mr0.5_tucker_r20_20_4,0.4997617660030242,2.0,0.09363057925549097,29.765369776182965,-7.09381445685517,20.57164579595808,0.8241030972642961,85.37359632084758,0.0950752291462429,29.035011374103927,-6.94020000095075,20.438652383943392,0.81817281250434,86.25249415917692
cave_hsi,3,random-missing-completion,random,2,0.5,ntdpl,"(20,20,4)","(128,128)",7.027601700043306,C:\Users\mrkys\workspace\NTD-PL\multirun\neurips-lowrank-core\run\cave_hsi_random_id03_seed2_mr0.5_ntdpl_r20_20_4,0.4997617660030242,2.0,0.03033272922039032,12.153951955544887,-12.969896308911558,30.361770258975234,0.9645101489336101,43.2937505053576,0.03146214783191681,12.038321592588552,-12.6537987971003,30.044232373213422,0.9618336660916761,44.8760004799024
cave_hsi,3,random-missing-completion,random,2,0.5,tucker,"(20,20,4)","(128,128)",1.0247403000248596,C:\Users\mrkys\workspace\NTD-PL\multirun\neurips-lowrank-core\benchmark\cave_hsi_random_id03_seed2_mr0.5_tucker_r20_20_4,0.4997617660030242,2.0,0.03390891301643616,11.296724004880787,-12.001848578891078,29.39372263471251,0.955226591197714,49.42589330891778,0.034960069616145235,11.164599403456489,-11.738120664821125,29.128554224484027,0.9523895640527229,50.86549520730303
cave_hsi,4,random-missing-completion,random,2,0.5,ntdpl,"(20,20,4)","(128,128)",8.063917400082573,C:\Users\mrkys\workspace\NTD-PL\multirun\neurips-lowrank-core\run\cave_hsi_random_id04_seed2_mr0.5_ntdpl_r20_20_4,0.4997617660030242,2.0,0.03042580559849739,15.92003679028738,-19.736610069793976,30.335158179703264,0.9925442471577964,19.404750698552522,0.031070450320839882,15.127138000908436,-19.56279344655642,30.153049118609793,0.9922320389460549,19.757607387389946
cave_hsi,4,random-missing-completion,random,2,0.5,tucker,"(20,20,4)","(128,128)",1.0089111999841407,C:\Users\mrkys\workspace\NTD-PL\multirun\neurips-lowrank-core\benchmark\cave_hsi_random_id04_seed2_mr0.5_tucker_r20_20_4,0.4997617660030242,2.0,0.03367948261208585,18.464129112190328,-18.854143622430605,29.452691776014287,0.9908561595477018,21.183533397312594,0.034302736716795616,17.919538666207796,-18.703168701605367,29.293424599966787,0.9905239712185016,21.521872720881213
cave_hsi,5,random-missing-completion,random,2,0.5,ntdpl,"(20,20,4)","(128,128)",7.247962000081316,C:\Users\mrkys\workspace\NTD-PL\multirun\neurips-lowrank-core\run\cave_hsi_random_id05_seed2_mr0.5_ntdpl_r20_20_4,0.4997617660030242,2.0,0.009949242696166039,26.86925588791849,-24.24634484445379,40.04419904845616,0.9977159725019863,23.677127728114815,0.010113568045198917,23.78744386826284,-24.120849789313667,39.90191213971204,0.9976493963660927,24.02634853568002
cave_hsi,5,random-missing-completion,random,2,0.5,tucker,"(20,20,4)","(128,128)",1.0849892999976873,C:\Users\mrkys\workspace\NTD-PL\multirun\neurips-lowrank-core\benchmark\cave_hsi_random_id05_seed2_mr0.5_tucker_r20_20_4,0.4997617660030242,2.0,0.011166583879232084,28.56359730749613,-23.243738971742527,39.04159334934462,0.997122079692672,25.795894449311422,0.011359652277762904,25.405712408134566,-23.11163682585379,38.89269924602125,0.9970341065576497,26.19295811931268
cave_hsi,6,random-missing-completion,random,2,0.5,ntdpl,"(20,20,4)","(128,128)",7.963650899939239,C:\Users\mrkys\workspace\NTD-PL\multirun\neurips-lowrank-core\run\cave_hsi_random_id06_seed2_mr0.5_ntdpl_r20_20_4,0.4997617660030242,2.0,0.06640658527612686,9.867508555057913,-11.706812058972108,23.555777260322202,0.9108991789996246,42.715507487271005,0.06772830337285995,9.791663424141563,-11.52740367344154,23.38459648927577,0.907301059725805,43.69944213139428
cave_hsi,6,random-missing-completion,random,2,0.5,tucker,"(20,20,4)","(128,128)",1.0020061999093741,C:\Users\mrkys\workspace\NTD-PL\multirun\neurips-lowrank-core\benchmark\cave_hsi_random_id06_seed2_mr0.5_tucker_r20_20_4,0.4997617660030242,2.0,0.06916094150330693,10.199146763290505,-11.353816931701173,23.202782064206453,0.9026118108342068,45.96406816291108,0.07029312955677768,10.19127410677994,-11.204549446278477,23.061742416073756,0.8993345728375808,46.792201655193395
cave_hsi,7,random-missing-completion,random,2,0.5,ntdpl,"(20,20,4)","(128,128)",7.707591300015338,C:\Users\mrkys\workspace\NTD-PL\multirun\neurips-lowrank-core\run\cave_hsi_random_id07_seed2_mr0.5_ntdpl_r20_20_4,0.4997617660030242,2.0,0.01035888772457838,22.68929779048548,-20.912789942988663,39.69373774589249,0.9952551069100065,21.05509878431809,0.010667378082871437,21.127047195502616,-20.69750164155404,39.43884634261296,0.9950140198738721,21.618227280917267
cave_hsi,7,random-missing-completion,random,2,0.5,tucker,"(20,20,4)","(128,128)",1.0419571000384167,C:\Users\mrkys\workspace\NTD-PL\multirun\neurips-lowrank-core\benchmark\cave_hsi_random_id07_seed2_mr0.5_tucker_r20_20_4,0.4997617660030242,2.0,0.01118355880425099,22.234520675082877,-20.24745170714371,39.028399486936955,0.9944607977980076,22.5367018610917,0.011492288082147892,21.154155000632375,-20.050525186053804,38.791869917926505,0.9942063252413694,23.102749236482463
cave_hsi,8,random-missing-completion,random,2,0.5,ntdpl,"(20,20,4)","(128,128)",7.50356230000034,C:\Users\mrkys\workspace\NTD-PL\multirun\neurips-lowrank-core\run\cave_hsi_random_id08_seed2_mr0.5_ntdpl_r20_20_4,0.4997617660030242,2.0,0.029722612351179123,14.434257479017536,-17.32668781754522,30.53826016815737,0.9864115691122648,24.507763498933837,0.030488453805446625,13.45750439814626,-17.09920454912289,30.31729223604364,0.9856827395192387,25.121227991354285
cave_hsi,8,random-missing-completion,random,2,0.5,tucker,"(20,20,4)","(128,128)",1.0369766999501735,C:\Users\mrkys\workspace\NTD-PL\multirun\neurips-lowrank-core\benchmark\cave_hsi_random_id08_seed2_mr0.5_tucker_r20_20_4,0.4997617660030242,2.0,0.036657092921132645,19.718519228185592,-15.505266989261903,28.716839591824886,0.9792227350708084,30.086107973953997,0.03739592916843493,19.05206544021938,-15.325425900297759,28.54351342973843,0.9783423061360121,30.661300816064678
cave_hsi,9,random-missing-completion,random,2,0.5,ntdpl,"(20,20,4)","(128,128)",7.568972500041127,C:\Users\mrkys\workspace\NTD-PL\multirun\neurips-lowrank-core\run\cave_hsi_random_id09_seed2_mr0.5_ntdpl_r20_20_4,0.4997617660030242,2.0,0.023608794435858727,24.258755381617984,-17.074552373861362,32.5385241859838,0.9872490066989515,30.693599145164185,0.024389086291193962,22.031812140784417,-16.808386771675057,32.25608960520171,0.9864467522061914,31.313085365762028
cave_hsi,9,random-missing-completion,random,2,0.5,tucker,"(20,20,4)","(128,128)",1.057767799939029,C:\Users\mrkys\workspace\NTD-PL\multirun\neurips-lowrank-core\benchmark\cave_hsi_random_id09_seed2_mr0.5_tucker_r20_20_4,0.4997617660030242,2.0,0.026342155112427212,31.2996160592887,-16.1230025316037,31.586973945762814,0.984095592134056,34.166076066365484,0.0270911684631048,29.557085849400853,-15.895742696271235,31.343445262101454,0.9832504674282835,34.78187665316169
cave_hsi,10,random-missing-completion,random,2,0.5,ntdpl,"(20,20,4)","(128,128)",6.914141500019468,C:\Users\mrkys\workspace\NTD-PL\multirun\neurips-lowrank-core\run\cave_hsi_random_id10_seed2_mr0.5_ntdpl_r20_20_4,0.4997617660030242,2.0,0.02004876546561718,10.404439780767703,-19.439568033410314,33.95824729234846,0.9908626307721945,17.32315044551122,0.020592309534549713,9.637727520884113,-19.213398155125677,33.72589882162294,0.9903814983038963,17.794109784448846
cave_hsi,10,random-missing-completion,random,2,0.5,tucker,"(20,20,4)","(128,128)",1.025981399929151,C:\Users\mrkys\workspace\NTD-PL\multirun\neurips-lowrank-core\benchmark\cave_hsi_random_id10_seed2_mr0.5_tucker_r20_20_4,0.4997617660030242,2.0,0.022929686715704906,11.24962298005388,-18.273358249920847,32.79203757837993,0.9880378479579304,20.054532623277492,0.02354666020014511,10.637475415473535,-18.048913102305114,32.561413668372495,0.9874093186618578,20.59203446442526
cave_hsi,11,random-missing-completion,random,2,0.5,ntdpl,"(20,20,4)","(128,128)",7.108814000035636,C:\Users\mrkys\workspace\NTD-PL\multirun\neurips-lowrank-core\run\cave_hsi_random_id11_seed2_mr0.5_ntdpl_r20_20_4,0.4997617660030242,2.0,0.03978796303272247,11.615164717808405,-15.549183082849611,28.004965958693337,0.9711417166695235,24.9195842176157,0.04041538015007973,11.16992744209164,-15.424017795621355,27.869066627801622,0.9702953515898807,25.250347713236206
cave_hsi,11,random-missing-completion,random,2,0.5,tucker,"(20,20,4)","(128,128)",0.9888576000230387,C:\Users\mrkys\workspace\NTD-PL\multirun\neurips-lowrank-core\benchmark\cave_hsi_random_id11_seed2_mr0.5_tucker_r20_20_4,0.4997617660030242,2.0,0.0441258562227309,13.20779155548374,-14.650354436305225,27.10613708853588,0.9643014454403391,27.76912928914083,0.04470869302159418,13.006894149774539,-14.54711194150875,26.992160515323825,0.9634424198248054,28.065661750824546
cave_hsi,12,random-missing-completion,random,2,0.5,ntdpl,"(20,20,4)","(128,128)",6.907116399961524,C:\Users\mrkys\workspace\NTD-PL\multirun\neurips-lowrank-core\run\cave_hsi_random_id12_seed2_mr0.5_ntdpl_r20_20_4,0.4997617660030242,2.0,0.01456830371171236,7.269332790349118,-28.197754224324605,36.7318204631135,0.9985719041828827,7.382684151697378,0.014741244725883007,6.813844720587983,-28.074217112529517,36.62931711467937,0.9985332430588598,7.483422667983001
cave_hsi,12,random-missing-completion,random,2,0.5,tucker,"(20,20,4)","(128,128)",1.0230840999865904,C:\Users\mrkys\workspace\NTD-PL\multirun\neurips-lowrank-core\benchmark\cave_hsi_random_id12_seed2_mr0.5_tucker_r20_20_4,0.4997617660030242,2.0,0.018771277178527605,8.467699033303047,-25.99605720617379,34.53012354840752,0.9976287114584179,9.488504865039546,0.018984668111402408,7.933133680146594,-25.87684003889358,34.431939815252115,0.9975671561815923,9.619558019700607
cave_hsi,13,random-missing-completion,random,2,0.5,ntdpl,"(20,20,4)","(128,128)",6.822176099987701,C:\Users\mrkys\workspace\NTD-PL\multirun\neurips-lowrank-core\run\cave_hsi_random_id13_seed2_mr0.5_ntdpl_r20_20_4,0.4997617660030242,2.0,0.0250913817435503,22.255286550002413,-19.026614879875556,32.00950852808195,0.9911966763027756,20.665971193867826,0.02563558891415596,20.724242713302836,-18.841542724845034,31.823133972118146,0.9908175692017113,21.135612523203225
cave_hsi,13,random-missing-completion,random,2,0.5,tucker,"(20,20,4)","(128,128)",1.0290234999265522,C:\Users\mrkys\workspace\NTD-PL\multirun\neurips-lowrank-core\benchmark\cave_hsi_random_id13_seed2_mr0.5_tucker_r20_20_4,0.4997617660030242,2.0,0.02795238035418379,25.937793159562744,-18.088730347438048,31.071624055609174,0.9890710499873905,23.06649384796171,0.02849755866617172,24.748564098476194,-17.92225552373083,30.90384687226768,0.9886522550126831,23.544486644380438
cave_hsi,14,random-missing-completion,random,2,0.5,ntdpl,"(20,20,4)","(128,128)",8.111874000052921,C:\Users\mrkys\workspace\NTD-PL\multirun\neurips-lowrank-core\run\cave_hsi_random_id14_seed2_mr0.5_ntdpl_r20_20_4,0.4997617660030242,2.0,0.01515985932201147,12.184920387495742,-17.861449169592937,36.38609646342259,0.9900490962457094,30.736316254051605,0.015574650838971138,11.581633317639485,-17.603667389795636,36.151633602499025,0.9894414880214751,31.3115176363854
cave_hsi,14,random-missing-completion,random,2,0.5,tucker,"(20,20,4)","(128,128)",1.0668791000498459,C:\Users\mrkys\workspace\NTD-PL\multirun\neurips-lowrank-core\benchmark\cave_hsi_random_id14_seed2_mr0.5_tucker_r20_20_4,0.4997617660030242,2.0,0.017300725600601103,13.594043109086748,-16.714066447044654,35.23871363947172,0.9870071560271837,34.749286797756426,0.017652491580992812,13.28663306448852,-16.51591349421152,35.063879739226174,0.9864028005528216,35.27600246545502
cave_hsi,15,random-missing-completion,random,2,0.5,ntdpl,"(20,20,4)","(128,128)",7.3120111000025645,C:\Users\mrkys\workspace\NTD-PL\multirun\neurips-lowrank-core\run\cave_hsi_random_id15_seed2_mr0.5_ntdpl_r20_20_4,0.4997617660030242,2.0,0.016318263486027718,14.876477374269676,-20.255283012918763,35.746521419348994,0.9931540032167737,17.504971634307847,0.016719665378332138,13.189018775830913,-20.05035312452282,35.53544881016825,0.9928182223803647,17.852812210445865
cave_hsi,15,random-missing-completion,random,2,0.5,tucker,"(20,20,4)","(128,128)",1.000801399932243,C:\Users\mrkys\workspace\NTD-PL\multirun\neurips-lowrank-core\benchmark\cave_hsi_random_id15_seed2_mr0.5_tucker_r20_20_4,0.4997617660030242,2.0,0.018614075453475834,18.466429787740815,-19.111932229551737,34.60317059952179,0.9910858456766296,20.19002798655917,0.01903415948079437,16.915628061043726,-18.9242302754921,34.40932592405029,0.9906870657029214,20.56234500607575
cave_hsi,1,random-missing-completion,random,0,0.5,ntdpl,"(24,24,4)","(128,128)",7.48592380003538,C:\Users\mrkys\workspace\NTD-PL\multirun\neurips-lowrank-core\run\cave_hsi_random_id01_seed0_mr0.5_ntdpl_r24_24_4,0.5002205141129032,0.0,0.015426448546350002,8.758007931520904,-22.754139581127447,36.23468049471064,0.9951092874421071,10.830859582397707,0.015817267820239067,8.395726452076651,-22.53077432520194,36.017370285801356,0.994857319550875,11.11346481180442
cave_hsi,1,random-missing-completion,random,0,0.5,tucker,"(24,24,4)","(128,128)",1.0928154001012444,C:\Users\mrkys\workspace\NTD-PL\multirun\neurips-lowrank-core\benchmark\cave_hsi_random_id01_seed0_mr0.5_tucker_r24_24_4,0.5002205141129032,0.0,0.016330259021504485,9.400598538926008,-22.25959757929364,35.74013853341367,0.9945223042397523,11.499268559230845,0.016745312826425843,9.169180916578398,-22.03553867316533,35.52213469610843,0.9942390808955524,11.800733541715157
cave_hsi,2,random-missing-completion,random,0,0.5,ntdpl,"(24,24,4)","(128,128)",7.828260999987833,C:\Users\mrkys\workspace\NTD-PL\multirun\neurips-lowrank-core\run\cave_hsi_random_id02_seed0_mr0.5_ntdpl_r24_24_4,0.5002205141129032,0.0,0.07635515183210373,24.656526901978513,-8.865402038421522,22.343233653209484,0.8889941889641959,71.88017411297676,0.07860353589057922,23.47942433022591,-8.591365919950007,22.09115843997147,0.8817757650435236,73.7872268205142
cave_hsi,2,random-missing-completion,random,0,0.5,tucker,"(24,24,4)","(128,128)",1.1245567000005394,C:\Users\mrkys\workspace\NTD-PL\multirun\neurips-lowrank-core\benchmark\cave_hsi_random_id02_seed0_mr0.5_tucker_r24_24_4,0.5002205141129032,0.0,0.08699024942794828,29.41355167204719,-7.732757138858935,21.210588477961846,0.8514086751901516,80.09915314920734,0.08884682849133169,28.7676037534644,-7.527369166514749,21.02716140631196,0.8443677411406049,81.64782888310819
cave_hsi,3,random-missing-completion,random,0,0.5,ntdpl,"(24,24,4)","(128,128)",7.946893400046974,C:\Users\mrkys\workspace\NTD-PL\multirun\neurips-lowrank-core\run\cave_hsi_random_id03_seed0_mr0.5_ntdpl_r24_24_4,0.5002205141129032,0.0,0.029466994106769562,12.146761922821234,-13.22140912624034,30.613283455216585,0.9665713999130691,41.86770031666764,0.030912799760699272,11.968159865167761,-12.825362993408975,30.197233299081468,0.9633488465262594,43.882221404163
cave_hsi,3,random-missing-completion,random,0,0.5,tucker,"(24,24,4)","(128,128)",1.1180884999921545,C:\Users\mrkys\workspace\NTD-PL\multirun\neurips-lowrank-core\benchmark\cave_hsi_random_id03_seed0_mr0.5_tucker_r24_24_4,0.5002205141129032,0.0,0.03300630731740006,11.173798732623567,-12.23618716395424,29.628061219775667,0.9577101682779969,48.078447933446505,0.034315076768897786,10.997647924074801,-11.918430352255772,29.290300503572624,0.9544556919566335,49.862308453197926
cave_hsi,4,random-missing-completion,random,0,0.5,ntdpl,"(24,24,4)","(128,128)",8.126474000047892,C:\Users\mrkys\workspace\NTD-PL\multirun\neurips-lowrank-core\run\cave_hsi_random_id04_seed0_mr0.5_ntdpl_r24_24_4,0.5002205141129032,0.0,0.026933075860142708,15.308693462186639,-20.795732814913144,31.394280701890604,0.9941671811185895,17.14278543737439,0.02770119532942772,14.52720421290769,-20.53239859141682,31.150030158117307,0.9938083707769317,17.67405035864396
cave_hsi,4,random-missing-completion,random,0,0.5,tucker,"(24,24,4)","(128,128)",1.1064824999775738,C:\Users\mrkys\workspace\NTD-PL\multirun\neurips-lowrank-core\benchmark\cave_hsi_random_id04_seed0_mr0.5_tucker_r24_24_4,0.5002205141129032,0.0,0.029706649822356393,17.007475675499684,-19.944378309301594,30.542926462885283,0.9928973492601375,18.662550902669306,0.030499618088641073,16.532150513222955,-19.69648046180612,30.31411197570966,0.9924860307970435,19.20775121516669
cave_hsi,5,random-missing-completion,random,0,0.5,ntdpl,"(24,24,4)","(128,128)",7.863717300002463,C:\Users\mrkys\workspace\NTD-PL\multirun\neurips-lowrank-core\run\cave_hsi_random_id05_seed0_mr0.5_ntdpl_r24_24_4,0.5002205141129032,0.0,0.009774565696716309,26.835447507504064,-24.400195987689056,40.198050156171675,0.9977952449938028,23.325679464149864,0.009953697212040424,23.825600434050358,-24.229809891964425,40.04031159267123,0.9977068917792111,23.59497870996788
cave_hsi,5,random-missing-completion,random,0,0.5,tucker,"(24,24,4)","(128,128)",1.2497986999806017,C:\Users\mrkys\workspace\NTD-PL\multirun\neurips-lowrank-core\benchmark\cave_hsi_random_id05_seed0_mr0.5_tucker_r24_24_4,0.5002205141129032,0.0,0.011048886589366601,28.424312262836857,-23.335775306241814,39.133629683843914,0.9971828997808596,25.560520607426636,0.011306675107386602,25.302639775168714,-23.12280016539528,38.93330173846024,0.9970421233847541,25.945569093386716
cave_hsi,6,random-missing-completion,random,0,0.5,ntdpl,"(24,24,4)","(128,128)",8.270134799997322,C:\Users\mrkys\workspace\NTD-PL\multirun\neurips-lowrank-core\run\cave_hsi_random_id06_seed0_mr0.5_ntdpl_r24_24_4,0.5002205141129032,0.0,0.062075916677713394,9.373804613130726,-12.292572196004844,24.141537164306904,0.9230635380556446,39.400883972830165,0.06352599710226059,9.303000788766266,-12.085309627132617,23.940970072210696,0.9192509445903746,40.26243828074579
cave_hsi,6,random-missing-completion,random,0,0.5,tucker,"(24,24,4)","(128,128)",1.1269157000351697,C:\Users\mrkys\workspace\NTD-PL\multirun\neurips-lowrank-core\benchmark\cave_hsi_random_id06_seed0_mr0.5_tucker_r24_24_4,0.5002205141129032,0.0,0.06520512104471246,9.732305542432995,-11.865400758340172,23.714365890845453,0.9144774804323244,43.045927223358,0.06648788191792121,9.727196414080545,-11.689489692038482,23.545150040027956,0.9108647720938604,43.80744023111311
cave_hsi,7,random-missing-completion,random,0,0.5,ntdpl,"(24,24,4)","(128,128)",8.300716800033115,C:\Users\mrkys\workspace\NTD-PL\multirun\neurips-lowrank-core\run\cave_hsi_random_id07_seed0_mr0.5_ntdpl_r24_24_4,0.5002205141129032,0.0,0.009374238550662994,22.06477951927105,-21.78033209194821,40.56127984210405,0.9961180900344863,19.169141699832515,0.009769449010491371,20.562771587302322,-21.386761673290046,40.202598168662064,0.9957533635082364,20.050861555016876
cave_hsi,7,random-missing-completion,random,0,0.5,tucker,"(24,24,4)","(128,128)",1.1686754999682307,C:\Users\mrkys\workspace\NTD-PL\multirun\neurips-lowrank-core\benchmark\cave_hsi_random_id07_seed0_mr0.5_tucker_r24_24_4,0.5002205141129032,0.0,0.009877939979466867,21.017242535175683,-21.325724560909237,40.106672340702474,0.9956841544094758,20.029119953589316,0.010310698450876938,20.13308102691567,-20.918401763904306,39.734238288728235,0.9952644688309332,20.996666328786493
cave_hsi,8,random-missing-completion,random,0,0.5,ntdpl,"(24,24,4)","(128,128)",8.246435299981385,C:\Users\mrkys\workspace\NTD-PL\multirun\neurips-lowrank-core\run\cave_hsi_random_id08_seed0_mr0.5_ntdpl_r24_24_4,0.5002205141129032,0.0,0.026381459087133408,13.910754953097559,-18.362451334747114,31.5740238374927,0.989320710591274,21.917900240283892,0.027269484475255013,13.044544022299178,-18.06795953053333,31.286461333915096,0.9885713899695181,22.626995186959483
cave_hsi,8,random-missing-completion,random,0,0.5,tucker,"(24,24,4)","(128,128)",1.1392273999517784,C:\Users\mrkys\workspace\NTD-PL\multirun\neurips-lowrank-core\benchmark\cave_hsi_random_id08_seed0_mr0.5_tucker_r24_24_4,0.5002205141129032,0.0,0.03319459226862413,19.545599280339523,-16.367080626480842,29.578653229043823,0.9830193702724508,27.342600790747838,0.034072324137033816,18.967758887229984,-16.13346317102814,29.35196482763686,0.982081026941514,28.10499292350508
cave_hsi,9,random-missing-completion,random,0,0.5,ntdpl,"(24,24,4)","(128,128)",7.574747700011358,C:\Users\mrkys\workspace\NTD-PL\multirun\neurips-lowrank-core\run\cave_hsi_random_id09_seed0_mr0.5_ntdpl_r24_24_4,0.5002205141129032,0.0,0.021030057221651077,23.77685350188351,-18.07921964583182,33.54319106568442,0.9899069394957438,27.535305645142916,0.02188127115368843,21.65701091241739,-17.750041171046163,33.19854933865012,0.9891060519946271,28.191865324270154
cave_hsi,9,random-missing-completion,random,0,0.5,tucker,"(24,24,4)","(128,128)",1.1333054000278935,C:\Users\mrkys\workspace\NTD-PL\multirun\neurips-lowrank-core\benchmark\cave_hsi_random_id09_seed0_mr0.5_tucker_r24_24_4,0.5002205141129032,0.0,0.02377024719436505,30.80832330601557,-17.015354623477123,32.479326037636234,0.9870763325712378,30.92224918340053,0.024636289438959163,29.136966555038565,-16.719986020449298,32.16849404503361,0.9861593784773262,31.615198824427644
cave_hsi,10,random-missing-completion,random,0,0.5,ntdpl,"(24,24,4)","(128,128)",6.95181350002531,C:\Users\mrkys\workspace\NTD-PL\multirun\neurips-lowrank-core\run\cave_hsi_random_id10_seed0_mr0.5_ntdpl_r24_24_4,0.5002205141129032,0.0,0.017970010638237,9.786793302124753,-20.390354076057502,34.909033670991775,0.9926707906614359,15.495115147993243,0.018597615882754326,9.051972897053815,-20.098119594239435,34.610854194459414,0.992168920524871,15.988932053658033
cave_hsi,10,random-missing-completion,random,0,0.5,tucker,"(24,24,4)","(128,128)",1.107494099996984,C:\Users\mrkys\workspace\NTD-PL\multirun\neurips-lowrank-core\benchmark\cave_hsi_random_id10_seed0_mr0.5_tucker_r24_24_4,0.5002205141129032,0.0,0.020129856216227246,10.938026017693728,-19.40450721522049,33.92318654367958,0.9908031914885316,17.599128798264733,0.020814478548569087,10.293291760302223,-19.119954588334164,33.63268929469442,0.9901916676562083,18.1446644154437
cave_hsi,11,random-missing-completion,random,0,0.5,ntdpl,"(24,24,4)","(128,128)",7.820835300022736,C:\Users\mrkys\workspace\NTD-PL\multirun\neurips-lowrank-core\run\cave_hsi_random_id11_seed0_mr0.5_ntdpl_r24_24_4,0.5002205141129032,0.0,0.0344930924475193,10.672543075950568,-16.78957496179691,29.24535732665568,0.9784686682130238,21.6969453033993,0.03517633303999901,10.26922825651589,-16.616106340769697,29.074988798919648,0.9775728872699466,22.06948024836676
cave_hsi,11,random-missing-completion,random,0,0.5,tucker,"(24,24,4)","(128,128)",1.0619105000514537,C:\Users\mrkys\workspace\NTD-PL\multirun\neurips-lowrank-core\benchmark\cave_hsi_random_id11_seed0_mr0.5_tucker_r24_24_4,0.5002205141129032,0.0,0.03850448009327146,12.278860536109034,-15.83399207365676,28.289774725887415,0.9730555081515082,24.348298105452905,0.039167620994223974,12.083032857943,-15.682573582347114,28.141456126080104,0.972079253690594,24.725652705356605
cave_hsi,12,random-missing-completion,random,0,0.5,ntdpl,"(24,24,4)","(128,128)",7.922624800004996,C:\Users\mrkys\workspace\NTD-PL\multirun\neurips-lowrank-core\run\cave_hsi_random_id12_seed0_mr0.5_ntdpl_r24_24_4,0.5002205141129032,0.0,0.014417778700590134,7.2413148953670445,-28.287966694949517,36.822033118147765,0.9986010575643194,7.30494334414545,0.014636133797466755,6.801680653859605,-28.154600043655343,36.69147250450847,0.9985582527950797,7.411834308869181
cave_hsi,12,random-missing-completion,random,0,0.5,tucker,"(24,24,4)","(128,128)",1.0751100999768823,C:\Users\mrkys\workspace\NTD-PL\multirun\neurips-lowrank-core\benchmark\cave_hsi_random_id12_seed0_mr0.5_tucker_r24_24_4,0.5002205141129032,0.0,0.018643652428905595,8.377259353762152,-26.055313700913402,34.58938004314713,0.9976605434287751,9.369894618711188,0.018955819897027604,7.851474367112216,-25.908276118758188,34.44514852540617,0.9975813711285607,9.528950833267265
cave_hsi,13,random-missing-completion,random,0,0.5,ntdpl,"(24,24,4)","(128,128)",7.108306200010702,C:\Users\mrkys\workspace\NTD-PL\multirun\neurips-lowrank-core\run\cave_hsi_random_id13_seed0_mr0.5_ntdpl_r24_24_4,0.5002205141129032,0.0,0.022157898172736168,21.736713946325622,-20.106535164658762,33.089429252890085,0.9931472430527295,18.21603708340869,0.022853940725326538,20.256534079094255,-19.856541319928024,32.820777880470295,0.9927419452655466,18.75453836790677
cave_hsi,13,random-missing-completion,random,0,0.5,tucker,"(24,24,4)","(128,128)",1.1061218000249937,C:\Users\mrkys\workspace\NTD-PL\multirun\neurips-lowrank-core\benchmark\cave_hsi_random_id13_seed0_mr0.5_tucker_r24_24_4,0.5002205141129032,0.0,0.024836585350033857,25.07425845417108,-19.115268556404402,32.098162264575535,0.9913836182703943,20.472154703415946,0.025515295398358034,23.88306186258576,-18.89975132406359,31.863987986858998,0.9909446277747824,20.998291910703877
cave_hsi,14,random-missing-completion,random,0,0.5,ntdpl,"(24,24,4)","(128,128)",6.600085099926218,C:\Users\mrkys\workspace\NTD-PL\multirun\neurips-lowrank-core\run\cave_hsi_random_id14_seed0_mr0.5_ntdpl_r24_24_4,0.5002205141129032,0.0,0.01355151366442442,11.292174029655701,-18.8355964343511,37.3602434545996,0.9920551015829954,27.393247839951478,0.01409654039889574,10.778417958927239,-18.50934833971082,37.01774911145251,0.9914288028940583,28.123209332059197
cave_hsi,14,random-missing-completion,random,0,0.5,tucker,"(24,24,4)","(128,128)",1.1576097999932244,C:\Users\mrkys\workspace\NTD-PL\multirun\neurips-lowrank-core\benchmark\cave_hsi_random_id14_seed0_mr0.5_tucker_r24_24_4,0.5002205141129032,0.0,0.015281051703214416,12.758938750960713,-17.79228790447504,36.31693509690211,0.989881841275806,30.888549146469686,0.01578332044043066,12.548228033317933,-17.52763190403491,36.036032522837104,0.9892382603169684,31.574998440817232
cave_hsi,15,random-missing-completion,random,0,0.5,ntdpl,"(24,24,4)","(128,128)",6.356205399963073,C:\Users\mrkys\workspace\NTD-PL\multirun\neurips-lowrank-core\run\cave_hsi_random_id15_seed0_mr0.5_ntdpl_r24_24_4,0.5002205141129032,0.0,0.014970040880143642,14.480118266546114,-21.00430201810859,36.49554085959159,0.9942451953440009,15.990171421502719,0.015326418913900852,12.838756770046173,-20.77790125355207,36.29118599470527,0.9939409404716346,16.366305214406662
cave_hsi,15,random-missing-completion,random,0,0.5,tucker,"(24,24,4)","(128,128)",1.1888197999214754,C:\Users\mrkys\workspace\NTD-PL\multirun\neurips-lowrank-core\benchmark\cave_hsi_random_id15_seed0_mr0.5_tucker_r24_24_4,0.5002205141129032,0.0,0.016890020358336352,18.160656854579678,-19.95615816909194,35.44739653906199,0.9926715825710365,18.145961914459686,0.017241189394659847,16.599128274083867,-19.755370796032718,35.26865554781315,0.9923298621141269,18.532273514774875
cave_hsi,1,random-missing-completion,random,1,0.5,ntdpl,"(24,24,4)","(128,128)",8.08302439993713,C:\Users\mrkys\workspace\NTD-PL\multirun\neurips-lowrank-core\run\cave_hsi_random_id01_seed1_mr0.5_ntdpl_r24_24_4,0.5003169890372984,1.0,0.015432017855346203,8.91322041175576,-22.751004508924364,36.23154539718649,0.9951047345215203,10.829908226440116,0.015818236395716667,8.515871673128467,-22.523757930332586,36.01683849229887,0.9948392455720085,11.116828037003465
cave_hsi,1,random-missing-completion,random,1,0.5,tucker,"(24,24,4)","(128,128)",1.019882500055246,C:\Users\mrkys\workspace\NTD-PL\multirun\neurips-lowrank-core\benchmark\cave_hsi_random_id01_seed1_mr0.5_tucker_r24_24_4,0.5003169890372984,1.0,0.016379998927440353,9.646581144651513,-22.233181666142592,35.713722620262615,0.9944871223069989,11.529927708121406,0.016793839965779524,9.35107352855295,-22.003919342372548,35.496999793410005,0.9941850394373821,11.838990465917142
cave_hsi,2,random-missing-completion,random,1,0.5,ntdpl,"(24,24,4)","(128,128)",7.570118100033142,C:\Users\mrkys\workspace\NTD-PL\multirun\neurips-lowrank-core\run\cave_hsi_random_id02_seed1_mr0.5_ntdpl_r24_24_4,0.5003169890372984,1.0,0.07700075209140778,24.61423822030912,-8.792269223265802,22.27010067814199,0.8871154435763797,72.29645786645973,0.07933373749256134,23.426284929460998,-8.519771811884123,22.010842084160007,0.8798236304858037,74.20206770619062
cave_hsi,2,random-missing-completion,random,1,0.5,tucker,"(24,24,4)","(128,128)",1.0630695999134332,C:\Users\mrkys\workspace\NTD-PL\multirun\neurips-lowrank-core\benchmark\cave_hsi_random_id02_seed1_mr0.5_tucker_r24_24_4,0.5003169890372984,1.0,0.08731034706486777,29.451340693191668,-7.700854369398523,21.178685708501433,0.8504047583414652,80.22277740868078,0.08901808661224653,28.74395553886396,-7.519364949305761,21.0104348967953,0.8442428547969613,81.6428379254151
cave_hsi,3,random-missing-completion,random,1,0.5,ntdpl,"(24,24,4)","(128,128)",7.1904021999798715,C:\Users\mrkys\workspace\NTD-PL\multirun\neurips-lowrank-core\run\cave_hsi_random_id03_seed1_mr0.5_ntdpl_r24_24_4,0.5003169890372984,1.0,0.0295228473842144,11.956008541530249,-13.204961172808511,30.596835363110273,0.966457787835962,42.026963544658926,0.030863014981150627,11.870511011469201,-12.820338802962342,30.21123327831104,0.9632830902158679,43.879731089398646
cave_hsi,3,random-missing-completion,random,1,0.5,tucker,"(24,24,4)","(128,128)",1.0559528999729082,C:\Users\mrkys\workspace\NTD-PL\multirun\neurips-lowrank-core\benchmark\cave_hsi_random_id03_seed1_mr0.5_tucker_r24_24_4,0.5003169890372984,1.0,0.03299207272722706,10.973384411856447,-12.23993392504502,29.63180798086645,0.95775061350736,48.078049252040884,0.03411460450591447,10.860419737392688,-11.950298734793973,29.34119318350128,0.9547427568127528,49.52638149181954
cave_hsi,4,random-missing-completion,random,1,0.5,ntdpl,"(24,24,4)","(128,128)",6.9754736999748275,C:\Users\mrkys\workspace\NTD-PL\multirun\neurips-lowrank-core\run\cave_hsi_random_id04_seed1_mr0.5_ntdpl_r24_24_4,0.5003169890372984,1.0,0.026912836357951164,15.381028388417658,-20.80226250419291,31.400810859049315,0.9941765407788055,17.14426623107876,0.027754640206694603,14.591629101228595,-20.542936089820248,31.1332875594151,0.9938172698783113,17.64570676446862
cave_hsi,4,random-missing-completion,random,1,0.5,tucker,"(24,24,4)","(128,128)",1.0505101999733597,C:\Users\mrkys\workspace\NTD-PL\multirun\neurips-lowrank-core\benchmark\cave_hsi_random_id04_seed1_mr0.5_tucker_r24_24_4,0.5003169890372984,1.0,0.029724146842791333,17.061200501707788,-19.93926388373735,30.537812037321036,0.9928884526109893,18.683837935196408,0.030574199490989145,16.598440227171636,-19.70254619543756,30.292898101171133,0.9924872787979929,19.185807438163614
cave_hsi,5,random-missing-completion,random,1,0.5,ntdpl,"(24,24,4)","(128,128)",7.385295100044459,C:\Users\mrkys\workspace\NTD-PL\multirun\neurips-lowrank-core\run\cave_hsi_random_id05_seed1_mr0.5_ntdpl_r24_24_4,0.5003169890372984,1.0,0.009664184413850307,26.82438503293063,-24.49884169230615,40.29669643563104,0.9978447866491832,22.990751092487844,0.009851147420704365,23.863775797250234,-24.34400886450802,40.130263200003085,0.9977659242328558,23.099219494746357
cave_hsi,5,random-missing-completion,random,1,0.5,tucker,"(24,24,4)","(128,128)",1.147063700016588,C:\Users\mrkys\workspace\NTD-PL\multirun\neurips-lowrank-core\benchmark\cave_hsi_random_id05_seed1_mr0.5_tucker_r24_24_4,0.5003169890372984,1.0,0.011007454242040372,28.498179719831448,-23.36840784691299,39.16626222451509,0.9972029960865489,25.435267975543212,0.011266249527620535,25.45814826500865,-23.178158416330476,38.96441268269757,0.9970769103631749,25.630619570889156
cave_hsi,6,random-missing-completion,random,1,0.5,ntdpl,"(24,24,4)","(128,128)",6.758707500062883,C:\Users\mrkys\workspace\NTD-PL\multirun\neurips-lowrank-core\run\cave_hsi_random_id06_seed1_mr0.5_ntdpl_r24_24_4,0.5003169890372984,1.0,0.06195290759205818,9.460589284910679,-12.30980123640515,24.158766295433885,0.923379913494194,39.176438868056245,0.06357195973396301,9.384946799576683,-12.081585863261932,23.934687803003705,0.9192196710687532,40.21327112302428
cave_hsi,6,random-missing-completion,random,1,0.5,tucker,"(24,24,4)","(128,128)",1.0754835000261664,C:\Users\mrkys\workspace\NTD-PL\multirun\neurips-lowrank-core\benchmark\cave_hsi_random_id06_seed1_mr0.5_tucker_r24_24_4,0.5003169890372984,1.0,0.06517322690331796,9.786477823139872,-11.869650374969613,23.718615507474894,0.9145727036264004,42.91539210547862,0.06660075790811786,9.757965928550416,-11.677314680372564,23.530416571716955,0.9106628737602193,43.841753921258736
cave_hsi,7,random-missing-completion,random,1,0.5,ntdpl,"(24,24,4)","(128,128)",7.166379100061022,C:\Users\mrkys\workspace\NTD-PL\multirun\neurips-lowrank-core\run\cave_hsi_random_id07_seed1_mr0.5_ntdpl_r24_24_4,0.5003169890372984,1.0,0.009404129348695278,20.62378872642953,-21.752680061399957,40.53362754054022,0.9960919473545157,19.15834293970153,0.009792421013116837,19.208793155051133,-21.374195752849833,40.18219812694228,0.995736088718853,19.91615435777179
cave_hsi,7,random-missing-completion,random,1,0.5,tucker,"(24,24,4)","(128,128)",1.0893054000334814,C:\Users\mrkys\workspace\NTD-PL\multirun\neurips-lowrank-core\benchmark\cave_hsi_random_id07_seed1_mr0.5_tucker_r24_24_4,0.5003169890372984,1.0,0.009840793074380636,19.42221742658868,-21.358450223230186,40.13939800302343,0.9957202283264084,19.905346217266896,0.010248737472405251,18.85703973083136,-20.97859014613466,39.786592628825915,0.9953291769704209,20.725414079653326
cave_hsi,8,random-missing-completion,random,1,0.5,ntdpl,"(24,24,4)","(128,128)",6.659229100099765,C:\Users\mrkys\workspace\NTD-PL\multirun\neurips-lowrank-core\run\cave_hsi_random_id08_seed1_mr0.5_ntdpl_r24_24_4,0.5003169890372984,1.0,0.026501957327127457,13.867841997854239,-18.322868468493354,31.53444114124468,0.9892298712781802,22.034702234751464,0.027384093031287193,12.96610210225187,-18.019883610830625,31.250032449331,0.9884437970724207,22.743213043366083
cave_hsi,8,random-missing-completion,random,1,0.5,tucker,"(24,24,4)","(128,128)",1.0724173999624327,C:\Users\mrkys\workspace\NTD-PL\multirun\neurips-lowrank-core\benchmark\cave_hsi_random_id08_seed1_mr0.5_tucker_r24_24_4,0.5003169890372984,1.0,0.0332204979142816,19.45816590925448,-16.360304648612697,29.571877251175675,0.9830089907924217,27.37093837777378,0.03416418603147172,18.87391585766192,-16.098429420829554,29.328578439409153,0.9819438465458539,28.167518244317264
cave_hsi,9,random-missing-completion,random,1,0.5,ntdpl,"(24,24,4)","(128,128)",7.3167527000186965,C:\Users\mrkys\workspace\NTD-PL\multirun\neurips-lowrank-core\run\cave_hsi_random_id09_seed1_mr0.5_ntdpl_r24_24_4,0.5003169890372984,1.0,0.02101808413863182,23.82400671282886,-18.084166541319274,33.54813800860856,0.9899215578334896,27.543626816484775,0.02189388871192932,21.656217435238474,-17.725103062386612,33.19354165111681,0.9890537074515503,28.414437900694434
cave_hsi,9,random-missing-completion,random,1,0.5,tucker,"(24,24,4)","(128,128)",1.0903450000332668,C:\Users\mrkys\workspace\NTD-PL\multirun\neurips-lowrank-core\benchmark\cave_hsi_random_id09_seed1_mr0.5_tucker_r24_24_4,0.5003169890372984,1.0,0.023783244826646212,31.007982000591053,-17.010606454728048,32.47457786888717,0.9870679516906109,31.01132116689169,0.02465790200915059,29.29931841512261,-16.69243910289675,32.16087755286723,0.9860867491844935,31.961623317758164
cave_hsi,10,random-missing-completion,random,1,0.5,ntdpl,"(24,24,4)","(128,128)",6.281761600053869,C:\Users\mrkys\workspace\NTD-PL\multirun\neurips-lowrank-core\run\cave_hsi_random_id10_seed1_mr0.5_ntdpl_r24_24_4,0.5003169890372984,1.0,0.018036557361483574,9.863129423233648,-20.35824749772141,34.876927137754244,0.99261367392672,15.602024023183947,0.018611595034599304,9.114093099047235,-20.085851395549085,34.60432783652503,0.9921337650165438,16.094979969339803
cave_hsi,10,random-missing-completion,random,1,0.5,tucker,"(24,24,4)","(128,128)",1.094596799928695,C:\Users\mrkys\workspace\NTD-PL\multirun\neurips-lowrank-core\benchmark\cave_hsi_random_id10_seed1_mr0.5_tucker_r24_24_4,0.5003169890372984,1.0,0.02009750237302178,10.936435597585321,-19.41847889926334,33.93715822772243,0.9908323555025003,17.59125692738255,0.020686508862208818,10.287204955714461,-19.167779464396713,33.686255928405494,0.990284689223935,18.100342371880746
cave_hsi,11,random-missing-completion,random,1,0.5,ntdpl,"(24,24,4)","(128,128)",6.997626699972898,C:\Users\mrkys\workspace\NTD-PL\multirun\neurips-lowrank-core\run\cave_hsi_random_id11_seed1_mr0.5_ntdpl_r24_24_4,0.5003169890372984,1.0,0.034482479095458984,10.69008999635577,-16.792247496349297,29.24803014392191,0.9784815094868915,21.67335367096902,0.0351436547935009,10.294365649063248,-16.63982752007029,29.083061643461903,0.9777347502018199,22.077289081989036
cave_hsi,11,random-missing-completion,random,1,0.5,tucker,"(24,24,4)","(128,128)",0.9948277999646962,C:\Users\mrkys\workspace\NTD-PL\multirun\neurips-lowrank-core\benchmark\cave_hsi_random_id11_seed1_mr0.5_tucker_r24_24_4,0.5003169890372984,1.0,0.03847904796396499,12.295764227034116,-15.839730981239404,28.295513633470062,0.9731009572710431,24.317168086674933,0.03909092097217013,12.153397744127453,-15.715247737832597,28.15848195159051,0.9723589996389184,24.704816774407355
cave_hsi,12,random-missing-completion,random,1,0.5,ntdpl,"(24,24,4)","(128,128)",6.174420400056988,C:\Users\mrkys\workspace\NTD-PL\multirun\neurips-lowrank-core\run\cave_hsi_random_id12_seed1_mr0.5_ntdpl_r24_24_4,0.5003169890372984,1.0,0.01434851810336113,7.236870008488802,-28.32979268234039,36.863858795017386,0.9986144486785745,7.2827422293769875,0.014510078355669975,6.783976859959816,-28.233698817179196,36.76660492839173,0.9985836877018823,7.3597261589494085
cave_hsi,12,random-missing-completion,random,1,0.5,tucker,"(24,24,4)","(128,128)",1.0325910999672487,C:\Users\mrkys\workspace\NTD-PL\multirun\neurips-lowrank-core\benchmark\cave_hsi_random_id12_seed1_mr0.5_tucker_r24_24_4,0.5003169890372984,1.0,0.018606772165621656,8.399161724685806,-26.072512860647112,34.60657920288084,0.9976699184029478,9.409677716109517,0.018841605599376834,7.854888909176327,-25.9647357173483,34.49764182572684,0.9976119077099717,9.533779475913153
cave_hsi,13,random-missing-completion,random,1,0.5,ntdpl,"(24,24,4)","(128,128)",6.758932999917306,C:\Users\mrkys\workspace\NTD-PL\multirun\neurips-lowrank-core\run\cave_hsi_random_id13_seed1_mr0.5_ntdpl_r24_24_4,0.5003169890372984,1.0,0.02218206413090229,21.744956407059036,-20.097067242582646,33.07996065229945,0.9931328815401793,18.256943260785942,0.022814618423581123,20.29081449851879,-19.833829556933008,32.83573588166125,0.9927049093378625,18.833341352632317
cave_hsi,13,random-missing-completion,random,1,0.5,tucker,"(24,24,4)","(128,128)",1.0496738000074401,C:\Users\mrkys\workspace\NTD-PL\multirun\neurips-lowrank-core\benchmark\cave_hsi_random_id13_seed1_mr0.5_tucker_r24_24_4,0.5003169890372984,1.0,0.02482345572624404,25.148151424128248,-19.11986148316859,32.10275519133972,0.9913947783950463,20.476781550865546,0.025453985899530823,23.99121460762873,-18.882977945463576,31.884884016147858,0.9909130606342146,21.061878670880745
cave_hsi,14,random-missing-completion,random,1,0.5,ntdpl,"(24,24,4)","(128,128)",6.333927299943753,C:\Users\mrkys\workspace\NTD-PL\multirun\neurips-lowrank-core\run\cave_hsi_random_id14_seed1_mr0.5_ntdpl_r24_24_4,0.5003169890372984,1.0,0.013540206477046013,11.341100226969207,-18.842847360325923,37.367494525071514,0.9920737349673888,27.428533044788495,0.013976065441966057,10.847103571726773,-18.57836678764273,37.09230130058566,0.9915806734032282,28.07443170776815
cave_hsi,14,random-missing-completion,random,1,0.5,tucker,"(24,24,4)","(128,128)",1.0900949999922886,C:\Users\mrkys\workspace\NTD-PL\multirun\neurips-lowrank-core\benchmark\cave_hsi_random_id14_seed1_mr0.5_tucker_r24_24_4,0.5003169890372984,1.0,0.015284861646139583,12.808978695867012,-17.790122567973004,36.31476976040007,0.9898871161336348,30.900108104892134,0.01572326012361161,12.591828310228639,-17.555213661876557,36.06914801211502,0.9893345927057633,31.529054880648204
cave_hsi,15,random-missing-completion,random,1,0.5,ntdpl,"(24,24,4)","(128,128)",7.1885780999436975,C:\Users\mrkys\workspace\NTD-PL\multirun\neurips-lowrank-core\run\cave_hsi_random_id15_seed1_mr0.5_ntdpl_r24_24_4,0.5003169890372984,1.0,0.015015563927590847,14.535232295425434,-20.977928320849056,36.46916681686617,0.9942097855235993,16.01232147530239,0.015388590283691883,12.85898671277532,-20.77399576303305,36.256023012795296,0.9939273375036999,16.361359918105247
cave_hsi,15,random-missing-completion,random,1,0.5,tucker,"(24,24,4)","(128,128)",1.0106046999571845,C:\Users\mrkys\workspace\NTD-PL\multirun\neurips-lowrank-core\benchmark\cave_hsi_random_id15_seed1_mr0.5_tucker_r24_24_4,0.5003169890372984,1.0,0.016921906450725676,18.097513307108805,-19.939775833761004,35.43101420373106,0.992641964049592,18.15041652468248,0.01730269367582382,16.568071763513554,-19.755698359558743,35.23772561663699,0.9923162775557076,18.516719494951058
cave_hsi,1,random-missing-completion,random,2,0.5,ntdpl,"(24,24,4)","(128,128)",6.40061200002674,C:\Users\mrkys\workspace\NTD-PL\multirun\neurips-lowrank-core\run\cave_hsi_random_id01_seed2_mr0.5_ntdpl_r24_24_4,0.4997617660030242,2.0,0.015780549496412277,10.01760321211357,-22.557016694172262,36.037557574752796,0.9948801983776192,11.031735975888157,0.016190459951758385,9.488948813358943,-22.300846398071307,35.81481678273297,0.994571868249061,11.364252206782975
cave_hsi,1,random-missing-completion,random,2,0.5,tucker,"(24,24,4)","(128,128)",1.0340050999075174,C:\Users\mrkys\workspace\NTD-PL\multirun\neurips-lowrank-core\benchmark\cave_hsi_random_id01_seed2_mr0.5_tucker_r24_24_4,0.4997617660030242,2.0,0.01648156814879444,10.737587517200467,-22.179488435104275,35.6600293892243,0.9944209647209038,11.547201667465481,0.016902943210737827,10.170819703491668,-21.926783303591865,35.44075335282529,0.9940899919024222,11.891945350574547
cave_hsi,2,random-missing-completion,random,2,0.5,ntdpl,"(24,24,4)","(128,128)",7.367087000049651,C:\Users\mrkys\workspace\NTD-PL\multirun\neurips-lowrank-core\run\cave_hsi_random_id02_seed2_mr0.5_ntdpl_r24_24_4,0.4997617660030242,2.0,0.07669313997030258,24.693891124205017,-8.827038161928488,22.30486953661419,0.8880149931766639,71.87559052911895,0.07893188297748566,23.498459447205665,-8.556498486047428,22.054950749075388,0.8807676777087494,73.6012679194746
cave_hsi,2,random-missing-completion,random,2,0.5,tucker,"(24,24,4)","(128,128)",1.055523999966681,C:\Users\mrkys\workspace\NTD-PL\multirun\neurips-lowrank-core\benchmark\cave_hsi_random_id02_seed2_mr0.5_tucker_r24_24_4,0.4997617660030242,2.0,0.08727609488449543,29.44598071165509,-7.7042625454180635,21.182093884520974,0.8505416328927194,80.22823898851502,0.08894543403650594,28.808945396211683,-7.51907444239073,21.01752682538337,0.8442613288348766,81.37050389659377
cave_hsi,3,random-missing-completion,random,2,0.5,ntdpl,"(24,24,4)","(128,128)",6.871150700026192,C:\Users\mrkys\workspace\NTD-PL\multirun\neurips-lowrank-core\run\cave_hsi_random_id03_seed2_mr0.5_ntdpl_r24_24_4,0.4997617660030242,2.0,0.029600491747260094,11.82500940181926,-13.182147528529459,30.57402187626737,0.9662826571882606,42.17941349081957,0.031056158244609833,11.770330231705795,-12.766611921160012,30.157045791117444,0.9628941634829312,44.09985135031617
cave_hsi,3,random-missing-completion,random,2,0.5,tucker,"(24,24,4)","(128,128)",1.0620980000821874,C:\Users\mrkys\workspace\NTD-PL\multirun\neurips-lowrank-core\benchmark\cave_hsi_random_id03_seed2_mr0.5_tucker_r24_24_4,0.4997617660030242,2.0,0.03301487480628635,11.031542272214967,-12.233932849173266,29.625806904994697,0.9577032449823277,48.17033428161317,0.03434775483089995,10.946639875369314,-11.891599354154007,29.282032913816913,0.9542170875446796,49.91940977335766
cave_hsi,4,random-missing-completion,random,2,0.5,ntdpl,"(24,24,4)","(128,128)",7.027250099927187,C:\Users\mrkys\workspace\NTD-PL\multirun\neurips-lowrank-core\run\cave_hsi_random_id04_seed2_mr0.5_ntdpl_r24_24_4,0.4997617660030242,2.0,0.026834193617105484,15.364813991495216,-20.82768112807829,31.426229278705065,0.9942097281621906,17.076047198443934,0.02748466655611992,14.565559681824903,-20.627934731124867,31.21819058575909,0.9939309372972233,17.43814149310814
cave_hsi,4,random-missing-completion,random,2,0.5,tucker,"(24,24,4)","(128,128)",1.0351910000899807,C:\Users\mrkys\workspace\NTD-PL\multirun\neurips-lowrank-core\benchmark\cave_hsi_random_id04_seed2_mr0.5_tucker_r24_24_4,0.4997617660030242,2.0,0.029765922564498063,17.152755313762132,-19.927064894173018,30.525613047756703,0.9928692792686539,18.70793981360196,0.03040189439673346,16.67168775086267,-19.75173117919076,30.34198707755218,0.9925682738686555,19.06372595325083
cave_hsi,5,random-missing-completion,random,2,0.5,ntdpl,"(24,24,4)","(128,128)",6.549541199929081,C:\Users\mrkys\workspace\NTD-PL\multirun\neurips-lowrank-core\run\cave_hsi_random_id05_seed2_mr0.5_ntdpl_r24_24_4,0.4997617660030242,2.0,0.00971981417387724,26.819755578194094,-24.44898639256167,40.24684064210605,0.9978202574786058,23.195383456875884,0.009896351024508476,23.74212245395963,-24.309435577476425,40.090497890068384,0.997749419362249,23.575715238933338
cave_hsi,5,random-missing-completion,random,2,0.5,tucker,"(24,24,4)","(128,128)",1.2356619000202045,C:\Users\mrkys\workspace\NTD-PL\multirun\neurips-lowrank-core\benchmark\cave_hsi_random_id05_seed2_mr0.5_tucker_r24_24_4,0.4997617660030242,2.0,0.010964749060868787,28.503655785970125,-23.402171685030936,39.200026062633036,0.9972254485033764,25.4120625763644,0.01119705101414681,25.30955904128189,-23.236864442361423,39.01792686252889,0.9971187010205974,25.894322655534594
cave_hsi,6,random-missing-completion,random,2,0.5,ntdpl,"(24,24,4)","(128,128)",6.982568999985233,C:\Users\mrkys\workspace\NTD-PL\multirun\neurips-lowrank-core\run\cave_hsi_random_id06_seed2_mr0.5_ntdpl_r24_24_4,0.4997617660030242,2.0,0.06209336221218109,9.43004735146777,-12.290131473466875,24.139096559436545,0.9229675273174565,39.48215159741325,0.06359976530075073,9.367780114356233,-12.073696947033188,23.930889640719442,0.9191647075707824,40.524820069353375
cave_hsi,6,random-missing-completion,random,2,0.5,tucker,"(24,24,4)","(128,128)",1.0462526000337675,C:\Users\mrkys\workspace\NTD-PL\multirun\neurips-lowrank-core\benchmark\cave_hsi_random_id06_seed2_mr0.5_tucker_r24_24_4,0.4997617660030242,2.0,0.06516689317991493,9.78058417996121,-11.87049453596141,23.719459668466687,0.914526191869413,43.13682743306524,0.06645846641863946,9.785294821340049,-11.691800722770353,23.548993692565627,0.9110612844729972,44.02789254318861
cave_hsi,7,random-missing-completion,random,2,0.5,ntdpl,"(24,24,4)","(128,128)",7.094049200066365,C:\Users\mrkys\workspace\NTD-PL\multirun\neurips-lowrank-core\run\cave_hsi_random_id07_seed2_mr0.5_ntdpl_r24_24_4,0.4997617660030242,2.0,0.009241269901394844,22.624644170743288,-21.90441932387673,40.68536713948615,0.996226901091025,18.995645285695005,0.00955788791179657,21.140939701044,-21.651416878517786,40.39276185022625,0.9960004217971951,19.59087763550745
cave_hsi,7,random-missing-completion,random,2,0.5,tucker,"(24,24,4)","(128,128)",1.138296200078912,C:\Users\mrkys\workspace\NTD-PL\multirun\neurips-lowrank-core\benchmark\cave_hsi_random_id07_seed2_mr0.5_tucker_r24_24_4,0.4997617660030242,2.0,0.009824332358790917,21.858911801726002,-21.37299129420927,40.153939074002515,0.9957307513735789,20.015358397707672,0.010176982815991357,20.871496819264223,-21.106274444039293,39.847619175911994,0.9954604846869276,20.67870198574756
cave_hsi,8,random-missing-completion,random,2,0.5,ntdpl,"(24,24,4)","(128,128)",7.257414000108838,C:\Users\mrkys\workspace\NTD-PL\multirun\neurips-lowrank-core\run\cave_hsi_random_id08_seed2_mr0.5_ntdpl_r24_24_4,0.4997617660030242,2.0,0.02648664079606533,13.884896146298994,-18.32788935442136,31.539462176191755,0.9892404701041883,21.987634256589313,0.02731056697666645,12.956904561975616,-18.055297912217952,31.27338563935064,0.9885456814129664,22.644515987372248
cave_hsi,8,random-missing-completion,random,2,0.5,tucker,"(24,24,4)","(128,128)",1.0760691000614315,C:\Users\mrkys\workspace\NTD-PL\multirun\neurips-lowrank-core\benchmark\cave_hsi_random_id08_seed2_mr0.5_tucker_r24_24_4,0.4997617660030242,2.0,0.03326073503322308,19.458307567375158,-16.349790547063748,29.561363149626732,0.9829515309428594,27.39440872567106,0.034041714204437544,18.82507826095398,-16.141684044668185,29.35977157410886,0.9821109641209982,28.009741263098714
cave_hsi,9,random-missing-completion,random,2,0.5,ntdpl,"(24,24,4)","(128,128)",7.002566499984823,C:\Users\mrkys\workspace\NTD-PL\multirun\neurips-lowrank-core\run\cave_hsi_random_id09_seed2_mr0.5_ntdpl_r24_24_4,0.4997617660030242,2.0,0.021056532859802246,23.878432043516273,-18.06829109464531,33.53226258933812,0.9898809692440173,27.400150526559614,0.02186243236064911,21.682304358284217,-17.758328347035302,33.20603091741897,0.9891337051324531,28.049941415872244
cave_hsi,9,random-missing-completion,random,2,0.5,tucker,"(24,24,4)","(128,128)",1.1640285999746993,C:\Users\mrkys\workspace\NTD-PL\multirun\neurips-lowrank-core\benchmark\cave_hsi_random_id09_seed2_mr0.5_tucker_r24_24_4,0.4997617660030242,2.0,0.02385334736437568,30.87283122144047,-16.985041933102323,32.449013347261435,0.9869894945158388,30.955983626075117,0.024629949287086526,29.067416592684893,-16.72302708156243,32.17072964739265,0.9861840430595821,31.61902004684569
cave_hsi,10,random-missing-completion,random,2,0.5,ntdpl,"(24,24,4)","(128,128)",7.041010599932633,C:\Users\mrkys\workspace\NTD-PL\multirun\neurips-lowrank-core\run\cave_hsi_random_id10_seed2_mr0.5_ntdpl_r24_24_4,0.4997617660030242,2.0,0.01797396130859852,9.932776144875898,-20.388444636965932,34.90712411906217,0.992667218942405,15.540271333116095,0.01855924166738987,9.19339975835505,-20.116294634491936,34.62879558959685,0.9921990516263146,16.045625157760124
cave_hsi,10,random-missing-completion,random,2,0.5,tucker,"(24,24,4)","(128,128)",1.0766760000260547,C:\Users\mrkys\workspace\NTD-PL\multirun\neurips-lowrank-core\benchmark\cave_hsi_random_id10_seed2_mr0.5_tucker_r24_24_4,0.4997617660030242,2.0,0.020155567715238375,10.985439541206478,-19.393419965720856,33.91209929417994,0.9907789601395414,17.656247154936093,0.020783910273199948,10.374664883317827,-19.13295425736959,33.64545482343698,0.9902147563332965,18.21245545966029
cave_hsi,11,random-missing-completion,random,2,0.5,ntdpl,"(24,24,4)","(128,128)",7.605236200033687,C:\Users\mrkys\workspace\NTD-PL\multirun\neurips-lowrank-core\run\cave_hsi_random_id11_seed2_mr0.5_ntdpl_r24_24_4,0.4997617660030242,2.0,0.03448966518044472,10.63273367832897,-16.790437550537575,29.24622025549929,0.9784698570122687,21.686465359503536,0.03515458106994629,10.241103921831016,-16.635313489444467,29.080361809926725,0.9776853611660374,22.065178664949002
cave_hsi,11,random-missing-completion,random,2,0.5,tucker,"(24,24,4)","(128,128)",1.057759499992244,C:\Users\mrkys\workspace\NTD-PL\multirun\neurips-lowrank-core\benchmark\cave_hsi_random_id11_seed2_mr0.5_tucker_r24_24_4,0.4997617660030242,2.0,0.0385059352889583,12.24341008716258,-15.83366381496405,28.289446467194708,0.9730465455600291,24.321573466899448,0.039147138367086456,12.08017711259191,-15.700951008551474,28.14599958236655,0.9722080594203395,24.678815794942345
cave_hsi,12,random-missing-completion,random,2,0.5,ntdpl,"(24,24,4)","(128,128)",6.861551599926315,C:\Users\mrkys\workspace\NTD-PL\multirun\neurips-lowrank-core\run\cave_hsi_random_id12_seed2_mr0.5_ntdpl_r24_24_4,0.4997617660030242,2.0,0.014369282871484756,7.231579569251872,-28.317232117803886,36.85129791345942,0.998610678676696,7.294112586555171,0.014557979069650173,6.777958801246509,-28.18287836884155,36.73797832258921,0.9985694838389336,7.402274256121992
cave_hsi,12,random-missing-completion,random,2,0.5,tucker,"(24,24,4)","(128,128)",1.02344199991785,C:\Users\mrkys\workspace\NTD-PL\multirun\neurips-lowrank-core\benchmark\cave_hsi_random_id12_seed2_mr0.5_tucker_r24_24_4,0.4997617660030242,2.0,0.018591781831165416,8.39668919373265,-26.079513369203653,34.61357971143738,0.9976739418606333,9.404458791753864,0.01885168411318608,7.873700984293515,-25.93789714512054,34.492996921479076,0.9976012004464633,9.55672313272329
cave_hsi,13,random-missing-completion,random,2,0.5,ntdpl,"(24,24,4)","(128,128)",6.935575800016522,C:\Users\mrkys\workspace\NTD-PL\multirun\neurips-lowrank-core\run\cave_hsi_random_id13_seed2_mr0.5_ntdpl_r24_24_4,0.4997617660030242,2.0,0.022086720913648605,21.78403818458159,-20.13448139154764,33.117375248086816,0.993191817705989,18.165029720119342,0.022602209821343422,20.274508832117732,-19.935390789308677,32.91698222846905,0.9928758311931731,18.611971680113438
cave_hsi,13,random-missing-completion,random,2,0.5,tucker,"(24,24,4)","(128,128)",1.115936000016518,C:\Users\mrkys\workspace\NTD-PL\multirun\neurips-lowrank-core\benchmark\cave_hsi_random_id13_seed2_mr0.5_tucker_r24_24_4,0.4997617660030242,2.0,0.024792504899985048,25.14443127668818,-19.13069813704249,32.11359184521362,0.9914190487430753,20.43837050341256,0.025344516906860928,23.988488633361484,-18.940728300885574,31.922319649422427,0.9910414430165405,20.918226875736735
cave_hsi,14,random-missing-completion,random,2,0.5,ntdpl,"(24,24,4)","(128,128)",6.940957000013441,C:\Users\mrkys\workspace\NTD-PL\multirun\neurips-lowrank-core\run\cave_hsi_random_id14_seed2_mr0.5_ntdpl_r24_24_4,0.4997617660030242,2.0,0.013514594174921513,11.40487642109733,-18.859292499198293,37.383939750664176,0.9921073111708564,27.377301535690346,0.013967501930892467,10.89901874964277,-18.54965882892367,37.097625192546545,0.991524582386691,28.032068996372768
cave_hsi,14,random-missing-completion,random,2,0.5,tucker,"(24,24,4)","(128,128)",1.1623721000505611,C:\Users\mrkys\workspace\NTD-PL\multirun\neurips-lowrank-core\benchmark\cave_hsi_random_id14_seed2_mr0.5_tucker_r24_24_4,0.4997617660030242,2.0,0.015307567439739364,12.922995897071688,-17.777229178369147,36.301876370796215,0.9898558861735253,31.076855718789105,0.01569438725029319,12.714278168016204,-17.537146467371834,36.08511271238648,0.9892791258419409,31.680228200537357
cave_hsi,15,random-missing-completion,random,2,0.5,ntdpl,"(24,24,4)","(128,128)",7.019077999982983,C:\Users\mrkys\workspace\NTD-PL\multirun\neurips-lowrank-core\run\cave_hsi_random_id15_seed2_mr0.5_ntdpl_r24_24_4,0.4997617660030242,2.0,0.015056648291647434,14.331559756966552,-20.954195594031265,36.4454340066587,0.994178124035224,16.122991699041556,0.015462403185665607,12.695985946163237,-20.729364350784007,36.21445965901648,0.9938654981255782,16.48420848009914
cave_hsi,15,random-missing-completion,random,2,0.5,tucker,"(24,24,4)","(128,128)",1.0910069999517873,C:\Users\mrkys\workspace\NTD-PL\multirun\neurips-lowrank-core\benchmark\cave_hsi_random_id15_seed2_mr0.5_tucker_r24_24_4,0.4997617660030242,2.0,0.016924582037490248,17.933076561297263,-19.938402583392026,35.42964095336208,0.9926422203367558,18.20909445384127,0.017337346806400557,16.418821543352806,-19.735251618399076,35.22034726695727,0.9922868631369727,18.578095159906987
