domain,dataset,unit_id,unit_label,source_path,raw_shape,processed_shape,rank,seed,tucker_rmse,ntdpl_rmse,rmse_gain_pct,tucker_sam,ntdpl_sam,sam_gain_pct,d_link_db,diagnostic_label,tucker_params,ntdpl_params,runtime_tucker,runtime_ntdpl,status,notes
Action video,UCF101,ucf101_v_ApplyEyeMakeup_g01_c01,ApplyEyeMakeup:v_ApplyEyeMakeup_g01_c01,C:\Users\mrkys\workspace\NTD-PL\data\UCF101\train\ApplyEyeMakeup\v_ApplyEyeMakeup_g01_c01.avi,165x240x320x3,24x72x96x3,"(12,18,18,3)",0,0.08116578310728073,0.07593648880720139,6.442732515951377,17.806753648986277,13.290553718803894,25.36228679975862,0.22451194426060117,effective,14985,14990,0.24386669998057187,6.875508700031787,ok,split=train; action=ApplyEyeMakeup; raw_frames=165; sampled_frames=24; link_refresh_rmse=0.079094701; p_max=4
Action video,UCF101,ucf101_v_ApplyEyeMakeup_g01_c03,ApplyEyeMakeup:v_ApplyEyeMakeup_g01_c03,C:\Users\mrkys\workspace\NTD-PL\data\UCF101\train\ApplyEyeMakeup\v_ApplyEyeMakeup_g01_c03.avi,260x240x320x3,24x72x96x3,"(12,18,18,3)",0,0.07244206219911575,0.0671292096376419,7.333933353347714,21.421221436679943,20.727445470045065,3.2387320615009956,0.238557384623542,effective,14985,14990,0.2351875000167638,6.965866799931973,ok,split=train; action=ApplyEyeMakeup; raw_frames=260; sampled_frames=24; link_refresh_rmse=0.07047952; p_max=4
Action video,UCF101,ucf101_v_ApplyEyeMakeup_g01_c05,ApplyEyeMakeup:v_ApplyEyeMakeup_g01_c05,C:\Users\mrkys\workspace\NTD-PL\data\UCF101\train\ApplyEyeMakeup\v_ApplyEyeMakeup_g01_c05.avi,297x240x320x3,24x72x96x3,"(12,18,18,3)",0,0.0675172209739685,0.06311381608247757,6.521898899228515,21.379821558432813,18.49587068773287,13.489125074397212,0.19041238513213776,effective,14985,14990,0.21092130010947585,6.88730589998886,ok,split=train; action=ApplyEyeMakeup; raw_frames=297; sampled_frames=24; link_refresh_rmse=0.066053212; p_max=4
Action video,UCF101,ucf101_v_ApplyEyeMakeup_g01_c06,ApplyEyeMakeup:v_ApplyEyeMakeup_g01_c06,C:\Users\mrkys\workspace\NTD-PL\data\UCF101\train\ApplyEyeMakeup\v_ApplyEyeMakeup_g01_c06.avi,123x240x320x3,24x72x96x3,"(12,18,18,3)",0,0.06958605349063873,0.06386008113622665,8.228620631837359,24.079858033572357,24.264273347343828,-0.7658488414439864,0.2568799680318767,effective,14985,14990,0.2286290000192821,6.835862700128928,ok,split=train; action=ApplyEyeMakeup; raw_frames=123; sampled_frames=24; link_refresh_rmse=0.067558222; p_max=4
Action video,UCF101,ucf101_v_ApplyEyeMakeup_g02_c02,ApplyEyeMakeup:v_ApplyEyeMakeup_g02_c02,C:\Users\mrkys\workspace\NTD-PL\data\UCF101\train\ApplyEyeMakeup\v_ApplyEyeMakeup_g02_c02.avi,147x240x320x3,24x72x96x3,"(12,18,18,3)",0,0.04815708473324776,0.04737180843949318,1.6306557967625916,8.17814060409442,7.863362767265811,3.8490147341195584,0.029745479635189306,boundary,14985,14990,0.21382860001176596,6.855465199798346,ok,split=train; action=ApplyEyeMakeup; raw_frames=147; sampled_frames=24; link_refresh_rmse=0.047992449; p_max=4
Action video,UCF101,ucf101_v_ApplyEyeMakeup_g02_c03,ApplyEyeMakeup:v_ApplyEyeMakeup_g02_c03,C:\Users\mrkys\workspace\NTD-PL\data\UCF101\train\ApplyEyeMakeup\v_ApplyEyeMakeup_g02_c03.avi,217x240x320x3,24x72x96x3,"(12,18,18,3)",0,0.052131325006484985,0.05174405500292778,0.7428738930173555,8.763173796353534,8.56721559037741,2.236155650110065,0.02095123475293504,boundary,14985,14990,0.19882539985701442,6.821557099930942,ok,split=train; action=ApplyEyeMakeup; raw_frames=217; sampled_frames=24; link_refresh_rmse=0.052005731; p_max=4
Action video,UCF101,ucf101_v_ApplyEyeMakeup_g03_c01,ApplyEyeMakeup:v_ApplyEyeMakeup_g03_c01,C:\Users\mrkys\workspace\NTD-PL\data\UCF101\train\ApplyEyeMakeup\v_ApplyEyeMakeup_g03_c01.avi,210x240x320x3,24x72x96x3,"(12,18,18,3)",0,0.05534610524773598,0.053502194583415985,3.3315996781822697,6.094132156106148,3.5923586858529175,41.05216963085587,0.10134731127903134,effective,14985,14990,0.26591079984791577,6.6229481000918895,ok,split=train; action=ApplyEyeMakeup; raw_frames=210; sampled_frames=24; link_refresh_rmse=0.054704078; p_max=4
Action video,UCF101,ucf101_v_ApplyEyeMakeup_g03_c02,ApplyEyeMakeup:v_ApplyEyeMakeup_g03_c02,C:\Users\mrkys\workspace\NTD-PL\data\UCF101\train\ApplyEyeMakeup\v_ApplyEyeMakeup_g03_c02.avi,135x240x320x3,24x72x96x3,"(12,18,18,3)",0,0.04447252303361893,0.043251100927591324,2.746464609404488,5.301560768413234,3.571699914542148,32.629275216038614,0.0745961942764107,moderate,14985,14990,0.2577285999432206,6.605983600020409,ok,split=train; action=ApplyEyeMakeup; raw_frames=135; sampled_frames=24; link_refresh_rmse=0.044092219; p_max=4
Action video,UCF101,ucf101_v_ApplyEyeMakeup_g03_c03,ApplyEyeMakeup:v_ApplyEyeMakeup_g03_c03,C:\Users\mrkys\workspace\NTD-PL\data\UCF101\train\ApplyEyeMakeup\v_ApplyEyeMakeup_g03_c03.avi,116x240x320x3,24x72x96x3,"(12,18,18,3)",0,0.05518805608153343,0.053605031222105026,2.868419313573366,4.035295731599602,2.931890025641831,27.343862243285397,0.11675325166878861,effective,14985,14990,0.27503599994815886,6.5232291999273,ok,split=train; action=ApplyEyeMakeup; raw_frames=116; sampled_frames=24; link_refresh_rmse=0.054451197; p_max=4
Action video,UCF101,ucf101_v_ApplyEyeMakeup_g03_c04,ApplyEyeMakeup:v_ApplyEyeMakeup_g03_c04,C:\Users\mrkys\workspace\NTD-PL\data\UCF101\train\ApplyEyeMakeup\v_ApplyEyeMakeup_g03_c04.avi,109x240x320x3,24x72x96x3,"(12,18,18,3)",0,0.05261465162038803,0.05113396793603897,2.8142041023707915,4.222317521273358,3.107284727810692,26.40807537199137,0.1068627588358609,effective,14985,14990,0.2070092000067234,6.694126500049606,ok,split=train; action=ApplyEyeMakeup; raw_frames=109; sampled_frames=24; link_refresh_rmse=0.051971298; p_max=4
Action video,UCF101,ucf101_v_ApplyEyeMakeup_g03_c06,ApplyEyeMakeup:v_ApplyEyeMakeup_g03_c06,C:\Users\mrkys\workspace\NTD-PL\data\UCF101\train\ApplyEyeMakeup\v_ApplyEyeMakeup_g03_c06.avi,153x240x320x3,24x72x96x3,"(12,18,18,3)",0,0.054774098098278046,0.05394890159368515,1.5065451248732429,4.4202943420455885,3.541235922698881,19.886875201616178,0.05835907001869632,moderate,14985,14990,0.19700019992887974,6.609082600101829,ok,split=train; action=ApplyEyeMakeup; raw_frames=153; sampled_frames=24; link_refresh_rmse=0.054407313; p_max=4
Action video,UCF101,ucf101_v_ApplyEyeMakeup_g04_c01,ApplyEyeMakeup:v_ApplyEyeMakeup_g04_c01,C:\Users\mrkys\workspace\NTD-PL\data\UCF101\train\ApplyEyeMakeup\v_ApplyEyeMakeup_g04_c01.avi,127x240x320x3,24x72x96x3,"(12,18,18,3)",0,0.07051638513803482,0.0673917904496193,4.431019375566654,7.022644126035084,7.127231042819916,-1.4892811725585786,0.1614644846397621,effective,14985,14990,0.19666039990261197,6.678264799993485,ok,split=train; action=ApplyEyeMakeup; raw_frames=127; sampled_frames=24; link_refresh_rmse=0.069217645; p_max=4
Action video,UCF101,ucf101_v_ApplyEyeMakeup_g04_c02,ApplyEyeMakeup:v_ApplyEyeMakeup_g04_c02,C:\Users\mrkys\workspace\NTD-PL\data\UCF101\train\ApplyEyeMakeup\v_ApplyEyeMakeup_g04_c02.avi,133x240x320x3,24x72x96x3,"(12,18,18,3)",0,0.06976457685232162,0.06708788126707077,3.8367545623001647,7.194309233810652,6.96611323528607,3.171895884766029,0.15136658263309252,effective,14985,14990,0.2736814001109451,6.68128570006229,ok,split=train; action=ApplyEyeMakeup; raw_frames=133; sampled_frames=24; link_refresh_rmse=0.068559341; p_max=4
Action video,UCF101,ucf101_v_ApplyEyeMakeup_g04_c03,ApplyEyeMakeup:v_ApplyEyeMakeup_g04_c03,C:\Users\mrkys\workspace\NTD-PL\data\UCF101\train\ApplyEyeMakeup\v_ApplyEyeMakeup_g04_c03.avi,115x240x320x3,24x72x96x3,"(12,18,18,3)",0,0.04705028608441353,0.04250562936067581,9.659147907377415,5.492684509389826,4.728710716980739,13.908932710463567,0.1975470369686848,effective,14985,14990,0.26243180013261735,6.67998840007931,ok,split=train; action=ApplyEyeMakeup; raw_frames=115; sampled_frames=24; link_refresh_rmse=0.045992278; p_max=4
Action video,UCF101,ucf101_v_ApplyEyeMakeup_g04_c04,ApplyEyeMakeup:v_ApplyEyeMakeup_g04_c04,C:\Users\mrkys\workspace\NTD-PL\data\UCF101\train\ApplyEyeMakeup\v_ApplyEyeMakeup_g04_c04.avi,182x240x320x3,24x72x96x3,"(12,18,18,3)",0,0.06326182186603546,0.06102193892002106,3.540655137560892,7.512882768954576,8.314133931354599,-10.665029483902325,0.12090039979504758,effective,14985,14990,0.22304299985989928,6.68928930000402,ok,split=train; action=ApplyEyeMakeup; raw_frames=182; sampled_frames=24; link_refresh_rmse=0.06238737; p_max=4
Action video,UCF101,ucf101_v_ApplyEyeMakeup_g04_c05,ApplyEyeMakeup:v_ApplyEyeMakeup_g04_c05,C:\Users\mrkys\workspace\NTD-PL\data\UCF101\train\ApplyEyeMakeup\v_ApplyEyeMakeup_g04_c05.avi,107x240x320x3,24x72x96x3,"(12,18,18,3)",0,0.05738851800560951,0.054807767271995544,4.496980969889672,6.9653805565636,7.28254564213582,-4.553449492050358,0.12812383120953955,effective,14985,14990,0.24071100004948676,6.706636799965054,ok,split=train; action=ApplyEyeMakeup; raw_frames=107; sampled_frames=24; link_refresh_rmse=0.056548204; p_max=4
Action video,UCF101,ucf101_v_ApplyEyeMakeup_g04_c06,ApplyEyeMakeup:v_ApplyEyeMakeup_g04_c06,C:\Users\mrkys\workspace\NTD-PL\data\UCF101\train\ApplyEyeMakeup\v_ApplyEyeMakeup_g04_c06.avi,249x240x320x3,24x72x96x3,"(12,18,18,3)",0,0.08200304210186005,0.07960023730993271,2.930141041527087,6.920869348686121,7.446088699385668,-7.5889216258540815,0.12007315380138052,effective,14985,14990,0.22992089996114373,6.733376000076532,ok,split=train; action=ApplyEyeMakeup; raw_frames=249; sampled_frames=24; link_refresh_rmse=0.080877237; p_max=4
Action video,UCF101,ucf101_v_ApplyEyeMakeup_g05_c02,ApplyEyeMakeup:v_ApplyEyeMakeup_g05_c02,C:\Users\mrkys\workspace\NTD-PL\data\UCF101\train\ApplyEyeMakeup\v_ApplyEyeMakeup_g05_c02.avi,265x240x320x3,24x72x96x3,"(12,18,18,3)",0,0.04821119084954262,0.04372747242450714,9.300161116177893,4.233269357811142,3.174862725979569,25.002109300666707,0.232711973306671,effective,14985,14990,0.22160140005871654,6.712271700147539,ok,split=train; action=ApplyEyeMakeup; raw_frames=265; sampled_frames=24; link_refresh_rmse=0.046936668; p_max=4
Action video,UCF101,ucf101_v_ApplyEyeMakeup_g05_c04,ApplyEyeMakeup:v_ApplyEyeMakeup_g05_c04,C:\Users\mrkys\workspace\NTD-PL\data\UCF101\train\ApplyEyeMakeup\v_ApplyEyeMakeup_g05_c04.avi,187x240x320x3,24x72x96x3,"(12,18,18,3)",0,0.05090430751442909,0.04594310373067856,9.746137460654493,4.975089211333127,3.4491460756329517,30.671673830976044,0.23909034254352768,effective,14985,14990,0.24328479985706508,6.375517299864441,ok,split=train; action=ApplyEyeMakeup; raw_frames=187; sampled_frames=24; link_refresh_rmse=0.04952221; p_max=4
Action video,UCF101,ucf101_v_ApplyEyeMakeup_g05_c06,ApplyEyeMakeup:v_ApplyEyeMakeup_g05_c06,C:\Users\mrkys\workspace\NTD-PL\data\UCF101\train\ApplyEyeMakeup\v_ApplyEyeMakeup_g05_c06.avi,116x240x320x3,24x72x96x3,"(12,18,18,3)",0,0.048421524465084076,0.042765770107507706,11.680248443343904,4.524897902630809,3.4088897863750667,24.66371927655842,0.3194292025631159,effective,14985,14990,0.2380975999403745,6.382666600169614,ok,split=train; action=ApplyEyeMakeup; raw_frames=116; sampled_frames=24; link_refresh_rmse=0.046673138; p_max=4
Action video,UCF101,ucf101_v_ApplyEyeMakeup_g06_c01,ApplyEyeMakeup:v_ApplyEyeMakeup_g06_c01,C:\Users\mrkys\workspace\NTD-PL\data\UCF101\train\ApplyEyeMakeup\v_ApplyEyeMakeup_g06_c01.avi,140x240x320x3,24x72x96x3,"(12,18,18,3)",0,0.05111309513449669,0.04876401647925377,4.595845055091382,6.30308769840838,3.1947394842010004,49.31469087749297,0.12042477169013613,effective,14985,14990,0.25730379996821284,6.4429478999227285,ok,split=train; action=ApplyEyeMakeup; raw_frames=140; sampled_frames=24; link_refresh_rmse=0.050409332; p_max=4
Action video,UCF101,ucf101_v_ApplyEyeMakeup_g06_c03,ApplyEyeMakeup:v_ApplyEyeMakeup_g06_c03,C:\Users\mrkys\workspace\NTD-PL\data\UCF101\train\ApplyEyeMakeup\v_ApplyEyeMakeup_g06_c03.avi,246x240x320x3,24x72x96x3,"(12,18,18,3)",0,0.044230956584215164,0.04305528849363327,2.6580209459034356,4.91462042210195,2.782408369078656,43.38508104174933,0.05214944816624664,moderate,14985,14990,0.25656530004926026,6.443997900001705,ok,split=train; action=ApplyEyeMakeup; raw_frames=246; sampled_frames=24; link_refresh_rmse=0.043966193; p_max=4
Action video,UCF101,ucf101_v_ApplyEyeMakeup_g06_c04,ApplyEyeMakeup:v_ApplyEyeMakeup_g06_c04,C:\Users\mrkys\workspace\NTD-PL\data\UCF101\train\ApplyEyeMakeup\v_ApplyEyeMakeup_g06_c04.avi,101x240x320x3,24x72x96x3,"(12,18,18,3)",0,0.0470428504049778,0.044719625264406204,4.938529703390941,6.698159515949686,3.3568369091580754,49.88418981117483,0.11157586915531856,effective,14985,14990,0.27516179997473955,6.629448499996215,ok,split=train; action=ApplyEyeMakeup; raw_frames=101; sampled_frames=24; link_refresh_rmse=0.046442419; p_max=4
Action video,UCF101,ucf101_v_ApplyEyeMakeup_g06_c05,ApplyEyeMakeup:v_ApplyEyeMakeup_g06_c05,C:\Users\mrkys\workspace\NTD-PL\data\UCF101\train\ApplyEyeMakeup\v_ApplyEyeMakeup_g06_c05.avi,282x240x320x3,24x72x96x3,"(12,18,18,3)",0,0.044657107442617416,0.04212728887796402,5.66498528348284,6.528220032153381,3.2491940618126387,50.22848424517842,0.13420856727720137,effective,14985,14990,0.19957980001345277,6.534981699893251,ok,split=train; action=ApplyEyeMakeup; raw_frames=282; sampled_frames=24; link_refresh_rmse=0.043972399; p_max=4
Action video,UCF101,ucf101_v_ApplyEyeMakeup_g06_c06,ApplyEyeMakeup:v_ApplyEyeMakeup_g06_c06,C:\Users\mrkys\workspace\NTD-PL\data\UCF101\train\ApplyEyeMakeup\v_ApplyEyeMakeup_g06_c06.avi,147x240x320x3,24x72x96x3,"(12,18,18,3)",0,0.038781844079494476,0.037674326449632645,2.855763195766704,5.154429176624629,3.685188528702684,28.504429832598365,0.0393600232398624,boundary,14985,14990,0.27302650013007224,6.376792500028387,ok,split=train; action=ApplyEyeMakeup; raw_frames=147; sampled_frames=24; link_refresh_rmse=0.038606502; p_max=4
Action video,UCF101,ucf101_v_ApplyEyeMakeup_g07_c01,ApplyEyeMakeup:v_ApplyEyeMakeup_g07_c01,C:\Users\mrkys\workspace\NTD-PL\data\UCF101\train\ApplyEyeMakeup\v_ApplyEyeMakeup_g07_c01.avi,159x240x320x3,24x72x96x3,"(12,18,18,3)",0,0.0553591363132,0.05402485281229019,2.4102317878677866,6.545210551704931,5.8756264696626435,10.230138156027241,0.05594466484652584,moderate,14985,14990,0.2622648999094963,6.48608270008117,ok,split=train; action=ApplyEyeMakeup; raw_frames=159; sampled_frames=24; link_refresh_rmse=0.055003721; p_max=4
Action video,UCF101,ucf101_v_ApplyEyeMakeup_g07_c02,ApplyEyeMakeup:v_ApplyEyeMakeup_g07_c02,C:\Users\mrkys\workspace\NTD-PL\data\UCF101\train\ApplyEyeMakeup\v_ApplyEyeMakeup_g07_c02.avi,169x240x320x3,24x72x96x3,"(12,18,18,3)",0,0.05120258405804634,0.05017755925655365,2.0019005297284624,6.15261260563776,6.118580810762756,0.5531275420106856,0.040086564423712646,boundary,14985,14990,0.30120859993621707,6.5289846998639405,ok,split=train; action=ApplyEyeMakeup; raw_frames=169; sampled_frames=24; link_refresh_rmse=0.050966822; p_max=4
Action video,UCF101,ucf101_v_ApplyEyeMakeup_g07_c03,ApplyEyeMakeup:v_ApplyEyeMakeup_g07_c03,C:\Users\mrkys\workspace\NTD-PL\data\UCF101\train\ApplyEyeMakeup\v_ApplyEyeMakeup_g07_c03.avi,134x240x320x3,24x72x96x3,"(12,18,18,3)",0,0.0536370649933815,0.05304592475295067,1.1021114606173459,6.25997270230261,6.315996331838657,-0.8949500612908391,0.03332132823639991,boundary,14985,14990,0.2537983001675457,6.544074600096792,ok,split=train; action=ApplyEyeMakeup; raw_frames=134; sampled_frames=24; link_refresh_rmse=0.053431693; p_max=4
Action video,UCF101,ucf101_v_ApplyEyeMakeup_g07_c05,ApplyEyeMakeup:v_ApplyEyeMakeup_g07_c05,C:\Users\mrkys\workspace\NTD-PL\data\UCF101\train\ApplyEyeMakeup\v_ApplyEyeMakeup_g07_c05.avi,99x240x320x3,24x72x96x3,"(12,18,18,3)",0,0.04916102811694145,0.048537470400333405,1.2683984458680644,6.937313639535487,7.0848104981028275,-2.126137958168147,0.03522874119796708,boundary,14985,14990,0.22095580003224313,6.453613700112328,ok,split=train; action=ApplyEyeMakeup; raw_frames=99; sampled_frames=24; link_refresh_rmse=0.048962042; p_max=4
Action video,UCF101,ucf101_v_ApplyEyeMakeup_g07_c06,ApplyEyeMakeup:v_ApplyEyeMakeup_g07_c06,C:\Users\mrkys\workspace\NTD-PL\data\UCF101\train\ApplyEyeMakeup\v_ApplyEyeMakeup_g07_c06.avi,163x240x320x3,24x72x96x3,"(12,18,18,3)",0,0.05261816084384918,0.05184334143996239,1.4725322806058658,6.874948316676177,7.183589890565122,-4.489365732979991,0.0386653427318586,boundary,14985,14990,0.2536090000066906,6.452954099979252,ok,split=train; action=ApplyEyeMakeup; raw_frames=163; sampled_frames=24; link_refresh_rmse=0.052384451; p_max=4
Action video,UCF101,ucf101_v_ApplyEyeMakeup_g07_c07,ApplyEyeMakeup:v_ApplyEyeMakeup_g07_c07,C:\Users\mrkys\workspace\NTD-PL\data\UCF101\train\ApplyEyeMakeup\v_ApplyEyeMakeup_g07_c07.avi,115x240x320x3,24x72x96x3,"(12,18,18,3)",0,0.055682048201560974,0.05471215769648552,1.7418369769096695,7.795959706289298,7.1652831199416935,8.089787660636748,0.052610102061097126,moderate,14985,14990,0.21016470016911626,6.605509700020775,ok,split=train; action=ApplyEyeMakeup; raw_frames=115; sampled_frames=24; link_refresh_rmse=0.055345803; p_max=4
Action video,UCF101,ucf101_v_ApplyEyeMakeup_g08_c01,ApplyEyeMakeup:v_ApplyEyeMakeup_g08_c01,C:\Users\mrkys\workspace\NTD-PL\data\UCF101\train\ApplyEyeMakeup\v_ApplyEyeMakeup_g08_c01.avi,121x240x320x3,24x72x96x3,"(12,18,18,3)",0,0.035435959696769714,0.03433668240904808,3.1021518737697464,5.480772477546368,6.0983771749441855,-11.268570259539528,0.054450114401073106,moderate,14985,14990,0.22143219993449748,6.379155699862167,ok,split=train; action=ApplyEyeMakeup; raw_frames=121; sampled_frames=24; link_refresh_rmse=0.035214514; p_max=4
Action video,UCF101,ucf101_v_ApplyEyeMakeup_g08_c02,ApplyEyeMakeup:v_ApplyEyeMakeup_g08_c02,C:\Users\mrkys\workspace\NTD-PL\data\UCF101\train\ApplyEyeMakeup\v_ApplyEyeMakeup_g08_c02.avi,118x240x320x3,24x72x96x3,"(12,18,18,3)",0,0.03295988589525223,0.03203967213630676,2.79192034180561,5.630932590574999,6.45617754394342,-14.655564421952205,0.04481224118918313,moderate,14985,14990,0.21366140013560653,6.390662400051951,ok,split=train; action=ApplyEyeMakeup; raw_frames=118; sampled_frames=24; link_refresh_rmse=0.032790277; p_max=4
Action video,UCF101,ucf101_v_ApplyEyeMakeup_g08_c05,ApplyEyeMakeup:v_ApplyEyeMakeup_g08_c05,C:\Users\mrkys\workspace\NTD-PL\data\UCF101\train\ApplyEyeMakeup\v_ApplyEyeMakeup_g08_c05.avi,277x240x320x3,24x72x96x3,"(12,18,18,3)",0,0.03973177447915077,0.03881343454122543,2.3113489139712025,6.062075735725744,6.478589677315922,-6.870813888640951,0.04026742689315228,boundary,14985,14990,0.33874689997173846,6.688662200002,ok,split=train; action=ApplyEyeMakeup; raw_frames=277; sampled_frames=24; link_refresh_rmse=0.039548006; p_max=4
Action video,UCF101,ucf101_v_ApplyEyeMakeup_g09_c02,ApplyEyeMakeup:v_ApplyEyeMakeup_g09_c02,C:\Users\mrkys\workspace\NTD-PL\data\UCF101\train\ApplyEyeMakeup\v_ApplyEyeMakeup_g09_c02.avi,259x240x320x3,24x72x96x3,"(12,18,18,3)",0,0.06274395436048508,0.06135163456201553,2.219050126280213,5.3544474381985125,5.772213457855331,-7.8022246829147095,0.07490194466257703,moderate,14985,14990,0.2701588000636548,6.767710099928081,ok,split=train; action=ApplyEyeMakeup; raw_frames=259; sampled_frames=24; link_refresh_rmse=0.062205214; p_max=4
Action video,UCF101,ucf101_v_ApplyEyeMakeup_g09_c03,ApplyEyeMakeup:v_ApplyEyeMakeup_g09_c03,C:\Users\mrkys\workspace\NTD-PL\data\UCF101\train\ApplyEyeMakeup\v_ApplyEyeMakeup_g09_c03.avi,211x240x320x3,24x72x96x3,"(12,18,18,3)",0,0.051484327763319016,0.050179701298475266,2.5340264144873537,5.391062772854979,5.509250696998149,-2.192293600035013,0.06786560868710931,moderate,14985,14990,0.25014640018343925,6.449219700181857,ok,split=train; action=ApplyEyeMakeup; raw_frames=211; sampled_frames=24; link_refresh_rmse=0.051083632; p_max=4
Action video,UCF101,ucf101_v_ApplyEyeMakeup_g09_c04,ApplyEyeMakeup:v_ApplyEyeMakeup_g09_c04,C:\Users\mrkys\workspace\NTD-PL\data\UCF101\train\ApplyEyeMakeup\v_ApplyEyeMakeup_g09_c04.avi,192x240x320x3,24x72x96x3,"(12,18,18,3)",0,0.05365082249045372,0.05244842544198036,2.2411530572290945,5.453298069779438,5.591962291172129,-2.542758888627899,0.06217002039873979,moderate,14985,14990,0.2610104000195861,6.653329600114375,ok,split=train; action=ApplyEyeMakeup; raw_frames=192; sampled_frames=24; link_refresh_rmse=0.053268183; p_max=4
Action video,UCF101,ucf101_v_ApplyEyeMakeup_g09_c05,ApplyEyeMakeup:v_ApplyEyeMakeup_g09_c05,C:\Users\mrkys\workspace\NTD-PL\data\UCF101\train\ApplyEyeMakeup\v_ApplyEyeMakeup_g09_c05.avi,195x240x320x3,24x72x96x3,"(12,18,18,3)",0,0.06481017172336578,0.06357686966657639,1.9029452075109379,5.311198793079997,5.782296277384266,-8.869889880944875,0.07316404424668597,moderate,14985,14990,0.23735029995441437,6.52145060012117,ok,split=train; action=ApplyEyeMakeup; raw_frames=195; sampled_frames=24; link_refresh_rmse=0.064266548; p_max=4
Action video,UCF101,ucf101_v_ApplyEyeMakeup_g09_c07,ApplyEyeMakeup:v_ApplyEyeMakeup_g09_c07,C:\Users\mrkys\workspace\NTD-PL\data\UCF101\train\ApplyEyeMakeup\v_ApplyEyeMakeup_g09_c07.avi,262x240x320x3,24x72x96x3,"(12,18,18,3)",0,0.0601966567337513,0.05933298170566559,1.4347558069640434,5.249263348766559,5.439238510399281,-3.619082317090476,0.049930805504270453,moderate,14985,14990,0.22103839996270835,6.594497099984437,ok,split=train; action=ApplyEyeMakeup; raw_frames=262; sampled_frames=24; link_refresh_rmse=0.059851609; p_max=4
Action video,UCF101,ucf101_v_ApplyEyeMakeup_g10_c02,ApplyEyeMakeup:v_ApplyEyeMakeup_g10_c02,C:\Users\mrkys\workspace\NTD-PL\data\UCF101\train\ApplyEyeMakeup\v_ApplyEyeMakeup_g10_c02.avi,99x240x320x3,24x72x96x3,"(12,18,18,3)",0,0.0665116086602211,0.06194106861948967,6.871792958850736,7.779015787902691,5.864970482205255,24.605237447570264,0.2497793686211379,effective,14985,14990,0.22759929997846484,6.65144980000332,ok,split=train; action=ApplyEyeMakeup; raw_frames=99; sampled_frames=24; link_refresh_rmse=0.06462618; p_max=4
Action video,UCF101,ucf101_v_ApplyEyeMakeup_g10_c03,ApplyEyeMakeup:v_ApplyEyeMakeup_g10_c03,C:\Users\mrkys\workspace\NTD-PL\data\UCF101\train\ApplyEyeMakeup\v_ApplyEyeMakeup_g10_c03.avi,107x240x320x3,24x72x96x3,"(12,18,18,3)",0,0.0636453926563263,0.059338368475437164,6.767220691285994,7.302839703358063,5.625727982468371,22.965199689629035,0.25733779436385,effective,14985,14990,0.2446496000047773,6.776262499857694,ok,split=train; action=ApplyEyeMakeup; raw_frames=107; sampled_frames=24; link_refresh_rmse=0.061787423; p_max=4
Action video,UCF101,ucf101_v_ApplyEyeMakeup_g10_c04,ApplyEyeMakeup:v_ApplyEyeMakeup_g10_c04,C:\Users\mrkys\workspace\NTD-PL\data\UCF101\train\ApplyEyeMakeup\v_ApplyEyeMakeup_g10_c04.avi,125x240x320x3,24x72x96x3,"(12,18,18,3)",0,0.06058182567358017,0.05638507008552551,6.927416830696254,7.288132354081373,5.6430180828412055,22.572508172397548,0.2514584720925916,effective,14985,14990,0.24603669997304678,6.6335182001348585,ok,split=train; action=ApplyEyeMakeup; raw_frames=125; sampled_frames=24; link_refresh_rmse=0.058853112; p_max=4
Action video,UCF101,ucf101_v_ApplyEyeMakeup_g10_c05,ApplyEyeMakeup:v_ApplyEyeMakeup_g10_c05,C:\Users\mrkys\workspace\NTD-PL\data\UCF101\train\ApplyEyeMakeup\v_ApplyEyeMakeup_g10_c05.avi,121x240x320x3,24x72x96x3,"(12,18,18,3)",0,0.06670249253511429,0.06203480064868927,6.99777730789865,8.030459699490287,6.82255881180376,15.041491183415005,0.2565056626530971,effective,14985,14990,0.2684834999963641,6.433428900083527,ok,split=train; action=ApplyEyeMakeup; raw_frames=121; sampled_frames=24; link_refresh_rmse=0.064761482; p_max=4
Action video,UCF101,ucf101_v_ApplyEyeMakeup_g11_c01,ApplyEyeMakeup:v_ApplyEyeMakeup_g11_c01,C:\Users\mrkys\workspace\NTD-PL\data\UCF101\train\ApplyEyeMakeup\v_ApplyEyeMakeup_g11_c01.avi,141x240x320x3,24x72x96x3,"(12,18,18,3)",0,0.049639128148555756,0.045457396656274796,8.424264583709508,2.9346758116955285,2.928866591854279,0.1979509906374655,0.35273127726396036,effective,14985,14990,0.23372010001912713,6.639232599874958,ok,split=train; action=ApplyEyeMakeup; raw_frames=141; sampled_frames=24; link_refresh_rmse=0.047663681; p_max=4
Action video,UCF101,ucf101_v_ApplyEyeMakeup_g11_c03,ApplyEyeMakeup:v_ApplyEyeMakeup_g11_c03,C:\Users\mrkys\workspace\NTD-PL\data\UCF101\train\ApplyEyeMakeup\v_ApplyEyeMakeup_g11_c03.avi,126x240x320x3,24x72x96x3,"(12,18,18,3)",0,0.04114013910293579,0.037959784269332886,7.7305398157391085,1.7341817821255434,1.8532395380167714,-6.8653561649864585,0.29966769370056334,effective,14985,14990,0.2168904000427574,6.5122342999093235,ok,split=train; action=ApplyEyeMakeup; raw_frames=126; sampled_frames=24; link_refresh_rmse=0.039744988; p_max=4
Action video,UCF101,ucf101_v_ApplyEyeMakeup_g11_c04,ApplyEyeMakeup:v_ApplyEyeMakeup_g11_c04,C:\Users\mrkys\workspace\NTD-PL\data\UCF101\train\ApplyEyeMakeup\v_ApplyEyeMakeup_g11_c04.avi,139x240x320x3,24x72x96x3,"(12,18,18,3)",0,0.04867830127477646,0.04443291574716568,8.721309939816248,2.3142842890311006,2.4637790072536196,-6.459652296438764,0.3692009146995445,effective,14985,14990,0.23194579989649355,6.490460800006986,ok,split=train; action=ApplyEyeMakeup; raw_frames=139; sampled_frames=24; link_refresh_rmse=0.046652548; p_max=4
Action video,UCF101,ucf101_v_ApplyEyeMakeup_g11_c05,ApplyEyeMakeup:v_ApplyEyeMakeup_g11_c05,C:\Users\mrkys\workspace\NTD-PL\data\UCF101\train\ApplyEyeMakeup\v_ApplyEyeMakeup_g11_c05.avi,181x240x320x3,24x72x96x3,"(12,18,18,3)",0,0.04776867851614952,0.044064175337553024,7.755088257976588,2.270356649211618,2.4361053887909683,-7.300559567894619,0.30860354579045823,effective,14985,14990,0.2023458001203835,6.577480399981141,ok,split=train; action=ApplyEyeMakeup; raw_frames=181; sampled_frames=24; link_refresh_rmse=0.046101287; p_max=4
Action video,UCF101,ucf101_v_ApplyEyeMakeup_g12_c01,ApplyEyeMakeup:v_ApplyEyeMakeup_g12_c01,C:\Users\mrkys\workspace\NTD-PL\data\UCF101\train\ApplyEyeMakeup\v_ApplyEyeMakeup_g12_c01.avi,227x240x320x3,24x72x96x3,"(12,18,18,3)",0,0.034792084246873856,0.03470601513981819,0.2473812906549212,4.774197207821754,4.716625380975925,1.2058954487993572,0.012222595954883822,boundary,14985,14990,0.22226160019636154,6.594538699835539,ok,split=train; action=ApplyEyeMakeup; raw_frames=227; sampled_frames=24; link_refresh_rmse=0.03474316; p_max=4
Action video,UCF101,ucf101_v_ApplyEyeMakeup_g12_c02,ApplyEyeMakeup:v_ApplyEyeMakeup_g12_c02,C:\Users\mrkys\workspace\NTD-PL\data\UCF101\train\ApplyEyeMakeup\v_ApplyEyeMakeup_g12_c02.avi,121x240x320x3,24x72x96x3,"(12,18,18,3)",0,0.031644269824028015,0.031457044184207916,0.5916573233045035,5.0697484036087115,5.084519332864989,-0.2913542858608825,0.022038059156017177,boundary,14985,14990,0.2631389999296516,6.290210400009528,ok,split=train; action=ApplyEyeMakeup; raw_frames=121; sampled_frames=24; link_refresh_rmse=0.031564083; p_max=4
Action video,UCF101,ucf101_v_ApplyEyeMakeup_g12_c03,ApplyEyeMakeup:v_ApplyEyeMakeup_g12_c03,C:\Users\mrkys\workspace\NTD-PL\data\UCF101\train\ApplyEyeMakeup\v_ApplyEyeMakeup_g12_c03.avi,142x240x320x3,24x72x96x3,"(12,18,18,3)",0,0.03557604178786278,0.035493139177560806,0.2330293257364419,4.858608565361907,4.86887016847669,-0.21120456560217862,0.011504068147629894,boundary,14985,14990,0.2514394000172615,6.350927999941632,ok,split=train; action=ApplyEyeMakeup; raw_frames=142; sampled_frames=24; link_refresh_rmse=0.035528954; p_max=4
Action video,UCF101,ucf101_v_ApplyEyeMakeup_g12_c04,ApplyEyeMakeup:v_ApplyEyeMakeup_g12_c04,C:\Users\mrkys\workspace\NTD-PL\data\UCF101\train\ApplyEyeMakeup\v_ApplyEyeMakeup_g12_c04.avi,209x240x320x3,24x72x96x3,"(12,18,18,3)",0,0.03432043269276619,0.03409237787127495,0.664487023030188,5.094194928179421,5.136989005631788,-0.8400557508242198,0.021999897755588634,boundary,14985,14990,0.21789840003475547,6.283912400016561,ok,split=train; action=ApplyEyeMakeup; raw_frames=209; sampled_frames=24; link_refresh_rmse=0.034233615; p_max=4
Action video,UCF101,ucf101_v_ApplyEyeMakeup_g12_c06,ApplyEyeMakeup:v_ApplyEyeMakeup_g12_c06,C:\Users\mrkys\workspace\NTD-PL\data\UCF101\train\ApplyEyeMakeup\v_ApplyEyeMakeup_g12_c06.avi,213x240x320x3,24x72x96x3,"(12,18,18,3)",0,0.034948378801345825,0.03476842865347862,0.514902705187209,4.964414792608567,4.926730641070124,0.7590854735698159,0.021302465527577707,boundary,14985,14990,0.23146359995007515,6.343311799922958,ok,split=train; action=ApplyEyeMakeup; raw_frames=213; sampled_frames=24; link_refresh_rmse=0.034862772; p_max=4
Action video,UCF101,ucf101_v_ApplyEyeMakeup_g13_c01,ApplyEyeMakeup:v_ApplyEyeMakeup_g13_c01,C:\Users\mrkys\workspace\NTD-PL\data\UCF101\train\ApplyEyeMakeup\v_ApplyEyeMakeup_g13_c01.avi,176x240x320x3,24x72x96x3,"(12,18,18,3)",0,0.062141068279743195,0.057123422622680664,8.074604759728901,8.71605560903318,7.885056956768087,9.534113703954114,0.18098630202051627,effective,14985,14990,0.24350850004702806,6.42329840012826,ok,split=train; action=ApplyEyeMakeup; raw_frames=176; sampled_frames=24; link_refresh_rmse=0.060859643; p_max=4
Action video,UCF101,ucf101_v_ApplyEyeMakeup_g13_c02,ApplyEyeMakeup:v_ApplyEyeMakeup_g13_c02,C:\Users\mrkys\workspace\NTD-PL\data\UCF101\train\ApplyEyeMakeup\v_ApplyEyeMakeup_g13_c02.avi,100x240x320x3,24x72x96x3,"(12,18,18,3)",0,0.06220976263284683,0.05429829657077789,12.717402747156079,10.254729752261781,9.75720530937319,4.851658258267196,0.30748568529210785,effective,14985,14990,0.2678869999945164,6.484612900065258,ok,split=train; action=ApplyEyeMakeup; raw_frames=100; sampled_frames=24; link_refresh_rmse=0.060046025; p_max=4
Action video,UCF101,ucf101_v_ApplyEyeMakeup_g13_c03,ApplyEyeMakeup:v_ApplyEyeMakeup_g13_c03,C:\Users\mrkys\workspace\NTD-PL\data\UCF101\train\ApplyEyeMakeup\v_ApplyEyeMakeup_g13_c03.avi,169x240x320x3,24x72x96x3,"(12,18,18,3)",0,0.06486377120018005,0.058337610214948654,10.061334493010921,7.93321904338597,7.881680874438911,0.649650144099159,0.24748429279196082,effective,14985,14990,0.2688219000119716,6.468233299907297,ok,split=train; action=ApplyEyeMakeup; raw_frames=169; sampled_frames=24; link_refresh_rmse=0.063041709; p_max=4
Action video,UCF101,ucf101_v_ApplyEyeMakeup_g13_c04,ApplyEyeMakeup:v_ApplyEyeMakeup_g13_c04,C:\Users\mrkys\workspace\NTD-PL\data\UCF101\train\ApplyEyeMakeup\v_ApplyEyeMakeup_g13_c04.avi,121x240x320x3,24x72x96x3,"(12,18,18,3)",0,0.06049540266394615,0.0549226738512516,9.21182200183249,8.931977983583547,9.085930508887964,-1.7236106670591094,0.2095472961862404,effective,14985,14990,0.318503700196743,6.445866100024432,ok,split=train; action=ApplyEyeMakeup; raw_frames=121; sampled_frames=24; link_refresh_rmse=0.059053414; p_max=4
Action video,UCF101,ucf101_v_ApplyEyeMakeup_g13_c05,ApplyEyeMakeup:v_ApplyEyeMakeup_g13_c05,C:\Users\mrkys\workspace\NTD-PL\data\UCF101\train\ApplyEyeMakeup\v_ApplyEyeMakeup_g13_c05.avi,120x240x320x3,24x72x96x3,"(12,18,18,3)",0,0.06255153566598892,0.05599389225244522,10.483585005106887,8.556740434524045,8.69845921437685,-1.6562238966722653,0.2665395177577076,effective,14985,14990,0.23818959994241595,6.374220500001684,ok,split=train; action=ApplyEyeMakeup; raw_frames=120; sampled_frames=24; link_refresh_rmse=0.0606612; p_max=4
Action video,UCF101,ucf101_v_ApplyEyeMakeup_g13_c06,ApplyEyeMakeup:v_ApplyEyeMakeup_g13_c06,C:\Users\mrkys\workspace\NTD-PL\data\UCF101\train\ApplyEyeMakeup\v_ApplyEyeMakeup_g13_c06.avi,138x240x320x3,24x72x96x3,"(12,18,18,3)",0,0.06095348671078682,0.054126329720020294,11.200601243961875,7.765447534800067,7.271160269458933,6.365212862826469,0.2555857521925304,effective,14985,14990,0.2542337002232671,6.564885100116953,ok,split=train; action=ApplyEyeMakeup; raw_frames=138; sampled_frames=24; link_refresh_rmse=0.059186038; p_max=4
Action video,UCF101,ucf101_v_ApplyEyeMakeup_g14_c01,ApplyEyeMakeup:v_ApplyEyeMakeup_g14_c01,C:\Users\mrkys\workspace\NTD-PL\data\UCF101\train\ApplyEyeMakeup\v_ApplyEyeMakeup_g14_c01.avi,186x240x320x3,24x72x96x3,"(12,18,18,3)",0,0.03756849467754364,0.03665395826101303,2.434317436405745,4.262260873894739,4.0147149588274695,5.807854619679082,0.0325332988253921,boundary,14985,14990,0.23080310015939176,6.35437719989568,ok,split=train; action=ApplyEyeMakeup; raw_frames=186; sampled_frames=24; link_refresh_rmse=0.037428044; p_max=4
Action video,UCF101,ucf101_v_ApplyEyeMakeup_g14_c03,ApplyEyeMakeup:v_ApplyEyeMakeup_g14_c03,C:\Users\mrkys\workspace\NTD-PL\data\UCF101\train\ApplyEyeMakeup\v_ApplyEyeMakeup_g14_c03.avi,238x240x320x3,24x72x96x3,"(12,18,18,3)",0,0.025767119601368904,0.025090590119361877,2.625553389254596,4.525176069193888,4.443379213813013,1.8075949781871463,0.023181572166968593,boundary,14985,14990,0.2675256999209523,6.323547499952838,ok,split=train; action=ApplyEyeMakeup; raw_frames=238; sampled_frames=24; link_refresh_rmse=0.025698442; p_max=4
Action video,UCF101,ucf101_v_ApplyEyeMakeup_g14_c04,ApplyEyeMakeup:v_ApplyEyeMakeup_g14_c04,C:\Users\mrkys\workspace\NTD-PL\data\UCF101\train\ApplyEyeMakeup\v_ApplyEyeMakeup_g14_c04.avi,133x240x320x3,24x72x96x3,"(12,18,18,3)",0,0.03360498324036598,0.03286076337099075,2.2146116367684394,4.552610018748863,4.480347843669697,1.587269166073343,0.029437792590812764,boundary,14985,14990,0.25933530018664896,6.59874579985626,ok,split=train; action=ApplyEyeMakeup; raw_frames=133; sampled_frames=24; link_refresh_rmse=0.033491284; p_max=4
Action video,UCF101,ucf101_v_ApplyEyeMakeup_g15_c02,ApplyEyeMakeup:v_ApplyEyeMakeup_g15_c02,C:\Users\mrkys\workspace\NTD-PL\data\UCF101\train\ApplyEyeMakeup\v_ApplyEyeMakeup_g15_c02.avi,194x240x320x3,24x72x96x3,"(12,18,18,3)",0,0.04229293018579483,0.0418982096016407,0.9333015764575852,8.112955798804256,8.608298696726983,-6.105578659700504,0.02270354654290744,boundary,14985,14990,0.20927210012450814,6.718829500023276,ok,split=train; action=ApplyEyeMakeup; raw_frames=194; sampled_frames=24; link_refresh_rmse=0.042182527; p_max=4
Action video,UCF101,ucf101_v_ApplyEyeMakeup_g15_c03,ApplyEyeMakeup:v_ApplyEyeMakeup_g15_c03,C:\Users\mrkys\workspace\NTD-PL\data\UCF101\train\ApplyEyeMakeup\v_ApplyEyeMakeup_g15_c03.avi,233x240x320x3,24x72x96x3,"(12,18,18,3)",0,0.05392587557435036,0.05315881222486496,1.4224402317358908,8.29711857329036,8.723631390535786,-5.140493214336276,0.05234734583885861,moderate,14985,14990,0.22940930002368987,6.604950200067833,ok,split=train; action=ApplyEyeMakeup; raw_frames=233; sampled_frames=24; link_refresh_rmse=0.053601857; p_max=4
Action video,UCF101,ucf101_v_ApplyEyeMakeup_g15_c04,ApplyEyeMakeup:v_ApplyEyeMakeup_g15_c04,C:\Users\mrkys\workspace\NTD-PL\data\UCF101\train\ApplyEyeMakeup\v_ApplyEyeMakeup_g15_c04.avi,188x240x320x3,24x72x96x3,"(12,18,18,3)",0,0.03986504301428795,0.03865059092640877,3.0464085726532684,7.355952184443556,8.17601769645601,-11.148325756477,0.07818642379338472,moderate,14985,14990,0.22059529996477067,6.770074599888176,ok,split=train; action=ApplyEyeMakeup; raw_frames=188; sampled_frames=24; link_refresh_rmse=0.039507806; p_max=4
Action video,UCF101,ucf101_v_ApplyEyeMakeup_g15_c05,ApplyEyeMakeup:v_ApplyEyeMakeup_g15_c05,C:\Users\mrkys\workspace\NTD-PL\data\UCF101\train\ApplyEyeMakeup\v_ApplyEyeMakeup_g15_c05.avi,260x240x320x3,24x72x96x3,"(12,18,18,3)",0,0.05154305696487427,0.050532016903162,1.9615446216185275,8.2836715093738,8.99608460831236,-8.600209437716039,0.06844031062404202,moderate,14985,14990,0.26410780008882284,6.699335400015116,ok,split=train; action=ApplyEyeMakeup; raw_frames=260; sampled_frames=24; link_refresh_rmse=0.05113852; p_max=4
Action video,UCF101,ucf101_v_ApplyEyeMakeup_g15_c06,ApplyEyeMakeup:v_ApplyEyeMakeup_g15_c06,C:\Users\mrkys\workspace\NTD-PL\data\UCF101\train\ApplyEyeMakeup\v_ApplyEyeMakeup_g15_c06.avi,198x240x320x3,24x72x96x3,"(12,18,18,3)",0,0.04871256649494171,0.047244343906641006,3.014053033837099,7.5191381325765825,7.921534343213481,-5.351626789425791,0.07817326150930348,moderate,14985,14990,0.23342539998702705,6.747452300041914,ok,split=train; action=ApplyEyeMakeup; raw_frames=198; sampled_frames=24; link_refresh_rmse=0.048276119; p_max=4
Action video,UCF101,ucf101_v_ApplyEyeMakeup_g16_c01,ApplyEyeMakeup:v_ApplyEyeMakeup_g16_c01,C:\Users\mrkys\workspace\NTD-PL\data\UCF101\train\ApplyEyeMakeup\v_ApplyEyeMakeup_g16_c01.avi,126x240x320x3,24x72x96x3,"(12,18,18,3)",0,0.03981476277112961,0.038701508194208145,2.79608491785038,7.063313709370573,7.564986005152315,-7.102506223335327,0.04995048812364676,moderate,14985,14990,0.2804765999317169,6.635257799876854,ok,split=train; action=ApplyEyeMakeup; raw_frames=126; sampled_frames=24; link_refresh_rmse=0.039586455; p_max=4
Action video,UCF101,ucf101_v_ApplyEyeMakeup_g16_c02,ApplyEyeMakeup:v_ApplyEyeMakeup_g16_c02,C:\Users\mrkys\workspace\NTD-PL\data\UCF101\train\ApplyEyeMakeup\v_ApplyEyeMakeup_g16_c02.avi,234x240x320x3,24x72x96x3,"(12,18,18,3)",0,0.048414140939712524,0.04722853749990463,2.4488783995656536,7.464763295547848,7.862965179781574,-5.334420777564669,0.04876961984775029,moderate,14985,14990,0.2276502000167966,6.489848600002006,ok,split=train; action=ApplyEyeMakeup; raw_frames=234; sampled_frames=24; link_refresh_rmse=0.048143066; p_max=4
Action video,UCF101,ucf101_v_ApplyEyeMakeup_g16_c05,ApplyEyeMakeup:v_ApplyEyeMakeup_g16_c05,C:\Users\mrkys\workspace\NTD-PL\data\UCF101\train\ApplyEyeMakeup\v_ApplyEyeMakeup_g16_c05.avi,202x240x320x3,24x72x96x3,"(12,18,18,3)",0,0.04691094160079956,0.04558560252189636,2.8252237829321443,7.168711853045484,6.962262794813396,2.879862693105484,0.06419358108838079,moderate,14985,14990,0.20725629990920424,6.399096299894154,ok,split=train; action=ApplyEyeMakeup; raw_frames=202; sampled_frames=24; link_refresh_rmse=0.046565522; p_max=4
Action video,UCF101,ucf101_v_ApplyEyeMakeup_g17_c01,ApplyEyeMakeup:v_ApplyEyeMakeup_g17_c01,C:\Users\mrkys\workspace\NTD-PL\data\UCF101\train\ApplyEyeMakeup\v_ApplyEyeMakeup_g17_c01.avi,117x240x320x3,24x72x96x3,"(12,18,18,3)",0,0.03531019389629364,0.03479570150375366,1.4570647616692416,9.442869619710486,10.204948958225014,-8.070421060604387,0.021513836626691086,boundary,14985,14990,0.28598170005716383,6.556338299997151,ok,split=train; action=ApplyEyeMakeup; raw_frames=117; sampled_frames=24; link_refresh_rmse=0.035222843; p_max=4
Action video,UCF101,ucf101_v_ApplyEyeMakeup_g17_c02,ApplyEyeMakeup:v_ApplyEyeMakeup_g17_c02,C:\Users\mrkys\workspace\NTD-PL\data\UCF101\train\ApplyEyeMakeup\v_ApplyEyeMakeup_g17_c02.avi,174x240x320x3,24x72x96x3,"(12,18,18,3)",0,0.027978084981441498,0.027764586731791496,0.7630910042328479,9.309466010462412,9.729768171906688,-4.514782705817079,0.01361491294535033,boundary,14985,14990,0.26327210012823343,6.541976000182331,ok,split=train; action=ApplyEyeMakeup; raw_frames=174; sampled_frames=24; link_refresh_rmse=0.027934264; p_max=4
Action video,UCF101,ucf101_v_ApplyEyeMakeup_g17_c04,ApplyEyeMakeup:v_ApplyEyeMakeup_g17_c04,C:\Users\mrkys\workspace\NTD-PL\data\UCF101\train\ApplyEyeMakeup\v_ApplyEyeMakeup_g17_c04.avi,106x240x320x3,24x72x96x3,"(12,18,18,3)",0,0.03723844140768051,0.036837685853242874,1.0761877760946799,10.008518953685998,10.802806226862588,-7.93611199471291,0.019339483177823878,boundary,14985,14990,0.22831070004031062,6.380946299992502,ok,split=train; action=ApplyEyeMakeup; raw_frames=106; sampled_frames=24; link_refresh_rmse=0.037155621; p_max=4
Action video,UCF101,ucf101_v_ApplyEyeMakeup_g18_c01,ApplyEyeMakeup:v_ApplyEyeMakeup_g18_c01,C:\Users\mrkys\workspace\NTD-PL\data\UCF101\train\ApplyEyeMakeup\v_ApplyEyeMakeup_g18_c01.avi,160x240x320x3,24x72x96x3,"(12,18,18,3)",0,0.043242547661066055,0.04125984013080597,4.585084916366388,13.707424441215439,13.528482509826805,1.305438028537234,0.17143440319028677,effective,14985,14990,0.27357479999773204,6.456895499955863,ok,split=train; action=ApplyEyeMakeup; raw_frames=160; sampled_frames=24; link_refresh_rmse=0.042397432; p_max=4
Action video,UCF101,ucf101_v_ApplyEyeMakeup_g18_c03,ApplyEyeMakeup:v_ApplyEyeMakeup_g18_c03,C:\Users\mrkys\workspace\NTD-PL\data\UCF101\train\ApplyEyeMakeup\v_ApplyEyeMakeup_g18_c03.avi,158x240x320x3,24x72x96x3,"(12,18,18,3)",0,0.051448967307806015,0.04863505810499191,5.469321057464969,12.270332955387607,13.365806273209103,-8.927820637014577,0.1574109032978169,effective,14985,14990,0.26752570015378296,6.439950299914926,ok,split=train; action=ApplyEyeMakeup; raw_frames=158; sampled_frames=24; link_refresh_rmse=0.050524976; p_max=4
Action video,UCF101,ucf101_v_ApplyEyeMakeup_g18_c04,ApplyEyeMakeup:v_ApplyEyeMakeup_g18_c04,C:\Users\mrkys\workspace\NTD-PL\data\UCF101\train\ApplyEyeMakeup\v_ApplyEyeMakeup_g18_c04.avi,225x240x320x3,24x72x96x3,"(12,18,18,3)",0,0.04189743846654892,0.03961416706442833,5.449668251063995,12.526644470970282,12.849493591699424,-2.577299303714771,0.1666281957819703,effective,14985,14990,0.21593029983341694,6.512826999882236,ok,split=train; action=ApplyEyeMakeup; raw_frames=225; sampled_frames=24; link_refresh_rmse=0.041101348; p_max=4
Action video,UCF101,ucf101_v_ApplyEyeMakeup_g18_c05,ApplyEyeMakeup:v_ApplyEyeMakeup_g18_c05,C:\Users\mrkys\workspace\NTD-PL\data\UCF101\train\ApplyEyeMakeup\v_ApplyEyeMakeup_g18_c05.avi,188x240x320x3,24x72x96x3,"(12,18,18,3)",0,0.03904137760400772,0.037152186036109924,4.838946993775817,11.752757992299715,11.745685751572555,0.060175158305766266,0.1302494646095993,effective,14985,14990,0.22935279994271696,6.785690000047907,ok,split=train; action=ApplyEyeMakeup; raw_frames=188; sampled_frames=24; link_refresh_rmse=0.038460299; p_max=4
Action video,UCF101,ucf101_v_ApplyEyeMakeup_g19_c01,ApplyEyeMakeup:v_ApplyEyeMakeup_g19_c01,C:\Users\mrkys\workspace\NTD-PL\data\UCF101\train\ApplyEyeMakeup\v_ApplyEyeMakeup_g19_c01.avi,181x240x320x3,24x72x96x3,"(12,18,18,3)",0,0.057023558765649796,0.05585990473628044,2.040654870650275,6.947185859509552,6.653608412069903,4.225847031827855,0.03428193914571002,boundary,14985,14990,0.2106085999403149,6.508156900061294,ok,split=train; action=ApplyEyeMakeup; raw_frames=181; sampled_frames=24; link_refresh_rmse=0.056798939; p_max=4
Action video,UCF101,ucf101_v_ApplyEyeMakeup_g19_c02,ApplyEyeMakeup:v_ApplyEyeMakeup_g19_c02,C:\Users\mrkys\workspace\NTD-PL\data\UCF101\train\ApplyEyeMakeup\v_ApplyEyeMakeup_g19_c02.avi,244x240x320x3,24x72x96x3,"(12,18,18,3)",0,0.05034288763999939,0.04856522008776665,3.531119559419782,9.343323996945555,7.94073670732697,15.011652063838397,0.11454484259084363,effective,14985,14990,0.26710309996269643,6.498434900073335,ok,split=train; action=ApplyEyeMakeup; raw_frames=244; sampled_frames=24; link_refresh_rmse=0.049683351; p_max=4
Action video,UCF101,ucf101_v_ApplyEyeMakeup_g19_c03,ApplyEyeMakeup:v_ApplyEyeMakeup_g19_c03,C:\Users\mrkys\workspace\NTD-PL\data\UCF101\train\ApplyEyeMakeup\v_ApplyEyeMakeup_g19_c03.avi,127x240x320x3,24x72x96x3,"(12,18,18,3)",0,0.051630131900310516,0.050026603043079376,3.105800427407965,7.003959650774242,7.573496676808503,-8.13164344787884,0.06882409199656635,moderate,14985,14990,0.26426709978841245,6.7048512999899685,ok,split=train; action=ApplyEyeMakeup; raw_frames=127; sampled_frames=24; link_refresh_rmse=0.051222648; p_max=4
Action video,UCF101,ucf101_v_ApplyEyeMakeup_g19_c04,ApplyEyeMakeup:v_ApplyEyeMakeup_g19_c04,C:\Users\mrkys\workspace\NTD-PL\data\UCF101\train\ApplyEyeMakeup\v_ApplyEyeMakeup_g19_c04.avi,132x240x320x3,24x72x96x3,"(12,18,18,3)",0,0.05100232735276222,0.04920493811368942,3.5241318041057106,7.128167682419006,7.308558652865169,-2.530677987431201,0.07777567846215401,moderate,14985,14990,0.2831989999394864,6.694269800093025,ok,split=train; action=ApplyEyeMakeup; raw_frames=132; sampled_frames=24; link_refresh_rmse=0.050547678; p_max=4
Action video,UCF101,ucf101_v_ApplyEyeMakeup_g20_c01,ApplyEyeMakeup:v_ApplyEyeMakeup_g20_c01,C:\Users\mrkys\workspace\NTD-PL\data\UCF101\train\ApplyEyeMakeup\v_ApplyEyeMakeup_g20_c01.avi,183x240x320x3,24x72x96x3,"(12,18,18,3)",0,0.03837156668305397,0.038003936409950256,0.9580799140684305,4.271604442525598,4.772452215873095,-11.725050389997461,0.025209743155749892,boundary,14985,14990,0.3806986000854522,6.569892499828711,ok,split=train; action=ApplyEyeMakeup; raw_frames=183; sampled_frames=24; link_refresh_rmse=0.038260359; p_max=4
Action video,UCF101,ucf101_v_ApplyEyeMakeup_g20_c03,ApplyEyeMakeup:v_ApplyEyeMakeup_g20_c03,C:\Users\mrkys\workspace\NTD-PL\data\UCF101\train\ApplyEyeMakeup\v_ApplyEyeMakeup_g20_c03.avi,131x240x320x3,24x72x96x3,"(12,18,18,3)",0,0.0441996194422245,0.043878719210624695,0.7260248745337553,4.224351059203875,4.560729120332058,-7.962833969380787,0.01878485856433204,boundary,14985,14990,0.24124459992162883,6.619290600065142,ok,split=train; action=ApplyEyeMakeup; raw_frames=131; sampled_frames=24; link_refresh_rmse=0.044104133; p_max=4
Action video,UCF101,ucf101_v_ApplyEyeMakeup_g20_c05,ApplyEyeMakeup:v_ApplyEyeMakeup_g20_c05,C:\Users\mrkys\workspace\NTD-PL\data\UCF101\train\ApplyEyeMakeup\v_ApplyEyeMakeup_g20_c05.avi,114x240x320x3,24x72x96x3,"(12,18,18,3)",0,0.03874436765909195,0.038388803601264954,0.9177180563522693,3.9514103188827687,4.224193500881433,-6.903438519029618,0.01979645114959662,boundary,14985,14990,0.2076078001409769,6.688613899983466,ok,split=train; action=ApplyEyeMakeup; raw_frames=114; sampled_frames=24; link_refresh_rmse=0.038656164; p_max=4
Action video,UCF101,ucf101_v_ApplyEyeMakeup_g20_c06,ApplyEyeMakeup:v_ApplyEyeMakeup_g20_c06,C:\Users\mrkys\workspace\NTD-PL\data\UCF101\train\ApplyEyeMakeup\v_ApplyEyeMakeup_g20_c06.avi,182x240x320x3,24x72x96x3,"(12,18,18,3)",0,0.035526253283023834,0.03531191125512123,0.6033341771084714,4.070418680135851,4.237637940707608,-4.10815873531163,0.010781502176668616,boundary,14985,14990,0.25347770005464554,6.717520900070667,ok,split=train; action=ApplyEyeMakeup; raw_frames=182; sampled_frames=24; link_refresh_rmse=0.035482183; p_max=4
Action video,UCF101,ucf101_v_ApplyEyeMakeup_g21_c02,ApplyEyeMakeup:v_ApplyEyeMakeup_g21_c02,C:\Users\mrkys\workspace\NTD-PL\data\UCF101\train\ApplyEyeMakeup\v_ApplyEyeMakeup_g21_c02.avi,96x240x320x3,24x72x96x3,"(12,18,18,3)",0,0.05546396225690842,0.05511004105210304,0.6381102077886454,7.677789274424968,7.742244944562432,-0.8395081947894667,0.014234855429971686,boundary,14985,14990,0.27229929994791746,7.361630100058392,ok,split=train; action=ApplyEyeMakeup; raw_frames=96; sampled_frames=24; link_refresh_rmse=0.05537314; p_max=4
Action video,UCF101,ucf101_v_ApplyEyeMakeup_g21_c03,ApplyEyeMakeup:v_ApplyEyeMakeup_g21_c03,C:\Users\mrkys\workspace\NTD-PL\data\UCF101\train\ApplyEyeMakeup\v_ApplyEyeMakeup_g21_c03.avi,128x240x320x3,24x72x96x3,"(12,18,18,3)",0,0.050003036856651306,0.04909775033593178,1.810463079102182,9.508255670084354,9.597460023404775,-0.9381778994551284,0.03871018019647493,boundary,14985,14990,0.24310949980281293,7.001723299967125,ok,split=train; action=ApplyEyeMakeup; raw_frames=128; sampled_frames=24; link_refresh_rmse=0.049780685; p_max=4
Action video,UCF101,ucf101_v_ApplyEyeMakeup_g21_c04,ApplyEyeMakeup:v_ApplyEyeMakeup_g21_c04,C:\Users\mrkys\workspace\NTD-PL\data\UCF101\train\ApplyEyeMakeup\v_ApplyEyeMakeup_g21_c04.avi,228x240x320x3,24x72x96x3,"(12,18,18,3)",0,0.0671253576874733,0.06655808538198471,0.8450939034540874,6.0003572597746615,6.112719249597165,-1.8725883302942459,0.018675213572116846,boundary,14985,14990,0.22205360000953078,7.419707600027323,ok,split=train; action=ApplyEyeMakeup; raw_frames=228; sampled_frames=24; link_refresh_rmse=0.066981189; p_max=4
Action video,UCF101,ucf101_v_ApplyEyeMakeup_g21_c05,ApplyEyeMakeup:v_ApplyEyeMakeup_g21_c05,C:\Users\mrkys\workspace\NTD-PL\data\UCF101\train\ApplyEyeMakeup\v_ApplyEyeMakeup_g21_c05.avi,91x240x320x3,24x72x96x3,"(12,18,18,3)",0,0.09826328605413437,0.095827616751194,2.4787175360678764,14.845563141458516,10.723422711908329,27.76681753512251,0.04854219136710281,moderate,14985,14990,0.2875401999335736,7.2791236999910325,ok,split=train; action=ApplyEyeMakeup; raw_frames=91; sampled_frames=24; link_refresh_rmse=0.097715661; p_max=4
Action video,UCF101,ucf101_v_ApplyEyeMakeup_g22_c02,ApplyEyeMakeup:v_ApplyEyeMakeup_g22_c02,C:\Users\mrkys\workspace\NTD-PL\data\UCF101\train\ApplyEyeMakeup\v_ApplyEyeMakeup_g22_c02.avi,258x240x320x3,24x72x96x3,"(12,18,18,3)",0,0.03459426760673523,0.03416840732097626,1.231014024057733,4.200513464247547,4.719215439332658,-12.34853737525225,0.018121493309567936,boundary,14985,14990,0.24220069986768067,7.359809000045061,ok,split=train; action=ApplyEyeMakeup; raw_frames=258; sampled_frames=24; link_refresh_rmse=0.034522168; p_max=4
Action video,UCF101,ucf101_v_ApplyEyeMakeup_g22_c03,ApplyEyeMakeup:v_ApplyEyeMakeup_g22_c03,C:\Users\mrkys\workspace\NTD-PL\data\UCF101\train\ApplyEyeMakeup\v_ApplyEyeMakeup_g22_c03.avi,148x240x320x3,24x72x96x3,"(12,18,18,3)",0,0.026830991730093956,0.026442408561706543,1.448262413467086,3.9831924166812103,4.2493732342739055,-6.682600029010816,0.007945570421773997,boundary,14985,14990,0.2335037998855114,7.535348900128156,ok,split=train; action=ApplyEyeMakeup; raw_frames=148; sampled_frames=24; link_refresh_rmse=0.026806459; p_max=4
Action video,UCF101,ucf101_v_ApplyEyeMakeup_g22_c04,ApplyEyeMakeup:v_ApplyEyeMakeup_g22_c04,C:\Users\mrkys\workspace\NTD-PL\data\UCF101\train\ApplyEyeMakeup\v_ApplyEyeMakeup_g22_c04.avi,209x240x320x3,24x72x96x3,"(12,18,18,3)",0,0.0255429744720459,0.02529926411807537,0.9541189270546506,4.242223305049884,4.33694061281944,-2.232728005072378,0.007973637461735341,boundary,14985,14990,0.4418635000474751,8.098750399891287,ok,split=train; action=ApplyEyeMakeup; raw_frames=209; sampled_frames=24; link_refresh_rmse=0.025519537; p_max=4
Action video,UCF101,ucf101_v_ApplyEyeMakeup_g22_c05,ApplyEyeMakeup:v_ApplyEyeMakeup_g22_c05,C:\Users\mrkys\workspace\NTD-PL\data\UCF101\train\ApplyEyeMakeup\v_ApplyEyeMakeup_g22_c05.avi,244x240x320x3,24x72x96x3,"(12,18,18,3)",0,0.030623240396380424,0.030145306140184402,1.5606913246597915,4.209226534263057,4.331772412512986,-2.911363340804,0.015180136430491653,boundary,14985,14990,0.40744940005242825,7.907103199977428,ok,split=train; action=ApplyEyeMakeup; raw_frames=244; sampled_frames=24; link_refresh_rmse=0.030569768; p_max=4
Action video,UCF101,ucf101_v_ApplyEyeMakeup_g23_c01,ApplyEyeMakeup:v_ApplyEyeMakeup_g23_c01,C:\Users\mrkys\workspace\NTD-PL\data\UCF101\train\ApplyEyeMakeup\v_ApplyEyeMakeup_g23_c01.avi,136x240x320x3,24x72x96x3,"(12,18,18,3)",0,0.06569326668977737,0.06255907565355301,4.770947152049726,8.139714665128624,8.131658110325816,0.09897834425723903,0.10890077630878535,effective,14985,14990,0.39367629983462393,7.974455999908969,ok,split=train; action=ApplyEyeMakeup; raw_frames=136; sampled_frames=24; link_refresh_rmse=0.064874768; p_max=4
Action video,UCF101,ucf101_v_ApplyEyeMakeup_g23_c02,ApplyEyeMakeup:v_ApplyEyeMakeup_g23_c02,C:\Users\mrkys\workspace\NTD-PL\data\UCF101\train\ApplyEyeMakeup\v_ApplyEyeMakeup_g23_c02.avi,132x240x320x3,24x72x96x3,"(12,18,18,3)",0,0.05280762538313866,0.050116248428821564,5.096568790567968,8.169982732679264,7.784133852016776,4.722762498862133,0.09274603017496466,effective,14985,14990,0.4062030999921262,7.872687499970198,ok,split=train; action=ApplyEyeMakeup; raw_frames=132; sampled_frames=24; link_refresh_rmse=0.052246757; p_max=4
Action video,UCF101,ucf101_v_ApplyEyeMakeup_g23_c04,ApplyEyeMakeup:v_ApplyEyeMakeup_g23_c04,C:\Users\mrkys\workspace\NTD-PL\data\UCF101\train\ApplyEyeMakeup\v_ApplyEyeMakeup_g23_c04.avi,201x240x320x3,24x72x96x3,"(12,18,18,3)",0,0.05636303871870041,0.053839776664972305,4.476802725845445,7.776436653522664,7.798543813699014,-0.2842839357064156,0.0750329386461966,moderate,14985,14990,0.4091962999664247,7.889316499931738,ok,split=train; action=ApplyEyeMakeup; raw_frames=201; sampled_frames=24; link_refresh_rmse=0.055878244; p_max=4
Action video,UCF101,ucf101_v_ApplyEyeMakeup_g23_c05,ApplyEyeMakeup:v_ApplyEyeMakeup_g23_c05,C:\Users\mrkys\workspace\NTD-PL\data\UCF101\train\ApplyEyeMakeup\v_ApplyEyeMakeup_g23_c05.avi,205x240x320x3,24x72x96x3,"(12,18,18,3)",0,0.06213860958814621,0.059281814843416214,4.597455211284561,7.716141077255655,7.817080730366716,-1.3081623586250195,0.08672749963006635,moderate,14985,14990,0.30444699991494417,7.935205300105736,ok,split=train; action=ApplyEyeMakeup; raw_frames=205; sampled_frames=24; link_refresh_rmse=0.061521251; p_max=4
Action video,UCF101,ucf101_v_ApplyEyeMakeup_g23_c06,ApplyEyeMakeup:v_ApplyEyeMakeup_g23_c06,C:\Users\mrkys\workspace\NTD-PL\data\UCF101\train\ApplyEyeMakeup\v_ApplyEyeMakeup_g23_c06.avi,141x240x320x3,24x72x96x3,"(12,18,18,3)",0,0.05645676329731941,0.05365555360913277,4.9616901936701145,7.948397444838297,7.962227943617493,-0.17400361362374658,0.08472433676613003,moderate,14985,14990,0.3205791001673788,7.8467270999681205,ok,split=train; action=ApplyEyeMakeup; raw_frames=141; sampled_frames=24; link_refresh_rmse=0.055908747; p_max=4
Action video,UCF101,ucf101_v_ApplyEyeMakeup_g24_c01,ApplyEyeMakeup:v_ApplyEyeMakeup_g24_c01,C:\Users\mrkys\workspace\NTD-PL\data\UCF101\train\ApplyEyeMakeup\v_ApplyEyeMakeup_g24_c01.avi,259x240x320x3,24x72x96x3,"(12,18,18,3)",0,0.034903381019830704,0.03490635007619858,-0.00850650074898832,4.132943682095424,4.092926456036839,0.9682499723368113,0.00020024684739895665,boundary,14985,14990,0.29592270008288324,7.819172900170088,ok,split=train; action=ApplyEyeMakeup; raw_frames=259; sampled_frames=24; link_refresh_rmse=0.034902576; p_max=4
Action video,UCF101,ucf101_v_ApplyEyeMakeup_g24_c02,ApplyEyeMakeup:v_ApplyEyeMakeup_g24_c02,C:\Users\mrkys\workspace\NTD-PL\data\UCF101\train\ApplyEyeMakeup\v_ApplyEyeMakeup_g24_c02.avi,106x240x320x3,24x72x96x3,"(12,18,18,3)",0,0.02906329743564129,0.029079340398311615,-0.05520007736855149,2.819656315117581,2.8597090868516206,-1.420484174588821,0.0008706789837852214,boundary,14985,14990,0.30910559999756515,7.7185160999652,ok,split=train; action=ApplyEyeMakeup; raw_frames=106; sampled_frames=24; link_refresh_rmse=0.029060384; p_max=4
Action video,UCF101,ucf101_v_ApplyEyeMakeup_g24_c04,ApplyEyeMakeup:v_ApplyEyeMakeup_g24_c04,C:\Users\mrkys\workspace\NTD-PL\data\UCF101\train\ApplyEyeMakeup\v_ApplyEyeMakeup_g24_c04.avi,209x240x320x3,24x72x96x3,"(12,18,18,3)",0,0.02907479740679264,0.029158243909478188,-0.2870063083089672,3.172008102526556,3.2791325770195785,-3.377181615888561,6.900032647963777e-05,boundary,14985,14990,0.42080039996653795,7.947327699977905,ok,split=train; action=ApplyEyeMakeup; raw_frames=209; sampled_frames=24; link_refresh_rmse=0.029074566; p_max=4
Action video,UCF101,ucf101_v_ApplyEyeMakeup_g24_c05,ApplyEyeMakeup:v_ApplyEyeMakeup_g24_c05,C:\Users\mrkys\workspace\NTD-PL\data\UCF101\train\ApplyEyeMakeup\v_ApplyEyeMakeup_g24_c05.avi,200x240x320x3,24x72x96x3,"(12,18,18,3)",0,0.03184990584850311,0.03186545893549919,-0.04883244261398486,2.914044863430481,3.1304247328834953,-7.425413114549203,0.0008066905047404019,boundary,14985,14990,0.36249460000544786,7.805810899939388,ok,split=train; action=ApplyEyeMakeup; raw_frames=200; sampled_frames=24; link_refresh_rmse=0.031846948; p_max=4
Action video,UCF101,ucf101_v_ApplyEyeMakeup_g24_c07,ApplyEyeMakeup:v_ApplyEyeMakeup_g24_c07,C:\Users\mrkys\workspace\NTD-PL\data\UCF101\train\ApplyEyeMakeup\v_ApplyEyeMakeup_g24_c07.avi,195x240x320x3,24x72x96x3,"(12,18,18,3)",0,0.031190700829029083,0.03120882250368595,-0.05809960717523281,3.1187251778783107,3.1013613788788543,0.5567595093861107,0.00017687974382671237,boundary,14985,14990,0.22377540008164942,7.8301989999599755,ok,split=train; action=ApplyEyeMakeup; raw_frames=195; sampled_frames=24; link_refresh_rmse=0.031190066; p_max=4
Action video,UCF101,ucf101_v_ApplyEyeMakeup_g25_c01,ApplyEyeMakeup:v_ApplyEyeMakeup_g25_c01,C:\Users\mrkys\workspace\NTD-PL\data\UCF101\train\ApplyEyeMakeup\v_ApplyEyeMakeup_g25_c01.avi,242x240x320x3,24x72x96x3,"(12,18,18,3)",0,0.044319406151771545,0.043220825493335724,2.4787801864351215,8.370637691329549,7.94996376204166,5.0255899825126775,0.03375582825405418,boundary,14985,14990,0.257309400010854,7.416257200064138,ok,split=train; action=ApplyEyeMakeup; raw_frames=242; sampled_frames=24; link_refresh_rmse=0.044147503; p_max=4
Action video,UCF101,ucf101_v_ApplyEyeMakeup_g25_c02,ApplyEyeMakeup:v_ApplyEyeMakeup_g25_c02,C:\Users\mrkys\workspace\NTD-PL\data\UCF101\train\ApplyEyeMakeup\v_ApplyEyeMakeup_g25_c02.avi,130x240x320x3,24x72x96x3,"(12,18,18,3)",0,0.047760747373104095,0.046409156173467636,2.8299205393037714,8.917361384787103,7.94745421418639,10.876616173203,0.03766602271793178,boundary,14985,14990,0.3096228998620063,7.428360499907285,ok,split=train; action=ApplyEyeMakeup; raw_frames=130; sampled_frames=24; link_refresh_rmse=0.047554083; p_max=4
Action video,UCF101,ucf101_v_ApplyEyeMakeup_g25_c03,ApplyEyeMakeup:v_ApplyEyeMakeup_g25_c03,C:\Users\mrkys\workspace\NTD-PL\data\UCF101\train\ApplyEyeMakeup\v_ApplyEyeMakeup_g25_c03.avi,126x240x320x3,24x72x96x3,"(12,18,18,3)",0,0.04497227072715759,0.04365532845258713,2.928342850553903,8.588291739755618,7.586167171867941,11.668497045213245,0.03383256772360613,boundary,14985,14990,0.23875240003690124,7.566781200002879,ok,split=train; action=ApplyEyeMakeup; raw_frames=126; sampled_frames=24; link_refresh_rmse=0.044797439; p_max=4
Action video,UCF101,ucf101_v_ApplyEyeMakeup_g25_c04,ApplyEyeMakeup:v_ApplyEyeMakeup_g25_c04,C:\Users\mrkys\workspace\NTD-PL\data\UCF101\train\ApplyEyeMakeup\v_ApplyEyeMakeup_g25_c04.avi,178x240x320x3,24x72x96x3,"(12,18,18,3)",0,0.042469676584005356,0.04136603698134422,2.5986531837089104,8.344649752681402,7.680339593121478,7.960911233529722,0.027407438186367546,boundary,14985,14990,0.28030289988964796,7.493258600123227,ok,split=train; action=ApplyEyeMakeup; raw_frames=178; sampled_frames=24; link_refresh_rmse=0.042335879; p_max=4
Action video,UCF101,ucf101_v_ApplyEyeMakeup_g25_c05,ApplyEyeMakeup:v_ApplyEyeMakeup_g25_c05,C:\Users\mrkys\workspace\NTD-PL\data\UCF101\train\ApplyEyeMakeup\v_ApplyEyeMakeup_g25_c05.avi,94x240x320x3,24x72x96x3,"(12,18,18,3)",0,0.04520155489444733,0.044132061302661896,2.3660548719681547,8.661154311744768,7.881465684937005,9.002132957618402,0.030014348363061102,boundary,14985,14990,0.28014750010333955,7.482910399790853,ok,split=train; action=ApplyEyeMakeup; raw_frames=94; sampled_frames=24; link_refresh_rmse=0.045045629; p_max=4
Action video,UCF101,ucf101_v_ApplyEyeMakeup_g25_c06,ApplyEyeMakeup:v_ApplyEyeMakeup_g25_c06,C:\Users\mrkys\workspace\NTD-PL\data\UCF101\train\ApplyEyeMakeup\v_ApplyEyeMakeup_g25_c06.avi,110x240x320x3,24x72x96x3,"(12,18,18,3)",0,0.050866156816482544,0.04968755319714546,2.3170683478001037,8.33519135602476,6.9136092569108785,17.055182519431277,0.035139528632601294,boundary,14985,14990,0.3018847000785172,7.479948300169781,ok,split=train; action=ApplyEyeMakeup; raw_frames=110; sampled_frames=24; link_refresh_rmse=0.050660789; p_max=4
Action video,UCF101,ucf101_v_ApplyLipstick_g01_c01,ApplyLipstick:v_ApplyLipstick_g01_c01,C:\Users\mrkys\workspace\NTD-PL\data\UCF101\train\ApplyLipstick\v_ApplyLipstick_g01_c01.avi,149x240x320x3,24x72x96x3,"(12,18,18,3)",0,0.04751050844788551,0.044058658182621,7.26544585194423,5.748489543332907,5.130732003585594,10.74643234697691,0.10013216515541219,effective,14985,14990,0.26524269999936223,7.356252399971709,ok,split=train; action=ApplyLipstick; raw_frames=149; sampled_frames=24; link_refresh_rmse=0.046965946; p_max=4
Action video,UCF101,ucf101_v_ApplyLipstick_g01_c02,ApplyLipstick:v_ApplyLipstick_g01_c02,C:\Users\mrkys\workspace\NTD-PL\data\UCF101\train\ApplyLipstick\v_ApplyLipstick_g01_c02.avi,161x240x320x3,24x72x96x3,"(12,18,18,3)",0,0.04516955092549324,0.04184887558221817,7.351579272400768,5.0374380916596,4.68775224211343,6.941739892052238,0.08420251661733073,moderate,14985,14990,0.25625249999575317,7.788302200147882,ok,split=train; action=ApplyLipstick; raw_frames=161; sampled_frames=24; link_refresh_rmse=0.044733785; p_max=4
Action video,UCF101,ucf101_v_ApplyLipstick_g01_c03,ApplyLipstick:v_ApplyLipstick_g01_c03,C:\Users\mrkys\workspace\NTD-PL\data\UCF101\train\ApplyLipstick\v_ApplyLipstick_g01_c03.avi,310x240x320x3,24x72x96x3,"(12,18,18,3)",0,0.049902573227882385,0.04682086780667305,6.175443913756885,5.364013902928651,4.8224609620725065,10.09603909789396,0.08779441764989981,moderate,14985,14990,0.22517119999974966,7.751374399987981,ok,split=train; action=ApplyLipstick; raw_frames=310; sampled_frames=24; link_refresh_rmse=0.049400713; p_max=4
Action video,UCF101,ucf101_v_ApplyLipstick_g02_c01,ApplyLipstick:v_ApplyLipstick_g02_c01,C:\Users\mrkys\workspace\NTD-PL\data\UCF101\train\ApplyLipstick\v_ApplyLipstick_g02_c01.avi,128x240x320x3,24x72x96x3,"(12,18,18,3)",0,0.02564231865108013,0.025162020698189735,1.873067562360101,3.749714571009013,3.7181664565435812,0.8413470910385162,0.07230663448592198,moderate,14985,14990,0.2342593998182565,7.890631499933079,ok,split=train; action=ApplyLipstick; raw_frames=128; sampled_frames=24; link_refresh_rmse=0.025429742; p_max=4
Action video,UCF101,ucf101_v_ApplyLipstick_g02_c02,ApplyLipstick:v_ApplyLipstick_g02_c02,C:\Users\mrkys\workspace\NTD-PL\data\UCF101\train\ApplyLipstick\v_ApplyLipstick_g02_c02.avi,119x240x320x3,24x72x96x3,"(12,18,18,3)",0,0.029350871220231056,0.028856443241238594,1.684542769727603,3.5184641314403713,3.561853062772568,-1.2331781627239313,0.07514980665579434,moderate,14985,14990,0.24179000011645257,8.057553099934012,ok,split=train; action=ApplyLipstick; raw_frames=119; sampled_frames=24; link_refresh_rmse=0.029098025; p_max=4
Action video,UCF101,ucf101_v_ApplyLipstick_g02_c03,ApplyLipstick:v_ApplyLipstick_g02_c03,C:\Users\mrkys\workspace\NTD-PL\data\UCF101\train\ApplyLipstick\v_ApplyLipstick_g02_c03.avi,99x240x320x3,24x72x96x3,"(12,18,18,3)",0,0.029805177822709084,0.029278241097927094,1.7679368595496443,3.2954818102481163,3.3726798046158835,-2.342540448188818,0.07339232699320106,moderate,14985,14990,0.24174789991229773,7.832867800025269,ok,split=train; action=ApplyLipstick; raw_frames=99; sampled_frames=24; link_refresh_rmse=0.029554397; p_max=4
Action video,UCF101,ucf101_v_ApplyLipstick_g02_c04,ApplyLipstick:v_ApplyLipstick_g02_c04,C:\Users\mrkys\workspace\NTD-PL\data\UCF101\train\ApplyLipstick\v_ApplyLipstick_g02_c04.avi,186x240x320x3,24x72x96x3,"(12,18,18,3)",0,0.02702006697654724,0.02673659846186638,1.04910367145613,2.9367705961798816,2.978046889627071,-1.405499411526432,0.04410561368115296,moderate,14985,14990,0.36869850009679794,7.164126500021666,ok,split=train; action=ApplyLipstick; raw_frames=186; sampled_frames=24; link_refresh_rmse=0.026883211; p_max=4
Action video,UCF101,ucf101_v_ApplyLipstick_g03_c02,ApplyLipstick:v_ApplyLipstick_g03_c02,C:\Users\mrkys\workspace\NTD-PL\data\UCF101\train\ApplyLipstick\v_ApplyLipstick_g03_c02.avi,109x240x320x3,24x72x96x3,"(12,18,18,3)",0,0.07067316770553589,0.06836694478988647,3.2632227909444134,2.5736269930327134,2.644460140694058,-2.7522693790943036,0.07330660127763397,moderate,14985,14990,0.26829449995420873,7.35312099987641,ok,split=train; action=ApplyLipstick; raw_frames=109; sampled_frames=24; link_refresh_rmse=0.070079215; p_max=4
Action video,UCF101,ucf101_v_ApplyLipstick_g03_c03,ApplyLipstick:v_ApplyLipstick_g03_c03,C:\Users\mrkys\workspace\NTD-PL\data\UCF101\train\ApplyLipstick\v_ApplyLipstick_g03_c03.avi,155x240x320x3,24x72x96x3,"(12,18,18,3)",0,0.06998708844184875,0.06776975840330124,3.1681987176675634,2.398664894766341,2.3997930878536584,-0.047034210146605894,0.08816003509720895,moderate,14985,14990,0.2674869999755174,7.1773590999655426,ok,split=train; action=ApplyLipstick; raw_frames=155; sampled_frames=24; link_refresh_rmse=0.069280326; p_max=4
Action video,UCF101,ucf101_v_ApplyLipstick_g03_c04,ApplyLipstick:v_ApplyLipstick_g03_c04,C:\Users\mrkys\workspace\NTD-PL\data\UCF101\train\ApplyLipstick\v_ApplyLipstick_g03_c04.avi,143x240x320x3,24x72x96x3,"(12,18,18,3)",0,0.07198581844568253,0.06991570442914963,2.87572477639456,2.3890373281460127,2.420544128079125,-1.31880735231387,0.08385451835593427,moderate,14985,14990,0.2860940999817103,7.300689299823716,ok,split=train; action=ApplyLipstick; raw_frames=143; sampled_frames=24; link_refresh_rmse=0.071294203; p_max=4
Action video,UCF101,ucf101_v_ApplyLipstick_g04_c01,ApplyLipstick:v_ApplyLipstick_g04_c01,C:\Users\mrkys\workspace\NTD-PL\data\UCF101\train\ApplyLipstick\v_ApplyLipstick_g04_c01.avi,99x240x320x3,24x72x96x3,"(12,18,18,3)",0,0.04757332429289818,0.04701482877135277,1.1739678272362886,5.6774890559645455,5.6955562555654025,-0.3182251770591495,0.01062651205752151,boundary,14985,14990,0.2544482999946922,7.3347306998912245,ok,split=train; action=ApplyLipstick; raw_frames=99; sampled_frames=24; link_refresh_rmse=0.047515158; p_max=4
Action video,UCF101,ucf101_v_ApplyLipstick_g04_c03,ApplyLipstick:v_ApplyLipstick_g04_c03,C:\Users\mrkys\workspace\NTD-PL\data\UCF101\train\ApplyLipstick\v_ApplyLipstick_g04_c03.avi,151x240x320x3,24x72x96x3,"(12,18,18,3)",0,0.056489985436201096,0.05618412792682648,0.5414366936243048,5.61336187451516,5.919103405923282,-5.446674172142695,0.016477316574824673,boundary,14985,14990,0.26383070019073784,7.345093499869108,ok,split=train; action=ApplyLipstick; raw_frames=151; sampled_frames=24; link_refresh_rmse=0.056382924; p_max=4
Action video,UCF101,ucf101_v_ApplyLipstick_g04_c04,ApplyLipstick:v_ApplyLipstick_g04_c04,C:\Users\mrkys\workspace\NTD-PL\data\UCF101\train\ApplyLipstick\v_ApplyLipstick_g04_c04.avi,259x240x320x3,24x72x96x3,"(12,18,18,3)",0,0.050747573375701904,0.05042807385325432,0.6295858130638488,5.347660045381902,6.110396072188249,-14.262986433945544,0.01733237934374607,boundary,14985,14990,0.27347579994238913,7.35516869998537,ok,split=train; action=ApplyLipstick; raw_frames=259; sampled_frames=24; link_refresh_rmse=0.050646409; p_max=4
Action video,UCF101,ucf101_v_ApplyLipstick_g04_c05,ApplyLipstick:v_ApplyLipstick_g04_c05,C:\Users\mrkys\workspace\NTD-PL\data\UCF101\train\ApplyLipstick\v_ApplyLipstick_g04_c05.avi,170x240x320x3,24x72x96x3,"(12,18,18,3)",0,0.05599803477525711,0.05564885586500168,0.6235556509381608,5.923063240350638,6.132162849841768,-3.5302613024059366,0.016409742742427954,boundary,14985,14990,0.2574596998747438,7.486976600019261,ok,split=train; action=ApplyLipstick; raw_frames=170; sampled_frames=24; link_refresh_rmse=0.055892341; p_max=4
Action video,UCF101,ucf101_v_ApplyLipstick_g05_c01,ApplyLipstick:v_ApplyLipstick_g05_c01,C:\Users\mrkys\workspace\NTD-PL\data\UCF101\train\ApplyLipstick\v_ApplyLipstick_g05_c01.avi,178x240x320x3,24x72x96x3,"(12,18,18,3)",0,0.05639316514134407,0.05464346334338188,3.1026841525506303,9.949837566043907,9.672476094589644,2.787597984522104,0.07186273868816603,moderate,14985,14990,0.24542010016739368,7.336965999798849,ok,split=train; action=ApplyLipstick; raw_frames=178; sampled_frames=24; link_refresh_rmse=0.055928521; p_max=4
Action video,UCF101,ucf101_v_ApplyLipstick_g05_c02,ApplyLipstick:v_ApplyLipstick_g05_c02,C:\Users\mrkys\workspace\NTD-PL\data\UCF101\train\ApplyLipstick\v_ApplyLipstick_g05_c02.avi,155x240x320x3,24x72x96x3,"(12,18,18,3)",0,0.046859025955200195,0.04394181817770004,6.225498114897146,9.953484903768732,9.704834092238304,2.4981281825853823,0.09083928011793763,effective,14985,14990,0.27531389985233545,7.380372700048611,ok,split=train; action=ApplyLipstick; raw_frames=155; sampled_frames=24; link_refresh_rmse=0.046371516; p_max=4
Action video,UCF101,ucf101_v_ApplyLipstick_g05_c03,ApplyLipstick:v_ApplyLipstick_g05_c03,C:\Users\mrkys\workspace\NTD-PL\data\UCF101\train\ApplyLipstick\v_ApplyLipstick_g05_c03.avi,114x240x320x3,24x72x96x3,"(12,18,18,3)",0,0.04401780664920807,0.04205487295985222,4.4594082231290955,8.76324551340619,8.682355983220413,0.9230544786407114,0.05841290175786325,moderate,14985,14990,0.3278623998630792,7.30567769985646,ok,split=train; action=ApplyLipstick; raw_frames=114; sampled_frames=24; link_refresh_rmse=0.043722779; p_max=4
Action video,UCF101,ucf101_v_ApplyLipstick_g05_c04,ApplyLipstick:v_ApplyLipstick_g05_c04,C:\Users\mrkys\workspace\NTD-PL\data\UCF101\train\ApplyLipstick\v_ApplyLipstick_g05_c04.avi,121x240x320x3,24x72x96x3,"(12,18,18,3)",0,0.04707838222384453,0.044841669499874115,4.751039900512024,9.122786955145541,8.825723646238188,3.25627804713558,0.06821535832836628,moderate,14985,14990,0.25964359985664487,7.457535200053826,ok,split=train; action=ApplyLipstick; raw_frames=121; sampled_frames=24; link_refresh_rmse=0.046710096; p_max=4
Action video,UCF101,ucf101_v_ApplyLipstick_g05_c05,ApplyLipstick:v_ApplyLipstick_g05_c05,C:\Users\mrkys\workspace\NTD-PL\data\UCF101\train\ApplyLipstick\v_ApplyLipstick_g05_c05.avi,157x240x320x3,24x72x96x3,"(12,18,18,3)",0,0.049524806439876556,0.04707872122526169,4.939111105026592,9.682267986507144,9.133211213462637,5.670745468000394,0.07882496430415095,moderate,14985,14990,0.27427850011736155,7.482742199907079,ok,split=train; action=ApplyLipstick; raw_frames=157; sampled_frames=24; link_refresh_rmse=0.049077399; p_max=4
Action video,UCF101,ucf101_v_ApplyLipstick_g06_c01,ApplyLipstick:v_ApplyLipstick_g06_c01,C:\Users\mrkys\workspace\NTD-PL\data\UCF101\train\ApplyLipstick\v_ApplyLipstick_g06_c01.avi,461x240x320x3,24x72x96x3,"(12,18,18,3)",0,0.052713192999362946,0.051305897533893585,2.669721535340058,5.001123215086058,4.405239388161528,11.914999916959186,0.04508796005087633,moderate,14985,14990,0.35057149990461767,7.417258000001311,ok,split=train; action=ApplyLipstick; raw_frames=461; sampled_frames=24; link_refresh_rmse=0.052440271; p_max=4
Action video,UCF101,ucf101_v_ApplyLipstick_g06_c02,ApplyLipstick:v_ApplyLipstick_g06_c02,C:\Users\mrkys\workspace\NTD-PL\data\UCF101\train\ApplyLipstick\v_ApplyLipstick_g06_c02.avi,250x240x320x3,24x72x96x3,"(12,18,18,3)",0,0.04789196327328682,0.045948661863803864,4.0576774821150225,6.253260275705781,4.7914372755098436,23.376973542508544,0.0637300304497639,moderate,14985,14990,0.3251755000092089,7.513081399956718,ok,split=train; action=ApplyLipstick; raw_frames=250; sampled_frames=24; link_refresh_rmse=0.047541857; p_max=4
Action video,UCF101,ucf101_v_ApplyLipstick_g06_c03,ApplyLipstick:v_ApplyLipstick_g06_c03,C:\Users\mrkys\workspace\NTD-PL\data\UCF101\train\ApplyLipstick\v_ApplyLipstick_g06_c03.avi,154x240x320x3,24x72x96x3,"(12,18,18,3)",0,0.04961298406124115,0.047722041606903076,3.8113862532516425,5.169895169545037,4.551739717699395,11.956827586893635,0.06631488836573002,moderate,14985,14990,0.304582699900493,7.40511059993878,ok,split=train; action=ApplyLipstick; raw_frames=154; sampled_frames=24; link_refresh_rmse=0.049235642; p_max=4
Action video,UCF101,ucf101_v_ApplyLipstick_g06_c04,ApplyLipstick:v_ApplyLipstick_g06_c04,C:\Users\mrkys\workspace\NTD-PL\data\UCF101\train\ApplyLipstick\v_ApplyLipstick_g06_c04.avi,524x240x320x3,24x72x96x3,"(12,18,18,3)",0,0.06489017605781555,0.06259047240018845,3.5439935554776834,6.69069962476732,5.150932012465468,23.01355162623072,0.0928705626325712,effective,14985,14990,0.3060120001900941,7.538541099987924,ok,split=train; action=ApplyLipstick; raw_frames=524; sampled_frames=24; link_refresh_rmse=0.064200059; p_max=4
Action video,UCF101,ucf101_v_ApplyLipstick_g07_c01,ApplyLipstick:v_ApplyLipstick_g07_c01,C:\Users\mrkys\workspace\NTD-PL\data\UCF101\train\ApplyLipstick\v_ApplyLipstick_g07_c01.avi,271x240x320x3,24x72x96x3,"(12,18,18,3)",0,0.051225434988737106,0.04909202456474304,4.164748282690299,3.0492278154228503,3.336657502846443,-9.42631068658717,0.15247535955627464,effective,14985,14990,0.30129089998081326,7.527017599903047,ok,split=train; action=ApplyLipstick; raw_frames=271; sampled_frames=24; link_refresh_rmse=0.050334051; p_max=4
Action video,UCF101,ucf101_v_ApplyLipstick_g07_c03,ApplyLipstick:v_ApplyLipstick_g07_c03,C:\Users\mrkys\workspace\NTD-PL\data\UCF101\train\ApplyLipstick\v_ApplyLipstick_g07_c03.avi,227x240x320x3,24x72x96x3,"(12,18,18,3)",0,0.04995982348918915,0.0477885976433754,4.345943788779768,2.9660746582843776,3.147367163185005,-6.112203022073957,0.15625291455642562,effective,14985,14990,0.3442205998580903,7.447938200086355,ok,split=train; action=ApplyLipstick; raw_frames=227; sampled_frames=24; link_refresh_rmse=0.049069118; p_max=4
Action video,UCF101,ucf101_v_ApplyLipstick_g07_c04,ApplyLipstick:v_ApplyLipstick_g07_c04,C:\Users\mrkys\workspace\NTD-PL\data\UCF101\train\ApplyLipstick\v_ApplyLipstick_g07_c04.avi,164x240x320x3,24x72x96x3,"(12,18,18,3)",0,0.05478210747241974,0.05245006084442139,4.25694945958848,3.177446329142849,3.2387668604570012,-1.9298683584906982,0.16764423687095034,effective,14985,14990,0.33020119997672737,7.482634800020605,ok,split=train; action=ApplyLipstick; raw_frames=164; sampled_frames=24; link_refresh_rmse=0.05373491; p_max=4
Action video,UCF101,ucf101_v_ApplyLipstick_g08_c01,ApplyLipstick:v_ApplyLipstick_g08_c01,C:\Users\mrkys\workspace\NTD-PL\data\UCF101\train\ApplyLipstick\v_ApplyLipstick_g08_c01.avi,182x240x320x3,24x72x96x3,"(12,18,18,3)",0,0.055466365069150925,0.05362348258495331,3.3225225447891917,8.877334060631284,8.334844680347054,6.1109492622344,0.06399292138037138,moderate,14985,14990,0.33539079991169274,7.539070899831131,ok,split=train; action=ApplyLipstick; raw_frames=182; sampled_frames=24; link_refresh_rmse=0.055059221; p_max=4
Action video,UCF101,ucf101_v_ApplyLipstick_g08_c02,ApplyLipstick:v_ApplyLipstick_g08_c02,C:\Users\mrkys\workspace\NTD-PL\data\UCF101\train\ApplyLipstick\v_ApplyLipstick_g08_c02.avi,220x240x320x3,24x72x96x3,"(12,18,18,3)",0,0.05949433147907257,0.05775734409689903,2.919584671330465,8.910447384937447,8.326947360243347,6.548493015967641,0.0622629555632085,moderate,14985,14990,0.28453320008702576,7.423023100011051,ok,split=train; action=ApplyLipstick; raw_frames=220; sampled_frames=24; link_refresh_rmse=0.059069384; p_max=4
Action video,UCF101,ucf101_v_ApplyLipstick_g08_c03,ApplyLipstick:v_ApplyLipstick_g08_c03,C:\Users\mrkys\workspace\NTD-PL\data\UCF101\train\ApplyLipstick\v_ApplyLipstick_g08_c03.avi,271x240x320x3,24x72x96x3,"(12,18,18,3)",0,0.052149418741464615,0.049765996634960175,4.570371375221779,8.59743463603109,6.578901441527986,23.47831975416958,0.06997608016278774,moderate,14985,14990,0.35998430009931326,7.412340899929404,ok,split=train; action=ApplyLipstick; raw_frames=271; sampled_frames=24; link_refresh_rmse=0.051730976; p_max=4
Action video,UCF101,ucf101_v_ApplyLipstick_g08_c04,ApplyLipstick:v_ApplyLipstick_g08_c04,C:\Users\mrkys\workspace\NTD-PL\data\UCF101\train\ApplyLipstick\v_ApplyLipstick_g08_c04.avi,311x240x320x3,24x72x96x3,"(12,18,18,3)",0,0.052769504487514496,0.0509304441511631,3.485081685363418,7.22238154043152,5.8178479734585995,19.446958861287232,0.05903957565190615,moderate,14985,14990,0.288525199983269,7.4742016000673175,ok,split=train; action=ApplyLipstick; raw_frames=311; sampled_frames=24; link_refresh_rmse=0.052412037; p_max=4
Action video,UCF101,ucf101_v_ApplyLipstick_g09_c01,ApplyLipstick:v_ApplyLipstick_g09_c01,C:\Users\mrkys\workspace\NTD-PL\data\UCF101\train\ApplyLipstick\v_ApplyLipstick_g09_c01.avi,100x240x320x3,24x72x96x3,"(12,18,18,3)",0,0.051611803472042084,0.04787987470626831,7.23076605489158,17.160204817884747,16.59053106687917,3.3197374801252426,0.22035591086309458,effective,14985,14990,0.26029419992119074,7.8010094000492245,ok,split=train; action=ApplyLipstick; raw_frames=100; sampled_frames=24; link_refresh_rmse=0.050318912; p_max=4
Action video,UCF101,ucf101_v_ApplyLipstick_g09_c02,ApplyLipstick:v_ApplyLipstick_g09_c02,C:\Users\mrkys\workspace\NTD-PL\data\UCF101\train\ApplyLipstick\v_ApplyLipstick_g09_c02.avi,245x240x320x3,24x72x96x3,"(12,18,18,3)",0,0.04695668816566467,0.04248726740479469,9.518177144652372,19.14908972140398,20.10452119267396,-4.989435451869257,0.3642074314372324,effective,14985,14990,0.23520479979924858,8.016817099880427,ok,split=train; action=ApplyLipstick; raw_frames=245; sampled_frames=24; link_refresh_rmse=0.045028459; p_max=4
Action video,UCF101,ucf101_v_ApplyLipstick_g09_c03,ApplyLipstick:v_ApplyLipstick_g09_c03,C:\Users\mrkys\workspace\NTD-PL\data\UCF101\train\ApplyLipstick\v_ApplyLipstick_g09_c03.avi,248x240x320x3,24x72x96x3,"(12,18,18,3)",0,0.049507081508636475,0.04534823074936867,8.400516921083902,18.964166846425453,19.01412224319114,-0.263419939142235,0.2742386943742575,effective,14985,14990,0.30342649994418025,7.999129900010303,ok,split=train; action=ApplyLipstick; raw_frames=248; sampled_frames=24; link_refresh_rmse=0.047968417; p_max=4
Action video,UCF101,ucf101_v_ApplyLipstick_g10_c01,ApplyLipstick:v_ApplyLipstick_g10_c01,C:\Users\mrkys\workspace\NTD-PL\data\UCF101\train\ApplyLipstick\v_ApplyLipstick_g10_c01.avi,106x240x320x3,24x72x96x3,"(12,18,18,3)",0,0.04237612336874008,0.03950173407793045,6.7830397457498535,14.031708980199447,12.858921383267123,8.358123722401016,0.05965501639410628,moderate,14985,14990,0.23721900000236928,8.099884999915957,ok,split=train; action=ApplyLipstick; raw_frames=106; sampled_frames=24; link_refresh_rmse=0.04208608; p_max=4
Action video,UCF101,ucf101_v_ApplyLipstick_g10_c02,ApplyLipstick:v_ApplyLipstick_g10_c02,C:\Users\mrkys\workspace\NTD-PL\data\UCF101\train\ApplyLipstick\v_ApplyLipstick_g10_c02.avi,140x240x320x3,24x72x96x3,"(12,18,18,3)",0,0.03436752408742905,0.03129143640398979,8.950565294182557,11.793712026207269,12.35503211844816,-4.759486165115439,0.10154020072315062,effective,14985,14990,0.25268839998170733,8.227104699937627,ok,split=train; action=ApplyLipstick; raw_frames=140; sampled_frames=24; link_refresh_rmse=0.033968098; p_max=4
Action video,UCF101,ucf101_v_ApplyLipstick_g10_c04,ApplyLipstick:v_ApplyLipstick_g10_c04,C:\Users\mrkys\workspace\NTD-PL\data\UCF101\train\ApplyLipstick\v_ApplyLipstick_g10_c04.avi,248x240x320x3,24x72x96x3,"(12,18,18,3)",0,0.04961920157074928,0.046937473118305206,5.404618308136917,12.685507128759316,10.688782780227589,15.74020122542009,0.05392944888186779,moderate,14985,14990,0.24261409998871386,8.290155500173569,ok,split=train; action=ApplyLipstick; raw_frames=248; sampled_frames=24; link_refresh_rmse=0.049312077; p_max=4
Action video,UCF101,ucf101_v_ApplyLipstick_g11_c01,ApplyLipstick:v_ApplyLipstick_g11_c01,C:\Users\mrkys\workspace\NTD-PL\data\UCF101\train\ApplyLipstick\v_ApplyLipstick_g11_c01.avi,144x240x320x3,24x72x96x3,"(12,18,18,3)",0,0.0638180673122406,0.06303281337022781,1.2304571026427362,5.673894694354374,5.487361438216344,3.2875699354031656,0.030521808345657007,boundary,14985,14990,0.34650569991208613,8.386138699948788,ok,split=train; action=ApplyLipstick; raw_frames=144; sampled_frames=24; link_refresh_rmse=0.063594207; p_max=4
Action video,UCF101,ucf101_v_ApplyLipstick_g11_c02,ApplyLipstick:v_ApplyLipstick_g11_c02,C:\Users\mrkys\workspace\NTD-PL\data\UCF101\train\ApplyLipstick\v_ApplyLipstick_g11_c02.avi,200x240x320x3,24x72x96x3,"(12,18,18,3)",0,0.05724753439426422,0.05642004311084747,1.445461873899772,5.647183550970923,5.814146497345909,-2.9565702065108224,0.028806115532396898,boundary,14985,14990,0.3712172999512404,8.357729099923745,ok,split=train; action=ApplyLipstick; raw_frames=200; sampled_frames=24; link_refresh_rmse=0.057057992; p_max=4
Action video,UCF101,ucf101_v_ApplyLipstick_g11_c04,ApplyLipstick:v_ApplyLipstick_g11_c04,C:\Users\mrkys\workspace\NTD-PL\data\UCF101\train\ApplyLipstick\v_ApplyLipstick_g11_c04.avi,158x240x320x3,24x72x96x3,"(12,18,18,3)",0,0.06336425244808197,0.06282448023557663,0.8518560413027952,5.126500091610924,5.067310137168286,1.1545879915129211,0.02168404868606886,boundary,14985,14990,0.36454600002616644,8.513717599911615,ok,split=train; action=ApplyLipstick; raw_frames=158; sampled_frames=24; link_refresh_rmse=0.063206263; p_max=4
Action video,UCF101,ucf101_v_ApplyLipstick_g12_c01,ApplyLipstick:v_ApplyLipstick_g12_c01,C:\Users\mrkys\workspace\NTD-PL\data\UCF101\train\ApplyLipstick\v_ApplyLipstick_g12_c01.avi,199x240x320x3,24x72x96x3,"(12,18,18,3)",0,0.03885284438729286,0.037655752152204514,3.081092913444111,6.500441504793179,6.225229292836969,4.233746457887199,0.03838696556497326,boundary,14985,14990,0.3067208998836577,8.504220200004056,ok,split=train; action=ApplyLipstick; raw_frames=199; sampled_frames=24; link_refresh_rmse=0.038681515; p_max=4
Action video,UCF101,ucf101_v_ApplyLipstick_g12_c02,ApplyLipstick:v_ApplyLipstick_g12_c02,C:\Users\mrkys\workspace\NTD-PL\data\UCF101\train\ApplyLipstick\v_ApplyLipstick_g12_c02.avi,107x240x320x3,24x72x96x3,"(12,18,18,3)",0,0.0378294475376606,0.036907780915498734,2.436373466052636,6.477852772502674,6.442318036021159,0.5485573341887865,0.0313005957428485,boundary,14985,14990,0.33943809987977147,8.3504870000761,ok,split=train; action=ApplyLipstick; raw_frames=107; sampled_frames=24; link_refresh_rmse=0.03769337; p_max=4
Action video,UCF101,ucf101_v_ApplyLipstick_g12_c05,ApplyLipstick:v_ApplyLipstick_g12_c05,C:\Users\mrkys\workspace\NTD-PL\data\UCF101\train\ApplyLipstick\v_ApplyLipstick_g12_c05.avi,179x240x320x3,24x72x96x3,"(12,18,18,3)",0,0.042416006326675415,0.0417427234351635,1.5873321178012219,6.005120416235851,6.476304791653519,-7.846376804430792,0.02633336174142832,boundary,14985,14990,0.2829851000569761,8.239316700026393,ok,split=train; action=ApplyLipstick; raw_frames=179; sampled_frames=24; link_refresh_rmse=0.042287607; p_max=4
Action video,UCF101,ucf101_v_ApplyLipstick_g13_c01,ApplyLipstick:v_ApplyLipstick_g13_c01,C:\Users\mrkys\workspace\NTD-PL\data\UCF101\train\ApplyLipstick\v_ApplyLipstick_g13_c01.avi,214x240x320x3,24x72x96x3,"(12,18,18,3)",0,0.05264825001358986,0.0495341494679451,5.914917485084369,9.067848888867776,9.761476117519944,-7.649302906929846,0.17259591473217453,effective,14985,14990,0.42956820013932884,8.266083199996501,ok,split=train; action=ApplyLipstick; raw_frames=214; sampled_frames=24; link_refresh_rmse=0.051612411; p_max=4
Action video,UCF101,ucf101_v_ApplyLipstick_g13_c02,ApplyLipstick:v_ApplyLipstick_g13_c02,C:\Users\mrkys\workspace\NTD-PL\data\UCF101\train\ApplyLipstick\v_ApplyLipstick_g13_c02.avi,156x240x320x3,24x72x96x3,"(12,18,18,3)",0,0.05221513286232948,0.04907318204641342,6.017318435634618,9.812558523994989,10.059910733886749,-2.5207718179402576,0.1716063437146677,effective,14985,14990,0.27518459991551936,8.244386300211772,ok,split=train; action=ApplyLipstick; raw_frames=156; sampled_frames=24; link_refresh_rmse=0.051193647; p_max=4
Action video,UCF101,ucf101_v_ApplyLipstick_g13_c03,ApplyLipstick:v_ApplyLipstick_g13_c03,C:\Users\mrkys\workspace\NTD-PL\data\UCF101\train\ApplyLipstick\v_ApplyLipstick_g13_c03.avi,165x240x320x3,24x72x96x3,"(12,18,18,3)",0,0.05168494954705238,0.048416733741760254,6.323341386483984,9.210533523367221,9.679495994589907,-5.0915885603469375,0.16539056301870245,effective,14985,14990,0.29661879991181195,8.375246600015089,ok,split=train; action=ApplyLipstick; raw_frames=165; sampled_frames=24; link_refresh_rmse=0.050710112; p_max=4
Action video,UCF101,ucf101_v_ApplyLipstick_g14_c02,ApplyLipstick:v_ApplyLipstick_g14_c02,C:\Users\mrkys\workspace\NTD-PL\data\UCF101\train\ApplyLipstick\v_ApplyLipstick_g14_c02.avi,191x240x320x3,24x72x96x3,"(12,18,18,3)",0,0.07858408242464066,0.07677341252565384,2.30411788637118,5.868706792689033,5.296873743151667,9.743765871038736,0.09821344139930703,effective,14985,14990,0.2944757000077516,8.137367699993774,ok,split=train; action=ApplyLipstick; raw_frames=191; sampled_frames=24; link_refresh_rmse=0.077700518; p_max=4
Action video,UCF101,ucf101_v_ApplyLipstick_g14_c04,ApplyLipstick:v_ApplyLipstick_g14_c04,C:\Users\mrkys\workspace\NTD-PL\data\UCF101\train\ApplyLipstick\v_ApplyLipstick_g14_c04.avi,106x240x320x3,24x72x96x3,"(12,18,18,3)",0,0.06678619235754013,0.06518539041280746,2.396905540239166,5.858116058123094,5.312388817683943,9.315746479321177,0.08928920921381699,effective,14985,14990,0.25830590003170073,8.338946299860254,ok,split=train; action=ApplyLipstick; raw_frames=106; sampled_frames=24; link_refresh_rmse=0.06610316; p_max=4
Action video,UCF101,ucf101_v_ApplyLipstick_g15_c03,ApplyLipstick:v_ApplyLipstick_g15_c03,C:\Users\mrkys\workspace\NTD-PL\data\UCF101\train\ApplyLipstick\v_ApplyLipstick_g15_c03.avi,134x240x320x3,24x72x96x3,"(12,18,18,3)",0,0.06621293723583221,0.06417760252952576,3.073922999454256,6.901965555515159,7.260466841712621,-5.194191180959949,0.09415970090314237,effective,14985,14990,0.3170096001122147,8.343008700059727,ok,split=train; action=ApplyLipstick; raw_frames=134; sampled_frames=24; link_refresh_rmse=0.06549903; p_max=4
Action video,UCF101,ucf101_v_ApplyLipstick_g15_c05,ApplyLipstick:v_ApplyLipstick_g15_c05,C:\Users\mrkys\workspace\NTD-PL\data\UCF101\train\ApplyLipstick\v_ApplyLipstick_g15_c05.avi,142x240x320x3,24x72x96x3,"(12,18,18,3)",0,0.06447853893041611,0.06275052577257156,2.6799818769302126,5.806986999767911,5.930681813331316,-2.1301031596652162,0.09928893696845312,effective,14985,14990,0.2590660999994725,7.376938599860296,ok,split=train; action=ApplyLipstick; raw_frames=142; sampled_frames=24; link_refresh_rmse=0.063745677; p_max=4
Action video,UCF101,ucf101_v_ApplyLipstick_g16_c01,ApplyLipstick:v_ApplyLipstick_g16_c01,C:\Users\mrkys\workspace\NTD-PL\data\UCF101\train\ApplyLipstick\v_ApplyLipstick_g16_c01.avi,129x240x320x3,24x72x96x3,"(12,18,18,3)",0,0.07400714606046677,0.07125766575336456,3.7151551619836405,5.482494074255951,5.978038091842707,-9.038660340987395,0.11985296347299298,effective,14985,14990,0.34708449989557266,7.23856749990955,ok,split=train; action=ApplyLipstick; raw_frames=129; sampled_frames=24; link_refresh_rmse=0.072992966; p_max=4
Action video,UCF101,ucf101_v_ApplyLipstick_g16_c02,ApplyLipstick:v_ApplyLipstick_g16_c02,C:\Users\mrkys\workspace\NTD-PL\data\UCF101\train\ApplyLipstick\v_ApplyLipstick_g16_c02.avi,166x240x320x3,24x72x96x3,"(12,18,18,3)",0,0.06710688024759293,0.06489286571741104,3.299236266107453,5.544205357139147,5.795831979547268,-4.538551626413091,0.09048361659023321,effective,14985,14990,0.39332239981740713,7.348382400115952,ok,split=train; action=ApplyLipstick; raw_frames=166; sampled_frames=24; link_refresh_rmse=0.066411436; p_max=4
Action video,UCF101,ucf101_v_ApplyLipstick_g16_c03,ApplyLipstick:v_ApplyLipstick_g16_c03,C:\Users\mrkys\workspace\NTD-PL\data\UCF101\train\ApplyLipstick\v_ApplyLipstick_g16_c03.avi,146x240x320x3,24x72x96x3,"(12,18,18,3)",0,0.060697007924318314,0.05787067860364914,4.656455758401235,5.148187457185983,5.714132582321652,-10.993094751157656,0.14597457368733813,effective,14985,14990,0.3310940000228584,7.3749706000089645,ok,split=train; action=ApplyLipstick; raw_frames=146; sampled_frames=24; link_refresh_rmse=0.059685461; p_max=4
Action video,UCF101,ucf101_v_ApplyLipstick_g16_c04,ApplyLipstick:v_ApplyLipstick_g16_c04,C:\Users\mrkys\workspace\NTD-PL\data\UCF101\train\ApplyLipstick\v_ApplyLipstick_g16_c04.avi,174x240x320x3,24x72x96x3,"(12,18,18,3)",0,0.07148243486881256,0.06926470249891281,3.102485770063403,6.479387728465806,6.927965701759126,-6.923153731371692,0.08218197222488915,moderate,14985,14990,0.2552349001634866,7.345015599858016,ok,split=train; action=ApplyLipstick; raw_frames=174; sampled_frames=24; link_refresh_rmse=0.07080929; p_max=4
Action video,UCF101,ucf101_v_ApplyLipstick_g17_c01,ApplyLipstick:v_ApplyLipstick_g17_c01,C:\Users\mrkys\workspace\NTD-PL\data\UCF101\train\ApplyLipstick\v_ApplyLipstick_g17_c01.avi,162x240x320x3,24x72x96x3,"(12,18,18,3)",0,0.045434318482875824,0.042665451765060425,6.094218666136665,9.379157949176838,9.185013953869893,2.0699512297261595,0.10088794307453469,effective,14985,14990,0.24099419987760484,7.51335719996132,ok,split=train; action=ApplyLipstick; raw_frames=162; sampled_frames=24; link_refresh_rmse=0.044909645; p_max=4
Action video,UCF101,ucf101_v_ApplyLipstick_g17_c02,ApplyLipstick:v_ApplyLipstick_g17_c02,C:\Users\mrkys\workspace\NTD-PL\data\UCF101\train\ApplyLipstick\v_ApplyLipstick_g17_c02.avi,152x240x320x3,24x72x96x3,"(12,18,18,3)",0,0.046862151473760605,0.04393008351325989,6.256793314627182,10.204720489232834,10.169254079199893,0.34754905899051003,0.11767342944204945,effective,14985,14990,0.2742126998491585,7.166587400017306,ok,split=train; action=ApplyLipstick; raw_frames=152; sampled_frames=24; link_refresh_rmse=0.04623156; p_max=4
Action video,UCF101,ucf101_v_ApplyLipstick_g17_c03,ApplyLipstick:v_ApplyLipstick_g17_c03,C:\Users\mrkys\workspace\NTD-PL\data\UCF101\train\ApplyLipstick\v_ApplyLipstick_g17_c03.avi,143x240x320x3,24x72x96x3,"(12,18,18,3)",0,0.045503877103328705,0.043274328112602234,4.8996901641231245,10.074095786589064,9.987842564801163,0.8561882238872884,0.07497598737669331,moderate,14985,14990,0.2454813001677394,7.319563600001857,ok,split=train; action=ApplyLipstick; raw_frames=143; sampled_frames=24; link_refresh_rmse=0.045112781; p_max=4
Action video,UCF101,ucf101_v_ApplyLipstick_g17_c04,ApplyLipstick:v_ApplyLipstick_g17_c04,C:\Users\mrkys\workspace\NTD-PL\data\UCF101\train\ApplyLipstick\v_ApplyLipstick_g17_c04.avi,126x240x320x3,24x72x96x3,"(12,18,18,3)",0,0.04656941816210747,0.04506192356348038,3.2370913318683168,9.019434540571046,8.637094778032422,4.23906577312348,0.06862209223546024,moderate,14985,14990,0.22718299995176494,7.375197700224817,ok,split=train; action=ApplyLipstick; raw_frames=126; sampled_frames=24; link_refresh_rmse=0.04620295; p_max=4
Action video,UCF101,ucf101_v_ApplyLipstick_g18_c01,ApplyLipstick:v_ApplyLipstick_g18_c01,C:\Users\mrkys\workspace\NTD-PL\data\UCF101\train\ApplyLipstick\v_ApplyLipstick_g18_c01.avi,104x240x320x3,24x72x96x3,"(12,18,18,3)",0,0.0855041965842247,0.08115885406732559,5.082022509408402,8.693633223443411,7.27272889503312,16.344194560435955,0.14838373165813598,effective,14985,14990,0.2680065000895411,7.410335500026122,ok,split=train; action=ApplyLipstick; raw_frames=104; sampled_frames=24; link_refresh_rmse=0.084055908; p_max=4
Action video,UCF101,ucf101_v_ApplyLipstick_g18_c02,ApplyLipstick:v_ApplyLipstick_g18_c02,C:\Users\mrkys\workspace\NTD-PL\data\UCF101\train\ApplyLipstick\v_ApplyLipstick_g18_c02.avi,140x240x320x3,24x72x96x3,"(12,18,18,3)",0,0.08951127529144287,0.08487244695425034,5.182395538538372,8.21550656640521,7.156575977077572,12.88941321838643,0.16822146485799924,effective,14985,14990,0.320958900032565,7.53219149983488,ok,split=train; action=ApplyLipstick; raw_frames=140; sampled_frames=24; link_refresh_rmse=0.087794371; p_max=4
Action video,UCF101,ucf101_v_ApplyLipstick_g18_c04,ApplyLipstick:v_ApplyLipstick_g18_c04,C:\Users\mrkys\workspace\NTD-PL\data\UCF101\train\ApplyLipstick\v_ApplyLipstick_g18_c04.avi,120x240x320x3,24x72x96x3,"(12,18,18,3)",0,0.08498615771532059,0.08051992952823639,5.255241920742893,7.833584539125841,6.239588754024259,20.34822981918642,0.16267028821307064,effective,14985,14990,0.27763840020634234,7.307906000176445,ok,split=train; action=ApplyLipstick; raw_frames=120; sampled_frames=24; link_refresh_rmse=0.083409339; p_max=4
Action video,UCF101,ucf101_v_ApplyLipstick_g19_c02,ApplyLipstick:v_ApplyLipstick_g19_c02,C:\Users\mrkys\workspace\NTD-PL\data\UCF101\train\ApplyLipstick\v_ApplyLipstick_g19_c02.avi,112x240x320x3,24x72x96x3,"(12,18,18,3)",0,0.059580910950899124,0.056379809975624084,5.372695590225333,8.42516653042628,8.186295738198012,2.8352055875171103,0.13339757357102575,effective,14985,14990,0.435719900066033,7.377465800149366,ok,split=train; action=ApplyLipstick; raw_frames=112; sampled_frames=24; link_refresh_rmse=0.05867286; p_max=4
Action video,UCF101,ucf101_v_ApplyLipstick_g19_c03,ApplyLipstick:v_ApplyLipstick_g19_c03,C:\Users\mrkys\workspace\NTD-PL\data\UCF101\train\ApplyLipstick\v_ApplyLipstick_g19_c03.avi,155x240x320x3,24x72x96x3,"(12,18,18,3)",0,0.07691626995801926,0.07305002957582474,5.026557299651563,11.1232258861965,9.64491478074868,13.290309129497663,0.18212479964945047,effective,14985,14990,0.3049255998339504,7.409505599876866,ok,split=train; action=ApplyLipstick; raw_frames=155; sampled_frames=24; link_refresh_rmse=0.075320289; p_max=4
Action video,UCF101,ucf101_v_ApplyLipstick_g19_c04,ApplyLipstick:v_ApplyLipstick_g19_c04,C:\Users\mrkys\workspace\NTD-PL\data\UCF101\train\ApplyLipstick\v_ApplyLipstick_g19_c04.avi,156x240x320x3,24x72x96x3,"(12,18,18,3)",0,0.06761950999498367,0.06332605332136154,6.349434762157608,12.869123663199602,10.715577811725126,16.734207455265434,0.20343424018610365,effective,14985,14990,0.29376929998397827,7.523839500034228,ok,split=train; action=ApplyLipstick; raw_frames=156; sampled_frames=24; link_refresh_rmse=0.06605418; p_max=4
Action video,UCF101,ucf101_v_ApplyLipstick_g20_c01,ApplyLipstick:v_ApplyLipstick_g20_c01,C:\Users\mrkys\workspace\NTD-PL\data\UCF101\train\ApplyLipstick\v_ApplyLipstick_g20_c01.avi,97x240x320x3,24x72x96x3,"(12,18,18,3)",0,0.04907494783401489,0.047373104840517044,3.467844732619899,2.691613327744153,3.8619869361958914,-43.482234107996156,0.06621687506336632,moderate,14985,14990,0.28301939996890724,7.484453300014138,ok,split=train; action=ApplyLipstick; raw_frames=97; sampled_frames=24; link_refresh_rmse=0.048702247; p_max=4
Action video,UCF101,ucf101_v_ApplyLipstick_g20_c05,ApplyLipstick:v_ApplyLipstick_g20_c05,C:\Users\mrkys\workspace\NTD-PL\data\UCF101\train\ApplyLipstick\v_ApplyLipstick_g20_c05.avi,90x240x320x3,24x72x96x3,"(12,18,18,3)",0,0.04714267700910568,0.04518945887684822,4.143205808783821,2.5488283026310916,3.391599258271419,-33.0650344226936,0.06714384014149477,moderate,14985,14990,0.2653280000668019,7.395199400139973,ok,split=train; action=ApplyLipstick; raw_frames=90; sampled_frames=24; link_refresh_rmse=0.046779659; p_max=4
Action video,UCF101,ucf101_v_ApplyLipstick_g21_c01,ApplyLipstick:v_ApplyLipstick_g21_c01,C:\Users\mrkys\workspace\NTD-PL\data\UCF101\train\ApplyLipstick\v_ApplyLipstick_g21_c01.avi,85x240x320x3,24x72x96x3,"(12,18,18,3)",0,0.04634274169802666,0.04571625962853432,1.3518450711754428,4.5834086916335695,4.352467793255752,5.038627665897897,0.036977466466331696,boundary,14985,14990,0.2523327998351306,7.638941700104624,ok,split=train; action=ApplyLipstick; raw_frames=85; sampled_frames=24; link_refresh_rmse=0.046145871; p_max=4
Action video,UCF101,ucf101_v_ApplyLipstick_g21_c03,ApplyLipstick:v_ApplyLipstick_g21_c03,C:\Users\mrkys\workspace\NTD-PL\data\UCF101\train\ApplyLipstick\v_ApplyLipstick_g21_c03.avi,143x240x320x3,24x72x96x3,"(12,18,18,3)",0,0.04765847697854042,0.04672372341156006,1.9613584534001396,6.340029278706364,5.61260987719791,11.473439151954183,0.054399328517551554,moderate,14985,14990,0.3688159000594169,8.066634899936616,ok,split=train; action=ApplyLipstick; raw_frames=143; sampled_frames=24; link_refresh_rmse=0.047360927; p_max=4
Action video,UCF101,ucf101_v_ApplyLipstick_g21_c04,ApplyLipstick:v_ApplyLipstick_g21_c04,C:\Users\mrkys\workspace\NTD-PL\data\UCF101\train\ApplyLipstick\v_ApplyLipstick_g21_c04.avi,193x240x320x3,24x72x96x3,"(12,18,18,3)",0,0.05498289316892624,0.05422312021255493,1.3818351719634419,5.854217074702694,5.650686571657296,3.4766476959813497,0.03697226149623204,boundary,14985,14990,0.2476353000383824,8.280001300154254,ok,split=train; action=ApplyLipstick; raw_frames=193; sampled_frames=24; link_refresh_rmse=0.054749351; p_max=4
Action video,UCF101,ucf101_v_ApplyLipstick_g21_c05,ApplyLipstick:v_ApplyLipstick_g21_c05,C:\Users\mrkys\workspace\NTD-PL\data\UCF101\train\ApplyLipstick\v_ApplyLipstick_g21_c05.avi,132x240x320x3,24x72x96x3,"(12,18,18,3)",0,0.05012502893805504,0.04953200742602348,1.183084627770323,5.219837316688084,4.862515261254862,6.845463445591395,0.032175532753147426,boundary,14985,14990,0.25901190005242825,8.191524600144476,ok,split=train; action=ApplyLipstick; raw_frames=132; sampled_frames=24; link_refresh_rmse=0.049939692; p_max=4
Action video,UCF101,ucf101_v_ApplyLipstick_g22_c02,ApplyLipstick:v_ApplyLipstick_g22_c02,C:\Users\mrkys\workspace\NTD-PL\data\UCF101\train\ApplyLipstick\v_ApplyLipstick_g22_c02.avi,176x240x320x3,24x72x96x3,"(12,18,18,3)",0,0.04530218243598938,0.04399004951119423,2.896401131775837,5.430512826112575,6.512833495539508,-19.930358404138243,0.06720532777391484,moderate,14985,14990,0.3138987999409437,8.510766600025818,ok,split=train; action=ApplyLipstick; raw_frames=176; sampled_frames=24; link_refresh_rmse=0.044953018; p_max=4
Action video,UCF101,ucf101_v_ApplyLipstick_g22_c03,ApplyLipstick:v_ApplyLipstick_g22_c03,C:\Users\mrkys\workspace\NTD-PL\data\UCF101\train\ApplyLipstick\v_ApplyLipstick_g22_c03.avi,169x240x320x3,24x72x96x3,"(12,18,18,3)",0,0.050874046981334686,0.04925178736448288,3.1887764255259694,5.463165900615578,6.676081245301784,-22.20169342742342,0.08479540225424693,moderate,14985,14990,0.31320380000397563,8.481153999920934,ok,split=train; action=ApplyLipstick; raw_frames=169; sampled_frames=24; link_refresh_rmse=0.050379809; p_max=4
Action video,UCF101,ucf101_v_ApplyLipstick_g22_c04,ApplyLipstick:v_ApplyLipstick_g22_c04,C:\Users\mrkys\workspace\NTD-PL\data\UCF101\train\ApplyLipstick\v_ApplyLipstick_g22_c04.avi,177x240x320x3,24x72x96x3,"(12,18,18,3)",0,0.04283464327454567,0.04162636771798134,2.8207905195333898,5.281515990254502,6.438942104981381,-21.914657020116405,0.061535111260112255,moderate,14985,14990,0.2992037001531571,8.428092499962077,ok,split=train; action=ApplyLipstick; raw_frames=177; sampled_frames=24; link_refresh_rmse=0.042532254; p_max=4
Action video,UCF101,ucf101_v_ApplyLipstick_g22_c05,ApplyLipstick:v_ApplyLipstick_g22_c05,C:\Users\mrkys\workspace\NTD-PL\data\UCF101\train\ApplyLipstick\v_ApplyLipstick_g22_c05.avi,263x240x320x3,24x72x96x3,"(12,18,18,3)",0,0.047704193741083145,0.04618760198354721,3.1791581381027227,5.78186543141961,6.995886482832773,-20.99704785268735,0.08078078569958469,moderate,14985,14990,0.2895440999418497,7.857770300004631,ok,split=train; action=ApplyLipstick; raw_frames=263; sampled_frames=24; link_refresh_rmse=0.04726259; p_max=4
Action video,UCF101,ucf101_v_ApplyLipstick_g22_c06,ApplyLipstick:v_ApplyLipstick_g22_c06,C:\Users\mrkys\workspace\NTD-PL\data\UCF101\train\ApplyLipstick\v_ApplyLipstick_g22_c06.avi,172x240x320x3,24x72x96x3,"(12,18,18,3)",0,0.04578467831015587,0.04461255669593811,2.560073931889482,5.556682543512856,6.716299561045253,-20.868872901263554,0.06632417015601412,moderate,14985,14990,0.47592370002530515,7.538431600201875,ok,split=train; action=ApplyLipstick; raw_frames=172; sampled_frames=24; link_refresh_rmse=0.045436405; p_max=4
Action video,UCF101,ucf101_v_ApplyLipstick_g22_c07,ApplyLipstick:v_ApplyLipstick_g22_c07,C:\Users\mrkys\workspace\NTD-PL\data\UCF101\train\ApplyLipstick\v_ApplyLipstick_g22_c07.avi,89x240x320x3,24x72x96x3,"(12,18,18,3)",0,0.04477277770638466,0.043313778936862946,3.2586737840785296,6.083250271715172,6.962527888506422,-14.454075987627219,0.0823524612902827,moderate,14985,14990,0.24506009998731315,7.766044799936935,ok,split=train; action=ApplyLipstick; raw_frames=89; sampled_frames=24; link_refresh_rmse=0.044350285; p_max=4
Action video,UCF101,ucf101_v_ApplyLipstick_g23_c02,ApplyLipstick:v_ApplyLipstick_g23_c02,C:\Users\mrkys\workspace\NTD-PL\data\UCF101\train\ApplyLipstick\v_ApplyLipstick_g23_c02.avi,152x240x320x3,24x72x96x3,"(12,18,18,3)",0,0.05570830777287483,0.0530143566429615,4.835815765391196,11.072492928369337,9.60952494566385,13.212634157183796,0.09569423304181256,effective,14985,14990,0.2943331999704242,7.716619499959052,ok,split=train; action=ApplyLipstick; raw_frames=152; sampled_frames=24; link_refresh_rmse=0.055097926; p_max=4
Action video,UCF101,ucf101_v_ApplyLipstick_g23_c04,ApplyLipstick:v_ApplyLipstick_g23_c04,C:\Users\mrkys\workspace\NTD-PL\data\UCF101\train\ApplyLipstick\v_ApplyLipstick_g23_c04.avi,218x240x320x3,24x72x96x3,"(12,18,18,3)",0,0.055256497114896774,0.05315345898270607,3.8059562983476556,10.052236395627515,8.67775403093531,13.673398740304924,0.07186806087562429,moderate,14985,14990,0.3037636000663042,7.527423499850556,ok,split=train; action=ApplyLipstick; raw_frames=218; sampled_frames=24; link_refresh_rmse=0.054801185; p_max=4
Action video,UCF101,ucf101_v_ApplyLipstick_g24_c01,ApplyLipstick:v_ApplyLipstick_g24_c01,C:\Users\mrkys\workspace\NTD-PL\data\UCF101\train\ApplyLipstick\v_ApplyLipstick_g24_c01.avi,114x240x320x3,24x72x96x3,"(12,18,18,3)",0,0.06442559510469437,0.06102354824542999,5.280582746245341,6.676685461691732,7.766163753460931,-16.31765189509388,0.17538404402380503,effective,14985,14990,0.4270486000459641,7.725363000063226,ok,split=train; action=ApplyLipstick; raw_frames=114; sampled_frames=24; link_refresh_rmse=0.06313777; p_max=4
Action video,UCF101,ucf101_v_ApplyLipstick_g24_c02,ApplyLipstick:v_ApplyLipstick_g24_c02,C:\Users\mrkys\workspace\NTD-PL\data\UCF101\train\ApplyLipstick\v_ApplyLipstick_g24_c02.avi,219x240x320x3,24x72x96x3,"(12,18,18,3)",0,0.06977646797895432,0.06659547239542007,4.558837206396975,6.466980958030639,7.956008703786454,-23.02508319445031,0.18041456528324898,effective,14985,14990,0.3100517999846488,7.224253099877387,ok,split=train; action=ApplyLipstick; raw_frames=219; sampled_frames=24; link_refresh_rmse=0.06834209; p_max=4
Action video,UCF101,ucf101_v_ApplyLipstick_g24_c03,ApplyLipstick:v_ApplyLipstick_g24_c03,C:\Users\mrkys\workspace\NTD-PL\data\UCF101\train\ApplyLipstick\v_ApplyLipstick_g24_c03.avi,117x240x320x3,24x72x96x3,"(12,18,18,3)",0,0.06688671559095383,0.06346914917230606,5.109484579191954,6.35871037197769,7.712143916481218,-21.284717581539773,0.18849197471205711,effective,14985,14990,0.34391129994764924,7.276305600069463,ok,split=train; action=ApplyLipstick; raw_frames=117; sampled_frames=24; link_refresh_rmse=0.065450847; p_max=4
Action video,UCF101,ucf101_v_ApplyLipstick_g24_c05,ApplyLipstick:v_ApplyLipstick_g24_c05,C:\Users\mrkys\workspace\NTD-PL\data\UCF101\train\ApplyLipstick\v_ApplyLipstick_g24_c05.avi,288x240x320x3,24x72x96x3,"(12,18,18,3)",0,0.0687234103679657,0.06565173715353012,4.469616973297629,6.419958337212304,7.465500549680133,-16.285809931312237,0.16737619876361692,effective,14985,14990,0.27332339994609356,7.2635980998165905,ok,split=train; action=ApplyLipstick; raw_frames=288; sampled_frames=24; link_refresh_rmse=0.067411795; p_max=4
Action video,UCF101,ucf101_v_ApplyLipstick_g25_c01,ApplyLipstick:v_ApplyLipstick_g25_c01,C:\Users\mrkys\workspace\NTD-PL\data\UCF101\train\ApplyLipstick\v_ApplyLipstick_g25_c01.avi,161x240x320x3,24x72x96x3,"(12,18,18,3)",0,0.04301938787102699,0.04183046147227287,2.7636990147757228,5.344065957472612,5.982037691736944,-11.937946487585092,0.07114327642592055,moderate,14985,14990,0.2776309000328183,7.329008499858901,ok,split=train; action=ApplyLipstick; raw_frames=161; sampled_frames=24; link_refresh_rmse=0.042668469; p_max=4
Action video,UCF101,ucf101_v_ApplyLipstick_g25_c02,ApplyLipstick:v_ApplyLipstick_g25_c02,C:\Users\mrkys\workspace\NTD-PL\data\UCF101\train\ApplyLipstick\v_ApplyLipstick_g25_c02.avi,151x240x320x3,24x72x96x3,"(12,18,18,3)",0,0.04292554780840874,0.04128625988960266,3.818909722766436,5.677639171826641,6.2097893171724525,-9.37273625957821,0.08900231737709949,effective,14985,14990,0.2737773999106139,7.235099999932572,ok,split=train; action=ApplyLipstick; raw_frames=151; sampled_frames=24; link_refresh_rmse=0.042487945; p_max=4
Action video,UCF101,ucf101_v_ApplyLipstick_g25_c03,ApplyLipstick:v_ApplyLipstick_g25_c03,C:\Users\mrkys\workspace\NTD-PL\data\UCF101\train\ApplyLipstick\v_ApplyLipstick_g25_c03.avi,186x240x320x3,24x72x96x3,"(12,18,18,3)",0,0.0418071523308754,0.04037568345665932,3.423980812868979,5.571820125722329,6.014738152934196,-7.949252079533838,0.08041268117237689,moderate,14985,14990,0.25846730009652674,7.1394422999583185,ok,split=train; action=ApplyLipstick; raw_frames=186; sampled_frames=24; link_refresh_rmse=0.041421894; p_max=4
Action video,UCF101,ucf101_v_ApplyLipstick_g25_c04,ApplyLipstick:v_ApplyLipstick_g25_c04,C:\Users\mrkys\workspace\NTD-PL\data\UCF101\train\ApplyLipstick\v_ApplyLipstick_g25_c04.avi,201x240x320x3,24x72x96x3,"(12,18,18,3)",0,0.0430133119225502,0.04169045388698578,3.0754619359382547,5.832200960001093,5.934587033457156,-1.7555306162845847,0.06522124972883298,moderate,14985,14990,0.24518000008538365,7.138380900025368,ok,split=train; action=ApplyLipstick; raw_frames=201; sampled_frames=24; link_refresh_rmse=0.04269154; p_max=4
Action video,UCF101,ucf101_v_Archery_g01_c01,Archery:v_Archery_g01_c01,C:\Users\mrkys\workspace\NTD-PL\data\UCF101\train\Archery\v_Archery_g01_c01.avi,131x240x320x3,24x72x96x3,"(12,18,18,3)",0,0.0724838450551033,0.07146746665239334,1.4022136959446547,2.531102544325266,2.352230360386893,7.066967094612769,0.04895254002164588,moderate,14985,14990,0.24551809998229146,7.31771029997617,ok,split=train; action=Archery; raw_frames=131; sampled_frames=24; link_refresh_rmse=0.072076485; p_max=4
Action video,UCF101,ucf101_v_Archery_g01_c02,Archery:v_Archery_g01_c02,C:\Users\mrkys\workspace\NTD-PL\data\UCF101\train\Archery\v_Archery_g01_c02.avi,142x240x320x3,24x72x96x3,"(12,18,18,3)",0,0.07128752768039703,0.0700523778796196,1.7326309958664514,2.2936160381383788,2.352038639185494,-2.5471831411910726,0.04904418920272291,moderate,14985,14990,0.21795610012486577,7.473882799968123,ok,split=train; action=Archery; raw_frames=142; sampled_frames=24; link_refresh_rmse=0.070886143; p_max=4
Action video,UCF101,ucf101_v_Archery_g01_c04,Archery:v_Archery_g01_c04,C:\Users\mrkys\workspace\NTD-PL\data\UCF101\train\Archery\v_Archery_g01_c04.avi,125x240x320x3,24x72x96x3,"(12,18,18,3)",0,0.07121605426073074,0.06969328224658966,2.1382426054749213,2.2962803021956177,2.325797760511728,-1.2854466542210328,0.05935040721071835,moderate,14985,14990,0.24920649989508092,7.24766100011766,ok,split=train; action=Archery; raw_frames=125; sampled_frames=24; link_refresh_rmse=0.070731096; p_max=4
Action video,UCF101,ucf101_v_Archery_g01_c05,Archery:v_Archery_g01_c05,C:\Users\mrkys\workspace\NTD-PL\data\UCF101\train\Archery\v_Archery_g01_c05.avi,135x240x320x3,24x72x96x3,"(12,18,18,3)",0,0.06670384854078293,0.06613635271787643,0.8507692364399717,2.3471687694833503,2.3604276726302587,-0.5648892111761892,0.036464105585603895,boundary,14985,14990,0.2602637999225408,7.512489200104028,ok,split=train; action=Archery; raw_frames=135; sampled_frames=24; link_refresh_rmse=0.066424407; p_max=4
Action video,UCF101,ucf101_v_Archery_g01_c06,Archery:v_Archery_g01_c06,C:\Users\mrkys\workspace\NTD-PL\data\UCF101\train\Archery\v_Archery_g01_c06.avi,108x240x320x3,24x72x96x3,"(12,18,18,3)",0,0.07294511049985886,0.07219023257493973,1.034857469878792,2.3293188832128435,2.403024571646257,-3.1642592589877863,0.0516643771666189,moderate,14985,14990,0.26687389984726906,7.563902699854225,ok,split=train; action=Archery; raw_frames=108; sampled_frames=24; link_refresh_rmse=0.072512515; p_max=4
Action video,UCF101,ucf101_v_Archery_g01_c07,Archery:v_Archery_g01_c07,C:\Users\mrkys\workspace\NTD-PL\data\UCF101\train\Archery\v_Archery_g01_c07.avi,143x240x320x3,24x72x96x3,"(12,18,18,3)",0,0.06735670566558838,0.0661294162273407,1.8220746191788386,2.492141528831327,2.2157754653317325,11.089501150008699,0.06111251344353354,moderate,14985,14990,0.30825269990600646,7.373093900037929,ok,split=train; action=Archery; raw_frames=143; sampled_frames=24; link_refresh_rmse=0.066884458; p_max=4
Action video,UCF101,ucf101_v_Archery_g02_c02,Archery:v_Archery_g02_c02,C:\Users\mrkys\workspace\NTD-PL\data\UCF101\train\Archery\v_Archery_g02_c02.avi,160x240x320x3,24x72x96x3,"(12,18,18,3)",0,0.10264847427606583,0.1015595868229866,1.0607926330699642,2.5699210875497167,2.524232258394815,1.7778300421848234,0.026071075072654964,boundary,14985,14990,0.3103690000716597,7.446229199878871,ok,split=train; action=Archery; raw_frames=160; sampled_frames=24; link_refresh_rmse=0.10234083; p_max=4
Action video,UCF101,ucf101_v_Archery_g02_c04,Archery:v_Archery_g02_c04,C:\Users\mrkys\workspace\NTD-PL\data\UCF101\train\Archery\v_Archery_g02_c04.avi,109x240x320x3,24x72x96x3,"(12,18,18,3)",0,0.10174360126256943,0.10063379257917404,1.0907896610925985,2.700174427041367,2.5928007285390304,3.9765467529439493,0.024984034878012578,boundary,14985,14990,0.25921420007944107,7.242526399902999,ok,split=train; action=Archery; raw_frames=109; sampled_frames=24; link_refresh_rmse=0.10145137; p_max=4
Action video,UCF101,ucf101_v_Archery_g02_c05,Archery:v_Archery_g02_c05,C:\Users\mrkys\workspace\NTD-PL\data\UCF101\train\Archery\v_Archery_g02_c05.avi,127x240x320x3,24x72x96x3,"(12,18,18,3)",0,0.10368571430444717,0.10245990008115768,1.182240226160947,2.690322959910922,2.6173624636024027,2.7119605116456005,0.027983006306302363,boundary,14985,14990,0.2845662999898195,7.625476400135085,ok,split=train; action=Archery; raw_frames=127; sampled_frames=24; link_refresh_rmse=0.10335221; p_max=4
Action video,UCF101,ucf101_v_Archery_g02_c06,Archery:v_Archery_g02_c06,C:\Users\mrkys\workspace\NTD-PL\data\UCF101\train\Archery\v_Archery_g02_c06.avi,113x240x320x3,24x72x96x3,"(12,18,18,3)",0,0.10319557785987854,0.10217806696891785,0.9860024160553608,2.6691332503146556,2.6046723578690365,2.415049620996631,0.024831367532655645,boundary,14985,14990,0.3559481999836862,7.465776100056246,ok,split=train; action=Archery; raw_frames=113; sampled_frames=24; link_refresh_rmse=0.10290098; p_max=4
Action video,UCF101,ucf101_v_Archery_g02_c07,Archery:v_Archery_g02_c07,C:\Users\mrkys\workspace\NTD-PL\data\UCF101\train\Archery\v_Archery_g02_c07.avi,166x240x320x3,24x72x96x3,"(12,18,18,3)",0,0.10235435515642166,0.10117786377668381,1.1494297218129086,2.6217456076121444,2.580546997439457,1.571419059616954,0.026614768123811958,boundary,14985,14990,0.28828159999102354,7.487112199887633,ok,split=train; action=Archery; raw_frames=166; sampled_frames=24; link_refresh_rmse=0.10204121; p_max=4
Action video,UCF101,ucf101_v_Archery_g03_c01,Archery:v_Archery_g03_c01,C:\Users\mrkys\workspace\NTD-PL\data\UCF101\train\Archery\v_Archery_g03_c01.avi,151x240x320x3,24x72x96x3,"(12,18,18,3)",0,0.0514889694750309,0.05027056485414505,2.3663410499538218,1.8020681225728632,1.7988813805938497,0.1768380417530317,0.04746504789499995,moderate,14985,14990,0.3321041001472622,7.634378100046888,ok,split=train; action=Archery; raw_frames=151; sampled_frames=24; link_refresh_rmse=0.051208369; p_max=4
Action video,UCF101,ucf101_v_Archery_g03_c02,Archery:v_Archery_g03_c02,C:\Users\mrkys\workspace\NTD-PL\data\UCF101\train\Archery\v_Archery_g03_c02.avi,177x240x320x3,24x72x96x3,"(12,18,18,3)",0,0.07994677126407623,0.07592146843671799,5.03497860352867,2.8691907887655446,2.8421209496377564,0.9434659846874394,0.22878751610670717,effective,14985,14990,0.3134608999826014,7.74814680009149,ok,split=train; action=Archery; raw_frames=177; sampled_frames=24; link_refresh_rmse=0.077868454; p_max=4
Action video,UCF101,ucf101_v_Archery_g03_c03,Archery:v_Archery_g03_c03,C:\Users\mrkys\workspace\NTD-PL\data\UCF101\train\Archery\v_Archery_g03_c03.avi,126x240x320x3,24x72x96x3,"(12,18,18,3)",0,0.10036623477935791,0.09920332580804825,1.1586655351435329,7.618719545054168,7.15993569294825,6.021797355747866,0.048143429176511966,moderate,14985,14990,0.48993999999947846,7.825571299996227,ok,split=train; action=Archery; raw_frames=126; sampled_frames=24; link_refresh_rmse=0.099811472; p_max=4
Action video,UCF101,ucf101_v_Archery_g03_c04,Archery:v_Archery_g03_c04,C:\Users\mrkys\workspace\NTD-PL\data\UCF101\train\Archery\v_Archery_g03_c04.avi,139x240x320x3,24x72x96x3,"(12,18,18,3)",0,0.08449578285217285,0.08409149199724197,0.47847459516197755,6.608904251322765,7.478831357386457,-13.16295520380064,0.013139676277436386,boundary,14985,14990,0.2807223000563681,8.009708900004625,ok,split=train; action=Archery; raw_frames=139; sampled_frames=24; link_refresh_rmse=0.084368058; p_max=4
Action video,UCF101,ucf101_v_Archery_g03_c05,Archery:v_Archery_g03_c05,C:\Users\mrkys\workspace\NTD-PL\data\UCF101\train\Archery\v_Archery_g03_c05.avi,125x240x320x3,24x72x96x3,"(12,18,18,3)",0,0.09076924622058868,0.09014054387807846,0.6926380560463642,6.783724426888292,6.608418507982735,2.5842134478621497,0.009087874064323258,boundary,14985,14990,0.23685329989530146,7.968132900074124,ok,split=train; action=Archery; raw_frames=125; sampled_frames=24; link_refresh_rmse=0.090674326; p_max=4
Action video,UCF101,ucf101_v_Archery_g04_c01,Archery:v_Archery_g04_c01,C:\Users\mrkys\workspace\NTD-PL\data\UCF101\train\Archery\v_Archery_g04_c01.avi,165x240x320x3,24x72x96x3,"(12,18,18,3)",0,0.1287589967250824,0.12679345905780792,1.5265245282014426,4.85705220102304,4.925960090897524,-1.4187183300185584,0.047778122857965795,moderate,14985,14990,0.32023860001936555,8.046758000040427,ok,split=train; action=Archery; raw_frames=165; sampled_frames=24; link_refresh_rmse=0.12805268; p_max=4
Action video,UCF101,ucf101_v_Archery_g04_c02,Archery:v_Archery_g04_c02,C:\Users\mrkys\workspace\NTD-PL\data\UCF101\train\Archery\v_Archery_g04_c02.avi,173x240x320x3,24x72x96x3,"(12,18,18,3)",0,0.12587690353393555,0.12392687797546387,1.5491527863536667,4.5859827294942,4.637430890128536,-1.1218568335082024,0.04488884465651545,moderate,14985,14990,0.48855630005709827,8.535922100069001,ok,split=train; action=Archery; raw_frames=173; sampled_frames=24; link_refresh_rmse=0.12522805; p_max=4
Action video,UCF101,ucf101_v_Archery_g04_c03,Archery:v_Archery_g04_c03,C:\Users\mrkys\workspace\NTD-PL\data\UCF101\train\Archery\v_Archery_g04_c03.avi,140x240x320x3,24x72x96x3,"(12,18,18,3)",0,0.12394533306360245,0.1219697967171669,1.5938771534236,4.49984868418171,4.6134946662258915,-2.5255511911696273,0.04448649723030536,moderate,14985,14990,0.5151315000839531,8.77900779992342,ok,split=train; action=Archery; raw_frames=140; sampled_frames=24; link_refresh_rmse=0.12331215; p_max=4
Action video,UCF101,ucf101_v_Archery_g04_c04,Archery:v_Archery_g04_c04,C:\Users\mrkys\workspace\NTD-PL\data\UCF101\train\Archery\v_Archery_g04_c04.avi,135x240x320x3,24x72x96x3,"(12,18,18,3)",0,0.11916979402303696,0.1174321100115776,1.4581581060074966,4.778256868288874,4.8262186661666115,-1.0037509326055252,0.04219669892086793,moderate,14985,14990,0.7181158000603318,9.009589200140908,ok,split=train; action=Archery; raw_frames=135; sampled_frames=24; link_refresh_rmse=0.11859226; p_max=4
Action video,UCF101,ucf101_v_Archery_g04_c05,Archery:v_Archery_g04_c05,C:\Users\mrkys\workspace\NTD-PL\data\UCF101\train\Archery\v_Archery_g04_c05.avi,149x240x320x3,24x72x96x3,"(12,18,18,3)",0,0.11827810853719711,0.1162286028265953,1.7327853276900016,4.684196207903213,4.777049813622227,-1.9822740465557573,0.04802825705022203,moderate,14985,14990,0.3820879999548197,9.177617299836129,ok,split=train; action=Archery; raw_frames=149; sampled_frames=24; link_refresh_rmse=0.1176259; p_max=4
Action video,UCF101,ucf101_v_Archery_g05_c01,Archery:v_Archery_g05_c01,C:\Users\mrkys\workspace\NTD-PL\data\UCF101\train\Archery\v_Archery_g05_c01.avi,456x240x320x3,24x72x96x3,"(12,18,18,3)",0,0.06595151126384735,0.06484336405992508,1.6802453540283389,4.490462349136804,3.6469945374006523,18.783540449866823,0.02852462413565324,boundary,14985,14990,0.6675395001657307,9.060141100082546,ok,split=train; action=Archery; raw_frames=456; sampled_frames=24; link_refresh_rmse=0.065735281; p_max=4
Action video,UCF101,ucf101_v_Archery_g05_c02,Archery:v_Archery_g05_c02,C:\Users\mrkys\workspace\NTD-PL\data\UCF101\train\Archery\v_Archery_g05_c02.avi,558x240x320x3,24x72x96x3,"(12,18,18,3)",0,0.06616223603487015,0.06491744518280029,1.8814219812852155,4.387705848147103,3.6722877211248672,16.305061273064872,0.028541572368711708,boundary,14985,14990,0.41663430002518,9.041906900005415,ok,split=train; action=Archery; raw_frames=558; sampled_frames=24; link_refresh_rmse=0.065945186; p_max=4
Action video,UCF101,ucf101_v_Archery_g05_c03,Archery:v_Archery_g05_c03,C:\Users\mrkys\workspace\NTD-PL\data\UCF101\train\Archery\v_Archery_g05_c03.avi,489x240x320x3,24x72x96x3,"(12,18,18,3)",0,0.06603039056062698,0.06497548520565033,1.5976058085073324,4.136737564648371,3.528767920012486,14.696838635147097,0.02389184323486806,boundary,14985,14990,0.5328174999449402,7.687084299977869,ok,split=train; action=Archery; raw_frames=489; sampled_frames=24; link_refresh_rmse=0.065849014; p_max=4
Action video,UCF101,ucf101_v_Archery_g05_c04,Archery:v_Archery_g05_c04,C:\Users\mrkys\workspace\NTD-PL\data\UCF101\train\Archery\v_Archery_g05_c04.avi,52x240x320x3,24x72x96x3,"(12,18,18,3)",0,0.07087473571300507,0.06694407761096954,5.545922764286614,9.490553729149386,8.041826525657195,15.264938641488914,0.22033647370473936,effective,14985,14990,0.42472230014391243,7.365610900102183,ok,split=train; action=Archery; raw_frames=52; sampled_frames=24; link_refresh_rmse=0.069099456; p_max=4
Action video,UCF101,ucf101_v_Archery_g05_c05,Archery:v_Archery_g05_c05,C:\Users\mrkys\workspace\NTD-PL\data\UCF101\train\Archery\v_Archery_g05_c05.avi,197x240x320x3,24x72x96x3,"(12,18,18,3)",0,0.07220947742462158,0.06930191069841385,4.0265721757132225,8.454939890771813,7.154648297437239,15.37907554793836,0.14798656341446362,effective,14985,14990,0.41774800000712276,7.225431600119919,ok,split=train; action=Archery; raw_frames=197; sampled_frames=24; link_refresh_rmse=0.070989624; p_max=4
Action video,UCF101,ucf101_v_Archery_g06_c02,Archery:v_Archery_g06_c02,C:\Users\mrkys\workspace\NTD-PL\data\UCF101\train\Archery\v_Archery_g06_c02.avi,116x240x320x3,24x72x96x3,"(12,18,18,3)",0,0.06266520172357559,0.0606427825987339,3.2273400056427577,3.0082564717111904,2.9317712398047835,2.542510341975586,0.037721972351530145,boundary,14985,14990,0.41753660002723336,7.366229800041765,ok,split=train; action=Archery; raw_frames=116; sampled_frames=24; link_refresh_rmse=0.062393643; p_max=4
Action video,UCF101,ucf101_v_Archery_g06_c03,Archery:v_Archery_g06_c03,C:\Users\mrkys\workspace\NTD-PL\data\UCF101\train\Archery\v_Archery_g06_c03.avi,87x240x320x3,24x72x96x3,"(12,18,18,3)",0,0.0616944283246994,0.05956608057022095,3.4498216650568576,2.3416607970684233,2.646426769415979,-13.014949591721344,0.04206055405265914,moderate,14985,14990,0.391325700096786,7.295459100045264,ok,split=train; action=Archery; raw_frames=87; sampled_frames=24; link_refresh_rmse=0.061396401; p_max=4
Action video,UCF101,ucf101_v_Archery_g06_c04,Archery:v_Archery_g06_c04,C:\Users\mrkys\workspace\NTD-PL\data\UCF101\train\Archery\v_Archery_g06_c04.avi,104x240x320x3,24x72x96x3,"(12,18,18,3)",0,0.06931062042713165,0.06734605878591537,2.83443089833784,2.380512182129046,2.565883992347137,-7.787055727322546,0.05309963452850224,moderate,14985,14990,0.3570330000948161,7.237217500107363,ok,split=train; action=Archery; raw_frames=104; sampled_frames=24; link_refresh_rmse=0.068888195; p_max=4
Action video,UCF101,ucf101_v_Archery_g06_c05,Archery:v_Archery_g06_c05,C:\Users\mrkys\workspace\NTD-PL\data\UCF101\train\Archery\v_Archery_g06_c05.avi,130x240x320x3,24x72x96x3,"(12,18,18,3)",0,0.0761629119515419,0.0738615170121193,3.0216740411486014,2.214859997898714,2.5931242524279825,-17.07847244919029,0.06559678929588321,moderate,14985,14990,0.2805147001054138,7.645604999968782,ok,split=train; action=Archery; raw_frames=130; sampled_frames=24; link_refresh_rmse=0.075589888; p_max=4
Action video,UCF101,ucf101_v_Archery_g06_c06,Archery:v_Archery_g06_c06,C:\Users\mrkys\workspace\NTD-PL\data\UCF101\train\Archery\v_Archery_g06_c06.avi,132x240x320x3,24x72x96x3,"(12,18,18,3)",0,0.06801775842905045,0.06579034775495529,3.2747487208338004,2.1924417146798896,2.701655038907229,-23.22585457199659,0.0398147487191253,boundary,14985,14990,0.3631243999116123,7.633464500075206,ok,split=train; action=Archery; raw_frames=132; sampled_frames=24; link_refresh_rmse=0.067706689; p_max=4
Action video,UCF101,ucf101_v_Archery_g07_c01,Archery:v_Archery_g07_c01,C:\Users\mrkys\workspace\NTD-PL\data\UCF101\train\Archery\v_Archery_g07_c01.avi,92x240x320x3,24x72x96x3,"(12,18,18,3)",0,0.03995908424258232,0.039152756333351135,2.017883854234888,4.3927230379274524,3.429169910143654,21.935212383397065,0.03162943936417891,boundary,14985,14990,0.30588790006004274,7.7149569999892265,ok,split=train; action=Archery; raw_frames=92; sampled_frames=24; link_refresh_rmse=0.039813839; p_max=4
Action video,UCF101,ucf101_v_Archery_g07_c03,Archery:v_Archery_g07_c03,C:\Users\mrkys\workspace\NTD-PL\data\UCF101\train\Archery\v_Archery_g07_c03.avi,52x240x320x3,24x72x96x3,"(12,18,18,3)",0,0.030139528214931488,0.029504872858524323,2.105724256469116,4.075881072419323,3.482032396437596,14.56982344259706,0.015898825211830336,boundary,14985,14990,0.37845370010472834,7.828301300061867,ok,split=train; action=Archery; raw_frames=52; sampled_frames=24; link_refresh_rmse=0.030084411; p_max=4
Action video,UCF101,ucf101_v_Archery_g07_c04,Archery:v_Archery_g07_c04,C:\Users\mrkys\workspace\NTD-PL\data\UCF101\train\Archery\v_Archery_g07_c04.avi,52x240x320x3,24x72x96x3,"(12,18,18,3)",0,0.031205834820866585,0.030541306361556053,2.129500662697149,3.7298868548424218,2.908964260622527,22.00931626529396,0.01836430853054038,boundary,14985,14990,0.28625599993392825,7.906935099978,ok,split=train; action=Archery; raw_frames=52; sampled_frames=24; link_refresh_rmse=0.031139927; p_max=4
Action video,UCF101,ucf101_v_Archery_g07_c06,Archery:v_Archery_g07_c06,C:\Users\mrkys\workspace\NTD-PL\data\UCF101\train\Archery\v_Archery_g07_c06.avi,68x240x320x3,24x72x96x3,"(12,18,18,3)",0,0.04852881282567978,0.04711541533470154,2.9124913812651925,5.852722808594158,4.499913621468799,23.114185164192108,0.05498466751976222,moderate,14985,14990,0.29339609993621707,8.0163011001423,ok,split=train; action=Archery; raw_frames=68; sampled_frames=24; link_refresh_rmse=0.048222579; p_max=4
Action video,UCF101,ucf101_v_Archery_g08_c02,Archery:v_Archery_g08_c02,C:\Users\mrkys\workspace\NTD-PL\data\UCF101\train\Archery\v_Archery_g08_c02.avi,116x240x320x3,24x72x96x3,"(12,18,18,3)",0,0.06498893350362778,0.06218946725130081,4.307604543426913,1.1714484706295436,1.2067771207725324,-3.015809148139736,0.14030986872344603,effective,14985,14990,0.3256624999921769,7.949222499970347,ok,split=train; action=Archery; raw_frames=116; sampled_frames=24; link_refresh_rmse=0.063947551; p_max=4
Action video,UCF101,ucf101_v_Archery_g08_c04,Archery:v_Archery_g08_c04,C:\Users\mrkys\workspace\NTD-PL\data\UCF101\train\Archery\v_Archery_g08_c04.avi,343x240x320x3,24x72x96x3,"(12,18,18,3)",0,0.07012290507555008,0.06766995787620544,3.4980684224389185,1.1949096283417238,1.2380189490976279,-3.607747375483997,0.11159302869564221,effective,14985,14990,0.3566055002156645,7.988654299871996,ok,split=train; action=Archery; raw_frames=343; sampled_frames=24; link_refresh_rmse=0.069227755; p_max=4
Action video,UCF101,ucf101_v_Archery_g08_c05,Archery:v_Archery_g08_c05,C:\Users\mrkys\workspace\NTD-PL\data\UCF101\train\Archery\v_Archery_g08_c05.avi,367x240x320x3,24x72x96x3,"(12,18,18,3)",0,0.06684523820877075,0.06433136016130447,3.7607436443190543,1.1354775793281953,1.1624332550789733,-2.3739505069511257,0.12531312330301836,effective,14985,14990,0.37403929978609085,8.025595000013709,ok,split=train; action=Archery; raw_frames=367; sampled_frames=24; link_refresh_rmse=0.065887772; p_max=4
Action video,UCF101,ucf101_v_Archery_g09_c01,Archery:v_Archery_g09_c01,C:\Users\mrkys\workspace\NTD-PL\data\UCF101\train\Archery\v_Archery_g09_c01.avi,100x240x320x3,24x72x96x3,"(12,18,18,3)",0,0.07764650136232376,0.0753389298915863,2.9718936851637143,3.547891120208025,3.585312447036048,-1.0547484564810554,0.02723079963277687,boundary,14985,14990,0.33287609997205436,7.9811351001262665,ok,split=train; action=Archery; raw_frames=100; sampled_frames=24; link_refresh_rmse=0.077403456; p_max=4
Action video,UCF101,ucf101_v_Archery_g09_c04,Archery:v_Archery_g09_c04,C:\Users\mrkys\workspace\NTD-PL\data\UCF101\train\Archery\v_Archery_g09_c04.avi,96x240x320x3,24x72x96x3,"(12,18,18,3)",0,0.07743191719055176,0.0754789263010025,2.522203970157618,3.3940211538605305,3.4957731518215516,-2.9979777187093615,0.0252307590480956,boundary,14985,14990,0.3990263999439776,8.195026900153607,ok,split=train; action=Archery; raw_frames=96; sampled_frames=24; link_refresh_rmse=0.077207319; p_max=4
Action video,UCF101,ucf101_v_Archery_g09_c05,Archery:v_Archery_g09_c05,C:\Users\mrkys\workspace\NTD-PL\data\UCF101\train\Archery\v_Archery_g09_c05.avi,97x240x320x3,24x72x96x3,"(12,18,18,3)",0,0.07808851450681686,0.0761730745434761,2.4529086965453133,3.4097776968894498,3.5824641693157826,-5.064449585199208,0.023648711808371952,boundary,14985,14990,0.4892676000017673,8.019193100044504,ok,split=train; action=Archery; raw_frames=97; sampled_frames=24; link_refresh_rmse=0.077876195; p_max=4
Action video,UCF101,ucf101_v_Archery_g09_c06,Archery:v_Archery_g09_c06,C:\Users\mrkys\workspace\NTD-PL\data\UCF101\train\Archery\v_Archery_g09_c06.avi,86x240x320x3,24x72x96x3,"(12,18,18,3)",0,0.07971813529729843,0.07800182700157166,2.152970951121758,3.7059268101824805,3.7323302108932084,-0.7124641705870003,0.0269902949852808,boundary,14985,14990,0.4060788999777287,7.67806540010497,ok,split=train; action=Archery; raw_frames=86; sampled_frames=24; link_refresh_rmse=0.079470806; p_max=4
Action video,UCF101,ucf101_v_Archery_g09_c07,Archery:v_Archery_g09_c07,C:\Users\mrkys\workspace\NTD-PL\data\UCF101\train\Archery\v_Archery_g09_c07.avi,108x240x320x3,24x72x96x3,"(12,18,18,3)",0,0.0825054943561554,0.08118314296007156,1.6027434371528937,3.4964836144159355,3.5596131574407344,-1.8055151971688639,0.01906858226354691,boundary,14985,14990,0.392796800006181,7.839646000182256,ok,split=train; action=Archery; raw_frames=108; sampled_frames=24; link_refresh_rmse=0.082324564; p_max=4
Action video,UCF101,ucf101_v_Archery_g10_c01,Archery:v_Archery_g10_c01,C:\Users\mrkys\workspace\NTD-PL\data\UCF101\train\Archery\v_Archery_g10_c01.avi,111x240x320x3,24x72x96x3,"(12,18,18,3)",0,0.06636649370193481,0.06499869376420975,2.060979662219508,3.0273103608829808,2.4098809669561247,20.39531202036283,0.032709314888830596,boundary,14985,14990,0.3892198000103235,7.656835400033742,ok,split=train; action=Archery; raw_frames=111; sampled_frames=24; link_refresh_rmse=0.066117041; p_max=4
Action video,UCF101,ucf101_v_Archery_g10_c03,Archery:v_Archery_g10_c03,C:\Users\mrkys\workspace\NTD-PL\data\UCF101\train\Archery\v_Archery_g10_c03.avi,203x240x320x3,24x72x96x3,"(12,18,18,3)",0,0.06784707307815552,0.06586111336946487,2.927111839302108,3.21874494338341,2.5645401971300186,20.32483958066335,0.04949983882567009,moderate,14985,14990,0.30040379986166954,7.589843400055543,ok,split=train; action=Archery; raw_frames=203; sampled_frames=24; link_refresh_rmse=0.06746152; p_max=4
Action video,UCF101,ucf101_v_Archery_g10_c04,Archery:v_Archery_g10_c04,C:\Users\mrkys\workspace\NTD-PL\data\UCF101\train\Archery\v_Archery_g10_c04.avi,208x240x320x3,24x72x96x3,"(12,18,18,3)",0,0.06988083571195602,0.06890036165714264,1.4030657258519794,3.453125524386932,2.8934033435616553,16.20914666647254,0.022485481049195205,boundary,14985,14990,0.31968139996752143,7.2741075998637825,ok,split=train; action=Archery; raw_frames=208; sampled_frames=24; link_refresh_rmse=0.069700167; p_max=4
Action video,UCF101,ucf101_v_Archery_g10_c05,Archery:v_Archery_g10_c05,C:\Users\mrkys\workspace\NTD-PL\data\UCF101\train\Archery\v_Archery_g10_c05.avi,188x240x320x3,24x72x96x3,"(12,18,18,3)",0,0.06681540608406067,0.0658714696764946,1.4127526312995857,3.7892138980582435,3.536353131041166,6.673172162348878,0.022675541077502484,boundary,14985,14990,0.2687991999555379,7.185286200139672,ok,split=train; action=Archery; raw_frames=188; sampled_frames=24; link_refresh_rmse=0.066641204; p_max=4
