domain,dataset,unit_id,unit_label,source_path,raw_shape,processed_shape,rank,seed,tucker_rmse,ntdpl_rmse,rmse_gain_pct,tucker_sam,ntdpl_sam,sam_gain_pct,d_link_db,diagnostic_label,tucker_params,ntdpl_params,runtime_tucker,runtime_ntdpl,status,notes
Action video,KTH-Action,kth_person01_boxing_d1_s1,person01_boxing_d1 seg1,C:\Users\mrkys\workspace\NTD-PL\data\KTH-Action\boxing\person01_boxing_d1_uncomp.avi,360x120x160x3,24x72x96x3,"(12,18,18,3)",0,0.02893940731883049,0.0283333882689476,2.0940962722776986,0.005281602825190325,0.0048038636846260965,9.045343930173559,0.06144681283171184,boundary,14985,14990,0.2504132001195103,8.31259290012531,ok,action=boxing; segment=1-95; raw_frames=360; sampled_frames=24; link_refresh_rmse=0.028735403; p_max=4
Action video,KTH-Action,kth_person01_boxing_d1_s2,person01_boxing_d1 seg2,C:\Users\mrkys\workspace\NTD-PL\data\KTH-Action\boxing\person01_boxing_d1_uncomp.avi,360x120x160x3,24x72x96x3,"(12,18,18,3)",0,0.027481509372591972,0.026960736140608788,1.8949950125467474,3.181038941687108e-07,0.002288670714793001,-719372.7121382464,0.045712982598032456,boundary,14985,14990,0.2555672999005765,8.008356399834156,ok,action=boxing; segment=96-185; raw_frames=360; sampled_frames=24; link_refresh_rmse=0.027337257; p_max=4
Action video,KTH-Action,kth_person01_boxing_d1_s3,person01_boxing_d1 seg3,C:\Users\mrkys\workspace\NTD-PL\data\KTH-Action\boxing\person01_boxing_d1_uncomp.avi,360x120x160x3,24x72x96x3,"(12,18,18,3)",0,0.02716151252388954,0.02658090740442276,2.137602311197207,5.648638233786313e-07,0.002568410107896872,-454595.4507609267,0.0604118546588188,boundary,14985,14990,0.27689109998755157,8.18269560020417,ok,action=boxing; segment=186-245; raw_frames=360; sampled_frames=24; link_refresh_rmse=0.026973255; p_max=4
Action video,KTH-Action,kth_person01_boxing_d1_s4,person01_boxing_d1 seg4,C:\Users\mrkys\workspace\NTD-PL\data\KTH-Action\boxing\person01_boxing_d1_uncomp.avi,360x120x160x3,24x72x96x3,"(12,18,18,3)",0,0.028222661465406418,0.027600470930337906,2.2045778206678146,0.0010859186573849676,0.0028953174875666035,-166.62379063814063,0.05747031136125905,boundary,14985,14990,0.25778839993290603,8.194406300084665,ok,action=boxing; segment=246-360; raw_frames=360; sampled_frames=24; link_refresh_rmse=0.028036542; p_max=4
Action video,KTH-Action,kth_person01_boxing_d2_s1,person01_boxing_d2 seg1,C:\Users\mrkys\workspace\NTD-PL\data\KTH-Action\boxing\person01_boxing_d2_uncomp.avi,390x120x160x3,24x72x96x3,"(12,18,18,3)",0,0.028773069381713867,0.027830101549625397,3.2772583959629773,3.396561593977895e-07,0.0029718193319136096,-874849.3420589358,0.0967930249195613,moderate,14985,14990,0.2810889999382198,8.389737999998033,ok,action=boxing; segment=1-106; raw_frames=390; sampled_frames=24; link_refresh_rmse=0.028454211; p_max=4
Action video,KTH-Action,kth_person01_boxing_d2_s2,person01_boxing_d2 seg2,C:\Users\mrkys\workspace\NTD-PL\data\KTH-Action\boxing\person01_boxing_d2_uncomp.avi,390x120x160x3,24x72x96x3,"(12,18,18,3)",0,0.026937324553728104,0.026342468336224556,2.2082973248403768,0.0021704508250240066,0.00262941104707786,-21.145847524501146,0.05732866845096548,boundary,14985,14990,0.2736037999857217,8.40151990018785,ok,action=boxing; segment=107-195; raw_frames=390; sampled_frames=24; link_refresh_rmse=0.026760118; p_max=4
Action video,KTH-Action,kth_person01_boxing_d2_s3,person01_boxing_d2 seg3,C:\Users\mrkys\workspace\NTD-PL\data\KTH-Action\boxing\person01_boxing_d2_uncomp.avi,390x120x160x3,24x72x96x3,"(12,18,18,3)",0,0.027070535346865654,0.026457352563738823,2.265129873753413,3.74485580488335e-07,0.003011554897106985,-804084.4743874706,0.06623976862765553,boundary,14985,14990,0.3433290000539273,8.393510699970648,ok,action=boxing; segment=196-265; raw_frames=390; sampled_frames=24; link_refresh_rmse=0.026864877; p_max=4
Action video,KTH-Action,kth_person01_boxing_d2_s4,person01_boxing_d2 seg4,C:\Users\mrkys\workspace\NTD-PL\data\KTH-Action\boxing\person01_boxing_d2_uncomp.avi,390x120x160x3,24x72x96x3,"(12,18,18,3)",0,0.026316015049815178,0.025812488049268723,1.9133862007347946,7.809109855441142e-07,0.002358466891570786,-301914.81797921954,0.040925462933960634,boundary,14985,14990,0.33564690011553466,8.614504100056365,ok,action=boxing; segment=305-390; raw_frames=390; sampled_frames=24; link_refresh_rmse=0.026192313; p_max=4
Action video,KTH-Action,kth_person01_boxing_d3_s1,person01_boxing_d3 seg1,C:\Users\mrkys\workspace\NTD-PL\data\KTH-Action\boxing\person01_boxing_d3_uncomp.avi,465x120x160x3,24x72x96x3,"(12,18,18,3)",0,0.027825642377138138,0.02745993249118328,1.3142909011700956,0.0018592381787217633,0.0037707704126881143,-102.81266035966087,0.024428898756723126,boundary,14985,14990,0.3032199000008404,8.440860399976373,ok,action=boxing; segment=1-95; raw_frames=465; sampled_frames=24; link_refresh_rmse=0.027747493; p_max=4
Action video,KTH-Action,kth_person01_boxing_d3_s2,person01_boxing_d3 seg2,C:\Users\mrkys\workspace\NTD-PL\data\KTH-Action\boxing\person01_boxing_d3_uncomp.avi,465x120x160x3,24x72x96x3,"(12,18,18,3)",0,0.027138443663716316,0.026767825707793236,1.3656566327662738,2.455222461244758e-06,0.002280411544714278,-92780.0375815292,0.029102333967772374,boundary,14985,14990,0.3158652998972684,8.539971599821001,ok,action=boxing; segment=96-230; raw_frames=465; sampled_frames=24; link_refresh_rmse=0.027047668; p_max=4
Action video,KTH-Action,kth_person01_boxing_d3_s3,person01_boxing_d3 seg3,C:\Users\mrkys\workspace\NTD-PL\data\KTH-Action\boxing\person01_boxing_d3_uncomp.avi,465x120x160x3,24x72x96x3,"(12,18,18,3)",0,0.027974439784884453,0.02772318571805954,0.8981558478274664,0.0010852988911583298,0.002192806893288479,-102.04635894800518,0.017385508344345345,boundary,14985,14990,0.2992289001122117,8.400753000052646,ok,action=boxing; segment=231-360; raw_frames=465; sampled_frames=24; link_refresh_rmse=0.027918503; p_max=4
Action video,KTH-Action,kth_person01_boxing_d3_s4,person01_boxing_d3 seg4,C:\Users\mrkys\workspace\NTD-PL\data\KTH-Action\boxing\person01_boxing_d3_uncomp.avi,465x120x160x3,24x72x96x3,"(12,18,18,3)",0,0.02721773274242878,0.02707498148083687,0.5244788864040145,2.0416133084843603e-07,0.001793735572369722,-878487.3235227604,0.00815687617887064,boundary,14985,14990,0.2863814998418093,8.489017499843612,ok,action=boxing; segment=361-465; raw_frames=465; sampled_frames=24; link_refresh_rmse=0.027192185; p_max=4
Action video,KTH-Action,kth_person01_boxing_d4_s1,person01_boxing_d4 seg1,C:\Users\mrkys\workspace\NTD-PL\data\KTH-Action\boxing\person01_boxing_d4_uncomp.avi,305x120x160x3,24x72x96x3,"(12,18,18,3)",0,0.024650130420923233,0.02289300411939621,7.128263711073756,0.020616537969622022,0.0032266737787926747,84.34909981711235,0.20521993596472918,effective,14985,14990,0.34886089991778135,9.06149630015716,ok,action=boxing; segment=1-106; raw_frames=305; sampled_frames=24; link_refresh_rmse=0.024074553; p_max=4
Action video,KTH-Action,kth_person01_boxing_d4_s2,person01_boxing_d4 seg2,C:\Users\mrkys\workspace\NTD-PL\data\KTH-Action\boxing\person01_boxing_d4_uncomp.avi,305x120x160x3,24x72x96x3,"(12,18,18,3)",0,0.017198044806718826,0.016382168978452682,4.744003387800237,0.0021705326631071024,0.0015496843212031393,28.60350145642236,0.0866126322595377,moderate,14985,14990,0.34620489994995296,8.989025499904528,ok,action=boxing; segment=107-170; raw_frames=305; sampled_frames=24; link_refresh_rmse=0.017027404; p_max=4
Action video,KTH-Action,kth_person01_boxing_d4_s3,person01_boxing_d4 seg3,C:\Users\mrkys\workspace\NTD-PL\data\KTH-Action\boxing\person01_boxing_d4_uncomp.avi,305x120x160x3,24x72x96x3,"(12,18,18,3)",0,0.01724330149590969,0.016218863427639008,5.941078444366885,0.003255813998942771,0.0013951464598453052,57.149073617278574,0.1158383691734332,moderate,14985,14990,0.3720603999681771,9.229827699949965,ok,action=boxing; segment=171-245; raw_frames=305; sampled_frames=24; link_refresh_rmse=0.017014865; p_max=4
Action video,KTH-Action,kth_person01_boxing_d4_s4,person01_boxing_d4 seg4,C:\Users\mrkys\workspace\NTD-PL\data\KTH-Action\boxing\person01_boxing_d4_uncomp.avi,305x120x160x3,24x72x96x3,"(12,18,18,3)",0,0.01672121323645115,0.015787746757268906,5.582528408568749,0.004341379150878729,0.0013396411852311491,69.14249737989378,0.09476482336408751,moderate,14985,14990,0.3370785000734031,9.033361099893227,ok,action=boxing; segment=246-370; raw_frames=305; sampled_frames=24; link_refresh_rmse=0.016539773; p_max=4
Action video,KTH-Action,kth_person01_handclapping_d1_s1,person01_handclapping_d1 seg1,C:\Users\mrkys\workspace\NTD-PL\data\KTH-Action\handclapping\person01_handclapping_d1_uncomp.avi,378x120x160x3,24x72x96x3,"(12,18,18,3)",0,0.03202677145600319,0.03114938735961914,2.739533385653174,4.560840054565455e-07,0.002970346741599898,-651171.8503747013,0.07381494521757923,moderate,14985,14990,0.33800289989449084,9.071844800142571,ok,action=handclapping; segment=1-102; raw_frames=378; sampled_frames=24; link_refresh_rmse=0.031755753; p_max=4
Action video,KTH-Action,kth_person01_handclapping_d1_s2,person01_handclapping_d1 seg2,C:\Users\mrkys\workspace\NTD-PL\data\KTH-Action\handclapping\person01_handclapping_d1_uncomp.avi,378x120x160x3,24x72x96x3,"(12,18,18,3)",0,0.030680740252137184,0.029831817373633385,2.7669569623394743,0.0010853867266612616,0.0024984175019258374,-130.18684866463903,0.06343948277476834,boundary,14985,14990,0.3151653001550585,9.096567299915478,ok,action=handclapping; segment=103-182; raw_frames=378; sampled_frames=24; link_refresh_rmse=0.030457472; p_max=4
Action video,KTH-Action,kth_person01_handclapping_d1_s3,person01_handclapping_d1 seg3,C:\Users\mrkys\workspace\NTD-PL\data\KTH-Action\handclapping\person01_handclapping_d1_uncomp.avi,378x120x160x3,24x72x96x3,"(12,18,18,3)",0,0.028130926191806793,0.027295660227537155,2.9692089004624083,0.0021703985346436276,0.0028560303403182014,-31.590134011362682,0.067591910456442,boundary,14985,14990,0.3664118000306189,7.803291500080377,ok,action=handclapping; segment=183-260; raw_frames=378; sampled_frames=24; link_refresh_rmse=0.027912866; p_max=4
Action video,KTH-Action,kth_person01_handclapping_d1_s4,person01_handclapping_d1 seg4,C:\Users\mrkys\workspace\NTD-PL\data\KTH-Action\handclapping\person01_handclapping_d1_uncomp.avi,378x120x160x3,24x72x96x3,"(12,18,18,3)",0,0.029231732711195946,0.028361409902572632,2.9773219987400013,2.2512463926040775e-06,0.0026628880400651747,-118185.05528375063,0.0706964853016755,boundary,14985,14990,0.34775399998761714,7.782156799919903,ok,action=handclapping; segment=261-378; raw_frames=378; sampled_frames=24; link_refresh_rmse=0.028994774; p_max=4
Action video,KTH-Action,kth_person01_handclapping_d2_s1,person01_handclapping_d2 seg1,C:\Users\mrkys\workspace\NTD-PL\data\KTH-Action\handclapping\person01_handclapping_d2_uncomp.avi,550x120x160x3,24x72x96x3,"(12,18,18,3)",0,0.033266566693782806,0.031797293573617935,4.416665938777096,0.0069507794475698655,0.0059353570998581014,14.608755109713293,0.12198922426274247,moderate,14985,14990,0.2798711999785155,7.7011601000558585,ok,action=handclapping; segment=1-162; raw_frames=550; sampled_frames=24; link_refresh_rmse=0.032802619; p_max=4
Action video,KTH-Action,kth_person01_handclapping_d2_s2,person01_handclapping_d2 seg2,C:\Users\mrkys\workspace\NTD-PL\data\KTH-Action\handclapping\person01_handclapping_d2_uncomp.avi,550x120x160x3,24x72x96x3,"(12,18,18,3)",0,0.0313718356192112,0.030131837353110313,3.952584353532519,2.0577685052059917e-07,0.0030696972987865542,-1491660.2689614806,0.09332456370568126,moderate,14985,14990,0.25458649988286197,7.77044490003027,ok,action=handclapping; segment=163-282; raw_frames=550; sampled_frames=24; link_refresh_rmse=0.031036569; p_max=4
Action video,KTH-Action,kth_person01_handclapping_d2_s3,person01_handclapping_d2 seg3,C:\Users\mrkys\workspace\NTD-PL\data\KTH-Action\handclapping\person01_handclapping_d2_uncomp.avi,550x120x160x3,24x72x96x3,"(12,18,18,3)",0,0.03366614505648613,0.032298170030117035,4.06335511260307,0.008680967795101082,0.004300568913977387,50.45979877492091,0.1377082468558561,moderate,14985,14990,0.2255337000824511,7.800821099895984,ok,action=handclapping; segment=358-472; raw_frames=550; sampled_frames=24; link_refresh_rmse=0.033136602; p_max=4
Action video,KTH-Action,kth_person01_handclapping_d2_s4,person01_handclapping_d2 seg4,C:\Users\mrkys\workspace\NTD-PL\data\KTH-Action\handclapping\person01_handclapping_d2_uncomp.avi,550x120x160x3,24x72x96x3,"(12,18,18,3)",0,0.029494833201169968,0.028253452852368355,4.208806133381935,0.00217033645006044,0.003965417228823085,-82.70979270115726,0.12116343892821574,moderate,14985,14990,0.2377981001045555,7.958419700153172,ok,action=handclapping; segment=473-550; raw_frames=550; sampled_frames=24; link_refresh_rmse=0.029086253; p_max=4
Action video,KTH-Action,kth_person01_handclapping_d3_s1,person01_handclapping_d3 seg1,C:\Users\mrkys\workspace\NTD-PL\data\KTH-Action\handclapping\person01_handclapping_d3_uncomp.avi,428x120x160x3,24x72x96x3,"(12,18,18,3)",0,0.032804641872644424,0.032198064029216766,1.849061013324091,4.412556775337605e-07,0.0023854852252669476,-540512.9250505641,0.04944210046247492,boundary,14985,14990,0.26099360012449324,7.316590500064194,ok,action=handclapping; segment=1-125; raw_frames=428; sampled_frames=24; link_refresh_rmse=0.032618441; p_max=4
Action video,KTH-Action,kth_person01_handclapping_d3_s2,person01_handclapping_d3 seg2,C:\Users\mrkys\workspace\NTD-PL\data\KTH-Action\handclapping\person01_handclapping_d3_uncomp.avi,428x120x160x3,24x72x96x3,"(12,18,18,3)",0,0.03185335919260979,0.03136904165148735,1.52045986168643,9.935271693084118e-07,0.0016386651535190073,-164834.10589462513,0.028137168234311765,boundary,14985,14990,0.2440212001092732,7.260823699878529,ok,action=handclapping; segment=126-225; raw_frames=428; sampled_frames=24; link_refresh_rmse=0.03175034; p_max=4
Action video,KTH-Action,kth_person01_handclapping_d3_s3,person01_handclapping_d3 seg3,C:\Users\mrkys\workspace\NTD-PL\data\KTH-Action\handclapping\person01_handclapping_d3_uncomp.avi,428x120x160x3,24x72x96x3,"(12,18,18,3)",0,0.02802741527557373,0.02772700786590576,1.071834154931075,3.3277023827349105e-07,0.0019316397807397734,-580372.5178434475,0.015291438118078617,boundary,14985,14990,0.23926590010523796,7.094525800086558,ok,action=handclapping; segment=226-330; raw_frames=428; sampled_frames=24; link_refresh_rmse=0.027978117; p_max=4
Action video,KTH-Action,kth_person01_handclapping_d3_s4,person01_handclapping_d3 seg4,C:\Users\mrkys\workspace\NTD-PL\data\KTH-Action\handclapping\person01_handclapping_d3_uncomp.avi,428x120x160x3,24x72x96x3,"(12,18,18,3)",0,0.029391948133707047,0.029026182368397713,1.2444420616334346,4.5282732021955447e-07,0.00189721804553963,-418871.6390388635,0.021240203204421056,boundary,14985,14990,0.22904090001247823,7.153298899997026,ok,action=handclapping; segment=331-428; raw_frames=428; sampled_frames=24; link_refresh_rmse=0.029320162; p_max=4
Action video,KTH-Action,kth_person01_handclapping_d4_s1,person01_handclapping_d4 seg1,C:\Users\mrkys\workspace\NTD-PL\data\KTH-Action\handclapping\person01_handclapping_d4_uncomp.avi,390x120x160x3,24x72x96x3,"(12,18,18,3)",0,0.027130145579576492,0.024894628673791885,8.239973866809983,0.022787237484753413,0.00391028066592228,82.84004075290571,0.2121772991121218,effective,14985,14990,0.2422559999395162,7.45105140004307,ok,action=handclapping; segment=1-110; raw_frames=390; sampled_frames=24; link_refresh_rmse=0.026475444; p_max=4
Action video,KTH-Action,kth_person01_handclapping_d4_s2,person01_handclapping_d4 seg2,C:\Users\mrkys\workspace\NTD-PL\data\KTH-Action\handclapping\person01_handclapping_d4_uncomp.avi,390x120x160x3,24x72x96x3,"(12,18,18,3)",0,0.022891424596309662,0.02121623232960701,7.317990453825711,0.015193650226133741,0.003119747416109704,79.46676822437571,0.17152167896562184,effective,14985,14990,0.2292829998768866,7.277844100026414,ok,action=handclapping; segment=111-216; raw_frames=390; sampled_frames=24; link_refresh_rmse=0.022443818; p_max=4
Action video,KTH-Action,kth_person01_handclapping_d4_s3,person01_handclapping_d4 seg3,C:\Users\mrkys\workspace\NTD-PL\data\KTH-Action\handclapping\person01_handclapping_d4_uncomp.avi,390x120x160x3,24x72x96x3,"(12,18,18,3)",0,0.021748820319771767,0.020158467814326286,7.312362151429874,0.007595777334472062,0.0026714331909295664,64.83002234931573,0.14533561005850776,moderate,14985,14990,0.3126030000858009,7.548636200139299,ok,action=handclapping; segment=217-292; raw_frames=390; sampled_frames=24; link_refresh_rmse=0.021387938; p_max=4
Action video,KTH-Action,kth_person01_handclapping_d4_s4,person01_handclapping_d4 seg4,C:\Users\mrkys\workspace\NTD-PL\data\KTH-Action\handclapping\person01_handclapping_d4_uncomp.avi,390x120x160x3,24x72x96x3,"(12,18,18,3)",0,0.021822446957230568,0.020280728116631508,7.06483028058516,0.0065112082198048515,0.0023759538001130415,63.509786203945865,0.15915265388199232,moderate,14985,14990,0.294244899880141,7.710574699798599,ok,action=handclapping; segment=293-390; raw_frames=390; sampled_frames=24; link_refresh_rmse=0.021426233; p_max=4
Action video,KTH-Action,kth_person01_handwaving_d1_s1,person01_handwaving_d1 seg1,C:\Users\mrkys\workspace\NTD-PL\data\KTH-Action\handwaving\person01_handwaving_d1_uncomp.avi,468x120x160x3,24x72x96x3,"(12,18,18,3)",0,0.03293539583683014,0.03176366165280342,3.5576745147736215,0.009650330422434733,0.008647862659090351,10.387911288652688,0.07516853189715755,moderate,14985,14990,0.31894050003029406,7.629091100068763,ok,action=handwaving; segment=1-112; raw_frames=468; sampled_frames=24; link_refresh_rmse=0.032651599; p_max=4
Action video,KTH-Action,kth_person01_handwaving_d1_s2,person01_handwaving_d1 seg2,C:\Users\mrkys\workspace\NTD-PL\data\KTH-Action\handwaving\person01_handwaving_d1_uncomp.avi,468x120x160x3,24x72x96x3,"(12,18,18,3)",0,0.030801579356193542,0.02990836277604103,2.899905130913051,0.0054416543318811135,0.0036606037024900567,32.7299479306575,0.05723680641173342,boundary,14985,14990,0.3259016000665724,7.724239700008184,ok,action=handwaving; segment=113-220; raw_frames=468; sampled_frames=24; link_refresh_rmse=0.030599276; p_max=4
Action video,KTH-Action,kth_person01_handwaving_d1_s3,person01_handwaving_d1 seg3,C:\Users\mrkys\workspace\NTD-PL\data\KTH-Action\handwaving\person01_handwaving_d1_uncomp.avi,468x120x160x3,24x72x96x3,"(12,18,18,3)",0,0.03392626345157623,0.03259452059864998,3.92540385364596,0.0010858159552681,0.003479868555633815,-220.48419796655108,0.09581945174415539,moderate,14985,14990,0.25456829997710884,7.799045100109652,ok,action=handwaving; segment=221-360; raw_frames=468; sampled_frames=24; link_refresh_rmse=0.033554059; p_max=4
Action video,KTH-Action,kth_person01_handwaving_d1_s4,person01_handwaving_d1 seg4,C:\Users\mrkys\workspace\NTD-PL\data\KTH-Action\handwaving\person01_handwaving_d1_uncomp.avi,468x120x160x3,24x72x96x3,"(12,18,18,3)",0,0.029727276414632797,0.02887875773012638,2.8543438445936675,0.001086906793660682,0.0019392085581582887,-78.41534982287396,0.05467229763582122,boundary,14985,14990,0.2152670999057591,7.8654285001102835,ok,action=handwaving; segment=361-468; raw_frames=468; sampled_frames=24; link_refresh_rmse=0.029540749; p_max=4
Action video,KTH-Action,kth_person01_handwaving_d2_s1,person01_handwaving_d2 seg1,C:\Users\mrkys\workspace\NTD-PL\data\KTH-Action\handwaving\person01_handwaving_d2_uncomp.avi,656x120x160x3,24x72x96x3,"(12,18,18,3)",0,0.03203578665852547,0.030698461458086967,4.174472800350624,0.0010853010256090486,0.0033682365759068215,-210.35044622911295,0.09298336834972616,moderate,14985,14990,0.3307193999644369,8.468660900136456,ok,action=handwaving; segment=1-115; raw_frames=656; sampled_frames=24; link_refresh_rmse=0.031694669; p_max=4
Action video,KTH-Action,kth_person01_handwaving_d2_s2,person01_handwaving_d2 seg2,C:\Users\mrkys\workspace\NTD-PL\data\KTH-Action\handwaving\person01_handwaving_d2_uncomp.avi,656x120x160x3,24x72x96x3,"(12,18,18,3)",0,0.03312258422374725,0.0316782146692276,4.360678939670751,0.0032556501502930095,0.0033897662539477385,-4.119487582001356,0.08905987820561277,moderate,14985,14990,0.23198250005953014,8.274405299918726,ok,action=handwaving; segment=116-215; raw_frames=656; sampled_frames=24; link_refresh_rmse=0.0327847; p_max=4
Action video,KTH-Action,kth_person01_handwaving_d2_s3,person01_handwaving_d2 seg3,C:\Users\mrkys\workspace\NTD-PL\data\KTH-Action\handwaving\person01_handwaving_d2_uncomp.avi,656x120x160x3,24x72x96x3,"(12,18,18,3)",0,0.030990883708000183,0.029635189101099968,4.374494834267174,0.0010853450762101974,0.0028961226441630203,-166.8388798773278,0.09172724291370216,moderate,14985,14990,0.2707883999682963,8.448600300122052,ok,action=handwaving; segment=216-315; raw_frames=656; sampled_frames=24; link_refresh_rmse=0.030665327; p_max=4
Action video,KTH-Action,kth_person01_handwaving_d2_s4,person01_handwaving_d2 seg4,C:\Users\mrkys\workspace\NTD-PL\data\KTH-Action\handwaving\person01_handwaving_d2_uncomp.avi,656x120x160x3,24x72x96x3,"(12,18,18,3)",0,0.02825894020497799,0.02726900205016136,3.503097241566914,0.0021703687985781023,0.003179682423061949,-46.50424504559268,0.07803665815617182,moderate,14985,14990,0.256376399891451,8.211518299998716,ok,action=handwaving; segment=566-656; raw_frames=656; sampled_frames=24; link_refresh_rmse=0.02800619; p_max=4
Action video,KTH-Action,kth_person01_handwaving_d3_s1,person01_handwaving_d3 seg1,C:\Users\mrkys\workspace\NTD-PL\data\KTH-Action\handwaving\person01_handwaving_d3_uncomp.avi,456x120x160x3,24x72x96x3,"(12,18,18,3)",0,0.030519016087055206,0.029906436800956726,2.0072052269021503,4.188245898964998e-07,0.0022111064368168934,-527831.3799037691,0.03744981236029759,boundary,14985,14990,0.25452909991145134,8.350508600007743,ok,action=handwaving; segment=1-112; raw_frames=456; sampled_frames=24; link_refresh_rmse=0.030387715; p_max=4
Action video,KTH-Action,kth_person01_handwaving_d3_s2,person01_handwaving_d3 seg2,C:\Users\mrkys\workspace\NTD-PL\data\KTH-Action\handwaving\person01_handwaving_d3_uncomp.avi,456x120x160x3,24x72x96x3,"(12,18,18,3)",0,0.029010605067014694,0.02840590663254261,2.084404765344351,2.7238379976630353e-07,0.002444770740965207,-897446.3089444898,0.036443432335224464,boundary,14985,14990,0.27361769997514784,8.55551390000619,ok,action=handwaving; segment=113-252; raw_frames=456; sampled_frames=24; link_refresh_rmse=0.02888914; p_max=4
Action video,KTH-Action,kth_person01_handwaving_d3_s3,person01_handwaving_d3 seg3,C:\Users\mrkys\workspace\NTD-PL\data\KTH-Action\handwaving\person01_handwaving_d3_uncomp.avi,456x120x160x3,24x72x96x3,"(12,18,18,3)",0,0.030329108238220215,0.029708119109272957,2.04750210283037,0.0010854603557955936,0.0020489912853600216,-88.76703091180177,0.040573034631566994,boundary,14985,14990,0.35516180004924536,8.028454300016165,ok,action=handwaving; segment=253-356; raw_frames=456; sampled_frames=24; link_refresh_rmse=0.030187767; p_max=4
Action video,KTH-Action,kth_person01_handwaving_d3_s4,person01_handwaving_d3 seg4,C:\Users\mrkys\workspace\NTD-PL\data\KTH-Action\handwaving\person01_handwaving_d3_uncomp.avi,456x120x160x3,24x72x96x3,"(12,18,18,3)",0,0.03077474981546402,0.030226819217205048,1.780455085888764,0.001085358481646504,0.0020974578711312392,-93.25024004505558,0.02803897567108416,boundary,14985,14990,0.39191180001944304,8.046219100011513,ok,action=handwaving; segment=357-456; raw_frames=456; sampled_frames=24; link_refresh_rmse=0.030675566; p_max=4
Action video,KTH-Action,kth_person01_handwaving_d4_s1,person01_handwaving_d4 seg1,C:\Users\mrkys\workspace\NTD-PL\data\KTH-Action\handwaving\person01_handwaving_d4_uncomp.avi,490x120x160x3,24x72x96x3,"(12,18,18,3)",0,0.03095676749944687,0.028950795531272888,6.479914184224251,0.04882859443808585,0.00421481903616968,91.36813360148216,0.19565663089100355,effective,14985,14990,0.3331359999720007,7.8697401999961585,ok,action=handwaving; segment=1-135; raw_frames=490; sampled_frames=24; link_refresh_rmse=0.030267237; p_max=4
Action video,KTH-Action,kth_person01_handwaving_d4_s2,person01_handwaving_d4 seg2,C:\Users\mrkys\workspace\NTD-PL\data\KTH-Action\handwaving\person01_handwaving_d4_uncomp.avi,490x120x160x3,24x72x96x3,"(12,18,18,3)",0,0.024438392370939255,0.023017970845103264,5.8122543589449664,0.009766028994752615,0.0025013655332859416,74.38707652178843,0.13318576272324256,moderate,14985,14990,0.2839424000121653,8.124145000008866,ok,action=handwaving; segment=136-248; raw_frames=490; sampled_frames=24; link_refresh_rmse=0.024066523; p_max=4
Action video,KTH-Action,kth_person01_handwaving_d4_s3,person01_handwaving_d4 seg3,C:\Users\mrkys\workspace\NTD-PL\data\KTH-Action\handwaving\person01_handwaving_d4_uncomp.avi,490x120x160x3,24x72x96x3,"(12,18,18,3)",0,0.02840789221227169,0.026645459234714508,6.204025854462527,0.0347230144980981,0.0038575660790311768,88.89046318474892,0.15276280754145088,moderate,14985,14990,0.3099546998273581,8.015294900164008,ok,action=handwaving; segment=249-355; raw_frames=490; sampled_frames=24; link_refresh_rmse=0.027912637; p_max=4
Action video,KTH-Action,kth_person01_handwaving_d4_s4,person01_handwaving_d4 seg4,C:\Users\mrkys\workspace\NTD-PL\data\KTH-Action\handwaving\person01_handwaving_d4_uncomp.avi,490x120x160x3,24x72x96x3,"(12,18,18,3)",0,0.02484493888914585,0.02309381775557995,7.048200606888693,0.01410627550823251,0.002958066500568734,79.03013804854166,0.13383366362524077,moderate,14985,14990,0.29531029984354973,8.091322799911723,ok,action=handwaving; segment=356-490; raw_frames=490; sampled_frames=24; link_refresh_rmse=0.024465058; p_max=4
Action video,KTH-Action,kth_person01_jogging_d1_s1,person01_jogging_d1 seg1,C:\Users\mrkys\workspace\NTD-PL\data\KTH-Action\jogging\person01_jogging_d1_uncomp.avi,415x120x160x3,24x72x96x3,"(12,18,18,3)",0,0.051868733018636703,0.04390696436166763,15.349842175841014,0.0010853702053938944,0.015576841657286329,-1335.1639265455328,0.41885086333140537,effective,14985,14990,0.4184906000737101,7.561283000046387,ok,action=jogging; segment=1-50; raw_frames=415; sampled_frames=24; link_refresh_rmse=0.049426869; p_max=4
Action video,KTH-Action,kth_person01_jogging_d1_s2,person01_jogging_d1 seg2,C:\Users\mrkys\workspace\NTD-PL\data\KTH-Action\jogging\person01_jogging_d1_uncomp.avi,415x120x160x3,24x72x96x3,"(12,18,18,3)",0,0.0496986098587513,0.04306867718696594,13.340277908433102,0.005425495479632663,0.012565749626121767,-131.60556806827418,0.3585208197551041,effective,14985,14990,0.3800603998824954,7.735310300020501,ok,action=jogging; segment=120-170; raw_frames=415; sampled_frames=24; link_refresh_rmse=0.047688998; p_max=4
Action video,KTH-Action,kth_person01_jogging_d1_s3,person01_jogging_d1 seg3,C:\Users\mrkys\workspace\NTD-PL\data\KTH-Action\jogging\person01_jogging_d1_uncomp.avi,415x120x160x3,24x72x96x3,"(12,18,18,3)",0,0.05066337436437607,0.044310931116342545,12.538531686314684,0.0010854337926514371,0.013012762461537045,-1098.8536334169396,0.3235732423115912,effective,14985,14990,0.3329702001065016,7.468284699833021,ok,action=jogging; segment=250-300; raw_frames=415; sampled_frames=24; link_refresh_rmse=0.048810747; p_max=4
Action video,KTH-Action,kth_person01_jogging_d1_s4,person01_jogging_d1 seg4,C:\Users\mrkys\workspace\NTD-PL\data\KTH-Action\jogging\person01_jogging_d1_uncomp.avi,415x120x160x3,24x72x96x3,"(12,18,18,3)",0,0.04354078695178032,0.03899957239627838,10.42979439147747,0.0075957854852644864,0.009483647385667605,-24.854070774714394,0.22308570315565068,effective,14985,14990,0.24181740009225905,7.4702728998381644,ok,action=jogging; segment=362-415; raw_frames=415; sampled_frames=24; link_refresh_rmse=0.042436738; p_max=4
Action video,KTH-Action,kth_person01_jogging_d2_s1,person01_jogging_d2 seg1,C:\Users\mrkys\workspace\NTD-PL\data\KTH-Action\jogging\person01_jogging_d2_uncomp.avi,425x120x160x3,24x72x96x3,"(12,18,18,3)",0,0.04884977638721466,0.0436568409204483,10.630418091587195,1.819332448925366e-07,0.00896678069135447,-4928510.324435714,0.21826220066426644,effective,14985,14990,0.28510549990460277,7.452818399993703,ok,action=jogging; segment=1-75; raw_frames=425; sampled_frames=24; link_refresh_rmse=0.047637556; p_max=4
Action video,KTH-Action,kth_person01_jogging_d2_s2,person01_jogging_d2 seg2,C:\Users\mrkys\workspace\NTD-PL\data\KTH-Action\jogging\person01_jogging_d2_uncomp.avi,425x120x160x3,24x72x96x3,"(12,18,18,3)",0,0.04524601250886917,0.04101978987455368,9.340541630021125,1.620711106160973e-07,0.009022616747257864,-5566972.8194304835,0.17197813344448812,effective,14985,14990,0.2640945001039654,7.5052983998321,ok,action=jogging; segment=108-180; raw_frames=425; sampled_frames=24; link_refresh_rmse=0.044358965; p_max=4
Action video,KTH-Action,kth_person01_jogging_d2_s3,person01_jogging_d2 seg3,C:\Users\mrkys\workspace\NTD-PL\data\KTH-Action\jogging\person01_jogging_d2_uncomp.avi,425x120x160x3,24x72x96x3,"(12,18,18,3)",0,0.04604090005159378,0.040184058248996735,12.720954186459918,1.9250255075292655e-07,0.010000774797977202,-5195038.848218698,0.2576210400991797,effective,14985,14990,0.32260859990492463,7.1017964000348,ok,action=jogging; segment=245-315; raw_frames=425; sampled_frames=24; link_refresh_rmse=0.044695392; p_max=4
Action video,KTH-Action,kth_person01_jogging_d2_s4,person01_jogging_d2 seg4,C:\Users\mrkys\workspace\NTD-PL\data\KTH-Action\jogging\person01_jogging_d2_uncomp.avi,425x120x160x3,24x72x96x3,"(12,18,18,3)",0,0.04143894836306572,0.037885334342718124,8.575541032587857,1.832331567606699e-07,0.007975449478781928,-4352523.520643191,0.16291064667057933,effective,14985,14990,0.3193430001847446,6.971420099958777,ok,action=jogging; segment=360-425; raw_frames=425; sampled_frames=24; link_refresh_rmse=0.040668972; p_max=4
Action video,KTH-Action,kth_person01_jogging_d3_s1,person01_jogging_d3 seg1,C:\Users\mrkys\workspace\NTD-PL\data\KTH-Action\jogging\person01_jogging_d3_uncomp.avi,405x120x160x3,24x72x96x3,"(12,18,18,3)",0,0.045856498181819916,0.04168770834803581,9.090946755801003,0.001085279491110332,0.009436044885661235,-769.4575879257948,0.2059144921600589,effective,14985,14990,0.36294769984669983,6.9465271001681685,ok,action=jogging; segment=1-50; raw_frames=405; sampled_frames=24; link_refresh_rmse=0.044782173; p_max=4
Action video,KTH-Action,kth_person01_jogging_d3_s2,person01_jogging_d3 seg2,C:\Users\mrkys\workspace\NTD-PL\data\KTH-Action\jogging\person01_jogging_d3_uncomp.avi,405x120x160x3,24x72x96x3,"(12,18,18,3)",0,0.04638798162341118,0.04219663888216019,9.035406574222874,0.0010854201493946333,0.007998799819274897,-636.9312080428978,0.20883318565021405,effective,14985,14990,0.2696238998323679,7.094064699951559,ok,action=jogging; segment=115-164; raw_frames=405; sampled_frames=24; link_refresh_rmse=0.045285985; p_max=4
Action video,KTH-Action,kth_person01_jogging_d3_s3,person01_jogging_d3 seg3,C:\Users\mrkys\workspace\NTD-PL\data\KTH-Action\jogging\person01_jogging_d3_uncomp.avi,405x120x160x3,24x72x96x3,"(12,18,18,3)",0,0.045759666711091995,0.04192286729812622,8.384675170800024,0.008680882526374408,0.008712384295220539,-0.36288670823987523,0.1949255222500065,effective,14985,14990,0.2558877000119537,6.8961397998500615,ok,action=jogging; segment=254-300; raw_frames=405; sampled_frames=24; link_refresh_rmse=0.044744182; p_max=4
Action video,KTH-Action,kth_person01_jogging_d3_s4,person01_jogging_d3 seg4,C:\Users\mrkys\workspace\NTD-PL\data\KTH-Action\jogging\person01_jogging_d3_uncomp.avi,405x120x160x3,24x72x96x3,"(12,18,18,3)",0,0.0439920537173748,0.0403129942715168,8.363009077716564,2.737355395632355e-07,0.008348613292396658,-3049782.8561747824,0.1830445715568095,effective,14985,14990,0.22882900014519691,7.173382200067863,ok,action=jogging; segment=360-405; raw_frames=405; sampled_frames=24; link_refresh_rmse=0.043074675; p_max=4
Action video,KTH-Action,kth_person01_jogging_d4_s1,person01_jogging_d4 seg1,C:\Users\mrkys\workspace\NTD-PL\data\KTH-Action\jogging\person01_jogging_d4_uncomp.avi,362x120x160x3,24x72x96x3,"(12,18,18,3)",0,0.048989057540893555,0.04303308203816414,12.157767064119723,0.018447482113675712,0.013737673104845192,25.530904325089367,0.2647866203258493,effective,14985,14990,0.2563828998245299,7.02623560000211,ok,action=jogging; segment=1-70; raw_frames=362; sampled_frames=24; link_refresh_rmse=0.047518175; p_max=4
Action video,KTH-Action,kth_person01_jogging_d4_s2,person01_jogging_d4 seg2,C:\Users\mrkys\workspace\NTD-PL\data\KTH-Action\jogging\person01_jogging_d4_uncomp.avi,362x120x160x3,24x72x96x3,"(12,18,18,3)",0,0.0435994416475296,0.038108956068754196,12.593018101383194,0.03146722671032639,0.01214677765256387,61.39863940225231,0.2863958979787824,effective,14985,14990,0.31609760015271604,6.634166999952868,ok,action=jogging; segment=106-172; raw_frames=362; sampled_frames=24; link_refresh_rmse=0.042185299; p_max=4
Action video,KTH-Action,kth_person01_jogging_d4_s3,person01_jogging_d4 seg3,C:\Users\mrkys\workspace\NTD-PL\data\KTH-Action\jogging\person01_jogging_d4_uncomp.avi,362x120x160x3,24x72x96x3,"(12,18,18,3)",0,0.042946867644786835,0.03864127770066261,10.025387601572525,0.01302124642921522,0.011308729140210054,13.151715531340106,0.18081314789757666,effective,14985,14990,0.2618733001872897,6.893905699951574,ok,action=jogging; segment=200-265; raw_frames=362; sampled_frames=24; link_refresh_rmse=0.042062089; p_max=4
Action video,KTH-Action,kth_person01_jogging_d4_s4,person01_jogging_d4 seg4,C:\Users\mrkys\workspace\NTD-PL\data\KTH-Action\jogging\person01_jogging_d4_uncomp.avi,362x120x160x3,24x72x96x3,"(12,18,18,3)",0,0.04285992309451103,0.038468874990940094,10.245114285175395,0.02821214001404415,0.008392947472768676,70.25058195305063,0.2679861133487602,effective,14985,14990,0.29504240001551807,7.185343699995428,ok,action=jogging; segment=292-362; raw_frames=362; sampled_frames=24; link_refresh_rmse=0.041557755; p_max=4
Action video,KTH-Action,kth_person01_running_d1_s1,person01_running_d1 seg1,C:\Users\mrkys\workspace\NTD-PL\data\KTH-Action\running\person01_running_d1_uncomp.avi,335x120x160x3,24x72x96x3,"(12,18,18,3)",0,0.053326405584812164,0.047271180897951126,11.355021251583512,0.013712143119776903,0.015234058592029535,-11.099034330071907,0.2339849290661235,effective,14985,14990,0.3199181000236422,6.970538099994883,ok,action=running; segment=1-35; raw_frames=335; sampled_frames=24; link_refresh_rmse=0.051909048; p_max=4
Action video,KTH-Action,kth_person01_running_d1_s2,person01_running_d1 seg2,C:\Users\mrkys\workspace\NTD-PL\data\KTH-Action\running\person01_running_d1_uncomp.avi,335x120x160x3,24x72x96x3,"(12,18,18,3)",0,0.041305817663669586,0.0370110459625721,10.397498328364875,1.923876005084661e-07,0.008092167760489674,-4206079.472638921,0.24990587963551675,effective,14985,14990,0.25815959996543825,7.008589999983087,ok,action=running; segment=95-130; raw_frames=335; sampled_frames=24; link_refresh_rmse=0.040134322; p_max=4
Action video,KTH-Action,kth_person01_running_d1_s3,person01_running_d1 seg3,C:\Users\mrkys\workspace\NTD-PL\data\KTH-Action\running\person01_running_d1_uncomp.avi,335x120x160x3,24x72x96x3,"(12,18,18,3)",0,0.04901425540447235,0.04492034763097763,8.352483863543846,0.0032556525324860517,0.008850606350329672,-171.8535304985773,0.15923593798718377,effective,14985,14990,0.3568601000588387,7.158048799959943,ok,action=running; segment=202-235; raw_frames=335; sampled_frames=24; link_refresh_rmse=0.048123877; p_max=4
Action video,KTH-Action,kth_person01_running_d1_s4,person01_running_d1 seg4,C:\Users\mrkys\workspace\NTD-PL\data\KTH-Action\running\person01_running_d1_uncomp.avi,335x120x160x3,24x72x96x3,"(12,18,18,3)",0,0.044806234538555145,0.03946954011917114,11.91060680359527,0.001085286683536787,0.008680264759040938,-699.813071579691,0.30152823364291576,effective,14985,14990,0.2824460999108851,6.950979600194842,ok,action=running; segment=295-335; raw_frames=335; sampled_frames=24; link_refresh_rmse=0.043277487; p_max=4
Action video,KTH-Action,kth_person01_running_d2_s1,person01_running_d2 seg1,C:\Users\mrkys\workspace\NTD-PL\data\KTH-Action\running\person01_running_d2_uncomp.avi,365x120x160x3,24x72x96x3,"(12,18,18,3)",0,0.041535526514053345,0.03766779601573944,9.311861008925156,1.6532808835719526e-07,0.007835625272447012,-4739339.831614068,0.14966326630034316,moderate,14985,14990,0.32865560008212924,6.947964600054547,ok,action=running; segment=1-55; raw_frames=365; sampled_frames=24; link_refresh_rmse=0.040825974; p_max=4
Action video,KTH-Action,kth_person01_running_d2_s2,person01_running_d2 seg2,C:\Users\mrkys\workspace\NTD-PL\data\KTH-Action\running\person01_running_d2_uncomp.avi,365x120x160x3,24x72x96x3,"(12,18,18,3)",0,0.04163625091314316,0.03764110431075096,9.595356245514084,1.4911742959218643e-07,0.007561011909189908,-5070408.477693137,0.19815877889065095,effective,14985,14990,0.2666582998353988,7.058085499797016,ok,action=running; segment=90-145; raw_frames=365; sampled_frames=24; link_refresh_rmse=0.04069712; p_max=4
Action video,KTH-Action,kth_person01_running_d2_s3,person01_running_d2 seg3,C:\Users\mrkys\workspace\NTD-PL\data\KTH-Action\running\person01_running_d2_uncomp.avi,365x120x160x3,24x72x96x3,"(12,18,18,3)",0,0.04881560057401657,0.04351965710520744,10.848874963197805,0.0021703981884252667,0.009853692416172717,-354.0038997785041,0.2374457507043924,effective,14985,14990,0.22910570004023612,7.078407200053334,ok,action=running; segment=212-260; raw_frames=365; sampled_frames=24; link_refresh_rmse=0.047499206; p_max=4
Action video,KTH-Action,kth_person01_running_d2_s4,person01_running_d2 seg4,C:\Users\mrkys\workspace\NTD-PL\data\KTH-Action\running\person01_running_d2_uncomp.avi,365x120x160x3,24x72x96x3,"(12,18,18,3)",0,0.040535010397434235,0.03678017854690552,9.263182157136905,1.70966644461385e-07,0.008557944676201938,-5005522.414338757,0.185642136790462,effective,14985,14990,0.23580410005524755,7.188851600047201,ok,action=running; segment=310-365; raw_frames=365; sampled_frames=24; link_refresh_rmse=0.039677855; p_max=4
Action video,KTH-Action,kth_person01_running_d3_s1,person01_running_d3 seg1,C:\Users\mrkys\workspace\NTD-PL\data\KTH-Action\running\person01_running_d3_uncomp.avi,350x120x160x3,24x72x96x3,"(12,18,18,3)",0,0.048261549323797226,0.04441866651177406,7.962617996866256,0.01890899057131699,0.02096328545326082,-10.864117120350064,0.14004708197878493,moderate,14985,14990,0.33488070010207593,6.844783499836922,ok,action=running; segment=1-30; raw_frames=350; sampled_frames=24; link_refresh_rmse=0.047489643; p_max=4
Action video,KTH-Action,kth_person01_running_d3_s2,person01_running_d3 seg2,C:\Users\mrkys\workspace\NTD-PL\data\KTH-Action\running\person01_running_d3_uncomp.avi,350x120x160x3,24x72x96x3,"(12,18,18,3)",0,0.043945685029029846,0.04084612429141998,7.053162865847559,0.012867813458023195,0.019531827578780952,-51.78824003391723,0.10921448141993997,moderate,14985,14990,0.3306819999124855,6.988729799864814,ok,action=running; segment=98-135; raw_frames=350; sampled_frames=24; link_refresh_rmse=0.043396581; p_max=4
Action video,KTH-Action,kth_person01_running_d3_s3,person01_running_d3 seg3,C:\Users\mrkys\workspace\NTD-PL\data\KTH-Action\running\person01_running_d3_uncomp.avi,350x120x160x3,24x72x96x3,"(12,18,18,3)",0,0.03700540214776993,0.03504597768187523,5.294968713136335,0.003255556810873418,0.0061663554870329965,-89.41016376791944,0.09265488996554341,moderate,14985,14990,0.2783001000061631,7.044460700126365,ok,action=running; segment=210-250; raw_frames=350; sampled_frames=24; link_refresh_rmse=0.036612753; p_max=4
Action video,KTH-Action,kth_person01_running_d3_s4,person01_running_d3 seg4,C:\Users\mrkys\workspace\NTD-PL\data\KTH-Action\running\person01_running_d3_uncomp.avi,350x120x160x3,24x72x96x3,"(12,18,18,3)",0,0.04075717553496361,0.03803686797618866,6.67442609324419,2.7003424311265975e-07,0.007663642723636697,-2837926.2574474243,0.11412934455074683,moderate,14985,14990,0.30453269998542964,7.401872299844399,ok,action=running; segment=312-350; raw_frames=350; sampled_frames=24; link_refresh_rmse=0.040225144; p_max=4
Action video,KTH-Action,kth_person01_running_d4_s1,person01_running_d4 seg1,C:\Users\mrkys\workspace\NTD-PL\data\KTH-Action\running\person01_running_d4_uncomp.avi,530x120x160x3,24x72x96x3,"(12,18,18,3)",0,0.04503549262881279,0.04005777835845947,11.052869591946413,0.04448884465161993,0.01013291635524622,77.2236918387197,0.229840232443045,effective,14985,14990,0.37335540005005896,7.171489000087604,ok,action=running; segment=1-45; raw_frames=530; sampled_frames=24; link_refresh_rmse=0.043859422; p_max=4
Action video,KTH-Action,kth_person01_running_d4_s2,person01_running_d4 seg2,C:\Users\mrkys\workspace\NTD-PL\data\KTH-Action\running\person01_running_d4_uncomp.avi,530x120x160x3,24x72x96x3,"(12,18,18,3)",0,0.05022011324763298,0.045034367591142654,10.326033378140073,0.024956921863113737,0.012280399853052197,50.7936118067405,0.2526545156616888,effective,14985,14990,0.2418078000191599,7.206101499963552,ok,action=running; segment=65-110; raw_frames=530; sampled_frames=24; link_refresh_rmse=0.048780356; p_max=4
Action video,KTH-Action,kth_person01_running_d4_s3,person01_running_d4 seg3,C:\Users\mrkys\workspace\NTD-PL\data\KTH-Action\running\person01_running_d4_uncomp.avi,530x120x160x3,24x72x96x3,"(12,18,18,3)",0,0.04566619545221329,0.041064828634262085,10.076089703523111,0.02278668346662315,0.012005898560565057,47.31177716954411,0.2358241630140853,effective,14985,14990,0.5389625998213887,7.775803599972278,ok,action=running; segment=142-190; raw_frames=530; sampled_frames=24; link_refresh_rmse=0.044443026; p_max=4
Action video,KTH-Action,kth_person01_running_d4_s4,person01_running_d4 seg4,C:\Users\mrkys\workspace\NTD-PL\data\KTH-Action\running\person01_running_d4_uncomp.avi,530x120x160x3,24x72x96x3,"(12,18,18,3)",0,0.05925134941935539,0.052985381335020065,10.575232709026622,0.04340303867741605,0.017891584478288987,58.77803715250349,0.2486932975360356,effective,14985,14990,0.29473700001835823,7.876912500010803,ok,action=running; segment=486-530; raw_frames=530; sampled_frames=24; link_refresh_rmse=0.057578929; p_max=4
Action video,KTH-Action,kth_person01_walking_d1_s1,person01_walking_d1 seg1,C:\Users\mrkys\workspace\NTD-PL\data\KTH-Action\walking\person01_walking_d1_uncomp.avi,555x120x160x3,24x72x96x3,"(12,18,18,3)",0,0.05116376280784607,0.04426625370979309,13.48123890722758,2.1275353235067357e-07,0.01304858570632157,-6133093.447906699,0.3562061584281964,effective,14985,14990,0.29680619994178414,7.769486799836159,ok,action=walking; segment=1-75; raw_frames=555; sampled_frames=24; link_refresh_rmse=0.049107991; p_max=4
Action video,KTH-Action,kth_person01_walking_d1_s2,person01_walking_d1 seg2,C:\Users\mrkys\workspace\NTD-PL\data\KTH-Action\walking\person01_walking_d1_uncomp.avi,555x120x160x3,24x72x96x3,"(12,18,18,3)",0,0.04883353412151337,0.04237841069698334,13.218628429528833,0.0010853782926753047,0.013447745876833153,-1138.9916002176858,0.3468848515197314,effective,14985,14990,0.2389588002115488,7.949617999838665,ok,action=walking; segment=152-225; raw_frames=555; sampled_frames=24; link_refresh_rmse=0.046921719; p_max=4
Action video,KTH-Action,kth_person01_walking_d1_s3,person01_walking_d1 seg3,C:\Users\mrkys\workspace\NTD-PL\data\KTH-Action\walking\person01_walking_d1_uncomp.avi,555x120x160x3,24x72x96x3,"(12,18,18,3)",0,0.057991452515125275,0.051081378012895584,11.915677574082856,2.228327308389743e-07,0.012452663641801089,-5588245.839014001,0.3249515392249538,effective,14985,14990,0.27400270011276007,7.8304373999126256,ok,action=walking; segment=325-400; raw_frames=555; sampled_frames=24; link_refresh_rmse=0.055861991; p_max=4
Action video,KTH-Action,kth_person01_walking_d1_s4,person01_walking_d1 seg4,C:\Users\mrkys\workspace\NTD-PL\data\KTH-Action\walking\person01_walking_d1_uncomp.avi,555x120x160x3,24x72x96x3,"(12,18,18,3)",0,0.04898454248905182,0.042642682790756226,12.94665495694487,1.2700693852292096e-07,0.013396676994139786,-10547888.283114223,0.3251636474616796,effective,14985,14990,0.298162599792704,7.793163500027731,ok,action=walking; segment=480-555; raw_frames=555; sampled_frames=24; link_refresh_rmse=0.047184665; p_max=4
Action video,KTH-Action,kth_person01_walking_d2_s1,person01_walking_d2 seg1,C:\Users\mrkys\workspace\NTD-PL\data\KTH-Action\walking\person01_walking_d2_uncomp.avi,675x120x160x3,24x72x96x3,"(12,18,18,3)",0,0.05300823226571083,0.046810656785964966,11.691722615233973,1.1293630122866063e-06,0.013511108879714592,-1196247.7405160302,0.2687092082311886,effective,14985,14990,0.256940099876374,7.881152999820188,ok,action=walking; segment=1-120; raw_frames=675; sampled_frames=24; link_refresh_rmse=0.05139346; p_max=4
Action video,KTH-Action,kth_person01_walking_d2_s2,person01_walking_d2 seg2,C:\Users\mrkys\workspace\NTD-PL\data\KTH-Action\walking\person01_walking_d2_uncomp.avi,675x120x160x3,24x72x96x3,"(12,18,18,3)",0,0.04353318735957146,0.03867829963564873,11.152153146570155,1.7951020517996684e-07,0.04544650023586647,-25316845.178857304,0.2440408614543507,effective,14985,14990,0.2917792999651283,8.035055000102147,ok,action=walking; segment=170-288; raw_frames=675; sampled_frames=24; link_refresh_rmse=0.042327091; p_max=4
Action video,KTH-Action,kth_person01_walking_d2_s3,person01_walking_d2 seg3,C:\Users\mrkys\workspace\NTD-PL\data\KTH-Action\walking\person01_walking_d2_uncomp.avi,675x120x160x3,24x72x96x3,"(12,18,18,3)",0,0.052276868373155594,0.04621986299753189,11.586396745092715,2.402996216395252e-07,0.014133904488079297,-5881683.912786032,0.22513894502212128,effective,14985,14990,0.28815679997205734,8.110561900073662,ok,action=walking; segment=370-495; raw_frames=675; sampled_frames=24; link_refresh_rmse=0.050939258; p_max=4
Action video,KTH-Action,kth_person01_walking_d2_s4,person01_walking_d2 seg4,C:\Users\mrkys\workspace\NTD-PL\data\KTH-Action\walking\person01_walking_d2_uncomp.avi,675x120x160x3,24x72x96x3,"(12,18,18,3)",0,0.045113254338502884,0.040047794580459595,11.228318223365374,3.9828508713153137e-07,0.01034413725779077,-2597069.1112739746,0.2371041665022482,effective,14985,14990,0.2944283001124859,8.129384699976072,ok,action=walking; segment=550-675; raw_frames=675; sampled_frames=24; link_refresh_rmse=0.043898426; p_max=4
Action video,KTH-Action,kth_person01_walking_d3_s1,person01_walking_d3 seg1,C:\Users\mrkys\workspace\NTD-PL\data\KTH-Action\walking\person01_walking_d3_uncomp.avi,950x120x160x3,24x72x96x3,"(12,18,18,3)",0,0.04659693315625191,0.042598970234394073,8.579884234980875,2.2220459164696253e-06,0.00811545515496207,-365124.45800111373,0.1981342255998647,effective,14985,14990,0.3056606000754982,8.152950800023973,ok,action=walking; segment=1-90; raw_frames=950; sampled_frames=24; link_refresh_rmse=0.04554604; p_max=4
Action video,KTH-Action,kth_person01_walking_d3_s2,person01_walking_d3 seg2,C:\Users\mrkys\workspace\NTD-PL\data\KTH-Action\walking\person01_walking_d3_uncomp.avi,950x120x160x3,24x72x96x3,"(12,18,18,3)",0,0.050033338367938995,0.045380834490060806,9.298807614363547,0.0010852842916077474,0.009839485593221972,-806.6274771788775,0.20463665140500914,effective,14985,14990,0.2807515000458807,8.186709299916402,ok,action=walking; segment=172-250; raw_frames=950; sampled_frames=24; link_refresh_rmse=0.048868347; p_max=4
Action video,KTH-Action,kth_person01_walking_d3_s3,person01_walking_d3 seg3,C:\Users\mrkys\workspace\NTD-PL\data\KTH-Action\walking\person01_walking_d3_uncomp.avi,950x120x160x3,24x72x96x3,"(12,18,18,3)",0,0.04901709035038948,0.044840309768915176,8.521070001538996,1.735395191296872e-07,0.00967500083467622,-5574999.483504982,0.17701004634891376,effective,14985,14990,0.4477438998874277,8.45584770012647,ok,action=walking; segment=352-430; raw_frames=950; sampled_frames=24; link_refresh_rmse=0.048028279; p_max=4
Action video,KTH-Action,kth_person01_walking_d3_s4,person01_walking_d3 seg4,C:\Users\mrkys\workspace\NTD-PL\data\KTH-Action\walking\person01_walking_d3_uncomp.avi,950x120x160x3,24x72x96x3,"(12,18,18,3)",0,0.053036801517009735,0.047908734530210495,9.668884322058124,4.1554250507552814e-07,0.010674524119667322,-2568716.42414105,0.1910297878958624,effective,14985,14990,0.33546190010383725,8.352950499858707,ok,action=walking; segment=875-950; raw_frames=950; sampled_frames=24; link_refresh_rmse=0.05188309; p_max=4
Action video,KTH-Action,kth_person01_walking_d4_s1,person01_walking_d4 seg1,C:\Users\mrkys\workspace\NTD-PL\data\KTH-Action\walking\person01_walking_d4_uncomp.avi,565x120x160x3,24x72x96x3,"(12,18,18,3)",0,0.04912221431732178,0.043001580983400345,12.460011054027621,0.009768575486601639,0.09327222949810218,-854.8191507147824,0.22114169587688398,effective,14985,14990,0.4047480998560786,8.432803899981081,ok,action=walking; segment=1-115; raw_frames=565; sampled_frames=24; link_refresh_rmse=0.047887355; p_max=4
Action video,KTH-Action,kth_person01_walking_d4_s2,person01_walking_d4 seg2,C:\Users\mrkys\workspace\NTD-PL\data\KTH-Action\walking\person01_walking_d4_uncomp.avi,565x120x160x3,24x72x96x3,"(12,18,18,3)",0,0.04968971014022827,0.04376421496272087,11.924994452141473,0.028212857856494803,0.1096150660315707,-288.5287573103358,0.25247273960346056,effective,14985,14990,0.3445252999663353,8.61865029996261,ok,action=walking; segment=155-260; raw_frames=565; sampled_frames=24; link_refresh_rmse=0.048266169; p_max=4
Action video,KTH-Action,kth_person01_walking_d4_s3,person01_walking_d4 seg3,C:\Users\mrkys\workspace\NTD-PL\data\KTH-Action\walking\person01_walking_d4_uncomp.avi,565x120x160x3,24x72x96x3,"(12,18,18,3)",0,0.05553180351853371,0.04950696974992752,10.84933927383684,0.01410676327786976,0.014781385489739216,-4.782260810513362,0.24592195748803558,effective,14985,14990,0.279863600153476,8.586916300002486,ok,action=walking; segment=280-385; raw_frames=565; sampled_frames=24; link_refresh_rmse=0.053981591; p_max=4
Action video,KTH-Action,kth_person01_walking_d4_s4,person01_walking_d4 seg4,C:\Users\mrkys\workspace\NTD-PL\data\KTH-Action\walking\person01_walking_d4_uncomp.avi,565x120x160x3,24x72x96x3,"(12,18,18,3)",0,0.04597313702106476,0.041284844279289246,10.197896087942292,0.00976601846326162,0.09719699468277133,-895.2571260070076,0.2101529721534885,effective,14985,14990,0.37791249994188547,8.497060799971223,ok,action=walking; segment=440-565; raw_frames=565; sampled_frames=24; link_refresh_rmse=0.044874176; p_max=4
Action video,KTH-Action,kth_person02_boxing_d1_s1,person02_boxing_d1 seg1,C:\Users\mrkys\workspace\NTD-PL\data\KTH-Action\boxing\person02_boxing_d1_uncomp.avi,428x120x160x3,24x72x96x3,"(12,18,18,3)",0,0.029744355008006096,0.02883192151784897,3.067585395317981,0.011936011959782911,0.0030257727657635103,74.65005249694353,0.11797226861716832,moderate,14985,14990,0.39679129980504513,9.586391099961475,ok,action=boxing; segment=1-105; raw_frames=428; sampled_frames=24; link_refresh_rmse=0.029343097; p_max=4
Action video,KTH-Action,kth_person02_boxing_d1_s2,person02_boxing_d1 seg2,C:\Users\mrkys\workspace\NTD-PL\data\KTH-Action\boxing\person02_boxing_d1_uncomp.avi,428x120x160x3,24x72x96x3,"(12,18,18,3)",0,0.030207140371203423,0.029362939298152924,2.7947070218380516,0.006510611604170917,0.002703693648355225,58.472508994037554,0.08806038947473252,moderate,14985,14990,0.3953245000448078,9.545041700126603,ok,action=boxing; segment=106-228; raw_frames=428; sampled_frames=24; link_refresh_rmse=0.029902438; p_max=4
Action video,KTH-Action,kth_person02_boxing_d1_s3,person02_boxing_d1 seg3,C:\Users\mrkys\workspace\NTD-PL\data\KTH-Action\boxing\person02_boxing_d1_uncomp.avi,428x120x160x3,24x72x96x3,"(12,18,18,3)",0,0.029017837718129158,0.028164377436041832,2.9411574024832285,0.01085138802667246,0.002732069681294299,74.82285515383899,0.10327327014320493,moderate,14985,14990,0.3155521999578923,9.570481600007042,ok,action=boxing; segment=229-314; raw_frames=428; sampled_frames=24; link_refresh_rmse=0.028674865; p_max=4
Action video,KTH-Action,kth_person02_boxing_d1_s4,person02_boxing_d1 seg4,C:\Users\mrkys\workspace\NTD-PL\data\KTH-Action\boxing\person02_boxing_d1_uncomp.avi,428x120x160x3,24x72x96x3,"(12,18,18,3)",0,0.03102911077439785,0.02989133633673191,3.666796789435288,0.023871801838879755,0.0034904319913395053,85.37843094166996,0.1381212458233741,moderate,14985,14990,0.31054709991440177,9.737434099894017,ok,action=boxing; segment=315-428; raw_frames=428; sampled_frames=24; link_refresh_rmse=0.030539595; p_max=4
Action video,KTH-Action,kth_person02_boxing_d2_s1,person02_boxing_d2 seg1,C:\Users\mrkys\workspace\NTD-PL\data\KTH-Action\boxing\person02_boxing_d2_uncomp.avi,460x120x160x3,24x72x96x3,"(12,18,18,3)",0,0.029623931273818016,0.029016096144914627,2.0518381685573277,0.005017820156953203,0.003388595126842748,32.46878084805082,0.05726570352097439,boundary,14985,14990,0.2603388000279665,9.782948799896985,ok,action=boxing; segment=1-126; raw_frames=460; sampled_frames=24; link_refresh_rmse=0.029429264; p_max=4
Action video,KTH-Action,kth_person02_boxing_d2_s2,person02_boxing_d2 seg2,C:\Users\mrkys\workspace\NTD-PL\data\KTH-Action\boxing\person02_boxing_d2_uncomp.avi,460x120x160x3,24x72x96x3,"(12,18,18,3)",0,0.030706552788615227,0.029984675347805023,2.3508905274376715,0.004340570270929184,0.002162408152852313,50.181473449814526,0.06556439359079036,boundary,14985,14990,0.24593119998462498,9.709287300007418,ok,action=boxing; segment=127-236; raw_frames=460; sampled_frames=24; link_refresh_rmse=0.030475641; p_max=4
Action video,KTH-Action,kth_person02_boxing_d2_s3,person02_boxing_d2 seg3,C:\Users\mrkys\workspace\NTD-PL\data\KTH-Action\boxing\person02_boxing_d2_uncomp.avi,460x120x160x3,24x72x96x3,"(12,18,18,3)",0,0.026320328935980797,0.025831501930952072,1.8572222490748636,0.0032554528268312903,0.002096494098092035,35.600538247311455,0.05490787447384392,boundary,14985,14990,0.3524360000155866,8.721432000165805,ok,action=boxing; segment=237-312; raw_frames=460; sampled_frames=24; link_refresh_rmse=0.02615447; p_max=4
Action video,KTH-Action,kth_person02_boxing_d2_s4,person02_boxing_d2 seg4,C:\Users\mrkys\workspace\NTD-PL\data\KTH-Action\boxing\person02_boxing_d2_uncomp.avi,460x120x160x3,24x72x96x3,"(12,18,18,3)",0,0.030931975692510605,0.030056165531277657,2.8314071171503072,0.008681716814776315,0.0020556455728120205,76.32213055701952,0.09132934080155511,moderate,14985,14990,0.31520329997874796,8.616573299979791,ok,action=boxing; segment=313-460; raw_frames=460; sampled_frames=24; link_refresh_rmse=0.03060844; p_max=4
Action video,KTH-Action,kth_person02_boxing_d3_s1,person02_boxing_d3 seg1,C:\Users\mrkys\workspace\NTD-PL\data\KTH-Action\boxing\person02_boxing_d3_uncomp.avi,490x120x160x3,24x72x96x3,"(12,18,18,3)",0,0.030299339443445206,0.029252318665385246,3.4555894527478426,0.032552507193901827,0.0029298048374927317,90.9997567313599,0.13420671339279888,moderate,14985,14990,0.29134170012548566,8.6809450997971,ok,action=boxing; segment=1-120; raw_frames=490; sampled_frames=24; link_refresh_rmse=0.029834779; p_max=4
Action video,KTH-Action,kth_person02_boxing_d3_s2,person02_boxing_d3 seg2,C:\Users\mrkys\workspace\NTD-PL\data\KTH-Action\boxing\person02_boxing_d3_uncomp.avi,490x120x160x3,24x72x96x3,"(12,18,18,3)",0,0.028121262788772583,0.027282962575554848,2.9810190940373658,0.03472255942899046,0.0021461766603062316,93.81907124474715,0.11416388202184166,moderate,14985,14990,0.3307872998993844,8.683995200088248,ok,action=boxing; segment=121-218; raw_frames=490; sampled_frames=24; link_refresh_rmse=0.027754067; p_max=4
Action video,KTH-Action,kth_person02_boxing_d3_s3,person02_boxing_d3 seg3,C:\Users\mrkys\workspace\NTD-PL\data\KTH-Action\boxing\person02_boxing_d3_uncomp.avi,490x120x160x3,24x72x96x3,"(12,18,18,3)",0,0.029384532943367958,0.028469707816839218,3.113287961023095,0.021701640710650418,0.002795591120186622,87.11806559946115,0.10022671100064909,moderate,14985,14990,0.3086963000241667,8.74974160012789,ok,action=boxing; segment=219-350; raw_frames=490; sampled_frames=24; link_refresh_rmse=0.029047413; p_max=4
Action video,KTH-Action,kth_person02_boxing_d3_s4,person02_boxing_d3 seg4,C:\Users\mrkys\workspace\NTD-PL\data\KTH-Action\boxing\person02_boxing_d3_uncomp.avi,490x120x160x3,24x72x96x3,"(12,18,18,3)",0,0.03220467269420624,0.03095945343375206,3.866579462793914,0.026041981960687934,0.0031190684017233425,88.02292234733986,0.13147211814381948,moderate,14985,14990,0.33132550003938377,8.757365399971604,ok,action=boxing; segment=351-490; raw_frames=490; sampled_frames=24; link_refresh_rmse=0.031720884; p_max=4
Action video,KTH-Action,kth_person02_boxing_d4_s1,person02_boxing_d4 seg1,C:\Users\mrkys\workspace\NTD-PL\data\KTH-Action\boxing\person02_boxing_d4_uncomp.avi,522x120x160x3,24x72x96x3,"(12,18,18,3)",0,0.02825225703418255,0.027121955528855324,4.000747635700989,0.0868058381943625,0.005336267157002107,93.85264025093112,0.07848222212123479,moderate,14985,14990,0.3132935999892652,8.646953799994662,ok,action=boxing; segment=1-126; raw_frames=522; sampled_frames=24; link_refresh_rmse=0.027998131; p_max=4
Action video,KTH-Action,kth_person02_boxing_d4_s2,person02_boxing_d4 seg2,C:\Users\mrkys\workspace\NTD-PL\data\KTH-Action\boxing\person02_boxing_d4_uncomp.avi,522x120x160x3,24x72x96x3,"(12,18,18,3)",0,0.02651648037135601,0.025602927431464195,3.445226995052728,0.06401955566673989,0.004192342052222473,93.45146649557188,0.061430715291019296,boundary,14985,14990,0.3059561001136899,8.655260399915278,ok,action=boxing; segment=127-270; raw_frames=522; sampled_frames=24; link_refresh_rmse=0.026329605; p_max=4
Action video,KTH-Action,kth_person02_boxing_d4_s3,person02_boxing_d4 seg3,C:\Users\mrkys\workspace\NTD-PL\data\KTH-Action\boxing\person02_boxing_d4_uncomp.avi,522x120x160x3,24x72x96x3,"(12,18,18,3)",0,0.0258370041847229,0.02500593103468418,3.2166002842160872,0.04991351982074545,0.004137504543283329,91.71065363023413,0.05175398286905365,boundary,14985,14990,0.21560490014962852,8.729449199978262,ok,action=boxing; segment=271-392; raw_frames=522; sampled_frames=24; link_refresh_rmse=0.025683515; p_max=4
Action video,KTH-Action,kth_person02_boxing_d4_s4,person02_boxing_d4 seg4,C:\Users\mrkys\workspace\NTD-PL\data\KTH-Action\boxing\person02_boxing_d4_uncomp.avi,522x120x160x3,24x72x96x3,"(12,18,18,3)",0,0.02433285117149353,0.023481732234358788,3.4978183655347683,0.05099900141796301,0.004061628512189522,92.03586658706827,0.05160971910902417,boundary,14985,14990,0.3615482999011874,8.653783099958673,ok,action=boxing; segment=393-522; raw_frames=522; sampled_frames=24; link_refresh_rmse=0.024188699; p_max=4
Action video,KTH-Action,kth_person02_handclapping_d1_s1,person02_handclapping_d1 seg1,C:\Users\mrkys\workspace\NTD-PL\data\KTH-Action\handclapping\person02_handclapping_d1_uncomp.avi,398x120x160x3,24x72x96x3,"(12,18,18,3)",0,0.03030231222510338,0.029219472780823708,3.5734548447514602,0.006554244968371345,0.003378803575161529,48.44862235899731,0.09706715304701502,moderate,14985,14990,0.4092331000138074,8.730647900141776,ok,action=handclapping; segment=1-102; raw_frames=398; sampled_frames=24; link_refresh_rmse=0.029965561; p_max=4
Action video,KTH-Action,kth_person02_handclapping_d1_s2,person02_handclapping_d1 seg2,C:\Users\mrkys\workspace\NTD-PL\data\KTH-Action\handclapping\person02_handclapping_d1_uncomp.avi,398x120x160x3,24x72x96x3,"(12,18,18,3)",0,0.02905581332743168,0.02813759818673134,3.160177037045632,0.0043404587826199326,0.0025716193975991054,40.75235991420112,0.08742535209871517,moderate,14985,14990,0.3488528998568654,8.59091499983333,ok,action=handclapping; segment=103-216; raw_frames=398; sampled_frames=24; link_refresh_rmse=0.028764827; p_max=4
Action video,KTH-Action,kth_person02_handclapping_d1_s3,person02_handclapping_d1 seg3,C:\Users\mrkys\workspace\NTD-PL\data\KTH-Action\handclapping\person02_handclapping_d1_uncomp.avi,398x120x160x3,24x72x96x3,"(12,18,18,3)",0,0.027945874258875847,0.027077754959464073,3.1064309936056183,0.007595796479796424,0.0027407315599333776,63.917785748693035,0.08389612760719758,moderate,14985,14990,0.2837408999912441,8.674268999835476,ok,action=handclapping; segment=217-308; raw_frames=398; sampled_frames=24; link_refresh_rmse=0.027677247; p_max=4
Action video,KTH-Action,kth_person02_handclapping_d1_s4,person02_handclapping_d1 seg4,C:\Users\mrkys\workspace\NTD-PL\data\KTH-Action\handclapping\person02_handclapping_d1_uncomp.avi,398x120x160x3,24x72x96x3,"(12,18,18,3)",0,0.02678561396896839,0.02611234411597252,2.5135501981618473,0.0021704802769097436,0.0021430502681493986,1.263775997052549,0.0623272083465051,boundary,14985,14990,0.3067528000101447,8.763413399923593,ok,action=handclapping; segment=309-398; raw_frames=398; sampled_frames=24; link_refresh_rmse=0.026594097; p_max=4
Action video,KTH-Action,kth_person02_handclapping_d2_s1,person02_handclapping_d2 seg1,C:\Users\mrkys\workspace\NTD-PL\data\KTH-Action\handclapping\person02_handclapping_d2_uncomp.avi,390x120x160x3,24x72x96x3,"(12,18,18,3)",0,0.027313746511936188,0.026622068136930466,2.5323452961806487,0.00217067562494803,0.002114629833179259,2.58195149586723,0.06837741236298048,boundary,14985,14990,0.28101750020869076,8.86321370000951,ok,action=handclapping; segment=1-116; raw_frames=390; sampled_frames=24; link_refresh_rmse=0.02709957; p_max=4
Action video,KTH-Action,kth_person02_handclapping_d2_s2,person02_handclapping_d2 seg2,C:\Users\mrkys\workspace\NTD-PL\data\KTH-Action\handclapping\person02_handclapping_d2_uncomp.avi,390x120x160x3,24x72x96x3,"(12,18,18,3)",0,0.03110208362340927,0.029971975833177567,3.6335436683769915,0.004340838690078039,0.0038407304728177083,11.521004417958215,0.11063206583743815,moderate,14985,14990,0.355708499904722,8.807067400077358,ok,action=handclapping; segment=117-202; raw_frames=390; sampled_frames=24; link_refresh_rmse=0.030708449; p_max=4
Action video,KTH-Action,kth_person02_handclapping_d2_s3,person02_handclapping_d2 seg3,C:\Users\mrkys\workspace\NTD-PL\data\KTH-Action\handclapping\person02_handclapping_d2_uncomp.avi,390x120x160x3,24x72x96x3,"(12,18,18,3)",0,0.029472773894667625,0.028676260262727737,2.7025404354084146,0.006510836349082839,0.002825333059238806,56.605681547551086,0.07908380125777874,moderate,14985,14990,0.33765699993819,8.840806799940765,ok,action=handclapping; segment=203-300; raw_frames=390; sampled_frames=24; link_refresh_rmse=0.029205646; p_max=4
Action video,KTH-Action,kth_person02_handclapping_d2_s4,person02_handclapping_d2 seg4,C:\Users\mrkys\workspace\NTD-PL\data\KTH-Action\handclapping\person02_handclapping_d2_uncomp.avi,390x120x160x3,24x72x96x3,"(12,18,18,3)",0,0.02934095449745655,0.02854871191084385,2.7001254737005156,0.005425568816359949,0.002821708791092286,47.992387773538745,0.07429211961072352,moderate,14985,14990,0.2999530998058617,8.823837399948388,ok,action=handclapping; segment=301-390; raw_frames=390; sampled_frames=24; link_refresh_rmse=0.029091066; p_max=4
Action video,KTH-Action,kth_person02_handclapping_d3_s1,person02_handclapping_d3 seg1,C:\Users\mrkys\workspace\NTD-PL\data\KTH-Action\handclapping\person02_handclapping_d3_uncomp.avi,385x120x160x3,24x72x96x3,"(12,18,18,3)",0,0.029631560668349266,0.028510678559541702,3.7827305870015335,0.01736145700098193,0.002897009090592651,83.3135600864098,0.1210638620089517,moderate,14985,14990,0.40966989984735847,8.424947699997574,ok,action=handclapping; segment=1-92; raw_frames=385; sampled_frames=24; link_refresh_rmse=0.029221421; p_max=4
Action video,KTH-Action,kth_person02_handclapping_d3_s2,person02_handclapping_d3 seg2,C:\Users\mrkys\workspace\NTD-PL\data\KTH-Action\handclapping\person02_handclapping_d3_uncomp.avi,385x120x160x3,24x72x96x3,"(12,18,18,3)",0,0.029460009187459946,0.0283821951597929,3.658566502164676,0.014106236375977707,0.002573578291459474,81.75574105760653,0.10856401962938118,moderate,14985,14990,0.35450299992226064,8.54547750018537,ok,action=handclapping; segment=93-195; raw_frames=385; sampled_frames=24; link_refresh_rmse=0.029094083; p_max=4
Action video,KTH-Action,kth_person02_handclapping_d3_s3,person02_handclapping_d3 seg3,C:\Users\mrkys\workspace\NTD-PL\data\KTH-Action\handclapping\person02_handclapping_d3_uncomp.avi,385x120x160x3,24x72x96x3,"(12,18,18,3)",0,0.027929311618208885,0.026960525661706924,3.468706890256285,0.009766390246038729,0.0020739630211748647,78.76428271933872,0.09567191564680838,moderate,14985,14990,0.3543057001661509,8.334716000128537,ok,action=handclapping; segment=196-266; raw_frames=385; sampled_frames=24; link_refresh_rmse=0.027623368; p_max=4
Action video,KTH-Action,kth_person02_handclapping_d3_s4,person02_handclapping_d3 seg4,C:\Users\mrkys\workspace\NTD-PL\data\KTH-Action\handclapping\person02_handclapping_d3_uncomp.avi,385x120x160x3,24x72x96x3,"(12,18,18,3)",0,0.028454530984163284,0.027386942878365517,3.7519089890884048,0.01519134008255896,0.0026077446883063654,82.83400493877237,0.10294153939818132,moderate,14985,14990,0.3663364998064935,8.427413100143895,ok,action=handclapping; segment=267-385; raw_frames=385; sampled_frames=24; link_refresh_rmse=0.02811929; p_max=4
Action video,KTH-Action,kth_person02_handclapping_d4_s1,person02_handclapping_d4 seg1,C:\Users\mrkys\workspace\NTD-PL\data\KTH-Action\handclapping\person02_handclapping_d4_uncomp.avi,386x120x160x3,24x72x96x3,"(12,18,18,3)",0,0.02239868976175785,0.0211663655936718,5.5017689927115585,0.01953165050628939,0.002967919041168374,84.80456610560037,0.056597616950016846,boundary,14985,14990,0.3059461999218911,8.452013700036332,ok,action=handclapping; segment=1-100; raw_frames=386; sampled_frames=24; link_refresh_rmse=0.022253213; p_max=4
Action video,KTH-Action,kth_person02_handclapping_d4_s2,person02_handclapping_d4 seg2,C:\Users\mrkys\workspace\NTD-PL\data\KTH-Action\handclapping\person02_handclapping_d4_uncomp.avi,386x120x160x3,24x72x96x3,"(12,18,18,3)",0,0.022018039599061012,0.020941216498613358,4.890640220728721,0.003256469725409435,0.0033183122734409052,-1.89906718766424,0.04290609728808137,boundary,14985,14990,0.3327787001617253,8.469165199901909,ok,action=handclapping; segment=101-235; raw_frames=386; sampled_frames=24; link_refresh_rmse=0.021909544; p_max=4
Action video,KTH-Action,kth_person02_handclapping_d4_s3,person02_handclapping_d4 seg3,C:\Users\mrkys\workspace\NTD-PL\data\KTH-Action\handclapping\person02_handclapping_d4_uncomp.avi,386x120x160x3,24x72x96x3,"(12,18,18,3)",0,0.021255437284708023,0.020078465342521667,5.537274657873608,0.013021452632764831,0.002689670145488322,79.3443157123613,0.06166891254458199,boundary,14985,14990,0.3671627000439912,7.972424000035971,ok,action=handclapping; segment=236-312; raw_frames=386; sampled_frames=24; link_refresh_rmse=0.02110506; p_max=4
Action video,KTH-Action,kth_person02_handclapping_d4_s4,person02_handclapping_d4 seg4,C:\Users\mrkys\workspace\NTD-PL\data\KTH-Action\handclapping\person02_handclapping_d4_uncomp.avi,386x120x160x3,24x72x96x3,"(12,18,18,3)",0,0.021030856296420097,0.020061805844306946,4.60775556855526,0.011936151749157712,0.00298620778714194,74.9818211941494,0.040225078741883455,boundary,14985,14990,0.30760459997691214,8.258604399859905,ok,action=handclapping; segment=313-386; raw_frames=386; sampled_frames=24; link_refresh_rmse=0.020933686; p_max=4
Action video,KTH-Action,kth_person02_handwaving_d1_s1,person02_handwaving_d1 seg1,C:\Users\mrkys\workspace\NTD-PL\data\KTH-Action\handwaving\person02_handwaving_d1_uncomp.avi,550x120x160x3,24x72x96x3,"(12,18,18,3)",0,0.03633871302008629,0.03445574268698692,5.181719925134801,0.006513276771217373,0.003144588565601267,51.720329473830674,0.1348804014895328,moderate,14985,14990,0.26650300016626716,8.151011899812147,ok,action=handwaving; segment=1-115; raw_frames=550; sampled_frames=24; link_refresh_rmse=0.03577878; p_max=4
Action video,KTH-Action,kth_person02_handwaving_d1_s2,person02_handwaving_d1 seg2,C:\Users\mrkys\workspace\NTD-PL\data\KTH-Action\handwaving\person02_handwaving_d1_uncomp.avi,550x120x160x3,24x72x96x3,"(12,18,18,3)",0,0.03495050221681595,0.03300018981099129,5.5802128213376445,0.008681100360356093,0.0029701132895737065,65.78644219876436,0.15141619632813721,moderate,14985,14990,0.3255964999552816,8.149106499971822,ok,action=handwaving; segment=222-298; raw_frames=550; sampled_frames=24; link_refresh_rmse=0.03434651; p_max=4
Action video,KTH-Action,kth_person02_handwaving_d1_s3,person02_handwaving_d1 seg3,C:\Users\mrkys\workspace\NTD-PL\data\KTH-Action\handwaving\person02_handwaving_d1_uncomp.avi,550x120x160x3,24x72x96x3,"(12,18,18,3)",0,0.03247292712330818,0.030912479385733604,4.805380591805444,0.0021706384315328562,0.00293150477788718,-35.05265249620671,0.11229564497294575,moderate,14985,14990,0.3028136999346316,8.107935399981216,ok,action=handwaving; segment=320-432; raw_frames=550; sampled_frames=24; link_refresh_rmse=0.032055803; p_max=4
Action video,KTH-Action,kth_person02_handwaving_d1_s4,person02_handwaving_d1 seg4,C:\Users\mrkys\workspace\NTD-PL\data\KTH-Action\handwaving\person02_handwaving_d1_uncomp.avi,550x120x160x3,24x72x96x3,"(12,18,18,3)",0,0.03206907957792282,0.030520211905241013,4.829785241944046,0.0075967380032704234,0.0024964737625584395,67.13755612627817,0.11844334915609837,moderate,14985,14990,0.34433309989981353,8.168934599962085,ok,action=handwaving; segment=433-550; raw_frames=550; sampled_frames=24; link_refresh_rmse=0.031634744; p_max=4
Action video,KTH-Action,kth_person02_handwaving_d2_s1,person02_handwaving_d2 seg1,C:\Users\mrkys\workspace\NTD-PL\data\KTH-Action\handwaving\person02_handwaving_d2_uncomp.avi,440x120x160x3,24x72x96x3,"(12,18,18,3)",0,0.026795927435159683,0.026082655414938927,2.6618672630261435,0.012616065683850602,0.0034584736808230504,72.58674956607014,0.07193565339557004,boundary,14985,14990,0.2665356998331845,7.148905899841338,ok,action=handwaving; segment=1-82; raw_frames=440; sampled_frames=24; link_refresh_rmse=0.026574923; p_max=4
Action video,KTH-Action,kth_person02_handwaving_d2_s2,person02_handwaving_d2 seg2,C:\Users\mrkys\workspace\NTD-PL\data\KTH-Action\handwaving\person02_handwaving_d2_uncomp.avi,440x120x160x3,24x72x96x3,"(12,18,18,3)",0,0.03029663860797882,0.029174383729696274,3.7042224149150123,0.004340822185271328,0.0026296852467475717,39.41965059821495,0.07735957122523644,moderate,14985,14990,0.3094665000680834,7.468395599862561,ok,action=handwaving; segment=83-186; raw_frames=440; sampled_frames=24; link_refresh_rmse=0.030028004; p_max=4
Action video,KTH-Action,kth_person02_handwaving_d2_s3,person02_handwaving_d2 seg3,C:\Users\mrkys\workspace\NTD-PL\data\KTH-Action\handwaving\person02_handwaving_d2_uncomp.avi,440x120x160x3,24x72x96x3,"(12,18,18,3)",0,0.031302206218242645,0.029954412952065468,4.305745278081056,0.01193617470040195,0.0027495078822856404,76.96491588554706,0.10518601789931802,moderate,14985,14990,0.30922260018996894,7.318783700000495,ok,action=handwaving; segment=187-260; raw_frames=440; sampled_frames=24; link_refresh_rmse=0.030925423; p_max=4
Action video,KTH-Action,kth_person02_handwaving_d2_s4,person02_handwaving_d2 seg4,C:\Users\mrkys\workspace\NTD-PL\data\KTH-Action\handwaving\person02_handwaving_d2_uncomp.avi,440x120x160x3,24x72x96x3,"(12,18,18,3)",0,0.03241870179772377,0.031119095161557198,4.008817639507768,0.017361338372057673,0.0031572328362826107,81.81457691439249,0.12128894332808501,moderate,14985,14990,0.2717251998838037,7.4481520999688655,ok,action=handwaving; segment=356-440; raw_frames=440; sampled_frames=24; link_refresh_rmse=0.031969156; p_max=4
Action video,KTH-Action,kth_person02_handwaving_d3_s1,person02_handwaving_d3 seg1,C:\Users\mrkys\workspace\NTD-PL\data\KTH-Action\handwaving\person02_handwaving_d3_uncomp.avi,360x120x160x3,24x72x96x3,"(12,18,18,3)",0,0.03689923137426376,0.03487655892968178,5.481611321564671,0.02387195314023136,0.0027361055789061053,88.538409225113,0.164311060908294,effective,14985,14990,0.3124392998870462,7.3838185002096,ok,action=handwaving; segment=1-86; raw_frames=360; sampled_frames=24; link_refresh_rmse=0.036207769; p_max=4
Action video,KTH-Action,kth_person02_handwaving_d3_s2,person02_handwaving_d3 seg2,C:\Users\mrkys\workspace\NTD-PL\data\KTH-Action\handwaving\person02_handwaving_d3_uncomp.avi,360x120x160x3,24x72x96x3,"(12,18,18,3)",0,0.03467699885368347,0.03293454274535179,5.0248180809527945,0.02821223537583071,0.002413569478558484,91.44495483464532,0.13532798494516993,moderate,14985,14990,0.2557248000521213,7.481411699904129,ok,action=handwaving; segment=87-210; raw_frames=360; sampled_frames=24; link_refresh_rmse=0.034140911; p_max=4
Action video,KTH-Action,kth_person02_handwaving_d3_s3,person02_handwaving_d3 seg3,C:\Users\mrkys\workspace\NTD-PL\data\KTH-Action\handwaving\person02_handwaving_d3_uncomp.avi,360x120x160x3,24x72x96x3,"(12,18,18,3)",0,0.03305116668343544,0.03160441666841507,4.377303920546477,0.011938904399281402,0.0025343635142695002,78.77222708624718,0.09965621148368783,moderate,14985,14990,0.3234435000922531,7.421426500193775,ok,action=handwaving; segment=211-298; raw_frames=360; sampled_frames=24; link_refresh_rmse=0.032674126; p_max=4
Action video,KTH-Action,kth_person02_handwaving_d3_s4,person02_handwaving_d3 seg4,C:\Users\mrkys\workspace\NTD-PL\data\KTH-Action\handwaving\person02_handwaving_d3_uncomp.avi,360x120x160x3,24x72x96x3,"(12,18,18,3)",0,0.029364457353949547,0.028049666434526443,4.477490946197453,0.015191575387547115,0.0022739048241432196,85.03180370610417,0.11415489357295636,moderate,14985,14990,0.34089570003561676,7.418533099815249,ok,action=handwaving; segment=299-360; raw_frames=360; sampled_frames=24; link_refresh_rmse=0.028981058; p_max=4
Action video,KTH-Action,kth_person02_handwaving_d4_s1,person02_handwaving_d4 seg1,C:\Users\mrkys\workspace\NTD-PL\data\KTH-Action\handwaving\person02_handwaving_d4_uncomp.avi,390x120x160x3,24x72x96x3,"(12,18,18,3)",0,0.0283951535820961,0.027506433427333832,3.1298304205074974,0.013369599739322627,0.004393378169714417,67.13904488260313,0.04151627189264522,boundary,14985,14990,0.3194973000790924,7.436134099960327,ok,action=handwaving; segment=1-104; raw_frames=390; sampled_frames=24; link_refresh_rmse=0.028259756; p_max=4
Action video,KTH-Action,kth_person02_handwaving_d4_s2,person02_handwaving_d4 seg2,C:\Users\mrkys\workspace\NTD-PL\data\KTH-Action\handwaving\person02_handwaving_d4_uncomp.avi,390x120x160x3,24x72x96x3,"(12,18,18,3)",0,0.026201384142041206,0.025218689814209938,3.750543568629623,0.014106249852808705,0.004240830149860797,69.93651612503942,0.05520018542221707,boundary,14985,14990,0.2469065000768751,7.426405700156465,ok,action=handwaving; segment=105-204; raw_frames=390; sampled_frames=24; link_refresh_rmse=0.026035398; p_max=4
Action video,KTH-Action,kth_person02_handwaving_d4_s3,person02_handwaving_d4 seg3,C:\Users\mrkys\workspace\NTD-PL\data\KTH-Action\handwaving\person02_handwaving_d4_uncomp.avi,390x120x160x3,24x72x96x3,"(12,18,18,3)",0,0.024472178891301155,0.023307284340262413,4.76007696827034,0.006510834594334514,0.0033074883915048935,49.20023933056222,0.05174596573547518,boundary,14985,14990,0.30557530000805855,7.53133019991219,ok,action=handwaving; segment=205-290; raw_frames=390; sampled_frames=24; link_refresh_rmse=0.02432682; p_max=4
Action video,KTH-Action,kth_person02_handwaving_d4_s4,person02_handwaving_d4 seg4,C:\Users\mrkys\workspace\NTD-PL\data\KTH-Action\handwaving\person02_handwaving_d4_uncomp.avi,390x120x160x3,24x72x96x3,"(12,18,18,3)",0,0.02535642683506012,0.024508565664291382,3.343772276290945,0.019534280071853396,0.0027835374582520444,85.7504988767782,0.03191012198356899,boundary,14985,14990,0.24804159998893738,7.527346499962732,ok,action=handwaving; segment=291-390; raw_frames=390; sampled_frames=24; link_refresh_rmse=0.025263444; p_max=4
Action video,KTH-Action,kth_person02_jogging_d1_s1,person02_jogging_d1 seg1,C:\Users\mrkys\workspace\NTD-PL\data\KTH-Action\jogging\person02_jogging_d1_uncomp.avi,345x120x160x3,24x72x96x3,"(12,18,18,3)",0,0.0431579127907753,0.03914714604616165,9.29323613043428,2.760984757232479e-07,0.0060670541057851945,-2197323.9770402107,0.2886605801482836,effective,14985,14990,0.32270450005307794,7.796952300006524,ok,action=jogging; segment=1-54; raw_frames=345; sampled_frames=24; link_refresh_rmse=0.041747205; p_max=4
Action video,KTH-Action,kth_person02_jogging_d1_s2,person02_jogging_d1 seg2,C:\Users\mrkys\workspace\NTD-PL\data\KTH-Action\jogging\person02_jogging_d1_uncomp.avi,345x120x160x3,24x72x96x3,"(12,18,18,3)",0,0.04041772708296776,0.03649762645363808,9.698963579230146,0.00759573226752111,0.006709566235945281,11.666630686352935,0.2901342446145421,effective,14985,14990,0.28544529993087053,8.14821010013111,ok,action=jogging; segment=112-164; raw_frames=345; sampled_frames=24; link_refresh_rmse=0.039089955; p_max=4
Action video,KTH-Action,kth_person02_jogging_d1_s3,person02_jogging_d1 seg3,C:\Users\mrkys\workspace\NTD-PL\data\KTH-Action\jogging\person02_jogging_d1_uncomp.avi,345x120x160x3,24x72x96x3,"(12,18,18,3)",0,0.042409755289554596,0.03784431144595146,10.765079431447674,0.0043405160545639445,0.007631986296518752,-75.83131131363766,0.3428563035649415,effective,14985,14990,0.26605640002526343,8.093716399976984,ok,action=jogging; segment=185-240; raw_frames=345; sampled_frames=24; link_refresh_rmse=0.040768333; p_max=4
Action video,KTH-Action,kth_person02_jogging_d1_s4,person02_jogging_d1 seg4,C:\Users\mrkys\workspace\NTD-PL\data\KTH-Action\jogging\person02_jogging_d1_uncomp.avi,345x120x160x3,24x72x96x3,"(12,18,18,3)",0,0.041478849947452545,0.03649134188890457,12.02421972852766,0.0032558293516272226,0.007817454077004734,-140.10638251349596,0.3886593562525967,effective,14985,14990,0.3226705000270158,7.873907799832523,ok,action=jogging; segment=294-345; raw_frames=345; sampled_frames=24; link_refresh_rmse=0.039663747; p_max=4
Action video,KTH-Action,kth_person02_jogging_d2_s1,person02_jogging_d2 seg1,C:\Users\mrkys\workspace\NTD-PL\data\KTH-Action\jogging\person02_jogging_d2_uncomp.avi,626x120x160x3,24x72x96x3,"(12,18,18,3)",0,0.03449233993887901,0.032252635806798935,6.493337755712921,0.001085306717090475,0.005039617007927222,-364.3495639129175,0.12369337284830535,moderate,14985,14990,0.3631758999545127,8.117814499884844,ok,action=jogging; segment=1-152; raw_frames=626; sampled_frames=24; link_refresh_rmse=0.034004625; p_max=4
Action video,KTH-Action,kth_person02_jogging_d2_s2,person02_jogging_d2 seg2,C:\Users\mrkys\workspace\NTD-PL\data\KTH-Action\jogging\person02_jogging_d2_uncomp.avi,626x120x160x3,24x72x96x3,"(12,18,18,3)",0,0.037417132407426834,0.033712174743413925,9.901768055527208,2.852189848317151e-07,0.006179635176756868,-2166528.277007218,0.21994039238518315,effective,14985,14990,0.29702970013022423,8.048213699832559,ok,action=jogging; segment=168-290; raw_frames=626; sampled_frames=24; link_refresh_rmse=0.036481567; p_max=4
Action video,KTH-Action,kth_person02_jogging_d2_s3,person02_jogging_d2 seg3,C:\Users\mrkys\workspace\NTD-PL\data\KTH-Action\jogging\person02_jogging_d2_uncomp.avi,626x120x160x3,24x72x96x3,"(12,18,18,3)",0,0.03823072463274002,0.03496750071644783,8.535605714095285,0.008680738220680035,0.006223189321590272,28.310367581816593,0.19864934571205795,effective,14985,14990,0.277740600053221,8.250762899871916,ok,action=jogging; segment=380-492; raw_frames=626; sampled_frames=24; link_refresh_rmse=0.037366297; p_max=4
Action video,KTH-Action,kth_person02_jogging_d2_s4,person02_jogging_d2 seg4,C:\Users\mrkys\workspace\NTD-PL\data\KTH-Action\jogging\person02_jogging_d2_uncomp.avi,626x120x160x3,24x72x96x3,"(12,18,18,3)",0,0.03590357303619385,0.03238332271575928,9.804735358472149,1.0777642589311409e-07,0.006604913944734689,-6128247.539827522,0.1812180684379776,effective,14985,14990,0.25408129999414086,8.359151299810037,ok,action=jogging; segment=512-626; raw_frames=626; sampled_frames=24; link_refresh_rmse=0.035162259; p_max=4
Action video,KTH-Action,kth_person02_jogging_d3_s1,person02_jogging_d3 seg1,C:\Users\mrkys\workspace\NTD-PL\data\KTH-Action\jogging\person02_jogging_d3_uncomp.avi,350x120x160x3,24x72x96x3,"(12,18,18,3)",0,0.04071158170700073,0.03444446623325348,15.393937574942132,0.003255431874543595,0.007830343650250355,-140.53163918068947,0.42664764400877964,effective,14985,14990,0.24208780005574226,8.477621000027284,ok,action=jogging; segment=1-70; raw_frames=350; sampled_frames=24; link_refresh_rmse=0.038760163; p_max=4
Action video,KTH-Action,kth_person02_jogging_d3_s2,person02_jogging_d3 seg2,C:\Users\mrkys\workspace\NTD-PL\data\KTH-Action\jogging\person02_jogging_d3_uncomp.avi,350x120x160x3,24x72x96x3,"(12,18,18,3)",0,0.04439516365528107,0.03815135359764099,14.064167228038448,0.0010853283838652699,0.007307903120510252,-573.3356677251923,0.43279170347525153,effective,14985,14990,0.24051590007729828,8.344735299935564,ok,action=jogging; segment=80-148; raw_frames=350; sampled_frames=24; link_refresh_rmse=0.042237293; p_max=4
Action video,KTH-Action,kth_person02_jogging_d3_s3,person02_jogging_d3 seg3,C:\Users\mrkys\workspace\NTD-PL\data\KTH-Action\jogging\person02_jogging_d3_uncomp.avi,350x120x160x3,24x72x96x3,"(12,18,18,3)",0,0.043746549636125565,0.03742046281695366,14.460767470328383,0.0010852334544131197,0.008261068690709528,-661.2250301643169,0.4102608970534497,effective,14985,14990,0.2670640000142157,8.481120000127703,ok,action=jogging; segment=202-275; raw_frames=350; sampled_frames=24; link_refresh_rmse=0.041728307; p_max=4
Action video,KTH-Action,kth_person02_jogging_d3_s4,person02_jogging_d3 seg4,C:\Users\mrkys\workspace\NTD-PL\data\KTH-Action\jogging\person02_jogging_d3_uncomp.avi,350x120x160x3,24x72x96x3,"(12,18,18,3)",0,0.04226048290729523,0.03663361817598343,13.314719435779233,0.006510794799154008,0.007988717391253498,-22.699572597365933,0.3982293946589008,effective,14985,14990,0.21621729992330074,8.580390600021929,ok,action=jogging; segment=280-350; raw_frames=350; sampled_frames=24; link_refresh_rmse=0.040366676; p_max=4
Action video,KTH-Action,kth_person02_jogging_d4_s1,person02_jogging_d4 seg1,C:\Users\mrkys\workspace\NTD-PL\data\KTH-Action\jogging\person02_jogging_d4_uncomp.avi,324x120x160x3,24x72x96x3,"(12,18,18,3)",0,0.038509078323841095,0.03714082017540932,3.5530794503193417,0.029297209671000475,0.01438829340696145,50.88851952613239,0.04425790150397277,boundary,14985,14990,0.3103883999865502,8.807936100056395,ok,action=jogging; segment=1-72; raw_frames=324; sampled_frames=24; link_refresh_rmse=0.038313359; p_max=4
Action video,KTH-Action,kth_person02_jogging_d4_s2,person02_jogging_d4 seg2,C:\Users\mrkys\workspace\NTD-PL\data\KTH-Action\jogging\person02_jogging_d4_uncomp.avi,324x120x160x3,24x72x96x3,"(12,18,18,3)",0,0.03527446836233139,0.03378487378358841,4.222868969823162,0.03038172954017742,0.007652876437829906,74.81092566600073,0.051467161945355874,boundary,14985,14990,0.26391660002991557,8.737964400090277,ok,action=jogging; segment=82-150; raw_frames=324; sampled_frames=24; link_refresh_rmse=0.035066072; p_max=4
Action video,KTH-Action,kth_person02_jogging_d4_s3,person02_jogging_d4 seg3,C:\Users\mrkys\workspace\NTD-PL\data\KTH-Action\jogging\person02_jogging_d4_uncomp.avi,324x120x160x3,24x72x96x3,"(12,18,18,3)",0,0.04071887955069542,0.038982637226581573,4.263973722440487,0.046661298411434626,0.009542425980522299,79.54959183436725,0.07056835593747997,boundary,14985,14990,0.2822897001169622,8.822265799855813,ok,action=jogging; segment=175-240; raw_frames=324; sampled_frames=24; link_refresh_rmse=0.0403894; p_max=4
Action video,KTH-Action,kth_person02_jogging_d4_s4,person02_jogging_d4 seg4,C:\Users\mrkys\workspace\NTD-PL\data\KTH-Action\jogging\person02_jogging_d4_uncomp.avi,324x120x160x3,24x72x96x3,"(12,18,18,3)",0,0.04095782712101936,0.03928655758500099,4.080464354420511,0.036892640864656795,0.033598567191434815,8.928809637961448,0.059653304048565246,boundary,14985,14990,0.27658859989605844,8.856931200018153,ok,action=jogging; segment=258-324; raw_frames=324; sampled_frames=24; link_refresh_rmse=0.040677499; p_max=4
Action video,KTH-Action,kth_person02_running_d1_s1,person02_running_d1 seg1,C:\Users\mrkys\workspace\NTD-PL\data\KTH-Action\running\person02_running_d1_uncomp.avi,314x120x160x3,24x72x96x3,"(12,18,18,3)",0,0.040613457560539246,0.03652108088135719,10.07640551923429,0.006688276450089403,0.010320542784269084,-54.3079575326335,0.3287911306435827,effective,14985,14990,0.27719289995729923,8.950987699907273,ok,action=running; segment=1-45; raw_frames=314; sampled_frames=24; link_refresh_rmse=0.03910483; p_max=4
Action video,KTH-Action,kth_person02_running_d1_s2,person02_running_d1 seg2,C:\Users\mrkys\workspace\NTD-PL\data\KTH-Action\running\person02_running_d1_uncomp.avi,314x120x160x3,24x72x96x3,"(12,18,18,3)",0,0.04279845207929611,0.03841274231672287,10.247356036259179,0.007596918877741579,0.006073109860624836,20.05825047811676,0.3387562643271961,effective,14985,14990,0.2989286999218166,9.04931339994073,ok,action=running; segment=94-145; raw_frames=314; sampled_frames=24; link_refresh_rmse=0.041161411; p_max=4
Action video,KTH-Action,kth_person02_running_d1_s3,person02_running_d1 seg3,C:\Users\mrkys\workspace\NTD-PL\data\KTH-Action\running\person02_running_d1_uncomp.avi,314x120x160x3,24x72x96x3,"(12,18,18,3)",0,0.04404935985803604,0.03932885453104973,10.716399380603345,0.0021705107451928164,0.0077528502126747,-257.1901327761443,0.36909957316178255,effective,14985,14990,0.28203100012615323,8.997174399904907,ok,action=running; segment=160-212; raw_frames=314; sampled_frames=24; link_refresh_rmse=0.042216733; p_max=4
Action video,KTH-Action,kth_person02_running_d1_s4,person02_running_d1 seg4,C:\Users\mrkys\workspace\NTD-PL\data\KTH-Action\running\person02_running_d1_uncomp.avi,314x120x160x3,24x72x96x3,"(12,18,18,3)",0,0.038695335388183594,0.03419572114944458,11.628311768330253,4.5838031384303916e-07,0.00721724940857632,-1574411.206222457,0.37565686614883304,effective,14985,14990,0.4926235999446362,9.1753356999252,ok,action=running; segment=265-314; raw_frames=314; sampled_frames=24; link_refresh_rmse=0.037057471; p_max=4
Action video,KTH-Action,kth_person02_running_d2_s1,person02_running_d2 seg1,C:\Users\mrkys\workspace\NTD-PL\data\KTH-Action\running\person02_running_d2_uncomp.avi,1492x120x160x3,24x72x96x3,"(12,18,18,3)",0,0.03479737043380737,0.03294829651713371,5.313832320149092,0.0010878661380791888,0.004001003220477745,-267.7845169022534,0.1071869009953802,moderate,14985,14990,0.3501263000071049,9.136598799843341,ok,action=running; segment=1-92; raw_frames=1492; sampled_frames=24; link_refresh_rmse=0.034370597; p_max=4
Action video,KTH-Action,kth_person02_running_d2_s2,person02_running_d2 seg2,C:\Users\mrkys\workspace\NTD-PL\data\KTH-Action\running\person02_running_d2_uncomp.avi,1492x120x160x3,24x72x96x3,"(12,18,18,3)",0,0.04152679815888405,0.037852831184864044,8.84721947491156,2.1603999608050713e-07,0.005730428880796922,-2652385.180874324,0.22741227425835253,effective,14985,14990,0.431018500123173,9.287177700083703,ok,action=running; segment=110-192; raw_frames=1492; sampled_frames=24; link_refresh_rmse=0.040453661; p_max=4
Action video,KTH-Action,kth_person02_running_d2_s3,person02_running_d2 seg3,C:\Users\mrkys\workspace\NTD-PL\data\KTH-Action\running\person02_running_d2_uncomp.avi,1492x120x160x3,24x72x96x3,"(12,18,18,3)",0,0.03502713888883591,0.03262084349989891,6.869802859359283,0.0010851883223626268,0.015298721142801584,-1309.775688471642,0.17761709868082673,effective,14985,14990,0.48355140001513064,9.113847900182009,ok,action=running; segment=882-975; raw_frames=1492; sampled_frames=24; link_refresh_rmse=0.034318145; p_max=4
Action video,KTH-Action,kth_person02_running_d2_s4,person02_running_d2 seg4,C:\Users\mrkys\workspace\NTD-PL\data\KTH-Action\running\person02_running_d2_uncomp.avi,1492x120x160x3,24x72x96x3,"(12,18,18,3)",0,0.032119009643793106,0.029491474851965904,8.18062207075231,1.8875419675140012e-07,0.005575303572054186,-2953637.5422688876,0.17277364501569986,effective,14985,14990,0.3918302000965923,9.147342100040987,ok,action=running; segment=1382-1492; raw_frames=1492; sampled_frames=24; link_refresh_rmse=0.031486433; p_max=4
Action video,KTH-Action,kth_person02_running_d3_s1,person02_running_d3 seg1,C:\Users\mrkys\workspace\NTD-PL\data\KTH-Action\running\person02_running_d3_uncomp.avi,402x120x160x3,24x72x96x3,"(12,18,18,3)",0,0.04291336238384247,0.03789529576897621,11.693482719861716,3.5315812899274713e-07,0.007266585470486753,-2057501.078364527,0.3623973072727953,effective,14985,14990,0.4066163001116365,8.32862940011546,ok,action=running; segment=1-65; raw_frames=402; sampled_frames=24; link_refresh_rmse=0.041159745; p_max=4
Action video,KTH-Action,kth_person02_running_d3_s2,person02_running_d3 seg2,C:\Users\mrkys\workspace\NTD-PL\data\KTH-Action\running\person02_running_d3_uncomp.avi,402x120x160x3,24x72x96x3,"(12,18,18,3)",0,0.04439890384674072,0.03850570321083069,13.273302098296393,0.005425564704215275,0.006735218798374113,-24.138576637770626,0.38999253100956394,effective,14985,14990,0.4043433000333607,8.581987200072035,ok,action=running; segment=132-192; raw_frames=402; sampled_frames=24; link_refresh_rmse=0.042449504; p_max=4
Action video,KTH-Action,kth_person02_running_d3_s3,person02_running_d3 seg3,C:\Users\mrkys\workspace\NTD-PL\data\KTH-Action\running\person02_running_d3_uncomp.avi,402x120x160x3,24x72x96x3,"(12,18,18,3)",0,0.04458358511328697,0.038205478340387344,14.305953091687998,2.9736916422186245e-07,0.010084416401896007,-3391111.1998176724,0.4163827197539898,effective,14985,14990,0.4091960999649018,8.705780199961737,ok,action=running; segment=213-278; raw_frames=402; sampled_frames=24; link_refresh_rmse=0.042496763; p_max=4
Action video,KTH-Action,kth_person02_running_d3_s4,person02_running_d3 seg4,C:\Users\mrkys\workspace\NTD-PL\data\KTH-Action\running\person02_running_d3_uncomp.avi,402x120x160x3,24x72x96x3,"(12,18,18,3)",0,0.0436907596886158,0.03817305713891983,12.628992008883925,0.005425646554582174,0.00684777990964664,-26.211315845176436,0.39703523915772504,effective,14985,14990,0.36937890015542507,8.687821300001815,ok,action=running; segment=342-402; raw_frames=402; sampled_frames=24; link_refresh_rmse=0.041738596; p_max=4
Action video,KTH-Action,kth_person02_running_d4_s1,person02_running_d4 seg1,C:\Users\mrkys\workspace\NTD-PL\data\KTH-Action\running\person02_running_d4_uncomp.avi,300x120x160x3,24x72x96x3,"(12,18,18,3)",0,0.04095490649342537,0.03913307189941406,4.44839153595375,0.07921026096183499,0.009155971594040904,88.44092737119952,0.07856299313271975,moderate,14985,14990,0.29991549998521805,8.623804400209337,ok,action=running; segment=1-62; raw_frames=300; sampled_frames=24; link_refresh_rmse=0.040586144; p_max=4
Action video,KTH-Action,kth_person02_running_d4_s2,person02_running_d4 seg2,C:\Users\mrkys\workspace\NTD-PL\data\KTH-Action\running\person02_running_d4_uncomp.avi,300x120x160x3,24x72x96x3,"(12,18,18,3)",0,0.03335953131318092,0.03238090127706528,2.9335844887274325,0.017361609765028516,0.0061381679060088885,64.64516833932647,0.04350387109754088,boundary,14985,14990,0.3041592000517994,8.596655100118369,ok,action=running; segment=74-134; raw_frames=300; sampled_frames=24; link_refresh_rmse=0.033192866; p_max=4
Action video,KTH-Action,kth_person02_running_d4_s3,person02_running_d4 seg3,C:\Users\mrkys\workspace\NTD-PL\data\KTH-Action\running\person02_running_d4_uncomp.avi,300x120x160x3,24x72x96x3,"(12,18,18,3)",0,0.037966400384902954,0.03642455115914345,4.061088778836696,0.04991355040884023,0.008286948380392895,83.39739747520508,0.059877294724976576,boundary,14985,14990,0.6349919999483973,7.674923700047657,ok,action=running; segment=168-234; raw_frames=300; sampled_frames=24; link_refresh_rmse=0.037705574; p_max=4
Action video,KTH-Action,kth_person02_running_d4_s4,person02_running_d4 seg4,C:\Users\mrkys\workspace\NTD-PL\data\KTH-Action\running\person02_running_d4_uncomp.avi,300x120x160x3,24x72x96x3,"(12,18,18,3)",0,0.0367601215839386,0.03574393317103386,2.7643771813549636,0.06293639320955574,0.007413311401407465,88.22094654086105,0.04073748516308716,boundary,14985,14990,0.29122949996963143,7.401271200040355,ok,action=running; segment=246-300; raw_frames=300; sampled_frames=24; link_refresh_rmse=0.036588117; p_max=4
Action video,KTH-Action,kth_person02_walking_d1_s1,person02_walking_d1 seg1,C:\Users\mrkys\workspace\NTD-PL\data\KTH-Action\walking\person02_walking_d1_uncomp.avi,450x120x160x3,24x72x96x3,"(12,18,18,3)",0,0.04301907494664192,0.03747565299272537,12.88596270559572,2.2433617943808268e-07,0.03437167018888146,-15321401.094908377,0.3158509948452256,effective,14985,14990,0.26443980005569756,7.469768000068143,ok,action=walking; segment=1-72; raw_frames=450; sampled_frames=24; link_refresh_rmse=0.041482843; p_max=4
Action video,KTH-Action,kth_person02_walking_d1_s2,person02_walking_d1 seg2,C:\Users\mrkys\workspace\NTD-PL\data\KTH-Action\walking\person02_walking_d1_uncomp.avi,450x120x160x3,24x72x96x3,"(12,18,18,3)",0,0.03883437067270279,0.033980950713157654,12.49774330180319,2.2987905008743118e-07,0.019533248536201184,-8497085.162707081,0.29242163901061413,effective,14985,14990,0.35089730005711317,7.5393584000412375,ok,action=walking; segment=150-228; raw_frames=450; sampled_frames=24; link_refresh_rmse=0.037548725; p_max=4
Action video,KTH-Action,kth_person02_walking_d1_s3,person02_walking_d1 seg3,C:\Users\mrkys\workspace\NTD-PL\data\KTH-Action\walking\person02_walking_d1_uncomp.avi,450x120x160x3,24x72x96x3,"(12,18,18,3)",0,0.040892597287893295,0.03582538664340973,12.391510885966076,0.004340499191903195,0.06816785628477616,-1470.5072912336227,0.34892619053435536,effective,14985,14990,0.22991760005243123,7.634232900105417,ok,action=walking; segment=230-295; raw_frames=450; sampled_frames=24; link_refresh_rmse=0.039282434; p_max=4
Action video,KTH-Action,kth_person02_walking_d1_s4,person02_walking_d1 seg4,C:\Users\mrkys\workspace\NTD-PL\data\KTH-Action\walking\person02_walking_d1_uncomp.avi,450x120x160x3,24x72x96x3,"(12,18,18,3)",0,0.04289637506008148,0.03823627904057503,10.863612631555545,0.0010859307561434741,0.007332506351446272,-575.2277997435681,0.31022467138541526,effective,14985,14990,0.20669930009171367,7.4942353998776525,ok,action=walking; segment=372-450; raw_frames=450; sampled_frames=24; link_refresh_rmse=0.041391328; p_max=4
Action video,KTH-Action,kth_person02_walking_d2_s1,person02_walking_d2 seg1,C:\Users\mrkys\workspace\NTD-PL\data\KTH-Action\walking\person02_walking_d2_uncomp.avi,1060x120x160x3,24x72x96x3,"(12,18,18,3)",0,0.033877208828926086,0.03157319501042366,6.801073341482436,0.010851307989981752,0.005096047859274351,53.03747839450163,0.1656316303521868,effective,14985,14990,0.2621378998737782,7.70215280004777,ok,action=walking; segment=1-208; raw_frames=1060; sampled_frames=24; link_refresh_rmse=0.033237323; p_max=4
Action video,KTH-Action,kth_person02_walking_d2_s2,person02_walking_d2 seg2,C:\Users\mrkys\workspace\NTD-PL\data\KTH-Action\walking\person02_walking_d2_uncomp.avi,1060x120x160x3,24x72x96x3,"(12,18,18,3)",0,0.03851287066936493,0.03482116386294365,9.58564433722633,0.0021720905732404037,0.0066160372821031516,-204.5930664039072,0.20076897287422624,effective,14985,14990,0.31789190019480884,7.997180300066248,ok,action=walking; segment=292-495; raw_frames=1060; sampled_frames=24; link_refresh_rmse=0.037632879; p_max=4
Action video,KTH-Action,kth_person02_walking_d2_s3,person02_walking_d2 seg3,C:\Users\mrkys\workspace\NTD-PL\data\KTH-Action\walking\person02_walking_d2_uncomp.avi,1060x120x160x3,24x72x96x3,"(12,18,18,3)",0,0.03452388942241669,0.032398682087659836,6.155758723340523,2.8763064400876663e-07,0.0061623011311341905,-2142335.536509236,0.1534984652841107,moderate,14985,14990,0.2974978000856936,8.050695300102234,ok,action=walking; segment=660-856; raw_frames=1060; sampled_frames=24; link_refresh_rmse=0.033919137; p_max=4
Action video,KTH-Action,kth_person02_walking_d2_s4,person02_walking_d2 seg4,C:\Users\mrkys\workspace\NTD-PL\data\KTH-Action\walking\person02_walking_d2_uncomp.avi,1060x120x160x3,24x72x96x3,"(12,18,18,3)",0,0.03672602027654648,0.03401825577020645,7.372877556431635,0.0010852664478013384,0.005283624755222613,-386.85046570146966,0.14792619880833396,moderate,14985,14990,0.24074389995075762,7.884674800094217,ok,action=walking; segment=870-1060; raw_frames=1060; sampled_frames=24; link_refresh_rmse=0.036105849; p_max=4
Action video,KTH-Action,kth_person02_walking_d3_s1,person02_walking_d3 seg1,C:\Users\mrkys\workspace\NTD-PL\data\KTH-Action\walking\person02_walking_d3_uncomp.avi,542x120x160x3,24x72x96x3,"(12,18,18,3)",0,0.042781148105859756,0.0372803770005703,12.85793240442749,0.0065107661086959995,0.007701648125238497,-18.290966019373894,0.42515439939360955,effective,14985,14990,0.24650919996201992,8.09576450008899,ok,action=walking; segment=1-86; raw_frames=542; sampled_frames=24; link_refresh_rmse=0.040737532; p_max=4
Action video,KTH-Action,kth_person02_walking_d3_s2,person02_walking_d3 seg2,C:\Users\mrkys\workspace\NTD-PL\data\KTH-Action\walking\person02_walking_d3_uncomp.avi,542x120x160x3,24x72x96x3,"(12,18,18,3)",0,0.03959900513291359,0.03447099030017853,12.949857743958317,2.644553914346858e-07,0.0770286786119619,-29127186.15365974,0.39909240874056945,effective,14985,14990,0.23600110015831888,8.076323799788952,ok,action=walking; segment=172-258; raw_frames=542; sampled_frames=24; link_refresh_rmse=0.037820708; p_max=4
Action video,KTH-Action,kth_person02_walking_d3_s3,person02_walking_d3 seg3,C:\Users\mrkys\workspace\NTD-PL\data\KTH-Action\walking\person02_walking_d3_uncomp.avi,542x120x160x3,24x72x96x3,"(12,18,18,3)",0,0.04681144654750824,0.03817036747932434,18.459329299756195,0.0010855097485184466,0.022240073597991836,-1948.813806448639,0.48238332222526764,effective,14985,14990,0.295266600092873,7.382342499913648,ok,action=walking; segment=280-372; raw_frames=542; sampled_frames=24; link_refresh_rmse=0.044282578; p_max=4
Action video,KTH-Action,kth_person02_walking_d3_s4,person02_walking_d3 seg4,C:\Users\mrkys\workspace\NTD-PL\data\KTH-Action\walking\person02_walking_d3_uncomp.avi,542x120x160x3,24x72x96x3,"(12,18,18,3)",0,0.043937552720308304,0.037429168820381165,14.812804758055881,0.013021058460332705,0.006708448036144684,48.480009850341496,0.41717789748353395,effective,14985,14990,0.2913294001482427,7.386035799980164,ok,action=walking; segment=458-542; raw_frames=542; sampled_frames=24; link_refresh_rmse=0.041877136; p_max=4
Action video,KTH-Action,kth_person02_walking_d4_s1,person02_walking_d4 seg1,C:\Users\mrkys\workspace\NTD-PL\data\KTH-Action\walking\person02_walking_d4_uncomp.avi,460x120x160x3,24x72x96x3,"(12,18,18,3)",0,0.037053607404232025,0.036343008279800415,1.9177596304710942,3.1389790193659126e-07,0.00595921387109625,-1898356.1012771719,0.02195880373326451,boundary,14985,14990,0.31368010002188385,7.652017800137401,ok,action=walking; segment=1-107; raw_frames=460; sampled_frames=24; link_refresh_rmse=0.03696005; p_max=4
Action video,KTH-Action,kth_person02_walking_d4_s2,person02_walking_d4 seg2,C:\Users\mrkys\workspace\NTD-PL\data\KTH-Action\walking\person02_walking_d4_uncomp.avi,460x120x160x3,24x72x96x3,"(12,18,18,3)",0,0.03683562949299812,0.03548833355307579,3.657589020376135,5.340022910073557e-07,0.006872692229640022,-1286915.4951348987,0.044348037985668984,boundary,14985,14990,0.2757544999476522,7.591682199854404,ok,action=walking; segment=120-210; raw_frames=460; sampled_frames=24; link_refresh_rmse=0.036648035; p_max=4
Action video,KTH-Action,kth_person02_walking_d4_s3,person02_walking_d4 seg3,C:\Users\mrkys\workspace\NTD-PL\data\KTH-Action\walking\person02_walking_d4_uncomp.avi,460x120x160x3,24x72x96x3,"(12,18,18,3)",0,0.043440744280815125,0.0418834425508976,3.5848873118992173,0.02929725201541196,0.05899927439032068,-101.38159838091242,0.049756162171379514,boundary,14985,14990,0.286500999936834,7.700339100090787,ok,action=walking; segment=236-336; raw_frames=460; sampled_frames=24; link_refresh_rmse=0.04319261; p_max=4
Action video,KTH-Action,kth_person02_walking_d4_s4,person02_walking_d4 seg4,C:\Users\mrkys\workspace\NTD-PL\data\KTH-Action\walking\person02_walking_d4_uncomp.avi,460x120x160x3,24x72x96x3,"(12,18,18,3)",0,0.03724223002791405,0.03567127510905266,4.218208516740046,0.021701656967100393,0.013831134076579774,36.266921472642814,0.05844919185398554,boundary,14985,14990,0.22585599985904992,7.64305409998633,ok,action=walking; segment=362-460; raw_frames=460; sampled_frames=24; link_refresh_rmse=0.03699246; p_max=4
Action video,KTH-Action,kth_person03_boxing_d1_s1,person03_boxing_d1 seg1,C:\Users\mrkys\workspace\NTD-PL\data\KTH-Action\boxing\person03_boxing_d1_uncomp.avi,442x120x160x3,24x72x96x3,"(12,18,18,3)",0,0.02620737813413143,0.025746267288923264,1.7594695770334838,2.1980755863799354e-07,0.0020893689018040324,-950444.6103630426,0.04998780621109034,boundary,14985,14990,0.3211546998936683,7.728484800085425,ok,action=boxing; segment=1-108; raw_frames=442; sampled_frames=24; link_refresh_rmse=0.026056986; p_max=4
Action video,KTH-Action,kth_person03_boxing_d1_s2,person03_boxing_d1 seg2,C:\Users\mrkys\workspace\NTD-PL\data\KTH-Action\boxing\person03_boxing_d1_uncomp.avi,442x120x160x3,24x72x96x3,"(12,18,18,3)",0,0.02337481640279293,0.023078475147485733,1.2677800338649476,1.7125659691630854e-07,0.0013677406229489922,-798549.8900345393,0.030491164035502262,boundary,14985,14990,0.343459399882704,7.777375699952245,ok,action=boxing; segment=109-238; raw_frames=442; sampled_frames=24; link_refresh_rmse=0.023292905; p_max=4
Action video,KTH-Action,kth_person03_boxing_d1_s3,person03_boxing_d1 seg3,C:\Users\mrkys\workspace\NTD-PL\data\KTH-Action\boxing\person03_boxing_d1_uncomp.avi,442x120x160x3,24x72x96x3,"(12,18,18,3)",0,0.023106100037693977,0.022795913740992546,1.3424433210079199,1.4739428622987102e-06,0.0017326608262149639,-117452.78108357375,0.03811167410947738,boundary,14985,14990,0.3068924001418054,7.801653299946338,ok,action=boxing; segment=239-340; raw_frames=442; sampled_frames=24; link_refresh_rmse=0.023004938; p_max=4
Action video,KTH-Action,kth_person03_boxing_d1_s4,person03_boxing_d1 seg4,C:\Users\mrkys\workspace\NTD-PL\data\KTH-Action\boxing\person03_boxing_d1_uncomp.avi,442x120x160x3,24x72x96x3,"(12,18,18,3)",0,0.024257812649011612,0.02394082210958004,1.3067564830272849,8.692129757862465e-07,0.0017607005313354665,-202462.61473119693,0.03717314892791061,boundary,14985,14990,0.2970406000968069,7.633240999886766,ok,action=boxing; segment=341-442; raw_frames=442; sampled_frames=24; link_refresh_rmse=0.024154218; p_max=4
Action video,KTH-Action,kth_person03_boxing_d2_s1,person03_boxing_d2 seg1,C:\Users\mrkys\workspace\NTD-PL\data\KTH-Action\boxing\person03_boxing_d2_uncomp.avi,502x120x160x3,24x72x96x3,"(12,18,18,3)",0,0.02702486515045166,0.02665647119283676,1.3631666821055046,1.4324376332320228e-07,0.0019487759318594805,-1360361.2770906042,0.042872170241582394,boundary,14985,14990,0.22586150001734495,7.853879500180483,ok,action=boxing; segment=1-128; raw_frames=502; sampled_frames=24; link_refresh_rmse=0.026891803; p_max=4
Action video,KTH-Action,kth_person03_boxing_d2_s2,person03_boxing_d2 seg2,C:\Users\mrkys\workspace\NTD-PL\data\KTH-Action\boxing\person03_boxing_d2_uncomp.avi,502x120x160x3,24x72x96x3,"(12,18,18,3)",0,0.02834097295999527,0.02791731432080269,1.49486271974712,8.536187859271181e-07,0.002272038024807343,-266065.4197710369,0.05078575421190525,boundary,14985,14990,0.2513853998389095,7.783361200010404,ok,action=boxing; segment=129-225; raw_frames=502; sampled_frames=24; link_refresh_rmse=0.028175749; p_max=4
Action video,KTH-Action,kth_person03_boxing_d2_s3,person03_boxing_d2 seg3,C:\Users\mrkys\workspace\NTD-PL\data\KTH-Action\boxing\person03_boxing_d2_uncomp.avi,502x120x160x3,24x72x96x3,"(12,18,18,3)",0,0.025630200281739235,0.025256890803575516,1.4565218923774514,1.3834222348091767e-07,0.0020312207521151686,-1468157.9916718963,0.04327412919831787,boundary,14985,14990,0.35142840002663434,7.260271199978888,ok,action=boxing; segment=226-352; raw_frames=502; sampled_frames=24; link_refresh_rmse=0.025502825; p_max=4
Action video,KTH-Action,kth_person03_boxing_d2_s4,person03_boxing_d2 seg4,C:\Users\mrkys\workspace\NTD-PL\data\KTH-Action\boxing\person03_boxing_d2_uncomp.avi,502x120x160x3,24x72x96x3,"(12,18,18,3)",0,0.024507815018296242,0.02429301105439663,0.8764712959488682,3.186750502325061e-07,0.0016462606445470816,-516495.3981480401,0.02271360080946135,boundary,14985,14990,0.25016960012726486,7.367544500157237,ok,action=boxing; segment=353-502; raw_frames=502; sampled_frames=24; link_refresh_rmse=0.024443811; p_max=4
Action video,KTH-Action,kth_person03_boxing_d3_s1,person03_boxing_d3 seg1,C:\Users\mrkys\workspace\NTD-PL\data\KTH-Action\boxing\person03_boxing_d3_uncomp.avi,414x120x160x3,24x72x96x3,"(12,18,18,3)",0,0.028053410351276398,0.02758650667965412,1.6643383666222695,0.0014196519047440014,0.0030576129202142263,-115.37765067596555,0.04278359209536417,boundary,14985,14990,0.26087050000205636,7.635930999880657,ok,action=boxing; segment=1-102; raw_frames=414; sampled_frames=24; link_refresh_rmse=0.027915569; p_max=4
Action video,KTH-Action,kth_person03_boxing_d3_s2,person03_boxing_d3 seg2,C:\Users\mrkys\workspace\NTD-PL\data\KTH-Action\boxing\person03_boxing_d3_uncomp.avi,414x120x160x3,24x72x96x3,"(12,18,18,3)",0,0.026987962424755096,0.026635559275746346,1.305779011628918,1.738899741604903e-07,0.0017749380855375605,-1020624.7968760959,0.03315265871423259,boundary,14985,14990,0.2624925998970866,7.543185799848288,ok,action=boxing; segment=103-150; raw_frames=414; sampled_frames=24; link_refresh_rmse=0.02688515; p_max=4
Action video,KTH-Action,kth_person03_boxing_d3_s3,person03_boxing_d3 seg3,C:\Users\mrkys\workspace\NTD-PL\data\KTH-Action\boxing\person03_boxing_d3_uncomp.avi,414x120x160x3,24x72x96x3,"(12,18,18,3)",0,0.028001921251416206,0.02749679423868656,1.803901268753471,8.275237493878392e-07,0.0022323895765711636,-269667.4330461904,0.052743434660068415,boundary,14985,14990,0.23925499990582466,7.45529430010356,ok,action=boxing; segment=180-290; raw_frames=414; sampled_frames=24; link_refresh_rmse=0.0278324; p_max=4
Action video,KTH-Action,kth_person03_boxing_d3_s4,person03_boxing_d3 seg4,C:\Users\mrkys\workspace\NTD-PL\data\KTH-Action\boxing\person03_boxing_d3_uncomp.avi,414x120x160x3,24x72x96x3,"(12,18,18,3)",0,0.028544297441840172,0.028124237433075905,1.471607453713483,2.7287248554498793e-07,0.0021194685569861935,-776624.9060502148,0.03645491932343964,boundary,14985,14990,0.251418000087142,7.669840200105682,ok,action=boxing; segment=291-414; raw_frames=414; sampled_frames=24; link_refresh_rmse=0.028424747; p_max=4
Action video,KTH-Action,kth_person03_boxing_d4_s1,person03_boxing_d4 seg1,C:\Users\mrkys\workspace\NTD-PL\data\KTH-Action\boxing\person03_boxing_d4_uncomp.avi,512x120x160x3,24x72x96x3,"(12,18,18,3)",0,0.02789522334933281,0.026829160749912262,3.821667193950054,0.024960626064685135,0.004796548596152581,80.7835405100722,0.07300028303902988,moderate,14985,14990,0.2883325000293553,8.538620499894023,ok,action=boxing; segment=1-128; raw_frames=512; sampled_frames=24; link_refresh_rmse=0.027661761; p_max=4
Action video,KTH-Action,kth_person03_boxing_d4_s2,person03_boxing_d4 seg2,C:\Users\mrkys\workspace\NTD-PL\data\KTH-Action\boxing\person03_boxing_d4_uncomp.avi,512x120x160x3,24x72x96x3,"(12,18,18,3)",0,0.0262609850615263,0.02512086182832718,4.341509774016281,0.013021222293378334,0.0035696662541963766,72.58578208889303,0.06116621913353039,boundary,14985,14990,0.314726899843663,8.939572500064969,ok,action=boxing; segment=129-284; raw_frames=512; sampled_frames=24; link_refresh_rmse=0.026076704; p_max=4
Action video,KTH-Action,kth_person03_boxing_d4_s3,person03_boxing_d4 seg3,C:\Users\mrkys\workspace\NTD-PL\data\KTH-Action\boxing\person03_boxing_d4_uncomp.avi,512x120x160x3,24x72x96x3,"(12,18,18,3)",0,0.026824958622455597,0.02575298771262169,3.9961698540572743,0.005425980190621466,0.0043748521971045335,19.37213105447297,0.05072020572588543,boundary,14985,14990,0.3187086000107229,8.999604100128636,ok,action=boxing; segment=285-406; raw_frames=512; sampled_frames=24; link_refresh_rmse=0.026668774; p_max=4
Action video,KTH-Action,kth_person03_boxing_d4_s4,person03_boxing_d4 seg4,C:\Users\mrkys\workspace\NTD-PL\data\KTH-Action\boxing\person03_boxing_d4_uncomp.avi,512x120x160x3,24x72x96x3,"(12,18,18,3)",0,0.026590274646878242,0.02546706609427929,4.224132949039774,0.014106980005328527,0.004075313430761496,71.1113687747331,0.05394706336396473,boundary,14985,14990,0.35821740003302693,9.032989399973303,ok,action=boxing; segment=407-512; raw_frames=512; sampled_frames=24; link_refresh_rmse=0.026425637; p_max=4
Action video,KTH-Action,kth_person03_handclapping_d1_s1,person03_handclapping_d1 seg1,C:\Users\mrkys\workspace\NTD-PL\data\KTH-Action\handclapping\person03_handclapping_d1_uncomp.avi,480x120x160x3,24x72x96x3,"(12,18,18,3)",0,0.025287676602602005,0.02483261004090309,1.799558610505518,0.002170330272181331,0.0016986584443997629,21.732721228069387,0.06566002732495273,boundary,14985,14990,0.30967809981666505,8.992722199996933,ok,action=handclapping; segment=1-112; raw_frames=480; sampled_frames=24; link_refresh_rmse=0.025097238; p_max=4
Action video,KTH-Action,kth_person03_handclapping_d1_s2,person03_handclapping_d1 seg2,C:\Users\mrkys\workspace\NTD-PL\data\KTH-Action\handclapping\person03_handclapping_d1_uncomp.avi,480x120x160x3,24x72x96x3,"(12,18,18,3)",0,0.027893519029021263,0.027312304824590683,2.0836890599062357,1.9856957104053097e-07,0.0020415607542912844,-1028033.7385145341,0.06513890380834832,boundary,14985,14990,0.4487538000103086,8.99040749995038,ok,action=handclapping; segment=113-268; raw_frames=480; sampled_frames=24; link_refresh_rmse=0.027685117; p_max=4
Action video,KTH-Action,kth_person03_handclapping_d1_s3,person03_handclapping_d1 seg3,C:\Users\mrkys\workspace\NTD-PL\data\KTH-Action\handclapping\person03_handclapping_d1_uncomp.avi,480x120x160x3,24x72x96x3,"(12,18,18,3)",0,0.025702979415655136,0.025237688794732094,1.8102594776994752,0.004340529600681141,0.001867427458938764,56.9769675422622,0.0604171217239856,boundary,14985,14990,0.4334648000076413,8.017342099919915,ok,action=handclapping; segment=269-385; raw_frames=480; sampled_frames=24; link_refresh_rmse=0.025524816; p_max=4
Action video,KTH-Action,kth_person03_handclapping_d1_s4,person03_handclapping_d1 seg4,C:\Users\mrkys\workspace\NTD-PL\data\KTH-Action\handclapping\person03_handclapping_d1_uncomp.avi,480x120x160x3,24x72x96x3,"(12,18,18,3)",0,0.028332509100437164,0.027683904394507408,2.289259675627346,0.002170285072195383,0.0026273014380642033,-21.057895652690398,0.06854733094200564,boundary,14985,14990,0.3688360000960529,8.046569199999794,ok,action=handclapping; segment=386-480; raw_frames=480; sampled_frames=24; link_refresh_rmse=0.028109794; p_max=4
Action video,KTH-Action,kth_person03_handclapping_d2_s1,person03_handclapping_d2 seg1,C:\Users\mrkys\workspace\NTD-PL\data\KTH-Action\handclapping\person03_handclapping_d2_uncomp.avi,428x120x160x3,24x72x96x3,"(12,18,18,3)",0,0.028951497748494148,0.028325995430350304,2.1605179931541842,0.005426055060331726,0.0022920517464328307,57.75841341549703,0.08082737705242277,moderate,14985,14990,0.27844260004349053,8.008394200121984,ok,action=handclapping; segment=1-115; raw_frames=428; sampled_frames=24; link_refresh_rmse=0.028683336; p_max=4
Action video,KTH-Action,kth_person03_handclapping_d2_s2,person03_handclapping_d2 seg2,C:\Users\mrkys\workspace\NTD-PL\data\KTH-Action\handclapping\person03_handclapping_d2_uncomp.avi,428x120x160x3,24x72x96x3,"(12,18,18,3)",0,0.02614631876349449,0.025699544697999954,1.7087455772868632,0.005425528192121575,0.0021783383489562803,59.850206803469355,0.06427067550963957,boundary,14985,14990,0.3063596000429243,8.010965100023896,ok,action=handclapping; segment=116-227; raw_frames=428; sampled_frames=24; link_refresh_rmse=0.025953565; p_max=4
Action video,KTH-Action,kth_person03_handclapping_d2_s3,person03_handclapping_d2 seg3,C:\Users\mrkys\workspace\NTD-PL\data\KTH-Action\handclapping\person03_handclapping_d2_uncomp.avi,428x120x160x3,24x72x96x3,"(12,18,18,3)",0,0.03061937540769577,0.029874609783291817,2.432334476087212,0.004340888887733576,0.003084896160813624,28.933998528944592,0.09277672159767851,moderate,14985,14990,0.24167220015078783,8.179591899970546,ok,action=handclapping; segment=228-314; raw_frames=428; sampled_frames=24; link_refresh_rmse=0.030294061; p_max=4
Action video,KTH-Action,kth_person03_handclapping_d2_s4,person03_handclapping_d2 seg4,C:\Users\mrkys\workspace\NTD-PL\data\KTH-Action\handclapping\person03_handclapping_d2_uncomp.avi,428x120x160x3,24x72x96x3,"(12,18,18,3)",0,0.026862923055887222,0.026271095499396324,2.2031390822943018,0.006511195992911439,0.0019961497133802702,69.34281020639797,0.08319603150474417,moderate,14985,14990,0.33455489994958043,7.935290100052953,ok,action=handclapping; segment=315-428; raw_frames=428; sampled_frames=24; link_refresh_rmse=0.02660685; p_max=4
Action video,KTH-Action,kth_person03_handclapping_d3_s1,person03_handclapping_d3 seg1,C:\Users\mrkys\workspace\NTD-PL\data\KTH-Action\handclapping\person03_handclapping_d3_uncomp.avi,460x120x160x3,24x72x96x3,"(12,18,18,3)",0,0.03026183694601059,0.029513413086533546,2.4731607034043837,0.0010853597558151925,0.0026911069436386104,-147.94607771479167,0.08784155053207043,moderate,14985,14990,0.32995010004378855,7.713963499991223,ok,action=handclapping; segment=1-142; raw_frames=460; sampled_frames=24; link_refresh_rmse=0.029957337; p_max=4
Action video,KTH-Action,kth_person03_handclapping_d3_s2,person03_handclapping_d3 seg2,C:\Users\mrkys\workspace\NTD-PL\data\KTH-Action\handclapping\person03_handclapping_d3_uncomp.avi,460x120x160x3,24x72x96x3,"(12,18,18,3)",0,0.029512565582990646,0.0288066565990448,2.391892978469795,0.003255397914442,0.002541224332190737,21.93813478478184,0.08860225759287432,moderate,14985,14990,0.20638950006105006,7.902867999859154,ok,action=handclapping; segment=143-228; raw_frames=460; sampled_frames=24; link_refresh_rmse=0.029213047; p_max=4
Action video,KTH-Action,kth_person03_handclapping_d3_s3,person03_handclapping_d3 seg3,C:\Users\mrkys\workspace\NTD-PL\data\KTH-Action\handclapping\person03_handclapping_d3_uncomp.avi,460x120x160x3,24x72x96x3,"(12,18,18,3)",0,0.02924591489136219,0.02841336838901043,2.8467104053484555,0.005425594222657268,0.0024679106783570205,54.51354124399809,0.11554168777696419,moderate,14985,14990,0.24173190002329648,7.841233700048178,ok,action=handclapping; segment=229-345; raw_frames=460; sampled_frames=24; link_refresh_rmse=0.028859455; p_max=4
Action video,KTH-Action,kth_person03_handclapping_d3_s4,person03_handclapping_d3 seg4,C:\Users\mrkys\workspace\NTD-PL\data\KTH-Action\handclapping\person03_handclapping_d3_uncomp.avi,460x120x160x3,24x72x96x3,"(12,18,18,3)",0,0.029273411259055138,0.02841493859887123,2.932602055110183,0.005425703394878878,0.003020671250943303,44.32664244428836,0.12372599780961807,moderate,14985,14990,0.25504279998131096,7.923397500067949,ok,action=handclapping; segment=346-460; raw_frames=460; sampled_frames=24; link_refresh_rmse=0.028859382; p_max=4
Action video,KTH-Action,kth_person03_handclapping_d4_s1,person03_handclapping_d4 seg1,C:\Users\mrkys\workspace\NTD-PL\data\KTH-Action\handclapping\person03_handclapping_d4_uncomp.avi,432x120x160x3,24x72x96x3,"(12,18,18,3)",0,0.027867328375577927,0.026571916416287422,4.648497128363994,0.010851045619623802,0.004804336751651916,55.724665437186886,0.06333635959927383,boundary,14985,14990,0.2850470000412315,8.094009599881247,ok,action=handclapping; segment=1-112; raw_frames=432; sampled_frames=24; link_refresh_rmse=0.027664863; p_max=4
Action video,KTH-Action,kth_person03_handclapping_d4_s2,person03_handclapping_d4 seg2,C:\Users\mrkys\workspace\NTD-PL\data\KTH-Action\handclapping\person03_handclapping_d4_uncomp.avi,432x120x160x3,24x72x96x3,"(12,18,18,3)",0,0.027047717943787575,0.0259272251278162,4.142651954224233,0.020616835354900352,0.0047261453049201535,77.0762814779097,0.05621007718749001,boundary,14985,14990,0.3054873999208212,8.143306799931452,ok,action=handclapping; segment=113-230; raw_frames=432; sampled_frames=24; link_refresh_rmse=0.026873246; p_max=4
Action video,KTH-Action,kth_person03_handclapping_d4_s3,person03_handclapping_d4 seg3,C:\Users\mrkys\workspace\NTD-PL\data\KTH-Action\handclapping\person03_handclapping_d4_uncomp.avi,432x120x160x3,24x72x96x3,"(12,18,18,3)",0,0.025290150195360184,0.024177784100174904,4.398416326484918,0.02170235185987969,0.00323733189688803,85.08303654005002,0.044205955279922174,boundary,14985,14990,0.4286803000140935,8.80487610003911,ok,action=handclapping; segment=231-346; raw_frames=432; sampled_frames=24; link_refresh_rmse=0.025161766; p_max=4
Action video,KTH-Action,kth_person03_handclapping_d4_s4,person03_handclapping_d4 seg4,C:\Users\mrkys\workspace\NTD-PL\data\KTH-Action\handclapping\person03_handclapping_d4_uncomp.avi,432x120x160x3,24x72x96x3,"(12,18,18,3)",0,0.02315564453601837,0.021843576803803444,5.66629760693562,0.019532326921036073,0.0029261725236979516,85.01882271616856,0.055553738663160365,boundary,14985,14990,0.3251970000565052,8.875461100134999,ok,action=handclapping; segment=347-432; raw_frames=432; sampled_frames=24; link_refresh_rmse=0.023008017; p_max=4
Action video,KTH-Action,kth_person03_handwaving_d1_s1,person03_handwaving_d1 seg1,C:\Users\mrkys\workspace\NTD-PL\data\KTH-Action\handwaving\person03_handwaving_d1_uncomp.avi,570x120x160x3,24x72x96x3,"(12,18,18,3)",0,0.02867828868329525,0.02762443572282791,3.674741446762808,0.01085084603705646,0.002568696553520403,76.32722328979592,0.12048996379268573,moderate,14985,14990,0.3510016999207437,8.972918099956587,ok,action=handwaving; segment=1-134; raw_frames=570; sampled_frames=24; link_refresh_rmse=0.028283212; p_max=4
Action video,KTH-Action,kth_person03_handwaving_d1_s2,person03_handwaving_d1 seg2,C:\Users\mrkys\workspace\NTD-PL\data\KTH-Action\handwaving\person03_handwaving_d1_uncomp.avi,570x120x160x3,24x72x96x3,"(12,18,18,3)",0,0.028169866651296616,0.027311742305755615,3.0462492285227136,0.008680850460887927,0.0023738852078626334,72.65377144142374,0.09445272853759935,moderate,14985,14990,0.32280860003083944,8.919299900066108,ok,action=handwaving; segment=135-266; raw_frames=570; sampled_frames=24; link_refresh_rmse=0.027865199; p_max=4
Action video,KTH-Action,kth_person03_handwaving_d1_s3,person03_handwaving_d1 seg3,C:\Users\mrkys\workspace\NTD-PL\data\KTH-Action\handwaving\person03_handwaving_d1_uncomp.avi,570x120x160x3,24x72x96x3,"(12,18,18,3)",0,0.027687225490808487,0.026921462267637253,2.7657636675276462,0.001085455356202704,0.0023169853793013587,-113.45745507276966,0.06491193283950043,boundary,14985,14990,0.2506878999993205,8.933350700186566,ok,action=handwaving; segment=267-400; raw_frames=570; sampled_frames=24; link_refresh_rmse=0.027481083; p_max=4
Action video,KTH-Action,kth_person03_handwaving_d1_s4,person03_handwaving_d1 seg4,C:\Users\mrkys\workspace\NTD-PL\data\KTH-Action\handwaving\person03_handwaving_d1_uncomp.avi,570x120x160x3,24x72x96x3,"(12,18,18,3)",0,0.027164874598383904,0.0264181736856699,2.748773641526132,0.006510663318932473,0.002191407318517151,66.34125877551189,0.0824941443841761,moderate,14985,14990,0.3933927998878062,8.767942399950698,ok,action=handwaving; segment=401-570; raw_frames=570; sampled_frames=24; link_refresh_rmse=0.026908098; p_max=4
Action video,KTH-Action,kth_person03_handwaving_d2_s1,person03_handwaving_d2 seg1,C:\Users\mrkys\workspace\NTD-PL\data\KTH-Action\handwaving\person03_handwaving_d2_uncomp.avi,455x120x160x3,24x72x96x3,"(12,18,18,3)",0,0.03175682947039604,0.030271075665950775,4.678533182383013,0.0010857024159984163,0.003603427813008877,-231.89829550993034,0.14460246106596833,moderate,14985,14990,0.36438239994458854,7.74960820004344,ok,action=handwaving; segment=1-130; raw_frames=455; sampled_frames=24; link_refresh_rmse=0.031232519; p_max=4
Action video,KTH-Action,kth_person03_handwaving_d2_s2,person03_handwaving_d2 seg2,C:\Users\mrkys\workspace\NTD-PL\data\KTH-Action\handwaving\person03_handwaving_d2_uncomp.avi,455x120x160x3,24x72x96x3,"(12,18,18,3)",0,0.030241405591368675,0.029367921873927116,2.8883701017219368,0.004340705430869745,0.0024601560629276785,43.323588709065234,0.09536013924219841,moderate,14985,14990,0.2651272998191416,7.657389299944043,ok,action=handwaving; segment=131-254; raw_frames=455; sampled_frames=24; link_refresh_rmse=0.029911209; p_max=4
Action video,KTH-Action,kth_person03_handwaving_d2_s3,person03_handwaving_d2 seg3,C:\Users\mrkys\workspace\NTD-PL\data\KTH-Action\handwaving\person03_handwaving_d2_uncomp.avi,455x120x160x3,24x72x96x3,"(12,18,18,3)",0,0.03075684979557991,0.029814012348651886,3.0654551854121292,0.00868088485968023,0.00293187787425149,66.2260481316937,0.10211457885253603,moderate,14985,14990,0.2558246999979019,7.59886460006237,ok,action=handwaving; segment=255-335; raw_frames=455; sampled_frames=24; link_refresh_rmse=0.030397378; p_max=4
Action video,KTH-Action,kth_person03_handwaving_d2_s4,person03_handwaving_d2 seg4,C:\Users\mrkys\workspace\NTD-PL\data\KTH-Action\handwaving\person03_handwaving_d2_uncomp.avi,455x120x160x3,24x72x96x3,"(12,18,18,3)",0,0.02964196167886257,0.02854292467236519,3.707706724690549,0.0032555014538221323,0.0025590868465981474,21.391930463012297,0.12267941809189412,moderate,14985,14990,0.24724970012903214,7.795246500056237,ok,action=handwaving; segment=336-455; raw_frames=455; sampled_frames=24; link_refresh_rmse=0.029226242; p_max=4
Action video,KTH-Action,kth_person03_handwaving_d3_s1,person03_handwaving_d3 seg1,C:\Users\mrkys\workspace\NTD-PL\data\KTH-Action\handwaving\person03_handwaving_d3_uncomp.avi,492x120x160x3,24x72x96x3,"(12,18,18,3)",0,0.03393284231424332,0.03264332562685013,3.8002023981702044,0.0108335112558253,0.010825493219129527,0.07401143088730378,0.10806086340516685,moderate,14985,14990,0.25480370013974607,7.690881100017577,ok,action=handwaving; segment=1-136; raw_frames=492; sampled_frames=24; link_refresh_rmse=0.0335133; p_max=4
Action video,KTH-Action,kth_person03_handwaving_d3_s2,person03_handwaving_d3 seg2,C:\Users\mrkys\workspace\NTD-PL\data\KTH-Action\handwaving\person03_handwaving_d3_uncomp.avi,492x120x160x3,24x72x96x3,"(12,18,18,3)",0,0.03431909531354904,0.032849252223968506,4.282872482947555,2.928982751145743e-07,0.002940599055068316,-1003865.9857737398,0.12308473698597998,moderate,14985,14990,0.24224369996227324,7.579424900002778,ok,action=handwaving; segment=137-275; raw_frames=492; sampled_frames=24; link_refresh_rmse=0.033836201; p_max=4
Action video,KTH-Action,kth_person03_handwaving_d3_s3,person03_handwaving_d3 seg3,C:\Users\mrkys\workspace\NTD-PL\data\KTH-Action\handwaving\person03_handwaving_d3_uncomp.avi,492x120x160x3,24x72x96x3,"(12,18,18,3)",0,0.0331123024225235,0.03158629313111305,4.608587080228015,4.161185300689508e-07,0.003232472902895632,-776715.4190009302,0.12069555653891491,moderate,14985,14990,0.3254812001250684,7.579421499976888,ok,action=handwaving; segment=276-405; raw_frames=492; sampled_frames=24; link_refresh_rmse=0.032655369; p_max=4
Action video,KTH-Action,kth_person03_handwaving_d3_s4,person03_handwaving_d3 seg4,C:\Users\mrkys\workspace\NTD-PL\data\KTH-Action\handwaving\person03_handwaving_d3_uncomp.avi,492x120x160x3,24x72x96x3,"(12,18,18,3)",0,0.03213752061128616,0.030809951946139336,4.1308994592464225,4.2514801436807463e-07,0.003017111410565235,-709561.4140488849,0.10717246854603879,moderate,14985,14990,0.3081143000163138,7.310214699944481,ok,action=handwaving; segment=406-492; raw_frames=492; sampled_frames=24; link_refresh_rmse=0.031743422; p_max=4
Action video,KTH-Action,kth_person03_handwaving_d4_s1,person03_handwaving_d4 seg1,C:\Users\mrkys\workspace\NTD-PL\data\KTH-Action\handwaving\person03_handwaving_d4_uncomp.avi,585x120x160x3,24x72x96x3,"(12,18,18,3)",0,0.03323855623602867,0.03167051076889038,4.717549871912366,0.0325525600655592,0.006042734285792202,81.43699213326865,0.07676315081125472,moderate,14985,14990,0.31270840018987656,7.3126445999369025,ok,action=handwaving; segment=1-128; raw_frames=585; sampled_frames=24; link_refresh_rmse=0.032946099; p_max=4
Action video,KTH-Action,kth_person03_handwaving_d4_s2,person03_handwaving_d4 seg2,C:\Users\mrkys\workspace\NTD-PL\data\KTH-Action\handwaving\person03_handwaving_d4_uncomp.avi,585x120x160x3,24x72x96x3,"(12,18,18,3)",0,0.03284203261137009,0.03143749013543129,4.276661230317812,0.03146728754866309,0.0061436978727505125,80.47592165912141,0.05958960516653648,boundary,14985,14990,0.272269600071013,7.2936331001110375,ok,action=handwaving; segment=214-340; raw_frames=585; sampled_frames=24; link_refresh_rmse=0.032617491; p_max=4
Action video,KTH-Action,kth_person03_handwaving_d4_s3,person03_handwaving_d4 seg3,C:\Users\mrkys\workspace\NTD-PL\data\KTH-Action\handwaving\person03_handwaving_d4_uncomp.avi,585x120x160x3,24x72x96x3,"(12,18,18,3)",0,0.03295081481337547,0.03164190426468849,3.9723161812546897,0.03472456346974625,0.006252560468244543,81.99383996953026,0.06337572415271558,boundary,14985,14990,0.2840110999532044,7.157059999881312,ok,action=handwaving; segment=341-465; raw_frames=585; sampled_frames=24; link_refresh_rmse=0.032711267; p_max=4
Action video,KTH-Action,kth_person03_handwaving_d4_s4,person03_handwaving_d4 seg4,C:\Users\mrkys\workspace\NTD-PL\data\KTH-Action\handwaving\person03_handwaving_d4_uncomp.avi,585x120x160x3,24x72x96x3,"(12,18,18,3)",0,0.03283000737428665,0.03156685084104538,3.847567010388826,0.02604232777807106,0.004529231061883438,82.60819424253897,0.050266202411127635,boundary,14985,14990,0.25406569987535477,7.161584600107744,ok,action=handwaving; segment=466-585; raw_frames=585; sampled_frames=24; link_refresh_rmse=0.032640565; p_max=4
