domain,dataset,unit_id,unit_label,shape,rank,seed,tucker_rmse,ntdpl_rmse,rmse_gain_pct,tucker_sam,ntdpl_sam,sam_gain_pct,d_link_db,diagnostic_label,tucker_params,ntdpl_params,runtime_tucker,runtime_ntdpl,status,notes
Natural images,CBSD68,cbsd68_001,104010,96x96x3,"(32,32,3)",0,0.04503308981657028,0.043649785220623016,3.0717514644937105,2.5956641335023267,2.5255878375557836,2.699744356061553,0.06579179662171478,moderate,9225,9230,0.020709799835458398,0.21228610002435744,ok,link_refresh_rmse=0.044693273; p_max=4
Natural images,CBSD68,cbsd68_002,107014,96x96x3,"(32,32,3)",0,0.0321647971868515,0.03204880282282829,0.3606251994979947,1.6926380399279206,1.698524159834038,-0.3477482939215977,0.006033004022064245,boundary,9225,9230,0.02459160005673766,0.22951199999079108,ok,link_refresh_rmse=0.032142464; p_max=4
Natural images,CBSD68,cbsd68_003,118015,96x96x3,"(32,32,3)",0,0.049580369144678116,0.04535241797566414,8.527470129713222,4.303018873335675,3.7904749853513837,11.911262838291249,0.11181651217739735,effective,9225,9230,0.02051880001090467,0.22438979987055063,ok,link_refresh_rmse=0.048946194; p_max=4
Natural images,CBSD68,cbsd68_004,207049,96x96x3,"(32,32,3)",0,0.055445414036512375,0.05256321653723717,5.1982612978184255,4.3962121691429905,4.421174876446454,-0.5678230791197136,0.05266387305607709,boundary,9225,9230,0.021909600123763084,0.22062439983710647,ok,link_refresh_rmse=0.055110257; p_max=4
Natural images,CBSD68,cbsd68_005,226060,96x96x3,"(32,32,3)",0,0.03819349408149719,0.035772860050201416,6.3378177082479885,2.493280145481755,2.50644448654654,-0.5279928566647853,0.08083936652488094,moderate,9225,9230,0.018359399866312742,0.19079219992272556,ok,link_refresh_rmse=0.037839677; p_max=4
Natural images,CBSD68,cbsd68_006,28083,96x96x3,"(32,32,3)",0,0.02686637081205845,0.025765983387827873,4.095779932199432,2.05529092041026,2.0201286918484302,1.7108151557839224,0.018875748166857106,boundary,9225,9230,0.026317000156268477,0.24303640006110072,ok,link_refresh_rmse=0.02680805; p_max=4
Natural images,CBSD68,cbsd68_007,29030,96x96x3,"(32,32,3)",0,0.03792494535446167,0.035109009593725204,7.4250225924325175,5.0070728580508375,4.469240248030446,10.741457639379345,0.08721595958294165,effective,9225,9230,0.026085600024089217,0.2230068000499159,ok,link_refresh_rmse=0.037546042; p_max=4
Natural images,CBSD68,cbsd68_008,368037,96x96x3,"(32,32,3)",0,0.04817746952176094,0.04133955016732216,14.193189103363368,4.675588063314133,3.2009938226926096,31.538155642742975,0.2053214302788149,effective,9225,9230,0.01885459991171956,0.24439599993638694,ok,link_refresh_rmse=0.047051981; p_max=4
Natural images,CBSD68,cbsd68_009,388006,96x96x3,"(32,32,3)",0,0.05230330303311348,0.04984971508383751,4.691076484639205,3.5265772987575104,3.3765262107302654,4.254864570248077,0.0734801961482842,moderate,9225,9230,0.024689400102943182,0.2234662000555545,ok,link_refresh_rmse=0.051862698; p_max=4
Natural images,CBSD68,cbsd68_010,41029,96x96x3,"(32,32,3)",0,0.03498915582895279,0.03236398100852966,7.502824112866563,1.4682986437818728,1.6689739983742184,-13.667202884249038,0.0519727574581928,boundary,9225,9230,0.02262579998932779,0.2325091001112014,ok,link_refresh_rmse=0.03478042; p_max=4
Natural images,CBSD68,cbsd68_011,41096,96x96x3,"(32,32,3)",0,0.04093097522854805,0.039193324744701385,4.245319038073417,3.1380713263766813,3.0040315802883257,4.271405336191711,0.0771478274429298,moderate,9225,9230,0.012590399943292141,0.23615209991112351,ok,link_refresh_rmse=0.040569037; p_max=4
Natural images,CBSD68,cbsd68_012,48017,96x96x3,"(32,32,3)",0,0.048957761377096176,0.04078775271773338,16.687872217917533,7.322937874163218,6.868605436978704,6.204237219975451,0.340826599367465,effective,9225,9230,0.01250479998998344,0.22332730004563928,ok,link_refresh_rmse=0.047073904; p_max=4
Natural images,CBSD68,cbsd68_013,48025,96x96x3,"(32,32,3)",0,0.02748442068696022,0.026182055473327637,4.738557994240283,1.9450718655535206,1.8139395243569933,6.741773582705653,0.030421715046975006,boundary,9225,9230,0.019882499938830733,0.2275884998962283,ok,link_refresh_rmse=0.027388327; p_max=4
Natural images,CBSD68,cbsd68_014,71076,96x96x3,"(32,32,3)",0,0.035984188318252563,0.03551498427987099,1.3039172489645354,2.070788032883113,2.0238100475877223,2.268604248691945,0.01969349860414779,boundary,9225,9230,0.029908800031989813,0.23274740017950535,ok,link_refresh_rmse=0.035902694; p_max=4
Natural images,CBSD68,cbsd68_015,79073,96x96x3,"(32,32,3)",0,0.05998140573501587,0.055520862340927124,7.43654360785475,7.186537810195353,6.59307425841561,8.25798969481259,0.11317173856310483,effective,9225,9230,0.019963900092989206,0.23008679994381964,ok,link_refresh_rmse=0.059204955; p_max=4
Natural images,CBSD68,cbsd68_016,8068,96x96x3,"(32,32,3)",0,0.027150966227054596,0.02298482321202755,15.344363733455978,2.6969655498594247,3.049144433193889,-13.058338225819046,0.1748362480468193,effective,9225,9230,0.02065489999949932,0.22874789987690747,ok,link_refresh_rmse=0.026609914; p_max=4
Natural images,CIFAR-10,cifar10_test_00011,class9_test11,32x32x3,"(20,20,3)",0,0.010616999119520187,0.010227725841104984,3.666509472525938,0.8409501338272597,0.8137045716466089,3.239854669699988,0.005382387010165157,boundary,2489,2494,0.005621699849143624,0.08717949991114438,ok,link_refresh_rmse=0.010610422; p_max=4
Natural images,CIFAR-10,cifar10_test_00015,class8_test15,32x32x3,"(20,20,3)",0,0.012716323137283325,0.012331904843449593,3.023030239823384,1.0264928349940807,0.999594474926346,2.6204138159317814,0.015099182542487615,moderate,2489,2494,0.0030555000994354486,0.09419630002230406,ok,link_refresh_rmse=0.012694237; p_max=4
Natural images,CIFAR-10,cifar10_test_00021,class0_test21,32x32x3,"(20,20,3)",0,0.0009441477595828474,0.001013685599900782,-7.365143814847228,0.1852718737497636,0.22598932595278073,-21.977136291076725,-0.01633807117354957,boundary,2489,2494,0.008596899919211864,0.12229410000145435,ok,link_refresh_rmse=0.00094592536; p_max=4
Natural images,CIFAR-10,cifar10_test_00030,class6_test30,32x32x3,"(20,20,3)",0,0.012185041792690754,0.011896501295268536,2.3679893949588298,1.4057169995776744,1.378003152098653,1.971509733989663,0.025559644964386896,moderate,2489,2494,0.005528399953618646,0.08928080019541085,ok,link_refresh_rmse=0.012149238; p_max=4
Natural images,CIFAR-10,cifar10_test_00038,class9_test38,32x32x3,"(20,20,3)",0,0.013086039572954178,0.012456097640097141,4.8138470722569195,0.911521306166323,0.8820314068857882,3.2352397120110603,0.015687177628200714,moderate,2489,2494,0.003535500029101968,0.11190320015884936,ok,link_refresh_rmse=0.013062427; p_max=4
Natural images,CIFAR-10,cifar10_test_00039,class5_test39,32x32x3,"(20,20,3)",0,0.008251570165157318,0.008055754005908966,2.3730775516543012,0.5484962149052557,0.5408621199948105,1.391822715087263,0.009023837039859832,boundary,2489,2494,0.004237800138071179,0.09683940000832081,ok,link_refresh_rmse=0.008243002; p_max=4
Natural images,CIFAR-10,cifar10_test_00040,class4_test40,32x32x3,"(20,20,3)",0,0.007981236092746258,0.007195939775556326,9.83928188646929,0.6442261576874011,0.6391873809778357,0.7821440730772691,0.03158986407966299,effective,2489,2494,0.006633599987253547,0.09639850002713501,ok,link_refresh_rmse=0.0079522617; p_max=4
Natural images,CIFAR-10,cifar10_test_00041,class6_test41,32x32x3,"(20,20,3)",0,0.012143457308411598,0.011411871761083603,6.024524389946482,2.90053274757291,2.867044169668766,1.1545664475660964,0.06171906723159245,effective,2489,2494,0.004666100023314357,0.09359820000827312,ok,link_refresh_rmse=0.012057476; p_max=4
Natural images,CIFAR-10,cifar10_test_00052,class0_test52,32x32x3,"(20,20,3)",0,0.00875389575958252,0.008305485360324383,5.1224096285048955,0.9894908373914599,0.9858710864633347,0.3658195499483174,0.047643306170430534,effective,2489,2494,0.002705599879845977,0.09906270005740225,ok,link_refresh_rmse=0.0087060109; p_max=4
Natural images,CIFAR-10,cifar10_test_00090,class0_test90,32x32x3,"(20,20,3)",0,0.0035647305194288492,0.003546905005350709,0.5000522194030058,0.2840594965337061,0.28028386550398454,1.3291690916144214,-0.0003971145992578821,boundary,2489,2494,0.002897900063544512,0.10583569994196296,ok,link_refresh_rmse=0.0035648935; p_max=4
Natural images,CIFAR-10,cifar10_test_00092,class8_test92,32x32x3,"(20,20,3)",0,0.006997501477599144,0.006824554409831762,2.471554573029117,0.3767075664715082,0.3730289902507473,0.9765071233415543,0.0064120088982316335,boundary,2489,2494,0.005319199990481138,0.10355330002494156,ok,link_refresh_rmse=0.0069923378; p_max=4
Natural images,CIFAR-10,cifar10_test_00106,class3_test106,32x32x3,"(20,20,3)",0,0.00980993453413248,0.00924300029873848,5.779184697119251,0.8962270539512451,0.8494839894725883,5.215538213511647,0.0387298934822287,effective,2489,2494,0.004366700071841478,0.09365850011818111,ok,link_refresh_rmse=0.00976629; p_max=4
Natural images,CIFAR-10,cifar10_test_00120,class8_test120,32x32x3,"(20,20,3)",0,0.0019827254582196474,0.002079459372907877,-4.878835558761122,9.912492487653443e-07,0.0013776847707687827,-138884.69759092026,-0.013991017855805976,boundary,2489,2494,0.002771100029349327,0.07416829979047179,ok,link_refresh_rmse=0.0019859218; p_max=4
Natural images,CIFAR-10,cifar10_test_00124,class8_test124,32x32x3,"(20,20,3)",0,0.0027974506374448538,0.0028291400521993637,-1.1327962084598042,0.18398673470452032,0.18379013955052564,0.10685289584077927,-0.0033739489700639292,boundary,2489,2494,0.0026170997880399227,0.08121059997938573,ok,link_refresh_rmse=0.0027985375; p_max=4
Natural images,CIFAR-10,cifar10_test_00137,class7_test137,32x32x3,"(20,20,3)",0,0.010797169990837574,0.010495520196855068,2.7937857256900127,0.6424745373316033,0.6236206271910549,2.934577021348509,0.01636995643294088,moderate,2489,2494,0.0028263998683542013,0.09759990009479225,ok,link_refresh_rmse=0.01077684; p_max=4
Natural images,CIFAR-10,cifar10_test_00139,class9_test139,32x32x3,"(20,20,3)",0,0.0034775405656546354,0.0034895550925284624,-0.34548919407257256,0.2830109814655463,0.27993949132661294,1.0852900912282435,0.00023145741553257478,boundary,2489,2494,0.00583899999037385,0.0992319998331368,ok,link_refresh_rmse=0.0034774479; p_max=4
Natural images,CIFAR-10,cifar10_test_00148,class5_test148,32x32x3,"(20,20,3)",0,0.005650965962558985,0.005194955971091986,8.069593667495731,1.2927200522952185,1.201273126301427,7.073992998826618,0.03144107081051698,effective,2489,2494,0.0031885001808404922,0.08186420006677508,ok,link_refresh_rmse=0.0056305476; p_max=4
Natural images,CIFAR-10,cifar10_test_00158,class5_test158,32x32x3,"(20,20,3)",0,0.008523538708686829,0.008293462917208672,2.6992989571769477,0.648335006610421,0.6353122229903649,2.008650387110953,0.012014887053064595,moderate,2489,2494,0.00280930008739233,0.10340989986434579,ok,link_refresh_rmse=0.0085117565; p_max=4
Natural images,CIFAR-10,cifar10_test_00163,class6_test163,32x32x3,"(20,20,3)",0,0.01471109502017498,0.014502826146781445,1.4157265187119863,1.3413988500570388,1.3332192118827804,0.6097841946048091,0.01136359145675708,moderate,2489,2494,0.00503010000102222,0.0866686999797821,ok,link_refresh_rmse=0.014691861; p_max=4
Natural images,CIFAR-10,cifar10_test_00164,class8_test164,32x32x3,"(20,20,3)",0,0.004861058201640844,0.004759122151881456,2.0969929906410005,0.35034698252066593,0.34320289582172664,2.0391460624376525,0.004649120198979907,boundary,2489,2494,0.004019000101834536,0.09088600007817149,ok,link_refresh_rmse=0.004858457; p_max=4
Natural images,CIFAR-10,cifar10_test_00169,class0_test169,32x32x3,"(20,20,3)",0,0.005555806681513786,0.005563132930546999,-0.13186652187862816,0.4834436964390222,0.4822318217793,0.2506754496229167,0.0003596443613607224,boundary,2489,2494,0.004742800025269389,0.08772039995528758,ok,link_refresh_rmse=0.0055555766; p_max=4
Natural images,CIFAR-10,cifar10_test_00201,class1_test201,32x32x3,"(20,20,3)",0,0.0023304359056055546,0.002369525143876672,-1.6773359085780146,0.21236066627247185,0.21153470905221272,0.3889407745591542,-0.0013293606328898986,boundary,2489,2494,0.0027626000810414553,0.08735989988781512,ok,link_refresh_rmse=0.0023307926; p_max=4
Natural images,CIFAR-10,cifar10_test_00206,class0_test206,32x32x3,"(20,20,3)",0,0.006213170941919088,0.006036303471773863,2.8466538551504224,0.6619122546076688,0.6457049426170007,2.4485589861566335,0.009396845160227357,boundary,2489,2494,0.0035029000137001276,0.12079169997014105,ok,link_refresh_rmse=0.0062064528; p_max=4
Natural images,CIFAR-10,cifar10_test_00233,class8_test233,32x32x3,"(20,20,3)",0,0.009632493369281292,0.009471327066421509,1.673152492102969,0.9579931328336697,0.9410393827408062,1.7697152006419503,0.004165565440596944,boundary,2489,2494,0.005702999886125326,0.08681569993495941,ok,link_refresh_rmse=0.0096278749; p_max=4
Natural images,CIFAR-10,cifar10_test_00243,class9_test243,32x32x3,"(20,20,3)",0,0.00786516722291708,0.007346066180616617,6.60000007104662,0.628379047246169,0.6054500570694619,3.648910681728165,0.02219673796419585,moderate,2489,2494,0.0039709999691694975,0.08461689995601773,ok,link_refresh_rmse=0.0078450935; p_max=4
Natural images,CIFAR-10,cifar10_test_00249,class2_test249,32x32x3,"(20,20,3)",0,0.00951927900314331,0.00787670910358429,17.255192320937716,3.3323491425757568,2.948704041018429,11.512752270033367,0.11478901664926834,effective,2489,2494,0.002737400121986866,0.0846070998813957,ok,link_refresh_rmse=0.0093943039; p_max=4
Natural images,CIFAR-10,cifar10_test_00256,class3_test256,32x32x3,"(20,20,3)",0,0.009533408097922802,0.009426134638488293,1.1252372533793311,1.0285857488698074,1.018528703467834,0.9777546901679113,0.0046766488583095565,boundary,2489,2494,0.0029341999907046556,0.10366929997690022,ok,link_refresh_rmse=0.0095282765; p_max=4
Natural images,CIFAR-10,cifar10_test_00257,class0_test257,32x32x3,"(20,20,3)",0,0.0023343029897660017,0.002336474135518074,-0.09301045158195069,0.19738671801069094,0.19328929499796343,2.075835220334114,0.0012008547236449728,boundary,2489,2494,0.0027770998422056437,0.08077350002713501,ok,link_refresh_rmse=0.0023339803; p_max=4
Natural images,CIFAR-10,cifar10_test_00260,class8_test260,32x32x3,"(20,20,3)",0,0.00619469815865159,0.006155265029519796,0.6365625591736248,0.6300508916638998,0.6211608413025707,1.411005123387963,0.0034161301782446567,boundary,2489,2494,0.004829199984669685,0.0916788000613451,ok,link_refresh_rmse=0.0061922623; p_max=4
Natural images,CIFAR-10,cifar10_test_00281,class0_test281,32x32x3,"(20,20,3)",0,0.00844926293939352,0.008170951157808304,3.2939178669375564,0.7734072464604451,0.7615437868004069,1.5339214513869897,0.019967591011105307,moderate,2489,2494,0.0027874999213963747,0.084664799971506,ok,link_refresh_rmse=0.0084298616; p_max=4
Natural images,CIFAR-10,cifar10_test_00308,class1_test308,32x32x3,"(20,20,3)",0,0.012075226753950119,0.011458481661975384,5.107523896170165,1.5108142177152961,1.5399178949652794,-1.9263571198048999,0.03021806681443327,effective,2489,2494,0.003096400061622262,0.09310150006785989,ok,link_refresh_rmse=0.01203329; p_max=4
Natural images,CIFAR-10,cifar10_test_00315,class0_test315,32x32x3,"(20,20,3)",0,0.004181975498795509,0.004021489527076483,3.8375636529972414,0.3090921581822144,0.318330182632824,-2.9887605382610865,0.011598309218503902,moderate,2489,2494,0.00522590009495616,0.08207909995689988,ok,link_refresh_rmse=0.004176395; p_max=4
Natural images,CIFAR-10,cifar10_test_00325,class1_test325,32x32x3,"(20,20,3)",0,0.009377244859933853,0.009295552037656307,0.8711814983801349,0.9592550494332142,0.9379639981284007,2.219540185625658,0.00307333517635035,boundary,2489,2494,0.004388100001960993,0.09214119985699654,ok,link_refresh_rmse=0.0093739275; p_max=4
Natural images,CIFAR-10,cifar10_test_00336,class3_test336,32x32x3,"(20,20,3)",0,0.0074748811312019825,0.00736013799905777,1.5350495898221956,0.5691531912799477,0.559802143518944,1.6429755475805166,0.0032699613396078623,boundary,2489,2494,0.0037239999510347843,0.0822399000171572,ok,link_refresh_rmse=0.0074720676; p_max=4
Natural images,CIFAR-10,cifar10_test_00346,class4_test346,32x32x3,"(20,20,3)",0,0.0038391174748539925,0.0037978787440806627,1.074172151371797,0.2840632515785052,0.282322844279172,0.6126830167795345,0.004342216859710772,boundary,2489,2494,0.0038310999516397715,0.09874729998409748,ok,link_refresh_rmse=0.0038371987; p_max=4
Natural images,CIFAR-10,cifar10_test_00362,class8_test362,32x32x3,"(20,20,3)",0,0.004699811805039644,0.004639448132365942,1.2843848898156691,0.31967912556931577,0.314781952532251,1.5319026628164756,0.002714773055698191,boundary,2489,2494,0.003940700087696314,0.10188880003988743,ok,link_refresh_rmse=0.0046983431; p_max=4
Natural images,CIFAR-10,cifar10_test_00365,class4_test365,32x32x3,"(20,20,3)",0,0.008168386295437813,0.006993022281676531,14.389182529451912,0.46356661962851997,0.4272186276606976,7.840942472723744,0.038969466492492416,effective,2489,2494,0.0028475001454353333,0.09610079997219145,ok,link_refresh_rmse=0.0081318207; p_max=4
Natural images,CIFAR-10,cifar10_test_00368,class8_test368,32x32x3,"(20,20,3)",0,0.007012662012130022,0.007005349732935429,0.10427251708331516,0.6007443160678619,0.5978113560568996,0.4882210172473792,0.0003627949631093649,boundary,2489,2494,0.0052461999002844095,0.10361940017901361,ok,link_refresh_rmse=0.0070123691; p_max=4
Natural images,CIFAR-10,cifar10_test_00377,class7_test377,32x32x3,"(20,20,3)",0,0.007735551334917545,0.007597819902002811,1.7804992424137533,0.7356056369715542,0.742554662611892,-0.9446672634193588,0.0051355718756317965,boundary,2489,2494,0.004187499871477485,0.10268889996223152,ok,link_refresh_rmse=0.007730979; p_max=4
Natural images,CIFAR-10,cifar10_test_00388,class2_test388,32x32x3,"(20,20,3)",0,0.005235507618635893,0.005136791616678238,1.8855096611123894,0.36096884525914197,0.3518764064906303,2.518898483325938,0.0035807268269593797,boundary,2489,2494,0.010460300138220191,0.08662329986691475,ok,link_refresh_rmse=0.0052333497; p_max=4
Natural images,CIFAR-10,cifar10_test_00392,class6_test392,32x32x3,"(20,20,3)",0,0.017631903290748596,0.0166615080088377,5.503633192112956,1.6293333699452648,1.4644042535733814,10.122490548231019,0.05969891881124205,effective,2489,2494,0.0030380000825971365,0.09469089983031154,ok,link_refresh_rmse=0.017511133; p_max=4
Natural images,CIFAR-10,cifar10_test_00394,class9_test394,32x32x3,"(20,20,3)",0,0.00841396115720272,0.008006608113646507,4.841394391362281,1.0618739282276035,1.0273848432762256,3.2479453572181014,0.016309478055668607,moderate,2489,2494,0.006416700081899762,0.10418159980326891,ok,link_refresh_rmse=0.0083981771; p_max=4
Natural images,CIFAR-10,cifar10_test_00397,class3_test397,32x32x3,"(20,20,3)",0,0.005907897371798754,0.005834018811583519,1.2505051385606796,0.4821196027276531,0.47921289988226345,0.6029007800024286,0.002773165888402291,boundary,2489,2494,0.0033195000141859055,0.08384909993037581,ok,link_refresh_rmse=0.0059060114; p_max=4
Natural images,CIFAR-10,cifar10_test_00409,class2_test409,32x32x3,"(20,20,3)",0,0.0050185970030725,0.004909911658614874,2.1656519619145884,0.3452336942647248,0.3339317005120528,3.273722681310949,0.006188591124167493,boundary,2489,2494,0.0029724999330937862,0.09894990012980998,ok,link_refresh_rmse=0.0050150226; p_max=4
Natural images,CIFAR-10,cifar10_test_00423,class0_test423,32x32x3,"(20,20,3)",0,0.00741470605134964,0.007000569254159927,5.585343428608751,1.5332645322500862,1.6541165322135991,-7.882005839276866,0.0460728104971445,effective,2489,2494,0.009545299923047423,0.07609350001439452,ok,link_refresh_rmse=0.0073754801; p_max=4
Natural images,CIFAR-10,cifar10_test_00444,class5_test444,32x32x3,"(20,20,3)",0,0.010470095090568066,0.010143131949007511,3.122828768337526,1.0923133009859411,1.0397269840793621,4.814215560600943,0.007069223731000818,boundary,2489,2494,0.004630099982023239,0.09451279998756945,ok,link_refresh_rmse=0.010461577; p_max=4
Natural images,CIFAR-10,cifar10_test_00446,class5_test446,32x32x3,"(20,20,3)",0,0.004275142215192318,0.00426536425948143,0.22871650155030096,0.2189888258935001,0.21798278167945853,0.4594043599881388,-0.0002857154168845046,boundary,2489,2494,0.003119099885225296,0.08937260019592941,ok,link_refresh_rmse=0.0042752828; p_max=4
Natural images,CIFAR-10,cifar10_test_00462,class1_test462,32x32x3,"(20,20,3)",0,0.018460862338542938,0.01668344996869564,9.628002946191645,2.764262809332126,1.9259126353263396,30.32816457160021,0.05501420948292651,effective,2489,2494,0.0037793999072164297,0.08174140006303787,ok,link_refresh_rmse=0.018344305; p_max=4
Natural images,CIFAR-10,cifar10_test_00475,class7_test475,32x32x3,"(20,20,3)",0,0.007884426042437553,0.007376637775450945,6.4403960954603665,0.5520987788325789,0.5255865996629747,4.802071691892624,0.020345651296540687,moderate,2489,2494,0.004567099967971444,0.09488300001248717,ok,link_refresh_rmse=0.0078659793; p_max=4
Natural images,CIFAR-10,cifar10_test_00501,class6_test501,32x32x3,"(20,20,3)",0,0.00936505664139986,0.009327330626547337,0.4028380852044119,0.573418308009523,0.5749226500807678,-0.2623463621987898,0.004232697983180119,boundary,2489,2494,0.00439879996702075,0.09417510009370744,ok,link_refresh_rmse=0.0093604941; p_max=4
Natural images,CIFAR-10,cifar10_test_00502,class5_test502,32x32x3,"(20,20,3)",0,0.004961747210472822,0.004851398523896933,2.223988484197164,0.4802035092693139,0.46739351008455643,2.667618819414579,0.007365765141754204,boundary,2489,2494,0.002575000049546361,0.07221909984946251,ok,link_refresh_rmse=0.0049575414; p_max=4
Natural images,CIFAR-10,cifar10_test_00513,class1_test513,32x32x3,"(20,20,3)",0,0.008509539067745209,0.00844509806483984,0.7572795940220518,0.604414399315141,0.6006493696159021,0.6229219064775758,0.0026535946029457545,boundary,2489,2494,0.003367000026628375,0.08886969997547567,ok,link_refresh_rmse=0.0085069397; p_max=4
Natural images,CIFAR-10,cifar10_test_00540,class1_test540,32x32x3,"(20,20,3)",0,0.017878128215670586,0.015630895271897316,12.569732785580534,1.4853011134818035,1.2876030657699515,13.310300915914178,0.046812053073401416,effective,2489,2494,0.00316169997677207,0.0821242998354137,ok,link_refresh_rmse=0.017782034; p_max=4
Natural images,CIFAR-10,cifar10_test_00563,class2_test563,32x32x3,"(20,20,3)",0,0.009778270497918129,0.009662139229476452,1.1876463068433458,0.6404892114049677,0.6286970961725387,1.8411106732870735,0.005181143440277876,boundary,2489,2494,0.002626099856570363,0.0929743000306189,ok,link_refresh_rmse=0.0097724395; p_max=4
Natural images,CIFAR-10,cifar10_test_00600,class8_test600,32x32x3,"(20,20,3)",0,0.011058454401791096,0.01053221058100462,4.758746581269462,2.162390132436948,2.0050454259209847,7.276425477332368,0.006261783857837287,boundary,2489,2494,0.002792599843814969,0.07851399993523955,ok,link_refresh_rmse=0.011050485; p_max=4
Natural images,CIFAR-10,cifar10_test_00603,class2_test603,32x32x3,"(20,20,3)",0,0.0059220073744654655,0.005886264611035585,0.6035582391199972,0.35891530656645176,0.3548853539702329,1.1228143582872594,0.00020011890636572883,boundary,2489,2494,0.0028110002167522907,0.0805730998981744,ok,link_refresh_rmse=0.0059218709; p_max=4
Natural images,CIFAR-10,cifar10_test_00642,class0_test642,32x32x3,"(20,20,3)",0,0.004994102753698826,0.00487108901143074,2.4631800412391742,0.3802803598426545,0.3713158000423847,2.3573554532185215,0.00421164805199086,boundary,2489,2494,0.003922999836504459,0.09121829993091524,ok,link_refresh_rmse=0.0049916818; p_max=4
Natural images,CIFAR-10,cifar10_test_00665,class8_test665,32x32x3,"(20,20,3)",0,0.00735143618658185,0.007245059125125408,1.4470242107332136,0.5097076711383786,0.499679014678872,1.9675310040181693,0.0017822464283626118,boundary,2489,2494,0.004583300091326237,0.0818270999006927,ok,link_refresh_rmse=0.0073499279; p_max=4
Natural images,CIFAR-10,cifar10_test_00666,class9_test666,32x32x3,"(20,20,3)",0,0.012722069397568703,0.012385761365294456,2.6435010041567417,1.0495759022825466,1.033759885232645,1.5068959772710044,0.012490769904646416,moderate,2489,2494,0.0026145000010728836,0.09589440003037453,ok,link_refresh_rmse=0.012703788; p_max=4
Natural images,CIFAR-10,cifar10_test_00678,class0_test678,32x32x3,"(20,20,3)",0,0.01194292213767767,0.009187365882098675,23.072713895418726,0.672448479967034,0.5493510590555234,18.30585161223732,0.1418604939589243,effective,2489,2494,0.0037424000911414623,0.08388820011168718,ok,link_refresh_rmse=0.011749451; p_max=4
Natural images,CIFAR-10,cifar10_test_00692,class2_test692,32x32x3,"(20,20,3)",0,0.005367557518184185,0.00492442911490798,8.255680573053514,0.709518870829905,0.703069543094514,0.908971980949199,0.029494692975836758,moderate,2489,2494,0.0026202998124063015,0.08679500012658536,ok,link_refresh_rmse=0.0053493618; p_max=4
Natural images,CIFAR-10,cifar10_test_00697,class2_test697,32x32x3,"(20,20,3)",0,0.006111580412834883,0.006091486196964979,0.3287891921982055,0.7063974677660032,0.7055969050996327,0.11333034203850068,0.0016176052661757688,boundary,2489,2494,0.003187699941918254,0.08957339986227453,ok,link_refresh_rmse=0.0061104423; p_max=4
Natural images,CIFAR-10,cifar10_test_00698,class7_test698,32x32x3,"(20,20,3)",0,0.007785670459270477,0.007751668803393841,0.4367209741859853,0.6929289803611958,0.6862473941903109,0.9642526666155656,0.0015300723750466703,boundary,2489,2494,0.002700699958950281,0.08943010005168617,ok,link_refresh_rmse=0.0077842991; p_max=4
Natural images,CIFAR-10,cifar10_test_00725,class2_test725,32x32x3,"(20,20,3)",0,0.00774899497628212,0.007284335792064667,5.996379990433176,0.6728359068720764,0.6633389181878753,1.4114866027812556,0.02749136487486335,moderate,2489,2494,0.0029849999118596315,0.07522749993950129,ok,link_refresh_rmse=0.0077245077; p_max=4
Natural images,CIFAR-10,cifar10_test_00738,class1_test738,32x32x3,"(20,20,3)",0,0.006416933611035347,0.005982602015137672,6.7685225097349395,2.177828971072518,2.0545913893112235,5.658735529659308,0.012668458728494394,moderate,2489,2494,0.0026281001046299934,0.08803360001184046,ok,link_refresh_rmse=0.0064075813; p_max=4
Natural images,CIFAR-10,cifar10_test_00739,class3_test739,32x32x3,"(20,20,3)",0,0.012728606350719929,0.011085227131843567,12.910912425093676,1.7888650787992504,1.442726973424151,19.34959262592568,0.057185014423029326,effective,2489,2494,0.0029295000713318586,0.07579270005226135,ok,link_refresh_rmse=0.012645081; p_max=4
Natural images,CIFAR-10,cifar10_test_00749,class5_test749,32x32x3,"(20,20,3)",0,0.004844503942877054,0.004626841749995947,4.492971735550743,0.3555295643069286,0.34536050886510444,2.860255928827687,0.013432253773347953,moderate,2489,2494,0.0025378998834639788,0.08804389997385442,ok,link_refresh_rmse=0.004837018; p_max=4
Natural images,CIFAR-10,cifar10_test_00752,class9_test752,32x32x3,"(20,20,3)",0,0.006308819632977247,0.0062231821939349174,1.3574241145631851,0.47807934569898314,0.4682378837446916,2.0585415460487364,0.0027174728735792205,boundary,2489,2494,0.003823600010946393,0.10898760007694364,ok,link_refresh_rmse=0.0063068462; p_max=4
Natural images,CIFAR-10,cifar10_test_00759,class1_test759,32x32x3,"(20,20,3)",0,0.011752660386264324,0.011154945939779282,5.085779958243402,1.2959257697093443,1.2249162711951886,5.479441814794834,0.019744995465817337,moderate,2489,2494,0.004729399923235178,0.09584650001488626,ok,link_refresh_rmse=0.011725974; p_max=4
Natural images,CIFAR-10,cifar10_test_00764,class1_test764,32x32x3,"(20,20,3)",0,0.009686375968158245,0.009470930323004723,2.2242131201777733,0.8948493522251899,0.9026341348427028,-0.8699545457740768,0.008018424701741437,boundary,2489,2494,0.002854999853298068,0.09912799997255206,ok,link_refresh_rmse=0.0096774381; p_max=4
Natural images,CIFAR-10,cifar10_test_00767,class0_test767,32x32x3,"(20,20,3)",0,0.006976698525249958,0.00680174957960844,2.5076179658379267,0.5118122627928765,0.5018863420754803,1.939367506208631,0.0073681619115905286,boundary,2489,2494,0.002637899946421385,0.09152509993873537,ok,link_refresh_rmse=0.0069707828; p_max=4
Natural images,CIFAR-10,cifar10_test_00768,class5_test768,32x32x3,"(20,20,3)",0,0.006561634596437216,0.006275472696870565,4.361137386742448,0.6737379755109343,0.6547125586091298,2.823859956443217,0.013952632863363618,moderate,2489,2494,0.003711799858137965,0.09271989995613694,ok,link_refresh_rmse=0.0065511027; p_max=4
Natural images,CIFAR-10,cifar10_test_00799,class2_test799,32x32x3,"(20,20,3)",0,0.013880726881325245,0.013706659898161888,1.2540192214108168,0.8887125648676937,0.8671398258311429,2.4274146545640876,0.011592752080204247,moderate,2489,2494,0.002752400003373623,0.09978370019234717,ok,link_refresh_rmse=0.013862213; p_max=4
Natural images,CIFAR-10,cifar10_test_00809,class7_test809,32x32x3,"(20,20,3)",0,0.004506588913500309,0.004533165600150824,-0.5897295528975206,0.2485726730795484,0.2453045903240348,1.3147393536970766,-0.00028719660107355685,boundary,2489,2494,0.003500899998471141,0.09266350022517145,ok,link_refresh_rmse=0.0045067379; p_max=4
Natural images,CIFAR-10,cifar10_test_00813,class2_test813,32x32x3,"(20,20,3)",0,0.006046506576240063,0.005993451923131943,0.8774430729406612,0.5344972399034142,0.5379293213507371,-0.6421139701194841,0.005808243766565468,boundary,2489,2494,0.011304300045594573,0.09406870021484792,ok,link_refresh_rmse=0.0060424646; p_max=4
Natural images,CIFAR-10,cifar10_test_00829,class3_test829,32x32x3,"(20,20,3)",0,0.00564425578340888,0.005431841127574444,3.763377564475779,0.3199112383712797,0.31694445815990724,0.9273760517063543,0.010607878555592146,moderate,2489,2494,0.0026750999968498945,0.09319279994815588,ok,link_refresh_rmse=0.0056373668; p_max=4
Natural images,CIFAR-10,cifar10_test_00840,class7_test840,32x32x3,"(20,20,3)",0,0.008168256841599941,0.007349205669015646,10.027245573534943,0.5942510280565522,0.5491390041397418,7.591408644987189,0.02843264861502968,moderate,2489,2494,0.002683199942111969,0.1087590001989156,ok,link_refresh_rmse=0.0081415623; p_max=4
Natural images,CIFAR-10,cifar10_test_00847,class0_test847,32x32x3,"(20,20,3)",0,0.0036552660167217255,0.0036394891794770956,0.4316193998591525,0.31577346727914346,0.32001791245229094,-1.3441424353096127,0.003816173492756241,boundary,2489,2494,0.004724800121039152,0.0960750998929143,ok,link_refresh_rmse=0.0036536604; p_max=4
Natural images,CIFAR-10,cifar10_test_00851,class9_test851,32x32x3,"(20,20,3)",0,0.011131171137094498,0.010860051028430462,2.4356835891286517,0.9459291322586165,0.9194716998696588,2.7969782816377258,0.005371474565590823,boundary,2489,2494,0.004671799950301647,0.10281449998728931,ok,link_refresh_rmse=0.01112429; p_max=4
Natural images,CIFAR-10,cifar10_test_00873,class2_test873,32x32x3,"(20,20,3)",0,0.002302887151017785,0.00232772808521986,-1.0786865605245266,0.14016532537597337,0.1401644537769942,0.000621836375593972,-0.006443424638357205,boundary,2489,2494,0.0029538001399487257,0.07788709993474185,ok,link_refresh_rmse=0.0023045961; p_max=4
Natural images,CIFAR-10,cifar10_test_00903,class5_test903,32x32x3,"(20,20,3)",0,0.006032212171703577,0.005838069599121809,3.218430768938613,1.0782364189410512,0.9539848362425161,11.523593575197918,0.012513424561549514,moderate,2489,2494,0.005872300127521157,0.09933260013349354,ok,link_refresh_rmse=0.0060235281; p_max=4
Natural images,CIFAR-10,cifar10_test_00925,class5_test925,32x32x3,"(20,20,3)",0,0.005769109353423119,0.004938189405947924,14.402915538117961,9.623779356717233,8.887797485189658,7.647534759967992,0.04224949822099435,effective,2489,2494,0.0025222001131623983,0.07492449996061623,ok,link_refresh_rmse=0.0057411157; p_max=4
Natural images,CIFAR-10,cifar10_test_00953,class1_test953,32x32x3,"(20,20,3)",0,0.007248732727020979,0.006567241158336401,9.401527057884108,0.4652597654067112,0.44273299346809525,4.841762304317025,0.024088653715504085,moderate,2489,2494,0.0045907997991889715,0.10091739986091852,ok,link_refresh_rmse=0.0072286576; p_max=4
Natural images,CIFAR-10,cifar10_test_00954,class4_test954,32x32x3,"(20,20,3)",0,0.012049428187310696,0.012001875787973404,0.3946444478366978,0.7694281358439503,0.7643892122871064,0.6548920324205345,0.003987382269216403,boundary,2489,2494,0.00638290005736053,0.0841045998968184,ok,link_refresh_rmse=0.012043898; p_max=4
Natural images,CIFAR-10,cifar10_test_00955,class7_test955,32x32x3,"(20,20,3)",0,0.009829209186136723,0.009718944318592548,1.1218081277555225,0.7224690351597041,0.7222202157385952,0.03444015023479573,0.003961966200457054,boundary,2489,2494,0.002913199830800295,0.08905509999021888,ok,link_refresh_rmse=0.0098247267; p_max=4
Natural images,CIFAR-10,cifar10_test_00963,class6_test963,32x32x3,"(20,20,3)",0,0.009503824636340141,0.00941447913646698,0.9401004678845554,0.6780579581110164,0.677914467032916,0.02116206680917935,0.006358860447311758,boundary,2489,2494,0.0046947000082582235,0.09778409986756742,ok,link_refresh_rmse=0.0094968695; p_max=4
Natural images,CIFAR-10,cifar10_test_00969,class9_test969,32x32x3,"(20,20,3)",0,0.006913484539836645,0.006259221583604813,9.463577338777005,0.495641904233009,0.4654257122587251,6.096375572005475,0.019614619965507327,moderate,2489,2494,0.0028083999641239643,0.09172959998250008,ok,link_refresh_rmse=0.00689789; p_max=4
Natural images,CIFAR-10,cifar10_test_00973,class1_test973,32x32x3,"(20,20,3)",0,0.011976475827395916,0.01113498117774725,7.0262292662401284,2.0286203973369386,1.9900774936247123,1.899956431613487,0.02454425879344734,moderate,2489,2494,0.004826299846172333,0.10083200014196336,ok,link_refresh_rmse=0.011942681; p_max=4
Natural images,CIFAR-10,cifar10_test_00976,class6_test976,32x32x3,"(20,20,3)",0,0.00936987716704607,0.008758829906582832,6.521400970039347,1.4417346610318744,1.3502561004040352,6.345034429731087,0.01323986745524605,moderate,2489,2494,0.00342700001783669,0.10931020020507276,ok,link_refresh_rmse=0.0093556056; p_max=4
Natural images,CIFAR-10,cifar10_test_01003,class4_test1003,32x32x3,"(20,20,3)",0,0.014448991976678371,0.014216560870409012,1.6086319837710392,0.8205298859565651,0.8080640649593718,1.5192403360982722,0.009591160018062215,boundary,2489,2494,0.004784499993547797,0.10853309999220073,ok,link_refresh_rmse=0.014433046; p_max=4
Natural images,CIFAR-10,cifar10_test_01017,class6_test1017,32x32x3,"(20,20,3)",0,0.015636269003152847,0.015008554793894291,4.014475634385582,3.20914774557012,3.086197519091418,3.8312423181020985,0.037666758796364525,effective,2489,2494,0.006085400003939867,0.08679499989375472,ok,link_refresh_rmse=0.015568608; p_max=4
Natural images,CIFAR-10,cifar10_test_01028,class6_test1028,32x32x3,"(20,20,3)",0,0.017152084037661552,0.016379371285438538,4.505066267902705,1.4323889972269903,1.1133050950369228,22.276344122147876,0.009716207260091725,boundary,2489,2494,0.004714799812063575,0.10413780016824603,ok,link_refresh_rmse=0.017132908; p_max=4
Natural images,CIFAR-10,cifar10_test_01031,class3_test1031,32x32x3,"(20,20,3)",0,0.011321859434247017,0.010117143392562866,10.640620020771992,0.6710441330576816,0.6222319601982512,7.274062979585667,0.021452622261832408,moderate,2489,2494,0.003021499840542674,0.11350850015878677,ok,link_refresh_rmse=0.011293931; p_max=4
Natural images,CIFAR-10,cifar10_test_01053,class3_test1053,32x32x3,"(20,20,3)",0,0.004166557919234037,0.004170216154307127,-0.08779993327830936,0.37584195363702766,0.3748291414819281,0.2694782062775528,0.0014669258273602133,boundary,2489,2494,0.0028771001379936934,0.10519190016202629,ok,link_refresh_rmse=0.0041658543; p_max=4
Natural images,CIFAR-10,cifar10_test_01062,class6_test1062,32x32x3,"(20,20,3)",0,0.005565568804740906,0.0052261617965996265,6.098334600628114,0.7946785983166574,0.7785955249701161,2.0238462921500115,0.03223730707747619,effective,2489,2494,0.0033070999197661877,0.0904055000282824,ok,link_refresh_rmse=0.0055449507; p_max=4
Natural images,CIFAR-10,cifar10_test_01071,class6_test1071,32x32x3,"(20,20,3)",0,0.01617182046175003,0.015171854756772518,6.183383666314221,3.6908925390712763,3.168264113954158,14.159946939246986,0.044438414075727635,effective,2489,2494,0.0030944999307394028,0.08144350000657141,ok,link_refresh_rmse=0.016089294; p_max=4
Natural images,CIFAR-10,cifar10_test_01089,class6_test1089,32x32x3,"(20,20,3)",0,0.014930158853530884,0.014525999315083027,2.7070009261976193,1.5076663636970238,1.4737713939646493,2.2481744335834986,0.021783824050839312,moderate,2489,2494,0.0047750999219715595,0.08778020017780364,ok,link_refresh_rmse=0.014892762; p_max=4
Natural images,CIFAR-10,cifar10_test_01090,class0_test1090,32x32x3,"(20,20,3)",0,0.003361131064593792,0.0033718952909111977,-0.3202560718561746,0.17239264925739348,0.17183533564835815,0.3232815386479851,-0.0017404995622309015,boundary,2489,2494,0.00443600001744926,0.11265800008550286,ok,link_refresh_rmse=0.0033618046; p_max=4
Natural images,CIFAR-10,cifar10_test_01094,class6_test1094,32x32x3,"(20,20,3)",0,0.011712906882166862,0.011100035160779953,5.232447654134595,1.485991512472825,1.3553351672422602,8.792536440072976,0.02033403129922884,moderate,2489,2494,0.002712699817493558,0.08916490012779832,ok,link_refresh_rmse=0.011685519; p_max=4
Natural images,CIFAR-10,cifar10_test_01108,class2_test1108,32x32x3,"(20,20,3)",0,0.0069638025015592575,0.006800069008022547,2.3512081725472447,0.7970029787089511,0.7878078680236409,1.1537109560374763,0.015142266330891415,moderate,2489,2494,0.004877900006249547,0.1056920001283288,ok,link_refresh_rmse=0.006951673; p_max=4
Natural images,CIFAR-10,cifar10_test_01129,class3_test1129,32x32x3,"(20,20,3)",0,0.005593286361545324,0.005149761214852333,7.929598415384069,0.2978225739727991,0.2694878965120517,9.513945528969638,0.026865350750605345,moderate,2489,2494,0.0028725999873131514,0.10109290014952421,ok,link_refresh_rmse=0.0055760131; p_max=4
Natural images,CIFAR-10,cifar10_test_01139,class8_test1139,32x32x3,"(20,20,3)",0,0.00778991961851716,0.007587833795696497,2.5941965092976305,0.42803573571650605,0.4189820845496331,2.115162452900735,0.00880160344042756,boundary,2489,2494,0.0029527998995035887,0.08882659999653697,ok,link_refresh_rmse=0.0077820299; p_max=4
Natural images,CIFAR-10,cifar10_test_01147,class6_test1147,32x32x3,"(20,20,3)",0,0.006697141565382481,0.006077720317989588,9.24903918105421,0.3203215676817977,0.30691377810842324,4.185728007766728,0.014002796705378743,moderate,2489,2494,0.002895199926570058,0.08572029997594655,ok,link_refresh_rmse=0.0066863536; p_max=4
Natural images,CIFAR-10,cifar10_test_01163,class3_test1163,32x32x3,"(20,20,3)",0,0.007492911070585251,0.007223374210298061,3.597224866918602,0.5549459488142554,0.5451801996715119,1.759765822889573,0.0129416543757975,moderate,2489,2494,0.003176300087943673,0.09639249998144805,ok,link_refresh_rmse=0.0074817552; p_max=4
Natural images,CIFAR-10,cifar10_test_01164,class8_test1164,32x32x3,"(20,20,3)",0,0.0037755919620394707,0.0035737957805395126,5.344756094643058,0.141761090866246,0.13556186526571204,4.373009238750169,-0.0028989114202894613,boundary,2489,2494,0.004622899927198887,0.07971150008961558,ok,link_refresh_rmse=0.0037768523; p_max=4
Natural images,CIFAR-10,cifar10_test_01169,class7_test1169,32x32x3,"(20,20,3)",0,0.0073937480337917805,0.006997334770858288,5.3614656750778895,0.7396857030983011,0.7001787538512505,5.341045403685497,0.01115475900519857,moderate,2489,2494,0.0025420000310987234,0.09376859990879893,ok,link_refresh_rmse=0.0073842588; p_max=4
Natural images,CIFAR-10,cifar10_test_01170,class7_test1170,32x32x3,"(20,20,3)",0,0.01097659021615982,0.010614132508635521,3.302097467305344,0.6539164615783041,0.6437913669298772,1.5483773912020538,0.010939765227266423,moderate,2489,2494,0.002781500108540058,0.08930600015446544,ok,link_refresh_rmse=0.010962774; p_max=4
Natural images,CIFAR-10,cifar10_test_01207,class4_test1207,32x32x3,"(20,20,3)",0,0.005570250563323498,0.0055603585205972195,0.17758703336275422,0.5831793376697367,0.5777086818167688,0.9380743623098019,0.0010202615986896382,boundary,2489,2494,0.002632899908348918,0.08932579983957112,ok,link_refresh_rmse=0.0055695963; p_max=4
Natural images,CIFAR-10,cifar10_test_01209,class7_test1209,32x32x3,"(20,20,3)",0,0.008093726821243763,0.007918897084891796,2.160064704594277,0.6793891198238593,0.6610687456624799,2.696595165687852,0.003771785541967904,boundary,2489,2494,0.004692699993029237,0.10169949987903237,ok,link_refresh_rmse=0.0080902129; p_max=4
Natural images,CIFAR-10,cifar10_test_01210,class0_test1210,32x32x3,"(20,20,3)",0,0.005115418694913387,0.0048065995797514915,6.037025189530934,0.33512181240812133,0.32847483585248965,1.9834508854758734,0.024824984288955146,moderate,2489,2494,0.00283290003426373,0.0946265000384301,ok,link_refresh_rmse=0.0051008193; p_max=4
Natural images,CIFAR-10,cifar10_test_01217,class4_test1217,32x32x3,"(20,20,3)",0,0.004657465033233166,0.004527329932898283,2.7941186762822405,0.3225034970952205,0.31709261837998043,1.6777736564024024,0.010989984440269551,moderate,2489,2494,0.0025898998137563467,0.07721349992789328,ok,link_refresh_rmse=0.0046515758; p_max=4
Natural images,CIFAR-10,cifar10_test_01238,class1_test1238,32x32x3,"(20,20,3)",0,0.013338995166122913,0.011723433621227741,12.111568561012891,2.610999922871541,2.210527650811107,15.33788908044088,0.0740732019765268,effective,2489,2494,0.0034244998823851347,0.08903630007989705,ok,link_refresh_rmse=0.013225724; p_max=4
Natural images,CIFAR-10,cifar10_test_01242,class8_test1242,32x32x3,"(20,20,3)",0,0.006603964138776064,0.006597147323191166,0.10322308603815919,1.150355284801459,1.139651280005134,0.9304955553946602,0.0008280892156496504,boundary,2489,2494,0.004497100133448839,0.09670140012167394,ok,link_refresh_rmse=0.0066033346; p_max=4
Natural images,CIFAR-10,cifar10_test_01248,class2_test1248,32x32x3,"(20,20,3)",0,0.004431143403053284,0.004431024193763733,0.0026902602490508428,0.18908528568483612,0.18835290286382717,0.3873293568859087,-0.004722379941473533,boundary,2489,2494,0.007957200054079294,0.11637999978847802,ok,link_refresh_rmse=0.0044335532; p_max=4
Natural images,CIFAR-10,cifar10_test_01257,class2_test1257,32x32x3,"(20,20,3)",0,0.008363633416593075,0.008256105706095695,1.285657861140221,0.9585374460313353,0.9481793181055674,1.0806179736278378,0.005882610369017109,boundary,2489,2494,0.004652299918234348,0.11451119999401271,ok,link_refresh_rmse=0.008357971; p_max=4
Natural images,CIFAR-10,cifar10_test_01258,class1_test1258,32x32x3,"(20,20,3)",0,0.010240890085697174,0.010021522641181946,2.142074006063256,1.016401045570393,1.0021310585976377,1.4039720870955037,0.006682035007210966,boundary,2489,2494,0.0035568999592214823,0.08469559997320175,ok,link_refresh_rmse=0.010233015; p_max=4
Natural images,CIFAR-10,cifar10_test_01269,class3_test1269,32x32x3,"(20,20,3)",0,0.007589452899992466,0.007357257418334484,3.0594495376367954,1.016234425623439,0.8849947264302398,12.914313458008111,0.011841349239668892,moderate,2489,2494,0.0040055999998003244,0.09081969992257655,ok,link_refresh_rmse=0.0075791134; p_max=4
Natural images,CIFAR-10,cifar10_test_01286,class8_test1286,32x32x3,"(20,20,3)",0,0.004403964150696993,0.0044191679917275906,-0.3452308082069981,0.3425092651432644,0.3403791474843414,0.6219153394381991,0.0001331717165870723,boundary,2489,2494,0.004417699994519353,0.08424650016240776,ok,link_refresh_rmse=0.0044038966; p_max=4
Natural images,CIFAR-10,cifar10_test_01307,class2_test1307,32x32x3,"(20,20,3)",0,0.001532863825559616,0.0015578682068735361,-1.6312200012151405,0.10593451974437008,0.10703884351033674,-1.0424588402642425,-0.00021768543521943933,boundary,2489,2494,0.005041399970650673,0.08699170011095703,ok,link_refresh_rmse=0.0015329022; p_max=4
Natural images,CIFAR-10,cifar10_test_01309,class6_test1309,32x32x3,"(20,20,3)",0,0.012580676935613155,0.012388268485665321,1.52939663686274,0.9700345338183683,0.9564014610657041,1.405421382164619,0.0059504232786738425,boundary,2489,2494,0.0028458000160753727,0.09335309988819063,ok,link_refresh_rmse=0.012572061; p_max=4
Natural images,CIFAR-10,cifar10_test_01313,class1_test1313,32x32x3,"(20,20,3)",0,0.005058087408542633,0.005027400329709053,0.6066933280305207,0.6559380539983848,0.6417807681257742,2.158326656962857,0.004996829512954925,boundary,2489,2494,0.0029863000381737947,0.08078549988567829,ok,link_refresh_rmse=0.0050551784; p_max=4
Natural images,CIFAR-10,cifar10_test_01333,class7_test1333,32x32x3,"(20,20,3)",0,0.006760408170521259,0.006695207674056292,0.9644461520722123,0.38586430924656645,0.37986252025249984,1.5554143905627418,0.0019039664748015236,boundary,2489,2494,0.0034584999084472656,0.10158989997580647,ok,link_refresh_rmse=0.0067589264; p_max=4
Natural images,CIFAR-10,cifar10_test_01372,class1_test1372,32x32x3,"(20,20,3)",0,0.009025687351822853,0.008703618310391903,3.5683602686049634,0.8233487348587099,0.7894216544995442,4.120620937735178,0.009475949467839966,boundary,2489,2494,0.003428200026974082,0.08587279985658824,ok,link_refresh_rmse=0.0090158461; p_max=4
Natural images,CIFAR-10,cifar10_test_01384,class9_test1384,32x32x3,"(20,20,3)",0,0.007334159221500158,0.007162364199757576,2.34239558419953,0.7401799312491437,0.727659619173451,1.6915227699517814,0.004694410054686401,boundary,2489,2494,0.002705999882891774,0.0888616000302136,ok,link_refresh_rmse=0.0073301964; p_max=4
Natural images,CIFAR-10,cifar10_test_01385,class5_test1385,32x32x3,"(20,20,3)",0,0.0058213802985847,0.005762321874499321,1.0145089490156998,0.17805680915734015,0.18516711130733812,-3.993277304949873,0.0022528267774521073,boundary,2489,2494,0.004636300029233098,0.09161360003054142,ok,link_refresh_rmse=0.0058198706; p_max=4
Natural images,CIFAR-10,cifar10_test_01403,class6_test1403,32x32x3,"(20,20,3)",0,0.011488576419651508,0.011402334086596966,0.7506790215280528,0.6432196991211916,0.6364123868747569,1.0583183717375737,0.00908158909537835,boundary,2489,2494,0.0093342000618577,0.1044672999996692,ok,link_refresh_rmse=0.011476571; p_max=4
Natural images,CIFAR-10,cifar10_test_01404,class1_test1404,32x32x3,"(20,20,3)",0,0.003947956953197718,0.003965563606470823,-0.445968724629705,0.5803513751890665,0.577386314615462,0.5109078224616279,0.0006147218512258499,boundary,2489,2494,0.00391010008752346,0.10086530004628003,ok,link_refresh_rmse=0.0039476776; p_max=4
Natural images,CIFAR-10,cifar10_test_01410,class1_test1410,32x32x3,"(20,20,3)",0,0.01137818954885006,0.010719827376306057,5.786176875657166,2.7992035252786813,2.5760639026601773,7.971539782777634,0.025271315359905924,moderate,2489,2494,0.003509300062432885,0.08589260000735521,ok,link_refresh_rmse=0.011345133; p_max=4
Natural images,CIFAR-10,cifar10_test_01435,class1_test1435,32x32x3,"(20,20,3)",0,0.004921554587781429,0.004029301460832357,18.12949772342742,0.3513506838998378,0.31294530409022847,10.930782710688518,0.06025141036324054,effective,2489,2494,0.003261399921029806,0.07660260004922748,ok,link_refresh_rmse=0.0048875334; p_max=4
Natural images,CIFAR-10,cifar10_test_01443,class4_test1443,32x32x3,"(20,20,3)",0,0.009088067337870598,0.00897404458373785,1.2546424877114086,0.7842294598963797,0.7845030478683281,-0.034886214550595866,0.0064797352087674984,boundary,2489,2494,0.003230700036510825,0.09025379992090166,ok,link_refresh_rmse=0.0090812901; p_max=4
Natural images,CIFAR-10,cifar10_test_01445,class3_test1445,32x32x3,"(20,20,3)",0,0.007265097927302122,0.006889636628329754,5.168014288718541,0.9692685703528441,0.9046853409002656,6.663089202311402,0.012673687432157271,moderate,2489,2494,0.002815500134602189,0.0893200000282377,ok,link_refresh_rmse=0.0072545051; p_max=4
Natural images,CIFAR-10,cifar10_test_01448,class4_test1448,32x32x3,"(20,20,3)",0,0.006101408042013645,0.006099299527704716,0.0345578314777579,0.38297999510193687,0.38036476342399356,0.682863781761556,0.0010322117271031313,boundary,2489,2494,0.0029068998992443085,0.10038860002532601,ok,link_refresh_rmse=0.006100683; p_max=4
Natural images,CIFAR-10,cifar10_test_01470,class7_test1470,32x32x3,"(20,20,3)",0,0.005967955105006695,0.005519832018762827,7.508821335936728,0.35290701637998323,0.3416721693216338,3.183514789134316,0.01500848861799833,moderate,2489,2494,0.0036712000146508217,0.09587259986437857,ok,link_refresh_rmse=0.0059576519; p_max=4
Natural images,CIFAR-10,cifar10_test_01471,class8_test1471,32x32x3,"(20,20,3)",0,0.0044640349224209785,0.004475535359233618,-0.2576242572583238,0.33165070044688144,0.3308824120963696,0.2316558805624775,-0.001237589503179391,boundary,2489,2494,0.003299799980595708,0.08634650008752942,ok,link_refresh_rmse=0.004464671; p_max=4
Natural images,CIFAR-10,cifar10_test_01488,class8_test1488,32x32x3,"(20,20,3)",0,0.004476003348827362,0.0044546350836753845,0.47739609394116445,0.3761655245103114,0.3728961162268587,0.8691408623128777,0.002921950066184287,boundary,2489,2494,0.0029393001459538937,0.0867363999132067,ok,link_refresh_rmse=0.0044744979; p_max=4
Natural images,CIFAR-10,cifar10_test_01499,class8_test1499,32x32x3,"(20,20,3)",0,0.004445225466042757,0.004431727342307568,0.3036544228926543,0.2659821762742517,0.2634031244929256,0.969633310566975,0.001253013969703914,boundary,2489,2494,0.0027589001692831516,0.0888799000531435,ok,link_refresh_rmse=0.0044445843; p_max=4
Natural images,CIFAR-10,cifar10_test_01519,class6_test1519,32x32x3,"(20,20,3)",0,0.007699440233409405,0.0076448661275208,0.7088061499821403,0.6221023873467362,0.6163869384570162,0.9187312259154541,0.006243589844194949,boundary,2489,2494,0.002764000091701746,0.0741590999532491,ok,link_refresh_rmse=0.0076939077; p_max=4
Natural images,CIFAR-10,cifar10_test_01532,class8_test1532,32x32x3,"(20,20,3)",0,0.003226451575756073,0.003244973486289382,-0.5740644202592329,0.17982294283753467,0.18099808985247642,-0.653502270843978,-0.004394639577769765,boundary,2489,2494,0.004273199941962957,0.07786199986003339,ok,link_refresh_rmse=0.0032280844; p_max=4
Natural images,CIFAR-10,cifar10_test_01577,class5_test1577,32x32x3,"(20,20,3)",0,0.011030816473066807,0.010136420838534832,8.108154430052931,1.1342734800394703,1.0565661114430158,6.850849461256063,0.023111204038671614,moderate,2489,2494,0.00469199987128377,0.0929604999255389,ok,link_refresh_rmse=0.011001505; p_max=4
Natural images,CIFAR-10,cifar10_test_01581,class2_test1581,32x32x3,"(20,20,3)",0,0.004100012127310038,0.00405672425404191,1.0557986641012214,0.2234527174641256,0.22186531715614666,0.710396510722134,0.001298337638545801,boundary,2489,2494,0.003983000060543418,0.0934812999330461,ok,link_refresh_rmse=0.0040993993; p_max=4
Natural images,CIFAR-10,cifar10_test_01594,class3_test1594,32x32x3,"(20,20,3)",0,0.005763076711446047,0.005687206517904997,1.316487656504106,0.27249353061804227,0.27082563848267066,0.6120850398131151,0.0008759241980247497,boundary,2489,2494,0.002655699849128723,0.08469510008580983,ok,link_refresh_rmse=0.0057624956; p_max=4
Natural images,CIFAR-10,cifar10_test_01601,class9_test1601,32x32x3,"(20,20,3)",0,0.009123341180384159,0.008517428301274776,6.641348461374425,0.8827429415872887,0.8570876655277886,2.9063133615510477,0.014895469614708884,moderate,2489,2494,0.0028982998337596655,0.09538300009444356,ok,link_refresh_rmse=0.0091077089; p_max=4
Natural images,CIFAR-10,cifar10_test_01602,class7_test1602,32x32x3,"(20,20,3)",0,0.007835978642106056,0.007574947085231543,3.331192806880301,0.47308255149043893,0.462225235997748,2.2950149944201335,0.007295486504315812,boundary,2489,2494,0.004700199933722615,0.0976388999260962,ok,link_refresh_rmse=0.0078293998; p_max=4
Natural images,CIFAR-10,cifar10_test_01619,class4_test1619,32x32x3,"(20,20,3)",0,0.00789437536150217,0.007709704805165529,2.339267489575027,0.874020322509311,0.8535537782206692,2.341655423970279,0.008770733769341043,boundary,2489,2494,0.0028275998774915934,0.08814699994400144,ok,link_refresh_rmse=0.0078864079; p_max=4
Natural images,CIFAR-10,cifar10_test_01624,class4_test1624,32x32x3,"(20,20,3)",0,0.00809262041002512,0.008077987469732761,0.1808183202838866,0.605692366811643,0.6021825977685336,0.5794639713861314,0.0012245935572894435,boundary,2489,2494,0.004813800100237131,0.09912359993904829,ok,link_refresh_rmse=0.0080914795; p_max=4
Natural images,CIFAR-10,cifar10_test_01625,class3_test1625,32x32x3,"(20,20,3)",0,0.008403081446886063,0.008215476758778095,2.23257015053077,0.42340103792002215,0.4137757496608788,2.2733265620764693,0.0021893795527846895,boundary,2489,2494,0.002757200039923191,0.10844250000081956,ok,link_refresh_rmse=0.0084009636; p_max=4
Natural images,CIFAR-10,cifar10_test_01626,class9_test1626,32x32x3,"(20,20,3)",0,0.005062740761786699,0.004971646703779697,1.7993032290844324,0.406328071945348,0.40072226780703396,1.379625117082241,0.006368861287617645,boundary,2489,2494,0.00397029984742403,0.10609439993277192,ok,link_refresh_rmse=0.0050590299; p_max=4
Natural images,CIFAR-10,cifar10_test_01629,class9_test1629,32x32x3,"(20,20,3)",0,0.0017800714122131467,0.0018167392117902637,-2.0599060984597366,0.1133548135753611,0.11468416812171439,-1.1727376230648545,-0.0076136526595187385,boundary,2489,2494,0.004980599973350763,0.09522560006007552,ok,link_refresh_rmse=0.0017816324; p_max=4
Natural images,CIFAR-10,cifar10_test_01643,class9_test1643,32x32x3,"(20,20,3)",0,0.010252987034618855,0.010066759772598743,1.8163220278278047,1.1531933139588135,1.111483529860901,3.6168943743461788,0.003183314175190311,boundary,2489,2494,0.003071499988436699,0.10639710002578795,ok,link_refresh_rmse=0.01024923; p_max=4
Natural images,CIFAR-10,cifar10_test_01652,class0_test1652,32x32x3,"(20,20,3)",0,0.004645013716071844,0.0044810958206653595,3.5289001373521303,0.2889399499873524,0.28880781450690696,0.045731121795799703,0.011469355766621114,moderate,2489,2494,0.0027348999865353107,0.10440519987605512,ok,link_refresh_rmse=0.0046388842; p_max=4
Natural images,CIFAR-10,cifar10_test_01655,class8_test1655,32x32x3,"(20,20,3)",0,0.007168942596763372,0.007097993046045303,0.9896794368265874,0.9882179944440365,0.9910663589173074,-0.2882324031018518,0.002891417085548355,boundary,2489,2494,0.006553499959409237,0.10651870002038777,ok,link_refresh_rmse=0.0071665565; p_max=4
Natural images,CIFAR-10,cifar10_test_01659,class8_test1659,32x32x3,"(20,20,3)",0,0.004469361621886492,0.004353758413344622,2.5865709316462664,0.3945277237077487,0.38022751278167916,3.6246403146721806,0.00791493962795781,boundary,2489,2494,0.0027660001069307327,0.11285899998620152,ok,link_refresh_rmse=0.0044652908; p_max=4
Natural images,CIFAR-10,cifar10_test_01663,class6_test1663,32x32x3,"(20,20,3)",0,0.017841244116425514,0.016539713367819786,7.29506720558504,2.3062484640948107,2.076813732340458,9.948396078147825,0.052259841058434786,effective,2489,2494,0.004738300107419491,0.09412269992753863,ok,link_refresh_rmse=0.017734222; p_max=4
Natural images,CIFAR-10,cifar10_test_01667,class6_test1667,32x32x3,"(20,20,3)",0,0.016947301104664803,0.016652148216962814,1.7415922799692654,1.3753813813233737,1.3385989548868809,2.67434378100286,0.023165837617387244,moderate,2489,2494,0.0066309000831097364,0.08604269986972213,ok,link_refresh_rmse=0.016902162; p_max=4
Natural images,CIFAR-10,cifar10_test_01675,class5_test1675,32x32x3,"(20,20,3)",0,0.004960628226399422,0.004847410600632429,2.282324346833172,0.7365470435492533,0.7258962183972745,1.4460481846013367,0.007697933418349654,boundary,2489,2494,0.004364500055089593,0.09641969995573163,ok,link_refresh_rmse=0.0049562338; p_max=4
Natural images,CIFAR-10,cifar10_test_01677,class1_test1677,32x32x3,"(20,20,3)",0,0.01232294924557209,0.01061100885272026,13.892294439717569,2.879914382969779,2.458012881109017,14.649793214536311,0.0773631398952267,effective,2489,2494,0.003212300129234791,0.10224519995972514,ok,link_refresh_rmse=0.012213679; p_max=4
Natural images,CIFAR-10,cifar10_test_01678,class2_test1678,32x32x3,"(20,20,3)",0,0.007897641509771347,0.006893198471516371,12.718265788745038,0.6451040447612653,0.6010071284001202,6.835628565538466,0.09482854712873837,effective,2489,2494,0.0040617999620735645,0.10489810002036393,ok,link_refresh_rmse=0.0078118877; p_max=4
Natural images,CIFAR-10,cifar10_test_01681,class5_test1681,32x32x3,"(20,20,3)",0,0.00809764489531517,0.008099174126982689,-0.018884894154883734,0.6352562552674474,0.632991458281748,0.35651706959516427,-0.00015084429354551967,boundary,2489,2494,0.0033452999778091908,0.1049689999781549,ok,link_refresh_rmse=0.0080977855; p_max=4
Natural images,CIFAR-10,cifar10_test_01696,class4_test1696,32x32x3,"(20,20,3)",0,0.008048316463828087,0.007169264368712902,10.922186013260642,0.8742570334881553,0.8467980877207028,3.140832125524396,0.033944149862172375,effective,2489,2494,0.004454200156033039,0.11215540021657944,ok,link_refresh_rmse=0.0080169253; p_max=4
Natural images,CIFAR-10,cifar10_test_01697,class9_test1697,32x32x3,"(20,20,3)",0,0.011308570392429829,0.011177070438861847,1.1628344609855397,0.8829422993474796,0.8757353620014479,0.8162410331182306,0.0023144024218528622,boundary,2489,2494,0.005779299885034561,0.10310920001938939,ok,link_refresh_rmse=0.011305558; p_max=4
Natural images,CIFAR-10,cifar10_test_01699,class7_test1699,32x32x3,"(20,20,3)",0,0.00950282160192728,0.009283194318413734,2.3111796970807394,0.7666575027585618,0.7435741982496331,3.010901794591603,0.015758326520592343,moderate,2489,2494,0.003716300008818507,0.08939540013670921,ok,link_refresh_rmse=0.0094855968; p_max=4
Natural images,CIFAR-10,cifar10_test_01704,class3_test1704,32x32x3,"(20,20,3)",0,0.005414549261331558,0.004829640965908766,10.80252976180238,0.37865269622493586,0.35812066442377255,5.422391549264554,0.04077207804465333,effective,2489,2494,0.004984899889677763,0.09403689997270703,ok,link_refresh_rmse=0.0053891926; p_max=4
Natural images,CIFAR-10,cifar10_test_01705,class0_test1705,32x32x3,"(20,20,3)",0,0.0114806042984128,0.011035052128136158,3.880912177577967,1.0082483810047647,0.9995192467257784,0.8657722088566387,0.021823137773181178,moderate,2489,2494,0.0031274999491870403,0.10602959990501404,ok,link_refresh_rmse=0.011451796; p_max=4
Natural images,CIFAR-10,cifar10_test_01713,class8_test1713,32x32x3,"(20,20,3)",0,0.007632212247699499,0.007336798589676619,3.8706163879538873,1.0466532989435238,0.9955634106106586,4.881261864309278,0.013060335836803305,moderate,2489,2494,0.004664599895477295,0.07753199990838766,ok,link_refresh_rmse=0.0076207449; p_max=4
Natural images,CIFAR-10,cifar10_test_01730,class4_test1730,32x32x3,"(20,20,3)",0,0.005305004306137562,0.005307072773575783,-0.03899087199284436,0.36483462005875944,0.3618808281049774,0.809624907117177,-0.0010932526037341062,boundary,2489,2494,0.004672999959439039,0.10248550004325807,ok,link_refresh_rmse=0.0053056721; p_max=4
Natural images,CIFAR-10,cifar10_test_01745,class5_test1745,32x32x3,"(20,20,3)",0,0.00898626260459423,0.008875877596437931,1.228375054384291,0.7723173212735103,0.7730066705862995,-0.08925726431364879,0.005264119488492435,boundary,2489,2494,0.004385299980640411,0.08791809994727373,ok,link_refresh_rmse=0.0089808181; p_max=4
Natural images,CIFAR-10,cifar10_test_01750,class8_test1750,32x32x3,"(20,20,3)",0,0.003280112287029624,0.0033019972033798695,-0.6672002186261687,0.2752771815662324,0.27619129049785873,-0.332068545029919,-0.0016108862392530494,boundary,2489,2494,0.0029146999586373568,0.08402579999528825,ok,link_refresh_rmse=0.0032807207; p_max=4
Natural images,CIFAR-10,cifar10_test_01756,class2_test1756,32x32x3,"(20,20,3)",0,0.003176843747496605,0.0031628573779016733,0.44025991539410925,0.4365671118820519,0.4363233732121558,0.055830744749716214,0.00465980224269213,boundary,2489,2494,0.0032180999405682087,0.08853389997966588,ok,link_refresh_rmse=0.0031751399; p_max=4
Natural images,CIFAR-10,cifar10_test_01778,class8_test1778,32x32x3,"(20,20,3)",0,0.004083321895450354,0.004102763254195452,-0.47611624169918415,0.22637523930917924,0.22882403660237902,-1.0817425530604294,-0.0004655400439939101,boundary,2489,2494,0.0027706001419574022,0.08122589997947216,ok,link_refresh_rmse=0.0040835408; p_max=4
Natural images,CIFAR-10,cifar10_test_01793,class5_test1793,32x32x3,"(20,20,3)",0,0.009290806949138641,0.008831317536532879,4.945635132891898,0.8064710177809226,0.7827811790631202,2.9374693194787223,0.03203752607593158,effective,2489,2494,0.0045779999345541,0.09057660005055368,ok,link_refresh_rmse=0.0092566013; p_max=4
Natural images,CIFAR-10,cifar10_test_01799,class4_test1799,32x32x3,"(20,20,3)",0,0.007115792017430067,0.007077982649207115,0.5313444818277177,0.3944282651774117,0.3897961287444307,1.1743926188701217,0.0005235207666332151,boundary,2489,2494,0.0034089998807758093,0.09091800008900464,ok,link_refresh_rmse=0.0071153631; p_max=4
Natural images,CIFAR-10,cifar10_test_01813,class3_test1813,32x32x3,"(20,20,3)",0,0.00984782911837101,0.00918787345290184,6.701534495943172,1.052552044728103,1.061624010572906,-0.8619018784146262,0.028849882730374317,moderate,2489,2494,0.006424400024116039,0.11427759984508157,ok,link_refresh_rmse=0.0098151742; p_max=4
Natural images,CIFAR-10,cifar10_test_01818,class5_test1818,32x32x3,"(20,20,3)",0,0.005985705181956291,0.005715342704206705,4.516802440664549,0.30009839668545324,0.28760037169283614,4.164642374186639,0.010382615281656231,moderate,2489,2494,0.0029709998052567244,0.09460950014181435,ok,link_refresh_rmse=0.0059785545; p_max=4
Natural images,CIFAR-10,cifar10_test_01825,class2_test1825,32x32x3,"(20,20,3)",0,0.008268212899565697,0.007950296625494957,3.8450421866548563,0.4182924983342885,0.4105808556039243,1.8436005333763437,0.04335192662717055,effective,2489,2494,0.002605200046673417,0.09628729987889528,ok,link_refresh_rmse=0.0082270484; p_max=4
Natural images,CIFAR-10,cifar10_test_01827,class4_test1827,32x32x3,"(20,20,3)",0,0.005649424158036709,0.005657995119690895,-0.15171389887575434,0.5193754659082224,0.5156318410697653,0.7207935461315291,0.0005212243164963834,boundary,2489,2494,0.0057649000082165,0.10803670017048717,ok,link_refresh_rmse=0.0056490852; p_max=4
Natural images,CIFAR-10,cifar10_test_01847,class5_test1847,32x32x3,"(20,20,3)",0,0.004748052451759577,0.004664791282266378,1.7535857141245925,0.5828256211756015,0.5916426062060246,-1.5127998341319577,0.003277729126619229,boundary,2489,2494,0.002798600122332573,0.0750185998622328,ok,link_refresh_rmse=0.0047462611; p_max=4
Natural images,CIFAR-10,cifar10_test_01849,class7_test1849,32x32x3,"(20,20,3)",0,0.0112290158867836,0.010723026469349861,4.506088712807695,0.9948396270302248,0.9673356213971107,2.764667277601161,0.01239825615616738,moderate,2489,2494,0.003313800087198615,0.10900770011357963,ok,link_refresh_rmse=0.011212999; p_max=4
Natural images,CIFAR-10,cifar10_test_01854,class5_test1854,32x32x3,"(20,20,3)",0,0.011949833482503891,0.011354695074260235,4.980307124070106,1.6667828646223133,1.6146373893177124,3.1285104023682693,0.021954608101102457,moderate,2489,2494,0.0034153000451624393,0.08105399995110929,ok,link_refresh_rmse=0.011919667; p_max=4
Natural images,CIFAR-10,cifar10_test_01859,class2_test1859,32x32x3,"(20,20,3)",0,0.004607114475220442,0.004407915752381086,4.323719844834638,0.3101757109503885,0.30565510182634253,1.457434919773265,0.011273673254381144,moderate,2489,2494,0.004047799855470657,0.08713750005699694,ok,link_refresh_rmse=0.0046011386; p_max=4
Natural images,CIFAR-10,cifar10_test_01869,class8_test1869,32x32x3,"(20,20,3)",0,0.001328257960267365,0.0013771207304671407,-3.678710887600486,0.10528506535691644,0.10415613390997627,1.0722617145300588,-0.004870038295000756,boundary,2489,2494,0.00295290001668036,0.08782569994218647,ok,link_refresh_rmse=0.0013290029; p_max=4
Natural images,CIFAR-10,cifar10_test_01872,class5_test1872,32x32x3,"(20,20,3)",0,0.004330287221819162,0.0042664106003940105,1.4751128078362692,0.683915232604881,0.6457789419659774,5.576172136662451,0.0062323146359021106,boundary,2489,2494,0.0027852999046444893,0.08853659988380969,ok,link_refresh_rmse=0.0043271813; p_max=4
Natural images,CIFAR-10,cifar10_test_01873,class6_test1873,32x32x3,"(20,20,3)",0,0.011575998738408089,0.011430351994931698,1.258178639853756,0.8121897376042362,0.7989094992700383,1.6351152593199947,0.009792980501283485,boundary,2489,2494,0.004750299965962768,0.1037200998980552,ok,link_refresh_rmse=0.011562955; p_max=4
Natural images,CIFAR-10,cifar10_test_01874,class8_test1874,32x32x3,"(20,20,3)",0,0.003837588708847761,0.003909548744559288,-1.875136737441906,0.22087028432626046,0.22318656546665816,-1.048706550753646,-0.0006070623803755805,boundary,2489,2494,0.005134999984875321,0.08185880002565682,ok,link_refresh_rmse=0.0038378569; p_max=4
Natural images,CIFAR-10,cifar10_test_01878,class7_test1878,32x32x3,"(20,20,3)",0,0.008024202659726143,0.007366780657321215,8.192988515912749,3.7968099650895235,3.4988959046724473,7.846430639307802,0.029347528185394333,moderate,2489,2494,0.0026578998658806086,0.10556209995411336,ok,link_refresh_rmse=0.0079971366; p_max=4
Natural images,CIFAR-10,cifar10_test_01899,class7_test1899,32x32x3,"(20,20,3)",0,0.00830646138638258,0.007951954379677773,4.26784632125032,0.6039743344472575,0.5779336142516411,4.311560725415286,0.012914269857952026,moderate,2489,2494,0.00499719986692071,0.1076286998577416,ok,link_refresh_rmse=0.0082941204; p_max=4
Natural images,CIFAR-10,cifar10_test_01905,class3_test1905,32x32x3,"(20,20,3)",0,0.014020716771483421,0.013149293139576912,6.215257366006338,1.1951006775617232,1.190602445784779,0.3763893587711463,0.034747472462353504,effective,2489,2494,0.003589299973100424,0.09045820008032024,ok,link_refresh_rmse=0.01396474; p_max=4
Natural images,CIFAR-10,cifar10_test_01909,class3_test1909,32x32x3,"(20,20,3)",0,0.018557777628302574,0.017734941095113754,4.433917410099295,1.337747154341847,1.2276445426459093,8.230450077100464,0.028337934318141012,moderate,2489,2494,0.002924900036305189,0.08373529999516904,ok,link_refresh_rmse=0.018497331; p_max=4
Natural images,CIFAR-10,cifar10_test_01943,class8_test1943,32x32x3,"(20,20,3)",0,0.006035515572875738,0.00601228279992938,0.384934355082577,0.45417413571787696,0.45093459882633,0.7132807962361081,0.0026991012227422623,boundary,2489,2494,0.003237399971112609,0.08618029998615384,ok,link_refresh_rmse=0.0060336404; p_max=4
Natural images,CIFAR-10,cifar10_test_01947,class3_test1947,32x32x3,"(20,20,3)",0,0.009713863953948021,0.007550702430307865,22.268806047679703,0.7357172545593375,0.6476514407888766,11.970062306505023,0.12789956064114666,effective,2489,2494,0.0037505999207496643,0.08014789992012084,ok,link_refresh_rmse=0.0095718754; p_max=4
Natural images,CIFAR-10,cifar10_test_01952,class4_test1952,32x32x3,"(20,20,3)",0,0.009297833777964115,0.009196056984364986,1.0946290935028322,0.5856226703849295,0.5783389260907578,1.2437606435871371,0.005115523955762824,boundary,2489,2494,0.0069414000026881695,0.0990402998868376,ok,link_refresh_rmse=0.0092923595; p_max=4
Natural images,CIFAR-10,cifar10_test_01960,class2_test1960,32x32x3,"(20,20,3)",0,0.006642111111432314,0.006432386580854654,3.1574980764276064,0.5188997880119799,0.49990566571037737,3.6604606015302523,0.01807402068179779,moderate,2489,2494,0.004180799936875701,0.07736869994550943,ok,link_refresh_rmse=0.0066283043; p_max=4
Natural images,CIFAR-10,cifar10_test_01968,class8_test1968,32x32x3,"(20,20,3)",0,0.004180551506578922,0.004184330347925425,-0.0903909768975589,0.38592990192733995,0.38486616471697427,0.2756296428582906,0.000793386031117787,boundary,2489,2494,0.0042143999598920345,0.08284169994294643,ok,link_refresh_rmse=0.0041801697; p_max=4
Natural images,CIFAR-10,cifar10_test_01981,class3_test1981,32x32x3,"(20,20,3)",0,0.005485589616000652,0.005200520157814026,5.196696766289644,0.24130927574426925,0.22955761821185858,4.86995682041856,0.02291836621451174,moderate,2489,2494,0.00389809999614954,0.08894630009308457,ok,link_refresh_rmse=0.0054711346; p_max=4
Natural images,CIFAR-10,cifar10_test_02009,class1_test2009,32x32x3,"(20,20,3)",0,0.0023705249186605215,0.0023880861699581146,-0.7408169878052242,0.1753244164220677,0.17483593525290014,0.27861559680974923,-0.004176722314549518,boundary,2489,2494,0.0027481999713927507,0.09425109997391701,ok,link_refresh_rmse=0.0023716651; p_max=4
Natural images,CIFAR-10,cifar10_test_02016,class6_test2016,32x32x3,"(20,20,3)",0,0.009803797118365765,0.00954465288668871,2.643304717022267,0.947021372846018,0.9485359425860463,-0.15992983721969878,0.014312864986662246,moderate,2489,2494,0.009178599808365107,0.09095690003596246,ok,link_refresh_rmse=0.0097876554; p_max=4
Natural images,CIFAR-10,cifar10_test_02022,class5_test2022,32x32x3,"(20,20,3)",0,0.00819977093487978,0.007579545024782419,7.563941907926651,1.0576326704539152,0.9631484890035895,8.93355359472537,0.024005955738067023,moderate,2489,2494,0.0045667001977562904,0.09056719997897744,ok,link_refresh_rmse=0.0081771398; p_max=4
Natural images,CIFAR-10,cifar10_test_02023,class5_test2023,32x32x3,"(20,20,3)",0,0.009648516774177551,0.009340726770460606,3.1900240308509176,1.4497113539973885,1.39287387343333,3.920606706109923,0.0095202743091994,boundary,2489,2494,0.0025873000267893076,0.09248419990763068,ok,link_refresh_rmse=0.0096379472; p_max=4
Natural images,CIFAR-10,cifar10_test_02024,class6_test2024,32x32x3,"(20,20,3)",0,0.008373779244720936,0.008010496385395527,4.3383381470729905,1.3193186844828984,1.2979732620465911,1.6179125398101573,0.013950117614115654,moderate,2489,2494,0.0045587001368403435,0.0885493999812752,ok,link_refresh_rmse=0.0083603412; p_max=4
Natural images,CIFAR-10,cifar10_test_02036,class5_test2036,32x32x3,"(20,20,3)",0,0.004659040365368128,0.004574385937303305,1.8169928016524985,0.7011438106112682,0.6895989603074796,1.6465738025589385,0.003709470705642463,boundary,2489,2494,0.004898000042885542,0.09095000009983778,ok,link_refresh_rmse=0.0046570511; p_max=4
Natural images,CIFAR-10,cifar10_test_02037,class5_test2037,32x32x3,"(20,20,3)",0,0.008955378085374832,0.008834375999867916,1.3511666883671438,0.6578910189192999,0.6558315662418732,0.31303857602581286,0.005284990981116299,boundary,2489,2494,0.004628399852663279,0.09281629999168217,ok,link_refresh_rmse=0.0089499308; p_max=4
Natural images,CIFAR-10,cifar10_test_02039,class8_test2039,32x32x3,"(20,20,3)",0,0.011648026295006275,0.009710206650197506,16.636463515192684,1.4439479021602615,1.322331040485511,8.422524212459594,0.1268222504240353,effective,2489,2494,0.0046084001660346985,0.08951910003088415,ok,link_refresh_rmse=0.01147919; p_max=4
Natural images,CIFAR-10,cifar10_test_02048,class8_test2048,32x32x3,"(20,20,3)",0,0.006672571413218975,0.006459182593971491,3.19799978198422,0.5063695079895967,0.49010026011741714,3.2129201335151856,0.008580265984417752,boundary,2489,2494,0.004339899867773056,0.09524469985626638,ok,link_refresh_rmse=0.0066659832; p_max=4
Natural images,CIFAR-10,cifar10_test_02057,class5_test2057,32x32x3,"(20,20,3)",0,0.00506979413330555,0.004999804310500622,1.3805259338862712,0.4367781849016026,0.43140969535292123,1.2291111905899714,0.0034655373336688776,boundary,2489,2494,0.003154000034555793,0.08787419996224344,ok,link_refresh_rmse=0.0050677718; p_max=4
Natural images,CIFAR-10,cifar10_test_02061,class5_test2061,32x32x3,"(20,20,3)",0,0.011206776835024357,0.01090147439390421,2.7242662686562205,1.860407558242914,1.7156943149298676,7.778577477384728,0.019447589840984415,moderate,2489,2494,0.0034562000073492527,0.09089759993366897,ok,link_refresh_rmse=0.011181713; p_max=4
Natural images,CIFAR-10,cifar10_test_02062,class7_test2062,32x32x3,"(20,20,3)",0,0.008245131000876427,0.008065077476203442,2.183755778456959,0.993235682501168,0.968046688075967,2.5360541177668905,0.005866063717421282,boundary,2489,2494,0.0026959001552313566,0.08361860015429556,ok,link_refresh_rmse=0.0082395645; p_max=4
Natural images,CIFAR-10,cifar10_test_02067,class7_test2067,32x32x3,"(20,20,3)",0,0.007205999456346035,0.007216874975711107,-0.15092312219777668,0.7105467780313446,0.708536126747005,0.2829724018889212,5.837474749873354e-05,boundary,2489,2494,0.004576200153678656,0.09085509995929897,ok,link_refresh_rmse=0.007205951; p_max=4
Natural images,CIFAR-10,cifar10_test_02070,class2_test2070,32x32x3,"(20,20,3)",0,0.004909583367407322,0.004846676718443632,1.2813032034714154,0.3889970353573245,0.38153029109264586,1.9194861621039974,0.0016750163700046596,boundary,2489,2494,0.0027716001495718956,0.087818400003016,ok,link_refresh_rmse=0.0049086367; p_max=4
Natural images,CIFAR-10,cifar10_test_02094,class5_test2094,32x32x3,"(20,20,3)",0,0.00839914195239544,0.008224171586334705,2.083193343468045,1.1192572239733352,1.10518133788262,1.2576095815353365,0.0059319428670887905,boundary,2489,2494,0.004538100212812424,0.08331110002472997,ok,link_refresh_rmse=0.0083934078; p_max=4
Natural images,CIFAR-10,cifar10_test_02099,class1_test2099,32x32x3,"(20,20,3)",0,0.007612825836986303,0.007402269635349512,2.765808730495591,0.6900673244998482,0.673678472791284,2.3749641704079547,0.007403078746809648,boundary,2489,2494,0.004229299956932664,0.08986279997043312,ok,link_refresh_rmse=0.0076063401; p_max=4
Natural images,CIFAR-10,cifar10_test_02108,class4_test2108,32x32x3,"(20,20,3)",0,0.009153547696769238,0.008613213896751404,5.902998683325216,0.5534845472613784,0.549671443299407,0.6889269051572501,0.026545682066765275,moderate,2489,2494,0.00460660015232861,0.09989110007882118,ok,link_refresh_rmse=0.0091256155; p_max=4
Natural images,CIFAR-10,cifar10_test_02112,class1_test2112,32x32x3,"(20,20,3)",0,0.00853555928915739,0.008369606919586658,1.9442471658715936,0.7040612951315706,0.6883449642596902,2.232239008244791,0.0033356855989886596,boundary,2489,2494,0.00530109996907413,0.09865000005811453,ok,link_refresh_rmse=0.008532282; p_max=4
Natural images,CIFAR-10,cifar10_test_02125,class1_test2125,32x32x3,"(20,20,3)",0,0.01423882320523262,0.013458749279379845,5.478499975799309,2.1003625306767644,1.9622658942604914,6.574895257333336,0.025380325101336372,moderate,2489,2494,0.0026316000148653984,0.09697240008972585,ok,link_refresh_rmse=0.014197278; p_max=4
Natural images,CIFAR-10,cifar10_test_02126,class9_test2126,32x32x3,"(20,20,3)",0,0.005833898205310106,0.005205321125686169,10.774563722277444,0.3784098344662896,0.3539758695167228,6.457011082713689,0.021945909080058352,moderate,2489,2494,0.0025959000922739506,0.10595179977826774,ok,link_refresh_rmse=0.0058191768; p_max=4
Natural images,CIFAR-10,cifar10_test_02149,class6_test2149,32x32x3,"(20,20,3)",0,0.015137598849833012,0.014950710348784924,1.2345980554911435,1.1077048360858641,1.1096889524474967,-0.17911959007451134,0.007315123069858017,boundary,2489,2494,0.004780700197443366,0.10089139989577234,ok,link_refresh_rmse=0.015124856; p_max=4
Natural images,CIFAR-10,cifar10_test_02153,class8_test2153,32x32x3,"(20,20,3)",0,0.005296715535223484,0.005286921747028828,0.18490304282960032,0.8413403596100946,0.8305251706928316,1.2854713070314474,0.0008804994957380904,boundary,2489,2494,0.0031321002170443535,0.10307179996743798,ok,link_refresh_rmse=0.0052961786; p_max=4
Natural images,CIFAR-10,cifar10_test_02165,class2_test2165,32x32x3,"(20,20,3)",0,0.007186220493167639,0.007151509635150433,0.4830196631206604,0.43795767277388326,0.4361113180523833,0.42158291457842206,0.001550758872210122,boundary,2489,2494,0.004606000147759914,0.1047726001124829,ok,link_refresh_rmse=0.0071849376; p_max=4
Natural images,CIFAR-10,cifar10_test_02171,class2_test2171,32x32x3,"(20,20,3)",0,0.00567986024543643,0.00556830782443285,1.9639993975768784,0.46128096308210753,0.45351590445430134,1.6833685430942043,0.00769276418146731,boundary,2489,2494,0.0032217998523265123,0.09835390001535416,ok,link_refresh_rmse=0.005674832; p_max=4
Natural images,CIFAR-10,cifar10_test_02172,class5_test2172,32x32x3,"(20,20,3)",0,0.008623889647424221,0.008479340001940727,1.6761537008612792,0.46046896470344584,0.4549569655178438,1.1970403236951912,0.006656851076355064,boundary,2489,2494,0.0027578999288380146,0.09934319998137653,ok,link_refresh_rmse=0.0086172828; p_max=4
Natural images,CIFAR-10,cifar10_test_02176,class1_test2176,32x32x3,"(20,20,3)",0,0.005138332024216652,0.00505858613178134,1.5519801379022344,0.494591876922123,0.48626947215936206,1.6826812471227337,0.0038177712450746925,boundary,2489,2494,0.00302570010535419,0.09911349997855723,ok,link_refresh_rmse=0.005136074; p_max=4
Natural images,CIFAR-10,cifar10_test_02197,class6_test2197,32x32x3,"(20,20,3)",0,0.014646297320723534,0.013635888695716858,6.898730804658833,2.5858064736157345,1.7581988128114934,32.0057850132534,0.017544308547197084,moderate,2489,2494,0.003487100126221776,0.09842089982703328,ok,link_refresh_rmse=0.014616744; p_max=4
Natural images,CIFAR-10,cifar10_test_02208,class4_test2208,32x32x3,"(20,20,3)",0,0.008913162164390087,0.008656799793243408,2.876222449658767,0.5856842977801785,0.572380074791663,2.2715690072177623,0.012350892408077017,moderate,2489,2494,0.003037999849766493,0.0942049000877887,ok,link_refresh_rmse=0.0089004971; p_max=4
Natural images,CIFAR-10,cifar10_test_02220,class1_test2220,32x32x3,"(20,20,3)",0,0.008973497897386551,0.008695987053215504,3.09256041896293,0.9995010613062212,0.9725722741942106,2.6942229632871144,0.012401396765112333,moderate,2489,2494,0.00416640006005764,0.09941829997114837,ok,link_refresh_rmse=0.008960695; p_max=4
Natural images,CIFAR-10,cifar10_test_02230,class3_test2230,32x32x3,"(20,20,3)",0,0.007295254152268171,0.007190073374658823,1.4417698878475191,0.5079780452484779,0.5083314504180816,-0.06957095349087869,0.006912013070436053,boundary,2489,2494,0.004634099779650569,0.0886083000805229,ok,link_refresh_rmse=0.0072894511; p_max=4
Natural images,CIFAR-10,cifar10_test_02254,class8_test2254,32x32x3,"(20,20,3)",0,0.001990402117371559,0.002081486163660884,-4.5761630523990044,2.8527838607667625e-06,0.0009057756993684934,-31650.589724839574,-0.018805953951175004,boundary,2489,2494,0.004588800016790628,0.0985916000790894,ok,link_refresh_rmse=0.0019947162; p_max=4
Natural images,CIFAR-10,cifar10_test_02264,class0_test2264,32x32x3,"(20,20,3)",0,0.01095572579652071,0.010317794978618622,5.8228074501890195,1.3652790111476696,1.3314395172163436,2.4785771739712117,0.03632532578007335,effective,2489,2494,0.004488800186663866,0.09916769992560148,ok,link_refresh_rmse=0.010910003; p_max=4
Natural images,CIFAR-10,cifar10_test_02265,class8_test2265,32x32x3,"(20,20,3)",0,0.0018312516622245312,0.0018688217969611287,-2.0516095909482392,0.16960861764784085,0.1707224858695776,-0.6567285537633988,-0.002682602039497544,boundary,2489,2494,0.0029460000805556774,0.10862260009162128,ok,link_refresh_rmse=0.0018318173; p_max=4
Natural images,CIFAR-10,cifar10_test_02267,class6_test2267,32x32x3,"(20,20,3)",0,0.00833484623581171,0.008079473860561848,3.063912254945068,1.3871261315602532,1.4139086456159022,-1.9307915442068548,0.019273149228526347,moderate,2489,2494,0.0029001999646425247,0.11774949985556304,ok,link_refresh_rmse=0.0083163725; p_max=4
Natural images,CIFAR-10,cifar10_test_02273,class5_test2273,32x32x3,"(20,20,3)",0,0.007673632353544235,0.007212040014564991,6.015304326718854,0.4891352850398698,0.48113992528461297,1.6345906745625862,0.031646515650910936,effective,2489,2494,0.004489299841225147,0.11371290008537471,ok,link_refresh_rmse=0.0076457248; p_max=4
Natural images,CIFAR-10,cifar10_test_02279,class9_test2279,32x32x3,"(20,20,3)",0,0.009237822145223618,0.008896003477275372,3.7002083670227632,2.046274344243056,1.9163781260034343,6.347937587404599,0.00629841367965303,boundary,2489,2494,0.005224500084295869,0.09999889996834099,ok,link_refresh_rmse=0.0092311259; p_max=4
Natural images,CIFAR-10,cifar10_test_02309,class6_test2309,32x32x3,"(20,20,3)",0,0.005139142740517855,0.005104696843773127,0.6702654213737034,1.1529388595802126,1.1454089583146563,0.6531049936418968,0.005770879414120708,boundary,2489,2494,0.006593399913981557,0.09691550000570714,ok,link_refresh_rmse=0.0051357294; p_max=4
Natural images,CIFAR-10,cifar10_test_02338,class6_test2338,32x32x3,"(20,20,3)",0,0.008081137202680111,0.007924413308501244,1.9393792018144405,0.43841300175003695,0.4268020690050299,2.648400640186087,0.011463212800805036,moderate,2489,2494,0.004947899840772152,0.09463630011305213,ok,link_refresh_rmse=0.0080704791; p_max=4
Natural images,CIFAR-10,cifar10_test_02342,class5_test2342,32x32x3,"(20,20,3)",0,0.00792539119720459,0.0077331759966909885,2.4253086785343623,0.6229955044763191,0.6069799293595401,2.570736867554355,0.010336548382754544,moderate,2489,2494,0.0031324001029133797,0.08015169994905591,ok,link_refresh_rmse=0.0079159653; p_max=4
Natural images,CIFAR-10,cifar10_test_02345,class1_test2345,32x32x3,"(20,20,3)",0,0.009034997783601284,0.008756238967180252,3.0853224660108407,2.2720177362721032,2.188656042682851,3.6690599839256115,0.010947014620467908,moderate,2489,2494,0.0030370999593287706,0.07380160014145076,ok,link_refresh_rmse=0.009023618; p_max=4
Natural images,CIFAR-10,cifar10_test_02348,class4_test2348,32x32x3,"(20,20,3)",0,0.007144561503082514,0.0066477893851697445,6.953150556523832,0.39346154446793624,0.3752997900857937,4.615890583843967,0.03190393004990765,effective,2489,2494,0.0027469999622553587,0.0891917000990361,ok,link_refresh_rmse=0.0071183671; p_max=4
Natural images,CIFAR-10,cifar10_test_02357,class1_test2357,32x32x3,"(20,20,3)",0,0.006325134541839361,0.005975938867777586,5.520762787762432,0.507885791300449,0.5005433087941099,1.4456955937945284,0.020266430937430593,moderate,2489,2494,0.005256399977952242,0.1139724999666214,ok,link_refresh_rmse=0.0063103936; p_max=4
Natural images,CIFAR-10,cifar10_test_02362,class3_test2362,32x32x3,"(20,20,3)",0,0.009661706164479256,0.009607170708477497,0.5644495400021091,0.7207154287615655,0.6986301361649184,3.0643568481109247,0.0010533375971985503,boundary,2489,2494,0.00274979998357594,0.09711980004794896,ok,link_refresh_rmse=0.0096605346; p_max=4
Natural images,CIFAR-10,cifar10_test_02364,class6_test2364,32x32x3,"(20,20,3)",0,0.016958121210336685,0.016446949914097786,3.014315618450226,1.747324860551712,1.7152339562869914,1.836573438014727,0.01499040592643567,moderate,2489,2494,0.005243200110271573,0.11024629999883473,ok,link_refresh_rmse=0.01692888; p_max=4
Natural images,CIFAR-10,cifar10_test_02384,class5_test2384,32x32x3,"(20,20,3)",0,0.009301751852035522,0.008472315967082977,8.916985726414943,1.0862488834840203,1.012625884657239,6.777728377555973,0.049704761189124064,effective,2489,2494,0.0032077000942081213,0.0922036999836564,ok,link_refresh_rmse=0.0092486748; p_max=4
Natural images,CIFAR-10,cifar10_test_02394,class6_test2394,32x32x3,"(20,20,3)",0,0.01156650111079216,0.011471737176179886,0.8192964640262247,0.7376780546153012,0.7365310076534561,0.15549425046177806,0.0037235911187322585,boundary,2489,2494,0.002879299921914935,0.08204180002212524,ok,link_refresh_rmse=0.011561544; p_max=4
Natural images,CIFAR-10,cifar10_test_02425,class0_test2425,32x32x3,"(20,20,3)",0,0.012205555103719234,0.011886516585946083,2.6138796233522807,1.0163052302468418,1.0169764478614756,-0.06604488441633899,0.008577046070964281,boundary,2489,2494,0.003807300003245473,0.07543339999392629,ok,link_refresh_rmse=0.012193508; p_max=4
Natural images,CIFAR-10,cifar10_test_02426,class2_test2426,32x32x3,"(20,20,3)",0,0.0018695371691137552,0.0018930360674858093,-1.2569366771773591,0.17308690505932078,0.17558429379599322,-1.442852499914146,0.0014393658823199035,boundary,2489,2494,0.002968600019812584,0.0850762000773102,ok,link_refresh_rmse=0.0018692274; p_max=4
Natural images,CIFAR-10,cifar10_test_02434,class0_test2434,32x32x3,"(20,20,3)",0,0.0026432613376528025,0.0026285904459655285,0.5550299351142338,0.21159966733138175,0.21109592117934728,0.23806566351806288,0.0020698237029433907,boundary,2489,2494,0.010217600036412477,0.08068060013465583,ok,link_refresh_rmse=0.0026426315; p_max=4
Natural images,CIFAR-10,cifar10_test_02446,class9_test2446,32x32x3,"(20,20,3)",0,0.005804542917758226,0.004943357780575752,14.83639882389004,0.4023722539917995,0.36445374236021555,9.423739150850281,0.07762451085683134,effective,2489,2494,0.0028501998167485,0.09897449985146523,ok,link_refresh_rmse=0.0057528997; p_max=4
Natural images,CIFAR-10,cifar10_test_02448,class2_test2448,32x32x3,"(20,20,3)",0,0.009331071749329567,0.008846735581755638,5.190573822441437,0.8951703167873792,0.836406361679968,6.564555817523705,0.020452345968513225,moderate,2489,2494,0.0031473999843001366,0.088353400118649,ok,link_refresh_rmse=0.0093091261; p_max=4
Natural images,CIFAR-10,cifar10_test_02452,class2_test2452,32x32x3,"(20,20,3)",0,0.008561845868825912,0.008479909040033817,0.956999577514366,0.7724285865169545,0.7585311577291047,1.7991862329327033,0.0019172423293987515,boundary,2489,2494,0.0025413997936993837,0.09620679984800518,ok,link_refresh_rmse=0.0085599562; p_max=4
Natural images,CIFAR-10,cifar10_test_02479,class5_test2479,32x32x3,"(20,20,3)",0,0.011864641681313515,0.010802251286804676,8.95425604114176,0.8516495852041417,0.8078893714478605,5.1382886243984665,0.04906323039496987,effective,2489,2494,0.003545300103724003,0.08109769993461668,ok,link_refresh_rmse=0.011797812; p_max=4
Natural images,CIFAR-10,cifar10_test_02484,class1_test2484,32x32x3,"(20,20,3)",0,0.007049664855003357,0.006751279346644878,4.232619769813674,3.2623497957409118,3.173124151388558,2.7350115695392363,0.012051182235279852,moderate,2489,2494,0.004615399986505508,0.11065929988399148,ok,link_refresh_rmse=0.0070398906; p_max=4
Natural images,CIFAR-10,cifar10_test_02486,class7_test2486,32x32x3,"(20,20,3)",0,0.007945382967591286,0.007758181542158127,2.356103238783349,0.683523515215174,0.6631976585945647,2.9736879811970565,0.008361782858551563,boundary,2489,2494,0.003165900008752942,0.09049029997549951,ok,link_refresh_rmse=0.0079377377; p_max=4
Natural images,CIFAR-10,cifar10_test_02488,class6_test2488,32x32x3,"(20,20,3)",0,0.012257248163223267,0.012208942323923111,0.39410019815942715,1.008440255333054,0.9984472929809209,0.9909325117959272,0.001351055148035194,boundary,2489,2494,0.005710100056603551,0.10052710003219545,ok,link_refresh_rmse=0.012255342; p_max=4
Natural images,CIFAR-10,cifar10_test_02507,class0_test2507,32x32x3,"(20,20,3)",0,0.0011338270269334316,0.001171161187812686,-3.292756301658196,0.05857170222100222,0.05892553696541291,-0.6041052777937101,-0.04838716373361359,boundary,2489,2494,0.0044114000629633665,0.10302859987132251,ok,link_refresh_rmse=0.001140161; p_max=4
Natural images,CIFAR-10,cifar10_test_02512,class2_test2512,32x32x3,"(20,20,3)",0,0.0064171007834374905,0.006192093249410391,3.5063736977272213,0.5365720024234628,0.523665694099044,2.4053264550007576,0.007279203598438213,boundary,2489,2494,0.0035480998922139406,0.10766079998575151,ok,link_refresh_rmse=0.0064117252; p_max=4
Natural images,CIFAR-10,cifar10_test_02519,class4_test2519,32x32x3,"(20,20,3)",0,0.005943169351667166,0.0057909139432013035,2.5618554588748492,0.599736187333225,0.5871722896857277,2.094904044954116,0.011633110369058456,moderate,2489,2494,0.003017700044438243,0.10153659991919994,ok,link_refresh_rmse=0.0059352149; p_max=4
Natural images,CIFAR-10,cifar10_test_02529,class3_test2529,32x32x3,"(20,20,3)",0,0.010705185122787952,0.01046375185251236,2.2552928091047932,0.969538944135152,0.9558450995019743,1.4124078992404858,0.020209907535597718,moderate,2489,2494,0.004702799953520298,0.08861919981427491,ok,link_refresh_rmse=0.010680306; p_max=4
Natural images,CIFAR-10,cifar10_test_02531,class2_test2531,32x32x3,"(20,20,3)",0,0.007226212881505489,0.006582824978977442,8.903528211502204,0.8852383365068718,0.8593422540070675,2.9253232075318305,0.0313787492124344,effective,2489,2494,0.0028309000190347433,0.08580400003120303,ok,link_refresh_rmse=0.0072001545; p_max=4
Natural images,CIFAR-10,cifar10_test_02533,class8_test2533,32x32x3,"(20,20,3)",0,0.004635241813957691,0.004322627559304237,6.744292254874521,0.150372795079522,0.14161764933225607,5.822293681936237,0.00743069464447833,boundary,2489,2494,0.004666700027883053,0.10029600001871586,ok,link_refresh_rmse=0.0046312781; p_max=4
Natural images,CIFAR-10,cifar10_test_02536,class5_test2536,32x32x3,"(20,20,3)",0,0.004700227174907923,0.00456491531804204,2.8788365291840097,0.9422884651146441,0.8911898936339464,5.422816194028312,0.008376986979333766,boundary,2489,2494,0.002610300201922655,0.09068699995987117,ok,link_refresh_rmse=0.0046956963; p_max=4
Natural images,CIFAR-10,cifar10_test_02537,class1_test2537,32x32x3,"(20,20,3)",0,0.009006488136947155,0.008372250944375992,7.04200330836326,2.052326782925655,1.8996801770212117,7.437733950284501,0.03447185034839423,effective,2489,2494,0.002720799995586276,0.08520619990304112,ok,link_refresh_rmse=0.0089708148; p_max=4
Natural images,CIFAR-10,cifar10_test_02570,class0_test2570,32x32x3,"(20,20,3)",0,0.0025449120439589024,0.002599641913548112,-2.1505603590162186,0.11458265990965906,0.1145443299616529,0.033451787588439606,-0.006641617205284273,boundary,2489,2494,0.0035083999391645193,0.10257810004986823,ok,link_refresh_rmse=0.0025468587; p_max=4
Natural images,CIFAR-10,cifar10_test_02571,class9_test2571,32x32x3,"(20,20,3)",0,0.01635286957025528,0.0150939105078578,7.698704236517841,1.045146076427435,1.0722596962479867,-2.594242128644132,0.053229586916546,effective,2489,2494,0.0032621000427752733,0.07928639999590814,ok,link_refresh_rmse=0.016252961; p_max=4
Natural images,CIFAR-10,cifar10_test_02605,class4_test2605,32x32x3,"(20,20,3)",0,0.005363323725759983,0.005362038966268301,0.02395453933745165,1.18101604183948,1.1854688364337953,-0.3770308307904057,0.0010520852682093889,boundary,2489,2494,0.0034078999888151884,0.09513360005803406,ok,link_refresh_rmse=0.0053626741; p_max=4
Natural images,CIFAR-10,cifar10_test_02616,class1_test2616,32x32x3,"(20,20,3)",0,0.006979451049119234,0.006932405289262533,0.6740610332475617,0.4608337736516105,0.452894903701435,1.722718777156572,0.001096507786957013,boundary,2489,2494,0.0029843999072909355,0.08473270013928413,ok,link_refresh_rmse=0.00697857; p_max=4
Natural images,CIFAR-10,cifar10_test_02628,class0_test2628,32x32x3,"(20,20,3)",0,0.0027064215391874313,0.002734412671998143,-1.0342488191664274,0.1597370025321756,0.1612052085134351,-0.9191395593915391,-0.004869132879603367,boundary,2489,2494,0.0034753000363707542,0.0895684000570327,ok,link_refresh_rmse=0.0027079391; p_max=4
Natural images,CIFAR-10,cifar10_test_02638,class4_test2638,32x32x3,"(20,20,3)",0,0.011620614677667618,0.011305185034871101,2.7143972289409612,0.8175570743223337,0.8028971887286953,1.7931329877843523,0.017370983028346297,moderate,2489,2494,0.0027573001570999622,0.08616860001347959,ok,link_refresh_rmse=0.011597398; p_max=4
Natural images,CIFAR-10,cifar10_test_02651,class5_test2651,32x32x3,"(20,20,3)",0,0.0037736042868345976,0.0037910270038992167,-0.46169963091794436,0.21883416828312832,0.21673233989030596,0.9604662787865037,-0.0006361109992500346,boundary,2489,2494,0.004739800002425909,0.08945360011421144,ok,link_refresh_rmse=0.0037738807; p_max=4
Natural images,CIFAR-10,cifar10_test_02661,class3_test2661,32x32x3,"(20,20,3)",0,0.006028976757079363,0.0059222024865448475,1.7710181152902702,0.3171387634906129,0.31461844172509046,0.7947063101912534,0.004537633695309458,boundary,2489,2494,0.0033396000508219004,0.08326609991490841,ok,link_refresh_rmse=0.006025828; p_max=4
Natural images,CIFAR-10,cifar10_test_02693,class9_test2693,32x32x3,"(20,20,3)",0,0.013570104725658894,0.011440659873187542,15.692176998788467,0.8810739868324915,0.7744905043987651,12.096995715070396,0.022628828753271723,moderate,2489,2494,0.005603100173175335,0.09784709988161922,ok,link_refresh_rmse=0.013534797; p_max=4
Natural images,CIFAR-10,cifar10_test_02700,class9_test2700,32x32x3,"(20,20,3)",0,0.014759925194084644,0.013995799235999584,5.177031374056692,1.2967510480445976,1.2356567949870922,4.711332460431081,0.021803519965380685,moderate,2489,2494,0.004637000150978565,0.09457219997420907,ok,link_refresh_rmse=0.014722921; p_max=4
Natural images,CIFAR-10,cifar10_test_02701,class1_test2701,32x32x3,"(20,20,3)",0,0.011866451241075993,0.011321596801280975,4.591553352606305,0.5885965650897539,0.5653581584929526,3.9481043511114855,0.005945780764736063,boundary,2489,2494,0.002715500071644783,0.08965639979578555,ok,link_refresh_rmse=0.011858331; p_max=4
Natural images,CIFAR-10,cifar10_test_02707,class6_test2707,32x32x3,"(20,20,3)",0,0.008375539444386959,0.008093968033790588,3.3618301539379845,0.7918818729344375,0.773832038891336,2.279359417107892,0.022454655980009217,moderate,2489,2494,0.003500899998471141,0.08909350004978478,ok,link_refresh_rmse=0.0083539151; p_max=4
Natural images,CIFAR-10,cifar10_test_02720,class3_test2720,32x32x3,"(20,20,3)",0,0.010229145176708698,0.009550586342811584,6.6335829844527145,0.7378615571996068,0.7120706815456925,3.4953542981420407,0.030365760829120927,effective,2489,2494,0.0029013000894337893,0.08327449997887015,ok,link_refresh_rmse=0.010193447; p_max=4
Natural images,CIFAR-10,cifar10_test_02725,class8_test2725,32x32x3,"(20,20,3)",0,0.005247538443654776,0.005125950090587139,2.3170550225250626,0.41366062374471213,0.40406660234093367,2.319297717275442,0.00587222307320321,boundary,2489,2494,0.002612900221720338,0.07400030014105141,ok,link_refresh_rmse=0.005243992; p_max=4
Natural images,CIFAR-10,cifar10_test_02734,class7_test2734,32x32x3,"(20,20,3)",0,0.012040603905916214,0.011204917915165424,6.940565417488495,1.7782741445572336,1.6274681273216818,8.480470668548158,0.05863346899807183,effective,2489,2494,0.005507099907845259,0.10040920018218458,ok,link_refresh_rmse=0.011959598; p_max=4
Natural images,CIFAR-10,cifar10_test_02739,class2_test2739,32x32x3,"(20,20,3)",0,0.007131239399313927,0.006984968204051256,2.0511328686671604,0.33308976117009653,0.3337537382879762,-0.1993387955088238,0.014287616420440236,moderate,2489,2494,0.0029929999727755785,0.10509550012648106,ok,link_refresh_rmse=0.0071195187; p_max=4
Natural images,CIFAR-10,cifar10_test_02743,class9_test2743,32x32x3,"(20,20,3)",0,0.011950972490012646,0.011568930000066757,3.1967481329670795,0.9638299135835646,0.9531352018134598,1.1096057114829938,0.007868899996977041,boundary,2489,2494,0.003188400063663721,0.1094567000400275,ok,link_refresh_rmse=0.011940151; p_max=4
Natural images,CIFAR-10,cifar10_test_02751,class2_test2751,32x32x3,"(20,20,3)",0,0.0078579131513834,0.007782481145113707,0.9599496051494719,0.7713738534169099,0.760357026042911,1.428208556097448,0.0019942825507825953,boundary,2489,2494,0.0033346000127494335,0.09967450005933642,ok,link_refresh_rmse=0.0078561092; p_max=4
Natural images,CIFAR-10,cifar10_test_02753,class7_test2753,32x32x3,"(20,20,3)",0,0.006528131663799286,0.006552498321980238,-0.373256230662036,0.9126188921559857,0.9791793878964548,-7.293350632181794,0.00825545314680244,boundary,2489,2494,0.008479599840939045,0.08302969997748733,ok,link_refresh_rmse=0.00652193; p_max=4
Natural images,CIFAR-10,cifar10_test_02756,class9_test2756,32x32x3,"(20,20,3)",0,0.008052438497543335,0.007921759970486164,1.6228441495956625,0.6071022432450714,0.5974357271617905,1.5922385711526401,0.00446050133160891,boundary,2489,2494,0.0029198999982327223,0.07351449993439019,ok,link_refresh_rmse=0.0080483044; p_max=4
Natural images,CIFAR-10,cifar10_test_02772,class6_test2772,32x32x3,"(20,20,3)",0,0.006459874100983143,0.006388717330992222,1.1015194550013214,0.7418230023733078,0.7315529545788162,1.3844337209327178,0.005596847339934822,boundary,2489,2494,0.002848900156095624,0.09413230000063777,ok,link_refresh_rmse=0.006455713; p_max=4
Natural images,CIFAR-10,cifar10_test_02792,class0_test2792,32x32x3,"(20,20,3)",0,0.0018912194063887,0.0019367695786058903,-2.4085080802004204,0.12215177354513043,0.12359498097849983,-1.181487088958383,-0.013221310906380415,boundary,2489,2494,0.002581000095233321,0.10486910003237426,ok,link_refresh_rmse=0.0018941003; p_max=4
Natural images,CIFAR-10,cifar10_test_02796,class7_test2796,32x32x3,"(20,20,3)",0,0.0069722626358270645,0.006813119165599346,2.2825225976135424,0.3819104569249346,0.366395124697251,4.0625575828978056,0.01617518902208685,moderate,2489,2494,0.003535199910402298,0.08875320013612509,ok,link_refresh_rmse=0.0069592907; p_max=4
Natural images,CIFAR-10,cifar10_test_02797,class6_test2797,32x32x3,"(20,20,3)",0,0.007859347388148308,0.007725155912339687,1.7074124501861023,0.6287862581829298,0.6207924217259737,1.271312207117359,0.009365199010391734,boundary,2489,2494,0.0031475999858230352,0.10221060016192496,ok,link_refresh_rmse=0.0078508779; p_max=4
Natural images,CIFAR-10,cifar10_test_02808,class2_test2808,32x32x3,"(20,20,3)",0,0.007632006425410509,0.007483756169676781,1.9424807510661175,0.4929324876951312,0.48813241182495126,0.9737795722542623,0.005213752554042531,boundary,2489,2494,0.0029221000149846077,0.099433199968189,ok,link_refresh_rmse=0.0076274266; p_max=4
Natural images,CIFAR-10,cifar10_test_02821,class0_test2821,32x32x3,"(20,20,3)",0,0.007673325948417187,0.007511587347835302,2.1078030787320716,0.7265533518494196,0.7298000321322449,-0.4468605470693843,0.005659836348559923,boundary,2489,2494,0.0027373998891562223,0.10580969997681677,ok,link_refresh_rmse=0.0076683275; p_max=4
Natural images,CIFAR-10,cifar10_test_02829,class3_test2829,32x32x3,"(20,20,3)",0,0.006980265956372023,0.006379553582519293,8.605866561636695,0.5028980018462834,0.4802136504637621,4.510726091422227,0.057518609753096604,effective,2489,2494,0.0031781999859958887,0.10461300006136298,ok,link_refresh_rmse=0.0069341948; p_max=4
Natural images,CIFAR-10,cifar10_test_02834,class4_test2834,32x32x3,"(20,20,3)",0,0.008685803040862083,0.008676265366375446,0.10980763024175692,0.6619185444446454,0.6598129554060955,0.3181039504364474,0.00020862084195732793,boundary,2489,2494,0.005590799963101745,0.0898895999416709,ok,link_refresh_rmse=0.0086855944; p_max=4
Natural images,CIFAR-10,cifar10_test_02844,class4_test2844,32x32x3,"(20,20,3)",0,0.0022514595184475183,0.0022897846065461636,-1.7022330530318426,0.2217686577409471,0.22082611832559612,0.4250101997965688,-0.0015627894868227093,boundary,2489,2494,0.004831300117075443,0.09213640005327761,ok,link_refresh_rmse=0.0022518646; p_max=4
Natural images,CIFAR-10,cifar10_test_02876,class9_test2876,32x32x3,"(20,20,3)",0,0.005471054930239916,0.005334829445928335,2.4899308460353353,0.868191484650758,0.8497546489185407,2.123590942571131,0.006031722705623719,boundary,2489,2494,0.002752400003373623,0.08479989995248616,ok,link_refresh_rmse=0.005467257; p_max=4
Natural images,CIFAR-10,cifar10_test_02896,class8_test2896,32x32x3,"(20,20,3)",0,0.007067027036100626,0.006838260684162378,3.2370946194154384,1.169110006281499,1.1207182980703965,4.139192030784032,0.014616475497148822,moderate,2489,2494,0.0032357999589294195,0.09161569993011653,ok,link_refresh_rmse=0.0070551448; p_max=4
Natural images,CIFAR-10,cifar10_test_02901,class2_test2901,32x32x3,"(20,20,3)",0,0.008352775126695633,0.008202914148569107,1.794145967698415,0.5432421212274272,0.5508553980087268,-1.4014518543035355,0.00597845062263105,boundary,2489,2494,0.0026676999405026436,0.08286820002831519,ok,link_refresh_rmse=0.0083470279; p_max=4
Natural images,CIFAR-10,cifar10_test_02902,class9_test2902,32x32x3,"(20,20,3)",0,0.008344330824911594,0.007788239512592554,6.664300876696507,0.8358166011201194,0.801395123348296,4.118305107327783,0.01935420782696349,moderate,2489,2494,0.0028539998456835747,0.08025599992834032,ok,link_refresh_rmse=0.0083257584; p_max=4
Natural images,CIFAR-10,cifar10_test_02911,class1_test2911,32x32x3,"(20,20,3)",0,0.003135587787255645,0.003142857225611806,-0.2318365438756711,0.1355626333915663,0.13696079383728277,-1.0313759852082192,0.00010319485472387298,boundary,2489,2494,0.006256100023165345,0.09257410001009703,ok,link_refresh_rmse=0.0031355505; p_max=4
Natural images,CIFAR-10,cifar10_test_02915,class5_test2915,32x32x3,"(20,20,3)",0,0.008549210615456104,0.008072346448898315,5.577873654155471,0.7316831864302858,0.7076040333708132,3.290926114750466,0.028498346964314455,moderate,2489,2494,0.004330799914896488,0.0951952999457717,ok,link_refresh_rmse=0.0085212067; p_max=4
Natural images,CIFAR-10,cifar10_test_02928,class1_test2928,32x32x3,"(20,20,3)",0,0.007527499459683895,0.007266129367053509,3.4722034060612494,0.5475557884652056,0.5354729040412343,2.2066946744987472,0.015352458720913089,moderate,2489,2494,0.0028903998900204897,0.09567960002459586,ok,link_refresh_rmse=0.0075142062; p_max=4
Natural images,CIFAR-10,cifar10_test_02942,class5_test2942,32x32x3,"(20,20,3)",0,0.005985637195408344,0.005477392580360174,8.491069512834002,0.32439753511926867,0.32164222869871595,0.8493610839366258,0.03656363885946172,effective,2489,2494,0.0025513998698443174,0.09467640006914735,ok,link_refresh_rmse=0.0059604933; p_max=4
Natural images,CIFAR-10,cifar10_test_02961,class4_test2961,32x32x3,"(20,20,3)",0,0.00547464145347476,0.0054588839411735535,0.28782729307697913,0.3802117530515647,0.3816087782748622,-0.3674334662421857,0.004051063620846899,boundary,2489,2494,0.0027366001158952713,0.08849589992314577,ok,link_refresh_rmse=0.0054720887; p_max=4
Natural images,CIFAR-10,cifar10_test_02962,class8_test2962,32x32x3,"(20,20,3)",0,0.004531728103756905,0.004534808918833733,-0.06798322861148572,0.7782553420473362,0.7701091742911786,1.046721726924173,0.0010960903775364874,boundary,2489,2494,0.004580500070005655,0.08674050006084144,ok,link_refresh_rmse=0.0045311563; p_max=4
Natural images,CIFAR-10,cifar10_test_02982,class4_test2982,32x32x3,"(20,20,3)",0,0.012221578508615494,0.01187916100025177,2.8017453565620802,1.735477634396377,1.6806989880729346,3.1564017442665047,0.01533566826006097,moderate,2489,2494,0.0037934998981654644,0.07825789996422827,ok,link_refresh_rmse=0.012200019; p_max=4
Natural images,CIFAR-10,cifar10_test_02994,class8_test2994,32x32x3,"(20,20,3)",0,0.007447925396263599,0.007435677573084831,0.16444610448048425,0.6516364000081676,0.6563764146907944,-0.7274017661639908,0.0013273440529351132,boundary,2489,2494,0.004329400137066841,0.09839519998058677,ok,link_refresh_rmse=0.0074467873; p_max=4
Natural images,CIFAR-10,cifar10_test_03001,class1_test3001,32x32x3,"(20,20,3)",0,0.0172650795429945,0.016434364020824432,4.811536026239387,2.5823020663175265,2.367178064303935,8.330706342204476,0.014296579865602854,moderate,2489,2494,0.0044102000538259745,0.09967479994520545,ok,link_refresh_rmse=0.017236685; p_max=4
Natural images,CIFAR-10,cifar10_test_03016,class4_test3016,32x32x3,"(20,20,3)",0,0.012841801159083843,0.012616351246833801,1.7555941682726222,0.9622743538787952,0.9597510658401871,0.26222127072566187,0.014499729222797767,moderate,2489,2494,0.009470999939367175,0.07465849979780614,ok,link_refresh_rmse=0.012820382; p_max=4
Natural images,CIFAR-10,cifar10_test_03023,class3_test3023,32x32x3,"(20,20,3)",0,0.002004432724788785,0.0020910638850182295,-4.321978939880518,6.887925562769202e-07,0.0010694251353033774,-155160.84385752692,-0.015986979144355238,boundary,2489,2494,0.002976299962028861,0.07434600009582937,ok,link_refresh_rmse=0.0020081254; p_max=4
Natural images,CIFAR-10,cifar10_test_03031,class7_test3031,32x32x3,"(20,20,3)",0,0.00993525329977274,0.009606697596609592,3.3069685618449447,1.0196526085156616,0.9925272788535006,2.6602520736595006,0.014429163666603698,moderate,2489,2494,0.0026366999372839928,0.08074650005437434,ok,link_refresh_rmse=0.0099187624; p_max=4
Natural images,CIFAR-10,cifar10_test_03035,class3_test3035,32x32x3,"(20,20,3)",0,0.007129986770451069,0.00701803807169199,1.5701108902898666,0.7705297460781133,0.7539683423761179,2.1493529336525454,0.004740331253705656,boundary,2489,2494,0.002750399988144636,0.092913500033319,ok,link_refresh_rmse=0.0071260966; p_max=4
Natural images,CIFAR-10,cifar10_test_03048,class0_test3048,32x32x3,"(20,20,3)",0,0.008106561377644539,0.00787181593477726,2.895746197822377,0.3684324651330979,0.3609945555721542,2.0187986306409567,0.01136328960160899,moderate,2489,2494,0.002852699952200055,0.08041130006313324,ok,link_refresh_rmse=0.0080959629; p_max=4
Natural images,CIFAR-10,cifar10_test_03058,class1_test3058,32x32x3,"(20,20,3)",0,0.016735946759581566,0.014394589699804783,13.989988695657884,4.926425679237025,3.7496969432968696,23.886054769883383,0.1436878751974977,effective,2489,2494,0.0030825999565422535,0.07554230000823736,ok,link_refresh_rmse=0.016461367; p_max=4
Natural images,CIFAR-10,cifar10_test_03095,class4_test3095,32x32x3,"(20,20,3)",0,0.013073770329356194,0.012684950605034828,2.9740443232989886,0.8889126190580218,0.8681900680777697,2.3312247498760605,0.006607644206794652,boundary,2489,2494,0.002906499896198511,0.07623800006695092,ok,link_refresh_rmse=0.013063828; p_max=4
Natural images,CIFAR-10,cifar10_test_03099,class9_test3099,32x32x3,"(20,20,3)",0,0.015567125752568245,0.015154070220887661,2.653383407097091,1.5572419134608793,1.5798916100421665,-1.4544751451590208,0.015533051811149935,moderate,2489,2494,0.0025977001059800386,0.09913559979759157,ok,link_refresh_rmse=0.015539312; p_max=4
Natural images,CIFAR-10,cifar10_test_03113,class3_test3113,32x32x3,"(20,20,3)",0,0.006147304549813271,0.005985303316265345,2.635321419903409,1.058945916478741,1.0578840045004754,0.10028009568200354,0.008465493891119249,boundary,2489,2494,0.003250099951401353,0.081367899896577,ok,link_refresh_rmse=0.0061413161; p_max=4
Natural images,CIFAR-10,cifar10_test_03120,class4_test3120,32x32x3,"(20,20,3)",0,0.005587187595665455,0.005505148787051439,1.4683381792596575,0.49712710993833703,0.4897691407384793,1.4800981585515178,0.007407421873118396,boundary,2489,2494,0.0027431000489741564,0.08300690003670752,ok,link_refresh_rmse=0.0055824248; p_max=4
Natural images,CIFAR-10,cifar10_test_03146,class2_test3146,32x32x3,"(20,20,3)",0,0.004830860532820225,0.004836673382669687,-0.12032742013500036,0.3443495189660864,0.3433481796465262,0.29079155462935885,0.0003550051664880444,boundary,2489,2494,0.0027354999911040068,0.08571199979633093,ok,link_refresh_rmse=0.0048306631; p_max=4
Natural images,CIFAR-10,cifar10_test_03168,class9_test3168,32x32x3,"(20,20,3)",0,0.006198099814355373,0.006183270364999771,0.23925799518839444,0.44188647781794493,0.4374996343057618,0.9927535085132242,0.0009162540123736434,boundary,2489,2494,0.004734500078484416,0.10842130007222295,ok,link_refresh_rmse=0.006197446; p_max=4
Natural images,CIFAR-10,cifar10_test_03170,class9_test3170,32x32x3,"(20,20,3)",0,0.008750197477638721,0.00838723685592413,4.148027774711874,1.6483578445378368,1.6266635734953807,1.316114162610045,0.025658845305815928,moderate,2489,2494,0.003227400127798319,0.08702370012179017,ok,link_refresh_rmse=0.0087243868; p_max=4
Natural images,CIFAR-10,cifar10_test_03177,class0_test3177,32x32x3,"(20,20,3)",0,0.002162793418392539,0.0021403797436505556,1.03632989407939,0.1457520451628654,0.1434662064122117,1.5683064673977571,0.016540115829103072,moderate,2489,2494,0.005910599837079644,0.08880809997208416,ok,link_refresh_rmse=0.0021586788; p_max=4
Natural images,CIFAR-10,cifar10_test_03190,class3_test3190,32x32x3,"(20,20,3)",0,0.005294056609272957,0.004309970419853926,18.588509002629984,0.1539232211613567,0.14819220817980286,3.7232933005904694,0.06828242032971049,effective,2489,2494,0.00261380011215806,0.0826371000148356,ok,link_refresh_rmse=0.0052526016; p_max=4
Natural images,CIFAR-10,cifar10_test_03221,class5_test3221,32x32x3,"(20,20,3)",0,0.007920520380139351,0.007749466225504875,2.15963278199994,0.5169555533214565,0.5091702572871438,1.505989438413395,0.009649658190552763,boundary,2489,2494,0.004633700009435415,0.09792960016056895,ok,link_refresh_rmse=0.0079117259; p_max=4
Natural images,CIFAR-10,cifar10_test_03228,class3_test3228,32x32x3,"(20,20,3)",0,0.005337050650268793,0.0050650485791265965,5.096486598426748,0.3352975359185432,0.3319864237226926,0.9875146224322436,0.02323033381338607,moderate,2489,2494,0.0027022999711334705,0.08741859998553991,ok,link_refresh_rmse=0.0053227958; p_max=4
Natural images,CIFAR-10,cifar10_test_03230,class3_test3230,32x32x3,"(20,20,3)",0,0.0053404406644403934,0.005340638104826212,-0.0036970804138532743,0.3399819143800994,0.335986937506658,1.1750557028086601,-0.001352555165904348,boundary,2489,2494,0.004737299866974354,0.09863790008239448,ok,link_refresh_rmse=0.0053412723; p_max=4
Natural images,CIFAR-10,cifar10_test_03235,class5_test3235,32x32x3,"(20,20,3)",0,0.0060242232866585255,0.0058486261405050755,2.9148512231001487,0.3642419482727388,0.3512527200949479,3.566098918421328,0.011445561937196277,moderate,2489,2494,0.004052600124850869,0.1051737000234425,ok,link_refresh_rmse=0.0060162903; p_max=4
Natural images,CIFAR-10,cifar10_test_03242,class4_test3242,32x32x3,"(20,20,3)",0,0.009300938807427883,0.009150926023721695,1.6128778697735924,0.6748677163946496,0.6662791936841344,1.272623138116277,0.008986414941931597,boundary,2489,2494,0.0029671001248061657,0.08100720006041229,ok,link_refresh_rmse=0.009291321; p_max=4
Natural images,CIFAR-10,cifar10_test_03243,class8_test3243,32x32x3,"(20,20,3)",0,0.005646938923746347,0.005655462853610516,-0.15094779630648347,0.35910132376274423,0.3584788291425244,0.17334790462402383,0.00015614631810634613,boundary,2489,2494,0.0033736000768840313,0.0856801001355052,ok,link_refresh_rmse=0.0056468374; p_max=4
Natural images,CIFAR-10,cifar10_test_03253,class9_test3253,32x32x3,"(20,20,3)",0,0.004554504528641701,0.004421561025083065,2.918945468658557,0.23510378447743685,0.22779917660894392,3.1069716230765163,0.004196218492245541,boundary,2489,2494,0.0031020999886095524,0.08484799996949732,ok,link_refresh_rmse=0.0045523047; p_max=4
Natural images,CIFAR-10,cifar10_test_03259,class3_test3259,32x32x3,"(20,20,3)",0,0.007546443957835436,0.007400364149361849,1.935743633554889,0.6638456671114027,0.6426072165564145,3.1993054420921716,0.0038861301334617384,boundary,2489,2494,0.0028734998777508736,0.10184310004115105,ok,link_refresh_rmse=0.0075430684; p_max=4
Natural images,CIFAR-10,cifar10_test_03265,class8_test3265,32x32x3,"(20,20,3)",0,0.002595944097265601,0.002635967219248414,-1.5417559270621675,0.21253209747730806,0.21225630737472684,0.12976397723203445,-0.00120820520456086,boundary,2489,2494,0.003681899979710579,0.09799030004069209,ok,link_refresh_rmse=0.0025963052; p_max=4
Natural images,CIFAR-10,cifar10_test_03278,class0_test3278,32x32x3,"(20,20,3)",0,0.0018668966367840767,0.0018988937372341752,-1.7139192293589882,0.08631261507591349,0.08932814786345339,-3.493733546235021,-0.010452077737250641,boundary,2489,2494,0.004591499920934439,0.08938820008188486,ok,link_refresh_rmse=0.0018691445; p_max=4
Natural images,CIFAR-10,cifar10_test_03303,class8_test3303,32x32x3,"(20,20,3)",0,0.005820471327751875,0.005725429859012365,1.63288268917938,0.5580828036481182,0.5448157212846108,2.3772605564590434,0.004291411821460218,boundary,2489,2494,0.004457700066268444,0.08302229992114007,ok,link_refresh_rmse=0.0058175963; p_max=4
Natural images,CIFAR-10,cifar10_test_03305,class9_test3305,32x32x3,"(20,20,3)",0,0.007655607536435127,0.007535638753324747,1.56707070653003,0.9736670788491161,0.9571546962261804,1.6958961622132112,0.004155247843744143,boundary,2489,2494,0.002917099976912141,0.09184670005925,ok,link_refresh_rmse=0.007651946; p_max=4
Natural images,CIFAR-10,cifar10_test_03322,class2_test3322,32x32x3,"(20,20,3)",0,0.0034778479021042585,0.0034670999739319086,0.30903962665667284,0.637869544491829,0.6332587277734995,0.7228463497191766,0.002647355694763336,boundary,2489,2494,0.002984599908813834,0.09129430004395545,ok,link_refresh_rmse=0.0034767881; p_max=4
Natural images,CIFAR-10,cifar10_test_03331,class8_test3331,32x32x3,"(20,20,3)",0,0.002745001344010234,0.002776963636279106,-1.164381661911241,0.1222251617472649,0.12179855107583956,0.3490367002397412,-0.008852527324590341,boundary,2489,2494,0.0039675000589340925,0.10417760000564158,ok,link_refresh_rmse=0.0027478004; p_max=4
Natural images,CIFAR-10,cifar10_test_03337,class7_test3337,32x32x3,"(20,20,3)",0,0.007850154303014278,0.007450641132891178,5.089239710481824,1.0355381175351246,1.0053819416622507,2.912126107405314,0.013317721425660355,moderate,2489,2494,0.0030188998207449913,0.10128820012323558,ok,link_refresh_rmse=0.0078381272; p_max=4
Natural images,CIFAR-10,cifar10_test_03340,class6_test3340,32x32x3,"(20,20,3)",0,0.00942135974764824,0.009351595304906368,0.740492292094944,0.7111423646149322,0.7028416576047349,1.1672356230235135,0.0030099835314352937,boundary,2489,2494,0.00280360016040504,0.0872372998856008,ok,link_refresh_rmse=0.0094180955; p_max=4
Natural images,CIFAR-10,cifar10_test_03342,class0_test3342,32x32x3,"(20,20,3)",0,0.00848623551428318,0.008338135667145252,1.7451771976945631,0.4284606680607619,0.4215038638823306,1.6236739325264586,0.004498520991865278,boundary,2489,2494,0.005763599881902337,0.09300430002622306,ok,link_refresh_rmse=0.0084818415; p_max=4
Natural images,CIFAR-10,cifar10_test_03372,class1_test3372,32x32x3,"(20,20,3)",0,0.01073304284363985,0.010083097033202648,6.055559638638218,3.795627433116104,3.454215545133084,8.994873548554008,0.0193173839740921,moderate,2489,2494,0.003146299859508872,0.10197349986992776,ok,link_refresh_rmse=0.010709199; p_max=4
Natural images,CIFAR-10,cifar10_test_03378,class4_test3378,32x32x3,"(20,20,3)",0,0.007379964459687471,0.007312694098800421,0.9115268949398085,0.5197992614712684,0.5114753496727286,1.60137045500592,0.0038444137042393713,boundary,2489,2494,0.0049165000673383474,0.11496759997680783,ok,link_refresh_rmse=0.0073766988; p_max=4
Natural images,CIFAR-10,cifar10_test_03410,class4_test3410,32x32x3,"(20,20,3)",0,0.009472046978771687,0.009150287136435509,3.396940946949388,0.7370559452492889,0.7063393027194431,4.167477750885881,0.012387922354930693,moderate,2489,2494,0.004681100137531757,0.10218669986352324,ok,link_refresh_rmse=0.0094585475; p_max=4
Natural images,CIFAR-10,cifar10_test_03411,class5_test3411,32x32x3,"(20,20,3)",0,0.007413312792778015,0.006332159973680973,14.583936349620803,0.3159419201942265,0.2911922028429475,7.833628831547275,0.05726326592962713,effective,2489,2494,0.003302199998870492,0.09612199990078807,ok,link_refresh_rmse=0.0073646; p_max=4
Natural images,CIFAR-10,cifar10_test_03439,class4_test3439,32x32x3,"(20,20,3)",0,0.007128566037863493,0.006939776241779327,2.6483558556013307,0.961397384025757,0.9687804886568685,-0.7679555565457694,0.026003822585093615,moderate,2489,2494,0.005204200046136975,0.08292870013974607,ok,link_refresh_rmse=0.0071072564; p_max=4
Natural images,CIFAR-10,cifar10_test_03446,class6_test3446,32x32x3,"(20,20,3)",0,0.01216081716120243,0.01178114116191864,3.122125711215357,1.627952427074846,1.6350395650331495,-0.4353406058086044,0.01943623187149736,moderate,2489,2494,0.0033672999124974012,0.07759179989807308,ok,link_refresh_rmse=0.012133636; p_max=4
Natural images,CIFAR-10,cifar10_test_03462,class2_test3462,32x32x3,"(20,20,3)",0,0.004024654161185026,0.004026409704238176,-0.04361972439970524,0.4222255503053438,0.4229448612869729,-0.17036178438488508,0.00048441214437431934,boundary,2489,2494,0.0046114998403936625,0.09672080003656447,ok,link_refresh_rmse=0.0040244297; p_max=4
Natural images,CIFAR-10,cifar10_test_03464,class9_test3464,32x32x3,"(20,20,3)",0,0.009765406139194965,0.007922559045255184,18.871177170432574,0.5799467950585372,0.5001648425526043,13.756770997911984,0.05960476826011026,effective,2489,2494,0.0026027001440525055,0.10386870009824634,ok,link_refresh_rmse=0.0096986229; p_max=4
Natural images,CIFAR-10,cifar10_test_03497,class0_test3497,32x32x3,"(20,20,3)",0,0.007401532027870417,0.007399983704090118,0.02091896345875463,0.5061052641050102,0.5063627794651824,-0.05088177864095971,5.246085485552122e-05,boundary,2489,2494,0.0046790000051259995,0.10141759994439781,ok,link_refresh_rmse=0.0074014873; p_max=4
Natural images,CIFAR-10,cifar10_test_03502,class8_test3502,32x32x3,"(20,20,3)",0,0.008150544948875904,0.008021137677133083,1.5877131229203043,0.6542512926388069,0.6458568015221731,1.2830683272746963,0.00721246842616881,boundary,2489,2494,0.004763600183650851,0.10240709991194308,ok,link_refresh_rmse=0.0081437798; p_max=4
Natural images,CIFAR-10,cifar10_test_03504,class9_test3504,32x32x3,"(20,20,3)",0,0.009699046611785889,0.009372970089316368,3.3619440705985015,0.7772391554626835,0.7703261866374881,0.8894262179933797,0.012588065402103516,moderate,2489,2494,0.002938400022685528,0.08912619994953275,ok,link_refresh_rmse=0.0096850004; p_max=4
Natural images,CIFAR-10,cifar10_test_03533,class2_test3533,32x32x3,"(20,20,3)",0,0.00418987637385726,0.004171142820268869,0.44711470976276024,0.27412228791898335,0.271423731488069,0.9844352501945901,0.0021867851061199567,boundary,2489,2494,0.007817700039595366,0.09128719987347722,ok,link_refresh_rmse=0.0041888217; p_max=4
Natural images,CIFAR-10,cifar10_test_03543,class6_test3543,32x32x3,"(20,20,3)",0,0.010353854857385159,0.010014772415161133,3.2749391110323156,1.0189840117432176,1.0244318577192766,-0.5346350789880511,0.017261777916541154,moderate,2489,2494,0.004849700024351478,0.09764160006307065,ok,link_refresh_rmse=0.010333299; p_max=4
Natural images,CIFAR-10,cifar10_test_03559,class4_test3559,32x32x3,"(20,20,3)",0,0.009226281195878983,0.009217035956680775,0.10020547826287085,0.6189136122668949,0.615956265989724,0.4778286045994452,0.00028144907060814706,boundary,2489,2494,0.005185500020161271,0.08941259980201721,ok,link_refresh_rmse=0.0092259822; p_max=4
Natural images,CIFAR-10,cifar10_test_03563,class6_test3563,32x32x3,"(20,20,3)",0,0.00990697555243969,0.009826845489442348,0.8088246768470964,0.6155720716490962,0.6151789567068294,0.06386172478774924,0.0035510080215736175,boundary,2489,2494,0.004319199826568365,0.08870529988780618,ok,link_refresh_rmse=0.0099029262; p_max=4
Natural images,CIFAR-10,cifar10_test_03572,class3_test3572,32x32x3,"(20,20,3)",0,0.004384887404739857,0.004338440485298634,1.059249991026365,0.25184758228037385,0.23908718887847938,5.066712686440934,0.0011807704717228566,boundary,2489,2494,0.002715500071644783,0.07301829988136888,ok,link_refresh_rmse=0.0043842914; p_max=4
Natural images,CIFAR-10,cifar10_test_03586,class8_test3586,32x32x3,"(20,20,3)",0,0.004098141565918922,0.00411255331709981,-0.3516655281198342,0.21347374628761273,0.21127873749714787,1.0282336018535636,-0.0040357094911255605,boundary,2489,2494,0.005773899843916297,0.0872963999863714,ok,link_refresh_rmse=0.0041000461; p_max=4
Natural images,CIFAR-10,cifar10_test_03588,class6_test3588,32x32x3,"(20,20,3)",0,0.008616246283054352,0.00848386064171791,1.536465381645428,0.9193845175325649,0.8821524290090152,4.049675387559577,0.0020225189240077168,boundary,2489,2494,0.0028509001713246107,0.10569380014203489,ok,link_refresh_rmse=0.0086142402; p_max=4
Natural images,CIFAR-10,cifar10_test_03606,class3_test3606,32x32x3,"(20,20,3)",0,0.004017713014036417,0.004009682219475508,0.19988472379317831,0.42611186248050803,0.4184526234013028,1.7974714514209518,0.0015152347083786108,boundary,2489,2494,0.0040969999972730875,0.07583840005099773,ok,link_refresh_rmse=0.0040170122; p_max=4
Natural images,CIFAR-10,cifar10_test_03640,class6_test3640,32x32x3,"(20,20,3)",0,0.005521737039089203,0.005539965815842152,-0.3301275780411947,0.26059481015943065,0.25918292435464124,0.5417935237948978,0.00013331635828663207,boundary,2489,2494,0.004191000014543533,0.10205050022341311,ok,link_refresh_rmse=0.0055216523; p_max=4
Natural images,CIFAR-10,cifar10_test_03650,class0_test3650,32x32x3,"(20,20,3)",0,0.003774117212742567,0.00378344370983541,-0.2471173142517664,0.23324118079920458,0.23293990765680458,0.1291680745945815,-0.0007683675296832927,boundary,2489,2494,0.005755299935117364,0.07942800014279783,ok,link_refresh_rmse=0.0037744511; p_max=4
Natural images,CIFAR-10,cifar10_test_03651,class0_test3651,32x32x3,"(20,20,3)",0,0.0035361209884285927,0.0035311102401465178,0.14170183368928338,0.25220846235423555,0.2502405518310756,0.7802714091313788,0.0013744073223669344,boundary,2489,2494,0.002985999919474125,0.08866419992409647,ok,link_refresh_rmse=0.0035355615; p_max=4
Natural images,CIFAR-10,cifar10_test_03660,class0_test3660,32x32x3,"(20,20,3)",0,0.0034568458795547485,0.0034808777272701263,-0.6951958100739272,0.20129500300948966,0.20102512859940333,0.13406910556721896,-0.005969883197724218,boundary,2489,2494,0.004602399887517095,0.10539599996991456,ok,link_refresh_rmse=0.0034592226; p_max=4
Natural images,CIFAR-10,cifar10_test_03669,class5_test3669,32x32x3,"(20,20,3)",0,0.007885890081524849,0.007255555596202612,7.993193904629633,1.304539902419501,1.175427617727227,9.897151053242023,0.026210804558397242,moderate,2489,2494,0.002679599914699793,0.109896200010553,ok,link_refresh_rmse=0.0078621292; p_max=4
Natural images,CIFAR-10,cifar10_test_03671,class4_test3671,32x32x3,"(20,20,3)",0,0.007390255574136972,0.007351493462920189,0.524502986776748,0.4394945864072127,0.43536013631132287,0.940728332898973,0.0004887521280374089,boundary,2489,2494,0.003478799946606159,0.08526459988206625,ok,link_refresh_rmse=0.0073898397; p_max=4
Natural images,CIFAR-10,cifar10_test_03674,class3_test3674,32x32x3,"(20,20,3)",0,0.008527645841240883,0.007665517274290323,10.109807360680785,0.605732397980309,0.5738436149167027,5.264500160455831,0.0573403893088301,effective,2489,2494,0.0046697999350726604,0.09381110011599958,ok,link_refresh_rmse=0.0084715355; p_max=4
Natural images,CIFAR-10,cifar10_test_03687,class9_test3687,32x32x3,"(20,20,3)",0,0.0106118805706501,0.009947760961949825,6.25826501041738,1.0819618984093562,1.033118109831702,4.514372331360452,0.0138367281572597,moderate,2489,2494,0.0033311001025140285,0.10241939988918602,ok,link_refresh_rmse=0.010594989; p_max=4
Natural images,CIFAR-10,cifar10_test_03715,class1_test3715,32x32x3,"(20,20,3)",0,0.010041569359600544,0.009519344195723534,5.200632940683931,1.5617633737647312,1.4745185808388852,5.586300357110871,0.01727527393453858,moderate,2489,2494,0.0036973999813199043,0.08126910007558763,ok,link_refresh_rmse=0.010021618; p_max=4
Natural images,CIFAR-10,cifar10_test_03719,class5_test3719,32x32x3,"(20,20,3)",0,0.007737893145531416,0.007633368484675884,1.3508155112725229,0.5350088359903182,0.529924832281382,0.9502653726317614,0.005705697004713465,boundary,2489,2494,0.002947400091215968,0.08335299999453127,ok,link_refresh_rmse=0.0077328118; p_max=4
Natural images,CIFAR-10,cifar10_test_03749,class8_test3749,32x32x3,"(20,20,3)",0,0.008769252337515354,0.00869714468717575,0.8222782007437834,0.8629559395094986,0.8590100314476297,0.45725487029056644,0.0016845920901558907,boundary,2489,2494,0.005673700012266636,0.09105459996499121,ok,link_refresh_rmse=0.0087675517; p_max=4
Natural images,CIFAR-10,cifar10_test_03750,class9_test3750,32x32x3,"(20,20,3)",0,0.005729281343519688,0.0057340748608112335,-0.08366699074688923,0.5879485985512487,0.586759215863144,0.20229365135583083,0.000667164269913279,boundary,2489,2494,0.0030888000037521124,0.09312879992648959,ok,link_refresh_rmse=0.0057288413; p_max=4
Natural images,CIFAR-10,cifar10_test_03760,class7_test3760,32x32x3,"(20,20,3)",0,0.008631126955151558,0.008240940980613232,4.520683991392811,0.9386648226591602,0.9188894618753614,2.1067542222128717,0.018194776274787255,moderate,2489,2494,0.0025746000465005636,0.09575610002502799,ok,link_refresh_rmse=0.0086130658; p_max=4
Natural images,CIFAR-10,cifar10_test_03778,class7_test3778,32x32x3,"(20,20,3)",0,0.01014480460435152,0.010084183886647224,0.597554315420658,0.5962783103860849,0.592455696453995,0.6410788159667969,0.0014011271209890589,boundary,2489,2494,0.00294229993596673,0.09958310006186366,ok,link_refresh_rmse=0.010143168; p_max=4
Natural images,CIFAR-10,cifar10_test_03786,class7_test3786,32x32x3,"(20,20,3)",0,0.009588705375790596,0.008875963278114796,7.43314211609129,0.5277758779527342,0.5553105782708189,-5.217119892802415,0.04168685078949805,effective,2489,2494,0.006055000005289912,0.08318179985508323,ok,link_refresh_rmse=0.0095427958; p_max=4
Natural images,CIFAR-10,cifar10_test_03790,class4_test3790,32x32x3,"(20,20,3)",0,0.008027561940252781,0.007998401299118996,0.3632565074031307,0.4957454610190139,0.49244307725099323,0.6661450336292654,0.003146605759803604,boundary,2489,2494,0.004508099984377623,0.0960941999219358,ok,link_refresh_rmse=0.0080246544; p_max=4
Natural images,CIFAR-10,cifar10_test_03792,class0_test3792,32x32x3,"(20,20,3)",0,0.003060966031625867,0.0030150776728987694,1.4991462908434625,0.3624403430949608,0.3519691967196781,2.8890675596064246,0.0018725895496305939,boundary,2489,2494,0.00393070001155138,0.0927417001221329,ok,link_refresh_rmse=0.0030603062; p_max=4
Natural images,CIFAR-10,cifar10_test_03823,class0_test3823,32x32x3,"(20,20,3)",0,0.0009651996660977602,0.0010321431327611208,-6.935711751124894,0.0309395817746976,0.032334523265203266,-4.508598405316685,-0.061568306964239865,boundary,2489,2494,0.002905100118368864,0.09958430007100105,ok,link_refresh_rmse=0.00097206561; p_max=4
Natural images,CIFAR-10,cifar10_test_03834,class8_test3834,32x32x3,"(20,20,3)",0,0.008212407119572163,0.008044594898819923,2.0433987052626983,0.5511076288565201,0.5374319987776801,2.481480814775731,0.00430756464894802,boundary,2489,2494,0.002657799981534481,0.09746939991600811,ok,link_refresh_rmse=0.0082083354; p_max=4
Natural images,CIFAR-10,cifar10_test_03847,class0_test3847,32x32x3,"(20,20,3)",0,0.005431990139186382,0.005452440585941076,-0.37648166198175587,0.3361831704865363,0.33362194602133144,0.7618538612441997,-0.0005398212536713019,boundary,2489,2494,0.003141499822959304,0.08263029996305704,ok,link_refresh_rmse=0.0054323277; p_max=4
Natural images,CIFAR-10,cifar10_test_03849,class5_test3849,32x32x3,"(20,20,3)",0,0.011331647634506226,0.011203794740140438,1.1282815923119611,0.9375076179730174,0.9251422248431056,1.318964549498487,0.007000209978983335,boundary,2489,2494,0.0031839997973293066,0.09156430000439286,ok,link_refresh_rmse=0.011322519; p_max=4
Natural images,CIFAR-10,cifar10_test_03858,class8_test3858,32x32x3,"(20,20,3)",0,0.003341325791552663,0.0033706105314195156,-0.8764407212516858,0.2556086410656094,0.25625261366914465,-0.25193694581318,-0.001311480225270058,boundary,2489,2494,0.0057069999165833,0.09597859997302294,ok,link_refresh_rmse=0.0033418303; p_max=4
Natural images,CIFAR-10,cifar10_test_03871,class8_test3871,32x32x3,"(20,20,3)",0,0.007013941183686256,0.006728502921760082,4.069584481119912,0.3977554717307017,0.40282000786008015,-1.2732788080429926,0.009607332105726287,boundary,2489,2494,0.0027170998509973288,0.09929080004803836,ok,link_refresh_rmse=0.0070061875; p_max=4
Natural images,CIFAR-10,cifar10_test_03883,class7_test3883,32x32x3,"(20,20,3)",0,0.010187494568526745,0.009768613614141941,4.111717081831827,0.6852710229226706,0.6818035981431065,0.5059932002925736,0.013328797537695237,moderate,2489,2494,0.003361599985510111,0.07992830011062324,ok,link_refresh_rmse=0.010171873; p_max=4
Natural images,CIFAR-10,cifar10_test_03889,class6_test3889,32x32x3,"(20,20,3)",0,0.012860044836997986,0.011722484603524208,8.845694147201176,1.3240807454403867,1.3044225160641287,1.4846699828506043,0.04864556857314699,effective,2489,2494,0.0027176998555660248,0.09020940004847944,ok,link_refresh_rmse=0.012788223; p_max=4
Natural images,CIFAR-10,cifar10_test_03911,class9_test3911,32x32x3,"(20,20,3)",0,0.005429979879409075,0.005414827726781368,0.27904620208934333,0.38630867264901314,0.3849725625459437,0.34586593511023433,0.0012075341559031267,boundary,2489,2494,0.0036564001347869635,0.10898300004191697,ok,link_refresh_rmse=0.005429225; p_max=4
Natural images,CIFAR-10,cifar10_test_03916,class9_test3916,32x32x3,"(20,20,3)",0,0.008916324935853481,0.008566265925765038,3.926045905761236,0.7882520305409165,0.7662703812059861,2.7886574957309147,0.004217937241344751,boundary,2489,2494,0.0033352000173181295,0.0944193999748677,ok,link_refresh_rmse=0.0089119961; p_max=4
Natural images,CIFAR-10,cifar10_test_03920,class7_test3920,32x32x3,"(20,20,3)",0,0.007403949275612831,0.007176807150244713,3.067850911894822,0.8061788010193465,0.7853688488334127,2.581307293074597,0.007253897855691738,boundary,2489,2494,0.004636100027710199,0.08705649990588427,ok,link_refresh_rmse=0.0073977686; p_max=4
Natural images,CIFAR-10,cifar10_test_03936,class6_test3936,32x32x3,"(20,20,3)",0,0.018979599699378014,0.018010638654232025,5.105276510008494,2.5133947874203475,2.309117773019239,8.127533940291597,0.03768219184295583,effective,2489,2494,0.004595499951392412,0.08766659977845848,ok,link_refresh_rmse=0.018897438; p_max=4
Natural images,CIFAR-10,cifar10_test_03959,class5_test3959,32x32x3,"(20,20,3)",0,0.00847331527620554,0.008081375621259212,4.6255762021148685,0.8509716528869085,0.825782263456502,2.960073857331425,0.015589702710784584,moderate,2489,2494,0.005452099954709411,0.09906439995393157,ok,link_refresh_rmse=0.0084581207; p_max=4
Natural images,CIFAR-10,cifar10_test_03961,class8_test3961,32x32x3,"(20,20,3)",0,0.00816606730222702,0.0070854551158845425,13.232957142635565,0.7007606953824713,0.7163460192707123,-2.2240579403122176,0.04522383528579834,effective,2489,2494,0.00573990005068481,0.09126319992356002,ok,link_refresh_rmse=0.0081236605; p_max=4
Natural images,CIFAR-10,cifar10_test_03963,class1_test3963,32x32x3,"(20,20,3)",0,0.007020852528512478,0.006110378075391054,12.968146666289938,5.070677799908166,3.944459830652434,22.21040290266774,0.041460734770773784,effective,2489,2494,0.0027195001021027565,0.08099799999035895,ok,link_refresh_rmse=0.0069874194; p_max=4
Natural images,CIFAR-10,cifar10_test_03971,class0_test3971,32x32x3,"(20,20,3)",0,0.001900400617159903,0.001945480820722878,-2.3721421239246947,0.11781685865471057,0.11703256450334057,0.66568924033916,-0.0036886793489864667,boundary,2489,2494,0.0027302000671625137,0.08837639982812107,ok,link_refresh_rmse=0.0019012078; p_max=4
Natural images,CIFAR-10,cifar10_test_03980,class9_test3980,32x32x3,"(20,20,3)",0,0.013470756821334362,0.012045257724821568,10.582175266167338,2.0890770471613846,1.940186381540101,7.1271026515558455,0.036377081721010104,effective,2489,2494,0.00378239993005991,0.07540090009570122,ok,link_refresh_rmse=0.013414458; p_max=4
Natural images,CIFAR-10,cifar10_test_03983,class7_test3983,32x32x3,"(20,20,3)",0,0.0055234539322555065,0.005496901925653219,0.480713823776652,0.5250698321296279,0.5182724814084421,1.2945612764718315,0.003146419580078296,boundary,2489,2494,0.003347699996083975,0.08838830003514886,ok,link_refresh_rmse=0.0055214535; p_max=4
Natural images,CIFAR-10,cifar10_test_03985,class7_test3985,32x32x3,"(20,20,3)",0,0.009675580076873302,0.009320439770817757,3.6704807694621513,1.1353545398291114,1.092678431262491,3.758835418321727,0.011253128963114598,moderate,2489,2494,0.0037216998171061277,0.09349310002289712,ok,link_refresh_rmse=0.0096630529; p_max=4
Natural images,CIFAR-10,cifar10_test_03990,class4_test3990,32x32x3,"(20,20,3)",0,0.007708443328738213,0.007703482639044523,0.06435397501328399,0.35653300598904364,0.35504267087459696,0.4180076148384652,0.000369402348068537,boundary,2489,2494,0.0031139999628067017,0.08350550010800362,ok,link_refresh_rmse=0.0077081155; p_max=4
Natural images,CIFAR-10,cifar10_test_03994,class8_test3994,32x32x3,"(20,20,3)",0,0.006697383243590593,0.006638883147388697,0.8734769099242059,0.45294331793650267,0.4497026479808375,0.7154692049391247,0.0030454976358684736,boundary,2489,2494,0.002861199900507927,0.08032160019502044,ok,link_refresh_rmse=0.0066950354; p_max=4
Natural images,CIFAR-10,cifar10_test_04022,class6_test4022,32x32x3,"(20,20,3)",0,0.013063122518360615,0.01227748952805996,6.014128621977053,1.1420908094652078,1.15019943556275,-0.709980855317379,0.04166893993546496,effective,2489,2494,0.004057500045746565,0.08007080014795065,ok,link_refresh_rmse=0.013000605; p_max=4
Natural images,CIFAR-10,cifar10_test_04063,class7_test4063,32x32x3,"(20,20,3)",0,0.008421062491834164,0.008187330327928066,2.775566196459718,0.4136354989657467,0.40769281901414084,1.4366948597170504,0.004621768223215258,boundary,2489,2494,0.0028405000921338797,0.08818960003554821,ok,link_refresh_rmse=0.0084165828; p_max=4
Natural images,CIFAR-10,cifar10_test_04064,class7_test4064,32x32x3,"(20,20,3)",0,0.009345723316073418,0.00862411130219698,7.721307270410629,0.5367068733338756,0.5248503107597917,2.2091318675377014,0.03212606005915124,effective,2489,2494,0.0034303998108953238,0.09962030011229217,ok,link_refresh_rmse=0.0093112206; p_max=4
Natural images,CIFAR-10,cifar10_test_04068,class8_test4068,32x32x3,"(20,20,3)",0,0.005309314467012882,0.005252229515463114,1.0751849773533095,0.7006383371416078,0.7026741835237222,-0.29057022349362727,0.004143704567414292,boundary,2489,2494,0.0032767001539468765,0.09121340001001954,ok,link_refresh_rmse=0.0053067822; p_max=4
Natural images,CIFAR-10,cifar10_test_04076,class7_test4076,32x32x3,"(20,20,3)",0,0.006655660457909107,0.006561151705682278,1.4199755655281685,1.5332736662465472,1.494674243886687,2.5174515945579112,0.0024968136910144636,boundary,2489,2494,0.00474389991723001,0.10801249998621643,ok,link_refresh_rmse=0.0066537475; p_max=4
Natural images,CIFAR-10,cifar10_test_04096,class8_test4096,32x32x3,"(20,20,3)",0,0.002595340134575963,0.0026125763542950153,-0.66412180389868,0.24032353067294232,0.2406199569220216,-0.12334466302539542,0.004071600108372047,boundary,2489,2494,0.00580149982124567,0.08770290017127991,ok,link_refresh_rmse=0.0025941238; p_max=4
Natural images,CIFAR-10,cifar10_test_04102,class0_test4102,32x32x3,"(20,20,3)",0,0.001730442512780428,0.0017506282310932875,-1.1665061487899804,0.15158127386178954,0.1528896521345104,-0.8631529735749631,-0.006006129771637367,boundary,2489,2494,0.006439999910071492,0.09168650000356138,ok,link_refresh_rmse=0.0017316395; p_max=4
Natural images,CIFAR-10,cifar10_test_04109,class5_test4109,32x32x3,"(20,20,3)",0,0.009582536295056343,0.009160647168755531,4.402687485968256,0.9405572586945745,0.9127758217009598,2.953720970924546,0.011086907380054111,moderate,2489,2494,0.0036583999171853065,0.08562229992821813,ok,link_refresh_rmse=0.0095703127; p_max=4
Natural images,CIFAR-10,cifar10_test_04116,class2_test4116,32x32x3,"(20,20,3)",0,0.008136042393743992,0.008009492419660091,1.5554242217470242,0.7714166484074096,0.7679300872152481,0.45196862154317213,0.007775632430606195,boundary,2489,2494,0.0033340000081807375,0.10828309995122254,ok,link_refresh_rmse=0.0081287622; p_max=4
Natural images,CIFAR-10,cifar10_test_04127,class6_test4127,32x32x3,"(20,20,3)",0,0.014864549972116947,0.01421777531504631,4.351121684032563,0.8755315094834603,0.8596971357211689,1.8085441347088929,0.017769592910195843,moderate,2489,2494,0.00534130004234612,0.0886355999391526,ok,link_refresh_rmse=0.014834171; p_max=4
Natural images,CIFAR-10,cifar10_test_04129,class1_test4129,32x32x3,"(20,20,3)",0,0.007351823151111603,0.00707200076431036,3.80616319312487,1.309421571438884,1.310569399488849,-0.08765916760510795,0.009383101849141326,boundary,2489,2494,0.0026433998718857765,0.08054480003193021,ok,link_refresh_rmse=0.0073438855; p_max=4
Natural images,CIFAR-10,cifar10_test_04131,class1_test4131,32x32x3,"(20,20,3)",0,0.010317515581846237,0.00977898295968771,5.219595918091759,1.5668599926481899,1.5017619453437505,4.154681822874007,0.024093280105480664,moderate,2489,2494,0.004091599956154823,0.10994659992866218,ok,link_refresh_rmse=0.010288936; p_max=4
Natural images,CIFAR-10,cifar10_test_04140,class5_test4140,32x32x3,"(20,20,3)",0,0.005706695839762688,0.005227075424045324,8.40452039471773,0.709741101636414,0.6557690010796763,7.604477242799804,0.021730835556628417,moderate,2489,2494,0.0029929999727755785,0.0961905000731349,ok,link_refresh_rmse=0.0056924364; p_max=4
Natural images,CIFAR-10,cifar10_test_04144,class1_test4144,32x32x3,"(20,20,3)",0,0.008568267337977886,0.00784209556877613,8.475129691426416,0.8792740404034548,0.827517430296825,5.8862888847351025,0.030860038609021836,effective,2489,2494,0.0027836998924613,0.08217429998330772,ok,link_refresh_rmse=0.0085378792; p_max=4
Natural images,CIFAR-10,cifar10_test_04155,class3_test4155,32x32x3,"(20,20,3)",0,0.009260826744139194,0.007772365584969521,16.072659604734117,0.4980837303909819,0.44266758858468935,11.125868689345149,0.07279009575528962,effective,2489,2494,0.003837500000372529,0.0944773000665009,ok,link_refresh_rmse=0.0091835428; p_max=4
Natural images,CIFAR-10,cifar10_test_04164,class1_test4164,32x32x3,"(20,20,3)",0,0.005614421330392361,0.00535165797919035,4.6801502014037135,2.1348116337813243,2.0785437671479308,2.635729810677866,0.015735742035716517,moderate,2489,2494,0.0027474998496472836,0.09242889983579516,ok,link_refresh_rmse=0.0056042592; p_max=4
Natural images,CIFAR-10,cifar10_test_04173,class4_test4173,32x32x3,"(20,20,3)",0,0.0057484484277665615,0.005290115252137184,7.973163217669382,0.2736371216284485,0.2564018706660257,6.298579249720823,0.02364822701970505,moderate,2489,2494,0.0027658999897539616,0.08746540010906756,ok,link_refresh_rmse=0.005732819; p_max=4
Natural images,CIFAR-10,cifar10_test_04194,class0_test4194,32x32x3,"(20,20,3)",0,0.0058190361596643925,0.005810275673866272,0.15054874308644528,0.3781032940862748,0.3786090809398811,-0.13376949143714562,0.000984285858960889,boundary,2489,2494,0.00526389991864562,0.0981364999897778,ok,link_refresh_rmse=0.0058183768; p_max=4
Natural images,CIFAR-10,cifar10_test_04195,class3_test4195,32x32x3,"(20,20,3)",0,0.0035307558719068766,0.003505879547446966,0.704560874849591,0.25900877998923766,0.25716799273865637,0.7107045755969263,0.0011284470686082145,boundary,2489,2494,0.006046700058504939,0.08738510007970035,ok,link_refresh_rmse=0.0035302972; p_max=4
Natural images,CIFAR-10,cifar10_test_04203,class2_test4203,32x32x3,"(20,20,3)",0,0.019560495391488075,0.019216055050492287,1.7608978407861535,1.380351497618033,1.3511225590797549,2.1174996795175995,0.013840341904309283,moderate,2489,2494,0.004829399986192584,0.09418680006638169,ok,link_refresh_rmse=0.019529352; p_max=4
Natural images,CIFAR-10,cifar10_test_04204,class2_test4204,32x32x3,"(20,20,3)",0,0.01000986248254776,0.009982336312532425,0.2749904912612644,0.6650002193260112,0.6631106479472156,0.28414597828413374,0.0009229443239351226,boundary,2489,2494,0.00460459990426898,0.08439580001868308,ok,link_refresh_rmse=0.010008799; p_max=4
Natural images,CIFAR-10,cifar10_test_04215,class1_test4215,32x32x3,"(20,20,3)",0,0.012895704247057438,0.011316428892314434,12.24652275274819,1.4438366508245863,1.2888949753528507,10.731246875001217,0.021331499398328305,moderate,2489,2494,0.002788800047710538,0.07740420009940863,ok,link_refresh_rmse=0.012864073; p_max=4
Natural images,CIFAR-10,cifar10_test_04241,class5_test4241,32x32x3,"(20,20,3)",0,0.0077957394532859325,0.007379655726253986,5.337322129930412,0.9719832380753688,0.9543301659789951,1.8161910005082658,0.018914901254875355,moderate,2489,2494,0.0037044999189674854,0.09661350003443658,ok,link_refresh_rmse=0.0077787815; p_max=4
Natural images,CIFAR-10,cifar10_test_04247,class5_test4247,32x32x3,"(20,20,3)",0,0.004084041342139244,0.004047483671456575,0.8951346869451515,0.4606549662464781,0.45342528101368523,1.5694360774403473,0.0025862222123249276,boundary,2489,2494,0.0045594999101012945,0.09613980003632605,ok,link_refresh_rmse=0.0040828255; p_max=4
Natural images,CIFAR-10,cifar10_test_04253,class9_test4253,32x32x3,"(20,20,3)",0,0.012077207677066326,0.011582253500819206,4.098250104508836,1.1936697665113338,1.1367252072326428,4.770545495603816,0.01299051586929857,moderate,2489,2494,0.004130000015720725,0.08455329993739724,ok,link_refresh_rmse=0.012059159; p_max=4
Natural images,CIFAR-10,cifar10_test_04254,class8_test4254,32x32x3,"(20,20,3)",0,0.006022031884640455,0.005987287499010563,0.5769545278979664,0.5620909853123339,0.5579220901040385,0.7416762263103963,0.0021320707586397845,boundary,2489,2494,0.002777199959382415,0.08244860009290278,ok,link_refresh_rmse=0.0060205539; p_max=4
Natural images,CIFAR-10,cifar10_test_04255,class9_test4255,32x32x3,"(20,20,3)",0,0.010965660214424133,0.010541354306042194,3.8694059462449024,1.2552510078281307,1.2266489229632764,2.278594853657387,0.02123924136211698,moderate,2489,2494,0.002710999920964241,0.10349320014938712,ok,link_refresh_rmse=0.010938879; p_max=4
Natural images,CIFAR-10,cifar10_test_04257,class6_test4257,32x32x3,"(20,20,3)",0,0.009480100125074387,0.008854330517351627,6.600875512565845,1.202749103784896,1.117373863216352,7.098341649133582,0.023728510117946577,moderate,2489,2494,0.010371699929237366,0.10033219982869923,ok,link_refresh_rmse=0.0094542373; p_max=4
Natural images,CIFAR-10,cifar10_test_04261,class9_test4261,32x32x3,"(20,20,3)",0,0.00867617316544056,0.00853933859616518,1.5771304544776337,1.215863904127092,1.1702696491607685,3.7499472442236135,0.00421531505002888,boundary,2489,2494,0.0027712001465260983,0.08924680016934872,ok,link_refresh_rmse=0.0086719636; p_max=4
Natural images,CIFAR-10,cifar10_test_04266,class3_test4266,32x32x3,"(20,20,3)",0,0.006377904675900936,0.006299196742475033,1.234071962901909,0.45280840606859235,0.4529774191471746,-0.03732551699948897,0.00853760029095267,boundary,2489,2494,0.00409659999422729,0.09274469991214573,ok,link_refresh_rmse=0.0063716387; p_max=4
Natural images,CIFAR-10,cifar10_test_04296,class8_test4296,32x32x3,"(20,20,3)",0,0.005299810785800219,0.005208689719438553,1.7193267843789135,0.44053122926221167,0.4419316188759776,-0.3178865698377976,0.009146122596657081,boundary,2489,2494,0.004454700043424964,0.08880709996446967,ok,link_refresh_rmse=0.0052942331; p_max=4
Natural images,CIFAR-10,cifar10_test_04300,class8_test4300,32x32x3,"(20,20,3)",0,0.006096834782510996,0.005977770779281855,1.9528822327723376,0.5948245359074469,0.5783191752822983,2.774828479455463,0.004700846644864379,boundary,2489,2494,0.0027956999838352203,0.09521529986523092,ok,link_refresh_rmse=0.006093536; p_max=4
Natural images,CIFAR-10,cifar10_test_04354,class7_test4354,32x32x3,"(20,20,3)",0,0.010904810391366482,0.008571591228246689,21.396237801319693,1.1232983068704008,1.0230718438211237,8.922515278111302,0.1501581665555568,effective,2489,2494,0.006900599924847484,0.09234460000880063,ok,link_refresh_rmse=0.010717913; p_max=4
Natural images,CIFAR-10,cifar10_test_04358,class5_test4358,32x32x3,"(20,20,3)",0,0.0059881960041821,0.005770916119217873,3.6284698231734804,1.3175375884670388,1.2964057045422683,1.6038922995250213,0.010188269793688212,moderate,2489,2494,0.0030526001937687397,0.08474800013937056,ok,link_refresh_rmse=0.0059811762; p_max=4
Natural images,CIFAR-10,cifar10_test_04369,class2_test4369,32x32x3,"(20,20,3)",0,0.0071130297146737576,0.007074312772601843,0.5443101410365814,0.8572958562751012,0.8898454700279872,-3.7967772169472647,0.0025370292004035762,boundary,2489,2494,0.0033702999353408813,0.09385880012996495,ok,link_refresh_rmse=0.0071109524; p_max=4
Natural images,CIFAR-10,cifar10_test_04378,class1_test4378,32x32x3,"(20,20,3)",0,0.00999918021261692,0.009550008922815323,4.492081153161289,0.504563613507709,0.5254973449883864,-4.148878539842949,0.024467933946071038,moderate,2489,2494,0.009561399929225445,0.10196919995360076,ok,link_refresh_rmse=0.0099710524; p_max=4
Natural images,CIFAR-10,cifar10_test_04386,class6_test4386,32x32x3,"(20,20,3)",0,0.010786999017000198,0.010539564304053783,2.293823449473393,0.9137250470961127,0.8865858550952679,2.970170521985274,0.01566941426623799,moderate,2489,2494,0.004812899976968765,0.1024136000778526,ok,link_refresh_rmse=0.010767557; p_max=4
Natural images,CIFAR-10,cifar10_test_04396,class9_test4396,32x32x3,"(20,20,3)",0,0.015504857525229454,0.012943708337843418,16.518366474626045,2.888929131599655,2.4685212472703593,14.552377894313652,0.059166051400909546,effective,2489,2494,0.0030301001388579607,0.07696190010756254,ok,link_refresh_rmse=0.015399601; p_max=4
Natural images,CIFAR-10,cifar10_test_04403,class8_test4403,32x32x3,"(20,20,3)",0,0.00419324217364192,0.004206900019198656,-0.32571086980349295,0.5502674367296427,0.5487456218153572,0.27655914428263517,0.001384270627106935,boundary,2489,2494,0.0028063999488949776,0.08829930005595088,ok,link_refresh_rmse=0.0041925739; p_max=4
Natural images,CIFAR-10,cifar10_test_04414,class2_test4414,32x32x3,"(20,20,3)",0,0.007427500560879707,0.007357975002378225,0.9360559172175607,0.3895048091231849,0.38628947474393366,0.825492857582247,0.005736057720097082,boundary,2489,2494,0.0026670999359339476,0.09246939979493618,ok,link_refresh_rmse=0.0074225971; p_max=4
Natural images,CIFAR-10,cifar10_test_04418,class9_test4418,32x32x3,"(20,20,3)",0,0.008651847019791603,0.008322401903569698,3.807800987098823,0.689495679592165,0.6730883421394152,2.379614251166114,0.01587936694098465,moderate,2489,2494,0.002727700164541602,0.08259170013479888,ok,link_refresh_rmse=0.0086360443; p_max=4
Natural images,CIFAR-10,cifar10_test_04428,class8_test4428,32x32x3,"(20,20,3)",0,0.0034176157787442207,0.0034349968191236258,-0.5085721012732322,0.24075805242672088,0.24006162506381168,0.289264411258341,5.6215518445974116e-05,boundary,2489,2494,0.0026270998641848564,0.09568349993787706,ok,link_refresh_rmse=0.0034175937; p_max=4
Natural images,CIFAR-10,cifar10_test_04431,class1_test4431,32x32x3,"(20,20,3)",0,0.008661852218210697,0.008554642088711262,1.2377275298467527,0.874722945774105,0.853780392458098,2.3941927460784127,0.0025826369911930444,boundary,2489,2494,0.0043617000337690115,0.08263519988395274,ok,link_refresh_rmse=0.0086592771; p_max=4
Natural images,CIFAR-10,cifar10_test_04441,class1_test4441,32x32x3,"(20,20,3)",0,0.005823883228003979,0.00568367587402463,2.4074547598270173,0.4673929337356604,0.4633579875787351,0.8632877961324297,0.012425140469613195,moderate,2489,2494,0.0033396000508219004,0.10192689998075366,ok,link_refresh_rmse=0.0058155581; p_max=4
Natural images,CIFAR-10,cifar10_test_04446,class0_test4446,32x32x3,"(20,20,3)",0,0.004050480667501688,0.00403992086648941,0.26070488613863263,0.382079701695979,0.38119580991274254,0.2313370166782005,0.0017576584494214274,boundary,2489,2494,0.0044183998834341764,0.09552099998109043,ok,link_refresh_rmse=0.0040496611; p_max=4
Natural images,CIFAR-10,cifar10_test_04448,class4_test4448,32x32x3,"(20,20,3)",0,0.015924755483865738,0.015440169721841812,3.0429714447728053,1.5256846957426742,1.4856906939310743,2.621380546268869,0.020268433908149048,moderate,2489,2494,0.003909599967300892,0.11194730014540255,ok,link_refresh_rmse=0.015887639; p_max=4
Natural images,CIFAR-10,cifar10_test_04468,class9_test4468,32x32x3,"(20,20,3)",0,0.00901598297059536,0.008955487050116062,0.6709853010658788,0.7361551981101895,0.7239409400514021,1.6591960622084934,0.003411021812940099,boundary,2489,2494,0.003668899880722165,0.10775439999997616,ok,link_refresh_rmse=0.009012443; p_max=4
Natural images,CIFAR-10,cifar10_test_04473,class4_test4473,32x32x3,"(20,20,3)",0,0.006843773182481527,0.00683959387242794,0.061067337302835,0.47858893129708324,0.47536354204680387,0.673937285080507,0.0006412606683614006,boundary,2489,2494,0.004914799937978387,0.09698649984784424,ok,link_refresh_rmse=0.0068432679; p_max=4
Natural images,CIFAR-10,cifar10_test_04493,class4_test4493,32x32x3,"(20,20,3)",0,0.006853525061160326,0.0068528917618095875,0.009240490770618202,0.4175274377800155,0.4173137872428868,0.051170418467504766,0.00018118128737465723,boundary,2489,2494,0.0032456000335514545,0.08123150002211332,ok,link_refresh_rmse=0.0068533821; p_max=4
Natural images,CIFAR-10,cifar10_test_04496,class8_test4496,32x32x3,"(20,20,3)",0,0.008419904857873917,0.008214663714170456,2.4375708178166455,0.738618084836572,0.7330650093398258,0.7518195953697643,0.013442545306949839,moderate,2489,2494,0.004545000148937106,0.09118010010570288,ok,link_refresh_rmse=0.008406884; p_max=4
Natural images,CIFAR-10,cifar10_test_04498,class8_test4498,32x32x3,"(20,20,3)",0,0.007367818150669336,0.0072811380960047245,1.176468431929706,0.5555481451729531,0.5446950600676488,1.9535813771685946,0.0025876627425709137,boundary,2489,2494,0.00575160002335906,0.09486679988913238,ok,link_refresh_rmse=0.0073656235; p_max=4
Natural images,CIFAR-10,cifar10_test_04517,class8_test4517,32x32x3,"(20,20,3)",0,0.004781163763254881,0.00476993340998888,0.23488744209747464,0.32939987308625107,0.32881661457098,0.17706701274847084,-0.0008408454629949501,boundary,2489,2494,0.00472060008905828,0.09141470002941787,ok,link_refresh_rmse=0.0047816266; p_max=4
Natural images,CIFAR-10,cifar10_test_04521,class9_test4521,32x32x3,"(20,20,3)",0,0.005180260166525841,0.005093132611364126,1.6819146598991561,0.5160483770624031,0.4988329121591618,3.3360176426171666,0.004302423907856352,boundary,2489,2494,0.0029689001385122538,0.08125390019267797,ok,link_refresh_rmse=0.0051776948; p_max=4
Natural images,CIFAR-10,cifar10_test_04533,class8_test4533,32x32x3,"(20,20,3)",0,0.007585681509226561,0.007302654907107353,3.731063606809204,0.5072219619699431,0.48906773437722384,3.5791485688458837,0.013625934685136743,moderate,2489,2494,0.003255200106650591,0.08409769996069372,ok,link_refresh_rmse=0.0075737908; p_max=4
Natural images,CIFAR-10,cifar10_test_04534,class2_test4534,32x32x3,"(20,20,3)",0,0.010420688427984715,0.01020796038210392,2.041401077778261,0.753393387995224,0.7464234291869987,0.9251420199973348,0.006898428025871902,boundary,2489,2494,0.0032961000688374043,0.10823989985510707,ok,link_refresh_rmse=0.010412415; p_max=4
Natural images,CIFAR-10,cifar10_test_04541,class2_test4541,32x32x3,"(20,20,3)",0,0.004818910267204046,0.0048255352303385735,-0.1374784498398855,0.532624784206121,0.5301531057749389,0.46405621827496585,0.000332383225114387,boundary,2489,2494,0.004709200002253056,0.09678410016931593,ok,link_refresh_rmse=0.0048187259; p_max=4
Natural images,CIFAR-10,cifar10_test_04545,class3_test4545,32x32x3,"(20,20,3)",0,0.012004776857793331,0.011317809112370014,5.7224532664040915,1.792354449877819,1.7402975008772075,2.904389196241856,0.024082226735242254,moderate,2489,2494,0.005182800116017461,0.08589099999517202,ok,link_refresh_rmse=0.011971539; p_max=4
Natural images,CIFAR-10,cifar10_test_04548,class0_test4548,32x32x3,"(20,20,3)",0,0.009964997880160809,0.008481096476316452,14.891136171726012,1.6158639453169465,1.5526890244661664,3.9096683253483064,0.022973634066732848,moderate,2489,2494,0.005876099923625588,0.08968570013530552,ok,link_refresh_rmse=0.0099386759; p_max=4
Natural images,CIFAR-10,cifar10_test_04551,class5_test4551,32x32x3,"(20,20,3)",0,0.01116610411554575,0.010894136503338814,2.4356535582387706,0.7412279053734071,0.7436787748283691,-0.3306499171435415,0.01008159998614136,moderate,2489,2494,0.006988199893385172,0.08359559997916222,ok,link_refresh_rmse=0.011153151; p_max=4
Natural images,CIFAR-10,cifar10_test_04565,class2_test4565,32x32x3,"(20,20,3)",0,0.00243192445486784,0.0024558687582612038,-0.9845825327935681,0.44084908860289396,0.4403236128608837,0.11919628634723564,0.0009838156019513098,boundary,2489,2494,0.005697599845007062,0.08569419989362359,ok,link_refresh_rmse=0.002431649; p_max=4
Natural images,CIFAR-10,cifar10_test_04592,class7_test4592,32x32x3,"(20,20,3)",0,0.008604275062680244,0.008487069047987461,1.3621834941231354,1.305576897035391,1.3007198142813132,0.3720257891440031,0.005734026415429623,boundary,2489,2494,0.004724700003862381,0.08657229994423687,ok,link_refresh_rmse=0.0085985968; p_max=4
Natural images,CIFAR-10,cifar10_test_04593,class5_test4593,32x32x3,"(20,20,3)",0,0.006364942062646151,0.006216092966496944,2.338577392915402,0.6045744185137292,0.595561587663637,1.4907727773611579,0.006868888531425069,boundary,2489,2494,0.0027435000520199537,0.08806509990245104,ok,link_refresh_rmse=0.0063599106; p_max=4
Natural images,CIFAR-10,cifar10_test_04599,class8_test4599,32x32x3,"(20,20,3)",0,0.00693586515262723,0.0067540486343204975,2.621396383951641,0.8407734422694852,0.8190218724658779,2.5870904943064965,0.005640353997614251,boundary,2489,2494,0.002694699913263321,0.0920424999203533,ok,link_refresh_rmse=0.0069313627; p_max=4
Natural images,CIFAR-10,cifar10_test_04627,class4_test4627,32x32x3,"(20,20,3)",0,0.007692408747971058,0.007617390714585781,0.9752216222917623,0.5025785965912615,0.49831435236875365,0.8484731047899866,0.005812054252683236,boundary,2489,2494,0.0027352001052349806,0.08317469991743565,ok,link_refresh_rmse=0.0076872632; p_max=4
Natural images,CIFAR-10,cifar10_test_04632,class5_test4632,32x32x3,"(20,20,3)",0,0.007149167358875275,0.006948637776076794,2.804936193716814,0.3349468593628374,0.32254632590152643,3.7022390611156237,0.003974777713771247,boundary,2489,2494,0.0026676999405026436,0.09658719995059073,ok,link_refresh_rmse=0.0071458966; p_max=4
Natural images,CIFAR-10,cifar10_test_04635,class7_test4635,32x32x3,"(20,20,3)",0,0.007099319715052843,0.006983757019042969,1.6277995730329518,0.40988582784640026,0.40204293951610526,1.9134324237319162,0.005007644821664187,boundary,2489,2494,0.005734799895435572,0.10116650001145899,ok,link_refresh_rmse=0.0070952279; p_max=4
Natural images,CIFAR-10,cifar10_test_04638,class6_test4638,32x32x3,"(20,20,3)",0,0.015403653495013714,0.01499373558908701,2.661173247368867,1.739228158023578,1.726012243721498,0.7598723744846857,0.01719337639867516,moderate,2489,2494,0.006028899922966957,0.09085020003840327,ok,link_refresh_rmse=0.015373193; p_max=4
Natural images,CIFAR-10,cifar10_test_04640,class2_test4640,32x32x3,"(20,20,3)",0,0.004904686938971281,0.004883395507931709,0.4341037726668334,0.2738591515452913,0.2774466608672655,-1.3099833625172483,0.0010251086671870333,boundary,2489,2494,0.0036772999446839094,0.10650369990617037,ok,link_refresh_rmse=0.0049041081; p_max=4
Natural images,CIFAR-10,cifar10_test_04665,class3_test4665,32x32x3,"(20,20,3)",0,0.00369251798838377,0.0036967089399695396,-0.11349847445439391,1.4145141576433125,1.3874768144203657,1.9114225953024724,0.0014350564773124462,boundary,2489,2494,0.003213800024241209,0.09179150010459125,ok,link_refresh_rmse=0.003691908; p_max=4
Natural images,CIFAR-10,cifar10_test_04667,class0_test4667,32x32x3,"(20,20,3)",0,0.004197321366518736,0.004198726732283831,-0.0334824437391214,0.31297443673297437,0.3128805644279957,0.029993601381169317,-0.00019946999554923297,boundary,2489,2494,0.004712600028142333,0.1044286999385804,ok,link_refresh_rmse=0.0041974178; p_max=4
Natural images,CIFAR-10,cifar10_test_04679,class4_test4679,32x32x3,"(20,20,3)",0,0.014957621693611145,0.01483862940222025,0.7955294887670616,1.1032722875555077,1.09211152421374,1.0116055182076813,0.002577925584682427,boundary,2489,2494,0.004472699947655201,0.09994330001063645,ok,link_refresh_rmse=0.014953183; p_max=4
Natural images,CIFAR-10,cifar10_test_04684,class1_test4684,32x32x3,"(20,20,3)",0,0.0063062855042517185,0.006259043235331774,0.7491298782475654,0.5563061130516003,0.5500552195884069,1.1236427780569085,0.0026171969414531676,boundary,2489,2494,0.004579700063914061,0.10516939987428486,ok,link_refresh_rmse=0.0063043856; p_max=4
Natural images,CIFAR-10,cifar10_test_04686,class0_test4686,32x32x3,"(20,20,3)",0,0.0027074236422777176,0.002758350223302841,-1.8809978693352836,0.2666529561177259,0.2695484764840077,-1.0858759671891527,-0.0007349790372783714,boundary,2489,2494,0.005362699972465634,0.09599229996092618,ok,link_refresh_rmse=0.0027076527; p_max=4
Natural images,CIFAR-10,cifar10_test_04689,class1_test4689,32x32x3,"(20,20,3)",0,0.008182736113667488,0.0079355388879776,3.0209604984938787,0.934002089733906,0.9064591315201218,2.94891826437252,0.007538297614108838,boundary,2489,2494,0.003772399853914976,0.09498320007696748,ok,link_refresh_rmse=0.0081756376; p_max=4
Natural images,CIFAR-10,cifar10_test_04692,class8_test4692,32x32x3,"(20,20,3)",0,0.004544293973594904,0.004541000351309776,0.07247819582680119,0.36813078742284067,0.3684598634530011,-0.08939106464421614,0.0003168662196461418,boundary,2489,2494,0.0033749998547136784,0.09286440000869334,ok,link_refresh_rmse=0.0045441282; p_max=4
Natural images,CIFAR-10,cifar10_test_04697,class5_test4697,32x32x3,"(20,20,3)",0,0.011059759184718132,0.010723593644797802,3.0395376093254196,0.6717210257945078,0.6566120974691362,2.2492861984632433,0.007695054603568478,boundary,2489,2494,0.0030089998617768288,0.10534289991483092,ok,link_refresh_rmse=0.011049965; p_max=4
Natural images,CIFAR-10,cifar10_test_04698,class6_test4698,32x32x3,"(20,20,3)",0,0.01178386528044939,0.011318400502204895,3.9500178181496013,0.7436372042529881,0.7442543838581488,-0.08299471861157122,0.021291104567519377,moderate,2489,2494,0.006911400007084012,0.09822609997354448,ok,link_refresh_rmse=0.011755016; p_max=4
Natural images,CIFAR-10,cifar10_test_04699,class5_test4699,32x32x3,"(20,20,3)",0,0.0066985017620027065,0.006617547944188118,1.2085361875068779,0.43384888202067706,0.4336511389997346,0.04557877849573855,0.006118841067300367,boundary,2489,2494,0.0032729001250118017,0.10283899982459843,ok,link_refresh_rmse=0.0066937846; p_max=4
Natural images,CIFAR-10,cifar10_test_04702,class6_test4702,32x32x3,"(20,20,3)",0,0.015084542334079742,0.013586068525910378,9.933836738181569,7.901005406058103,6.578580864677679,16.737421042218926,0.060724311537135076,effective,2489,2494,0.005686300108209252,0.08466670010238886,ok,link_refresh_rmse=0.014979452; p_max=4
Natural images,CIFAR-10,cifar10_test_04703,class4_test4703,32x32x3,"(20,20,3)",0,0.011172203347086906,0.010848180390894413,2.9002601020234806,1.2944340772325686,1.2875048146619,0.5353121253948383,0.019566621033621116,moderate,2489,2494,0.0029186999890953302,0.0875112998764962,ok,link_refresh_rmse=0.011147064; p_max=4
Natural images,CIFAR-10,cifar10_test_04729,class2_test4729,32x32x3,"(20,20,3)",0,0.005145286209881306,0.005151029676198959,-0.11162578879720181,0.3204677043089819,0.318577331455892,0.5898793630909169,-0.0003678845588279358,boundary,2489,2494,0.006087099900469184,0.09419659990817308,ok,link_refresh_rmse=0.0051455041; p_max=4
Natural images,CIFAR-10,cifar10_test_04753,class2_test4753,32x32x3,"(20,20,3)",0,0.013994310051202774,0.007008591201156378,49.91827981863237,5.044680689024115,4.091994762863357,18.88495991894094,0.7889650488489925,effective,2489,2494,0.0027509001083672047,0.07742139999754727,ok,link_refresh_rmse=0.012779187; p_max=4
Natural images,CIFAR-10,cifar10_test_04797,class5_test4797,32x32x3,"(20,20,3)",0,0.006759904325008392,0.006753887981176376,0.08900042874509946,0.48853588242313106,0.4903819923880643,-0.3778862579707656,0.0009753396500724785,boundary,2489,2494,0.004753899993374944,0.08936009998433292,ok,link_refresh_rmse=0.0067591453; p_max=4
Natural images,CIFAR-10,cifar10_test_04817,class0_test4817,32x32x3,"(20,20,3)",0,0.004814556799829006,0.004274974577128887,11.207308276418773,0.4200109859886082,0.40417488658819845,3.7704012344189657,0.05134429219634493,effective,2489,2494,0.0026366000529378653,0.09175989986397326,ok,link_refresh_rmse=0.0047861808; p_max=4
Natural images,CIFAR-10,cifar10_test_04828,class4_test4828,32x32x3,"(20,20,3)",0,0.006303510162979364,0.006285811774432659,0.28077036586136117,0.46324359785629743,0.45905209758276544,0.9048155857800398,0.001062646662015338,boundary,2489,2494,0.0028947999235242605,0.0940189000684768,ok,link_refresh_rmse=0.006302739; p_max=4
Natural images,CIFAR-10,cifar10_test_04831,class1_test4831,32x32x3,"(20,20,3)",0,0.013818779028952122,0.010426485911011696,24.548428705843946,1.264128486896264,1.1018794606045827,12.834852467413427,0.16310988550567437,effective,2489,2494,0.003052299842238426,0.09135750005953014,ok,link_refresh_rmse=0.013561701; p_max=4
Natural images,CIFAR-10,cifar10_test_04838,class1_test4838,32x32x3,"(20,20,3)",0,0.009449293836951256,0.009021454490721226,4.527738830143832,1.1402242223616184,1.1419520608120166,-0.15153497150056838,0.008875248733372582,boundary,2489,2494,0.004556299885734916,0.09022830007597804,ok,link_refresh_rmse=0.0094396435; p_max=4
Natural images,CIFAR-10,cifar10_test_04844,class5_test4844,32x32x3,"(20,20,3)",0,0.008013672195374966,0.007607068866491318,5.073870242887102,0.6744905620414371,0.6287679447791368,6.778837219592016,0.025780089323335535,moderate,2489,2494,0.004314499907195568,0.08066259999759495,ok,link_refresh_rmse=0.0079899225; p_max=4
Natural images,CIFAR-10,cifar10_test_04852,class9_test4852,32x32x3,"(20,20,3)",0,0.005072067491710186,0.005081790965050459,-0.191706308249348,0.3124783179785398,0.31156108456683557,0.2935350579323192,-0.0015293602064683014,boundary,2489,2494,0.0027958001010119915,0.08235660009086132,ok,link_refresh_rmse=0.0050729606; p_max=4
Natural images,CIFAR-10,cifar10_test_04862,class3_test4862,32x32x3,"(20,20,3)",0,0.005449974909424782,0.005428649485111237,0.39129399066895926,0.19557705753487659,0.19272102738308433,1.4603093981424424,-0.0007614094522420381,boundary,2489,2494,0.0036265000235289335,0.08678649994544685,ok,link_refresh_rmse=0.0054504527; p_max=4
Natural images,CIFAR-10,cifar10_test_04874,class9_test4874,32x32x3,"(20,20,3)",0,0.009969903156161308,0.00961727648973465,3.5369116520328343,0.842458969415312,0.8329222599300578,1.1320087780503925,0.011067760159606794,moderate,2489,2494,0.0026769000105559826,0.11177890002727509,ok,link_refresh_rmse=0.0099572074; p_max=4
Natural images,CIFAR-10,cifar10_test_04884,class4_test4884,32x32x3,"(20,20,3)",0,0.00786744337528944,0.007767428178340197,1.2712541060464133,0.8158599153312247,0.8009307382354804,1.8298701548149083,0.00484832352035013,boundary,2489,2494,0.005135799990966916,0.08736389991827309,ok,link_refresh_rmse=0.0078630531; p_max=4
Natural images,CIFAR-10,cifar10_test_04906,class5_test4906,32x32x3,"(20,20,3)",0,0.006196775007992983,0.006179968826472759,0.2712085156964061,0.5701773477592331,0.5676307242879415,0.4466370825322574,0.0008087424475922388,boundary,2489,2494,0.003442800138145685,0.08465739991515875,ok,link_refresh_rmse=0.0061961981; p_max=4
Natural images,CIFAR-10,cifar10_test_04913,class1_test4913,32x32x3,"(20,20,3)",0,0.005447088275104761,0.005355444271117449,1.6824402205148727,0.6719735486698556,0.6466552786835839,3.767748006805956,0.0064981726578600485,boundary,2489,2494,0.0028647000435739756,0.07405370008200407,ok,link_refresh_rmse=0.0054430147; p_max=4
Natural images,CIFAR-10,cifar10_test_04934,class5_test4934,32x32x3,"(20,20,3)",0,0.003430404234677553,0.003424497088417411,0.17219971338735182,0.19408577084955006,0.1939337395332877,0.07833202588570856,0.0048797675744226545,boundary,2489,2494,0.004292499972507358,0.0929757000412792,ok,link_refresh_rmse=0.0034284776; p_max=4
Natural images,CIFAR-10,cifar10_test_04936,class3_test4936,32x32x3,"(20,20,3)",0,0.004736033733934164,0.004510545637458563,4.7611167728801425,0.2071126167335599,0.20526643251100202,0.8913914814436021,0.016355414195024842,moderate,2489,2494,0.0026533000636845827,0.09562529996037483,ok,link_refresh_rmse=0.0047271242; p_max=4
Natural images,CIFAR-10,cifar10_test_04940,class6_test4940,32x32x3,"(20,20,3)",0,0.014354503713548183,0.014231652021408081,0.8558407492984346,0.8775936888095359,0.8765768803568164,0.1158632366760607,0.006624707207291525,boundary,2489,2494,0.0026916000060737133,0.10598469991236925,ok,link_refresh_rmse=0.01434356; p_max=4
Natural images,CIFAR-10,cifar10_test_04945,class9_test4945,32x32x3,"(20,20,3)",0,0.005860018078237772,0.00567235890775919,3.202365043471254,1.2170449725114183,1.160589616932262,4.638723864300471,0.005943418624749765,boundary,2489,2494,0.002891700016334653,0.09303630003705621,ok,link_refresh_rmse=0.0058560097; p_max=4
Natural images,CIFAR-10,cifar10_test_04959,class7_test4959,32x32x3,"(20,20,3)",0,0.0133967949077487,0.012821979820728302,4.290691101704666,1.1802044813511412,1.1497381680985723,2.5814436171001427,0.02030207700858377,moderate,2489,2494,0.002759000053629279,0.08007330005057156,ok,link_refresh_rmse=0.013365518; p_max=4
Natural images,CIFAR-10,cifar10_test_04967,class7_test4967,32x32x3,"(20,20,3)",0,0.008335871621966362,0.008241119794547558,1.136675703703472,0.7639252724746308,0.7596563326217692,0.5588164191810205,0.0037049145764994347,boundary,2489,2494,0.0030525000765919685,0.10451969993300736,ok,link_refresh_rmse=0.0083323168; p_max=4
Natural images,CIFAR-10,cifar10_test_04974,class7_test4974,32x32x3,"(20,20,3)",0,0.004664854612201452,0.004634872078895569,0.6427324278759025,0.37886283787352903,0.37503122680931145,1.0113451838463625,0.0007162164327846328,boundary,2489,2494,0.002767999889329076,0.08754269988276064,ok,link_refresh_rmse=0.00466447; p_max=4
Natural images,CIFAR-10,cifar10_test_04995,class2_test4995,32x32x3,"(20,20,3)",0,0.005046336445957422,0.0048344796523451805,4.198229663857598,0.9019267694284087,0.8819848622779755,2.211033958230476,0.01898121439909622,moderate,2489,2494,0.003045500023290515,0.08849669992923737,ok,link_refresh_rmse=0.0050353208; p_max=4
Natural images,CIFAR-10,cifar10_test_04997,class3_test4997,32x32x3,"(20,20,3)",0,0.007457717787474394,0.0069309426471591,7.063489868174406,0.5659791232245621,0.5253244873695674,7.1830627998030065,0.020656023529153737,moderate,2489,2494,0.0026591001078486443,0.10081769991666079,ok,link_refresh_rmse=0.0074400036; p_max=4
Natural images,CIFAR-10,cifar10_test_05003,class4_test5003,32x32x3,"(20,20,3)",0,0.006985395215451717,0.006997077260166407,-0.16723527237010918,0.5415168722347208,0.5392954766701787,0.41021723946935007,-7.990437295897982e-05,boundary,2489,2494,0.0028985999524593353,0.08418619981966913,ok,link_refresh_rmse=0.0069854595; p_max=4
Natural images,CIFAR-10,cifar10_test_05010,class7_test5010,32x32x3,"(20,20,3)",0,0.006118775811046362,0.0061005717143416405,0.2975120721347102,0.3666150559725395,0.36165290334597244,1.3535048672247527,0.0011429927298242215,boundary,2489,2494,0.004272200167179108,0.07850129995495081,ok,link_refresh_rmse=0.0061179707; p_max=4
Natural images,CIFAR-10,cifar10_test_05015,class2_test5015,32x32x3,"(20,20,3)",0,0.0030123889446258545,0.0030391192995011806,-0.8873473965907854,0.16185695414512263,0.16135980384005702,0.3071541211753332,-0.003078897039740518,boundary,2489,2494,0.004462499869987369,0.10041270009241998,ok,link_refresh_rmse=0.0030134569; p_max=4
Natural images,CIFAR-10,cifar10_test_05030,class4_test5030,32x32x3,"(20,20,3)",0,0.00845891609787941,0.008456706069409847,0.026126615325060016,0.7337847794415707,0.7343474646737095,-0.07668259793654728,0.0006445783740821991,boundary,2489,2494,0.005243099993094802,0.07465559989213943,ok,link_refresh_rmse=0.0084582884; p_max=4
Natural images,CIFAR-10,cifar10_test_05070,class7_test5070,32x32x3,"(20,20,3)",0,0.004939279519021511,0.004865115974098444,1.5015053235488718,0.5049198020903123,0.5024297883396092,0.49315034593508544,0.005925806670487832,boundary,2489,2494,0.0026749998796731234,0.07499769981950521,ok,link_refresh_rmse=0.0049359109; p_max=4
Natural images,CIFAR-10,cifar10_test_05077,class0_test5077,32x32x3,"(20,20,3)",0,0.001919026835821569,0.001954847015440464,-1.866580443288059,0.1291171922606356,0.13022575219305382,-0.8585688032779547,-0.011176650094733332,boundary,2489,2494,0.002900599967688322,0.08358950004912913,ok,link_refresh_rmse=0.0019214978; p_max=4
Natural images,CIFAR-10,cifar10_test_05080,class7_test5080,32x32x3,"(20,20,3)",0,0.0044328030198812485,0.004363484680652618,1.5637586176903266,0.45499357413099295,0.4487214744140451,1.3785029225802041,0.006034259923126336,boundary,2489,2494,0.0028691000770777464,0.0877161999233067,ok,link_refresh_rmse=0.0044297245; p_max=4
Natural images,CIFAR-10,cifar10_test_05093,class0_test5093,32x32x3,"(20,20,3)",0,0.007003448437899351,0.006924701854586601,1.1243972738716914,0.45674749084681193,0.45134880331562155,1.1819851535869834,0.0028418990976865695,boundary,2489,2494,0.004342800006270409,0.10596129996702075,ok,link_refresh_rmse=0.0070011574; p_max=4
Natural images,CIFAR-10,cifar10_test_05102,class5_test5102,32x32x3,"(20,20,3)",0,0.01242875587195158,0.012251798063516617,1.4237773294293299,0.9420968315848044,0.9326708835187316,1.0005285815701508,0.010103948724408555,moderate,2489,2494,0.004692600108683109,0.0989689000416547,ok,link_refresh_rmse=0.012414306; p_max=4
Natural images,CIFAR-10,cifar10_test_05112,class5_test5112,32x32x3,"(20,20,3)",0,0.010702691040933132,0.00996523816138506,6.890350069226858,1.4841782690219563,1.4379338873578393,3.115823929600522,0.028624113526819685,moderate,2489,2494,0.002872199984267354,0.0930019998922944,ok,link_refresh_rmse=0.010667479; p_max=4
Natural images,CIFAR-10,cifar10_test_05115,class5_test5115,32x32x3,"(20,20,3)",0,0.008982324972748756,0.008235995657742023,8.308865658624043,1.709123335793853,1.680812736987657,1.6564397789961778,0.03425463960455018,effective,2489,2494,0.002777199959382415,0.10566659993492067,ok,link_refresh_rmse=0.008946971; p_max=4
Natural images,CIFAR-10,cifar10_test_05119,class5_test5119,32x32x3,"(20,20,3)",0,0.005992319900542498,0.005823697429150343,2.8139764597161934,0.4502230049017264,0.44295800226454213,1.6136453619845699,0.013740584915546961,moderate,2489,2494,0.0073461998254060745,0.0932481000199914,ok,link_refresh_rmse=0.0059828479; p_max=4
Natural images,CIFAR-10,cifar10_test_05143,class9_test5143,32x32x3,"(20,20,3)",0,0.008287608623504639,0.0078070806339383125,5.7981501226239365,0.8731158235028518,0.8475500068789351,2.9281128500625733,0.013147976562823465,moderate,2489,2494,0.0040871999226510525,0.08230019989423454,ok,link_refresh_rmse=0.008275073; p_max=4
Natural images,CIFAR-10,cifar10_test_05166,class9_test5166,32x32x3,"(20,20,3)",0,0.006169839762151241,0.005825287662446499,5.584457830143181,0.4004503627317064,0.38714298684852944,3.323102467032264,0.014023192444434767,moderate,2489,2494,0.003126000054180622,0.09442460001446307,ok,link_refresh_rmse=0.0061598867; p_max=4
Natural images,CIFAR-10,cifar10_test_05169,class2_test5169,32x32x3,"(20,20,3)",0,0.0052564190700650215,0.005243758205324411,0.2408648277819582,0.3451293601331812,0.34133667498149667,1.0989169829599446,7.463938621482722e-05,boundary,2489,2494,0.0027518998831510544,0.07673690002411604,ok,link_refresh_rmse=0.0052563739; p_max=4
Natural images,CIFAR-10,cifar10_test_05173,class0_test5173,32x32x3,"(20,20,3)",0,0.004828101024031639,0.004775170236825943,1.0963065383726578,0.25980598487896506,0.25856925143216075,0.47602192358288375,0.003355787909653779,boundary,2489,2494,0.0038912000600248575,0.09889789996668696,ok,link_refresh_rmse=0.0048262361; p_max=4
Natural images,CIFAR-10,cifar10_test_05180,class9_test5180,32x32x3,"(20,20,3)",0,0.009305483661592007,0.009070602245628834,2.5241182995424096,0.7136892416045585,0.7083309952258581,0.750781441885503,0.006536204812864793,boundary,2489,2494,0.0043836000841110945,0.0963722001761198,ok,link_refresh_rmse=0.0092984838; p_max=4
Natural images,CIFAR-10,cifar10_test_05192,class9_test5192,32x32x3,"(20,20,3)",0,0.011535107158124447,0.010829206556081772,6.11958426017302,1.0406974385354222,1.039255420901481,0.13856261969573952,0.04116447464508236,effective,2489,2494,0.0027591001708060503,0.08527979999780655,ok,link_refresh_rmse=0.011480569; p_max=4
Natural images,CIFAR-10,cifar10_test_05199,class6_test5199,32x32x3,"(20,20,3)",0,0.0056749978102743626,0.004578576423227787,19.32020810759693,0.2951140716721443,0.26644175504643436,9.715672473105023,0.05546523045642918,effective,2489,2494,0.004362700041383505,0.0837372001260519,ok,link_refresh_rmse=0.0056388746; p_max=4
Natural images,CIFAR-10,cifar10_test_05208,class4_test5208,32x32x3,"(20,20,3)",0,0.00676860474050045,0.006713679991662502,0.8114633804704465,0.7084016105096228,0.7006243175358353,1.0978649481319667,0.004820700730437671,boundary,2489,2494,0.003335000015795231,0.08718500006943941,ok,link_refresh_rmse=0.0067648492; p_max=4
Natural images,CIFAR-10,cifar10_test_05211,class7_test5211,32x32x3,"(20,20,3)",0,0.008353551849722862,0.007453643251210451,10.772766060490383,1.0993252937956168,1.0233313322956237,6.91278204266641,0.04119534233463834,effective,2489,2494,0.0028226999565958977,0.0832788001280278,ok,link_refresh_rmse=0.0083140265; p_max=4
Natural images,CIFAR-10,cifar10_test_05218,class3_test5218,32x32x3,"(20,20,3)",0,0.007115571293979883,0.007000938057899475,1.6110194297033233,0.5406310738264928,0.5304814562912801,1.8773648106046659,0.002592413762688777,boundary,2489,2494,0.004647599998861551,0.09977270010858774,ok,link_refresh_rmse=0.0071134479; p_max=4
Natural images,CIFAR-10,cifar10_test_05220,class0_test5220,32x32x3,"(20,20,3)",0,0.0027873124927282333,0.0027660648338496685,0.7622991298606614,0.13481506067192905,0.13361585943101262,0.8895157817973167,-0.006454292213435842,boundary,2489,2494,0.00458160019479692,0.09190239990130067,ok,link_refresh_rmse=0.0027893845; p_max=4
Natural images,CIFAR-10,cifar10_test_05221,class7_test5221,32x32x3,"(20,20,3)",0,0.014295820146799088,0.013701578602194786,4.15675028436445,1.6630968545647815,1.6440897397844658,1.1428747957851015,0.02632496100065173,moderate,2489,2494,0.0036834999918937683,0.08484479994513094,ok,link_refresh_rmse=0.014252558; p_max=4
Natural images,CIFAR-10,cifar10_test_05236,class0_test5236,32x32x3,"(20,20,3)",0,0.0022439381573349237,0.00227262731641531,-1.2785182598106737,0.12607789817252407,0.12614422101962758,-0.052604657965308325,-0.004478941054100807,boundary,2489,2494,0.0026054999325424433,0.08774719992652535,ok,link_refresh_rmse=0.0022450956; p_max=4
Natural images,CIFAR-10,cifar10_test_05242,class0_test5242,32x32x3,"(20,20,3)",0,0.005335526075214148,0.005262456834316254,1.3694852179119223,0.39685276464171326,0.3879154750759929,2.2520416542364625,0.004118034154410472,boundary,2489,2494,0.003337299916893244,0.10676379990763962,ok,link_refresh_rmse=0.0053329971; p_max=4
Natural images,CIFAR-10,cifar10_test_05244,class2_test5244,32x32x3,"(20,20,3)",0,0.006592855788767338,0.006541833281517029,0.7739060110679084,0.36520410843881285,0.36159284650068485,0.9888338752719797,0.0038769250603472565,boundary,2489,2494,0.0031211001332849264,0.07899249996989965,ok,link_refresh_rmse=0.0065899137; p_max=4
Natural images,CIFAR-10,cifar10_test_05254,class9_test5254,32x32x3,"(20,20,3)",0,0.005349563434720039,0.005224834196269512,2.331577893646469,0.6122593259667364,0.6077927970922534,0.7295158579137133,0.007695736907951875,boundary,2489,2494,0.0036242001224309206,0.0952377999201417,ok,link_refresh_rmse=0.0053448258; p_max=4
Natural images,CIFAR-10,cifar10_test_05262,class4_test5262,32x32x3,"(20,20,3)",0,0.006618105806410313,0.006483104545623064,2.039877643788742,0.9408535247700867,0.9297842867175619,1.1765102389587958,0.007223177192155049,boundary,2489,2494,0.00328770000487566,0.08760970016010106,ok,link_refresh_rmse=0.0066126045; p_max=4
Natural images,CIFAR-10,cifar10_test_05278,class0_test5278,32x32x3,"(20,20,3)",0,0.009485076181590557,0.009106770157814026,3.988434215328494,0.6128755757633446,0.5855787733032018,4.453889751789218,0.014421751514197244,moderate,2489,2494,0.004758200142532587,0.08449450018815696,ok,link_refresh_rmse=0.0094693406; p_max=4
Natural images,CIFAR-10,cifar10_test_05292,class4_test5292,32x32x3,"(20,20,3)",0,0.006917210761457682,0.006442947778850794,6.856274862253079,0.8545562156495605,0.8119070301579256,4.990799283955429,0.02130667992242461,moderate,2489,2494,0.004658499965444207,0.09461360005661845,ok,link_refresh_rmse=0.0069002635; p_max=4
Natural images,CIFAR-10,cifar10_test_05307,class1_test5307,32x32x3,"(20,20,3)",0,0.012629670090973377,0.011835895478725433,6.284998788806582,1.5108100953078702,1.4546218423748636,3.7190811146623113,0.027893892765663755,moderate,2489,2494,0.0034450998064130545,0.08458840008825064,ok,link_refresh_rmse=0.012589176; p_max=4
Natural images,CIFAR-10,cifar10_test_05318,class1_test5318,32x32x3,"(20,20,3)",0,0.008738553151488304,0.00857681967318058,1.8508038516671197,0.5384219417301532,0.5338785550469421,0.8438338654274494,0.006298035744320156,boundary,2489,2494,0.002735600108280778,0.08416910003870726,ok,link_refresh_rmse=0.0087322192; p_max=4
Natural images,CIFAR-10,cifar10_test_05336,class3_test5336,32x32x3,"(20,20,3)",0,0.013326133601367474,0.012754347175359726,4.290715094955023,0.9667120144312883,0.9454172946850365,2.2027987061668326,0.017560911961817742,moderate,2489,2494,0.0027887998148798943,0.09085060004144907,ok,link_refresh_rmse=0.013299218; p_max=4
Natural images,CIFAR-10,cifar10_test_05342,class8_test5342,32x32x3,"(20,20,3)",0,0.005359433591365814,0.0052682263776659966,1.7018069567417504,0.5919726694693659,0.5854649549582917,1.0993268518473394,0.004363173276147999,boundary,2489,2494,0.003368800040334463,0.09472050005570054,ok,link_refresh_rmse=0.0053567421; p_max=4
Natural images,CIFAR-10,cifar10_test_05361,class3_test5361,32x32x3,"(20,20,3)",0,0.005284272599965334,0.004967126529663801,6.001697760702453,1.3598455800150262,1.249863575023562,8.087830457208888,0.011383112593578359,moderate,2489,2494,0.0025991001166403294,0.09840259980410337,ok,link_refresh_rmse=0.0052773519; p_max=4
Natural images,CIFAR-10,cifar10_test_05378,class1_test5378,32x32x3,"(20,20,3)",0,0.011440955102443695,0.01073142234236002,6.201691674606126,1.1290748290766195,1.0896843111126033,3.4887429025612526,0.025089929084856268,moderate,2489,2494,0.0029847000259906054,0.09902610001154244,ok,link_refresh_rmse=0.011407955; p_max=4
Natural images,CIFAR-10,cifar10_test_05389,class4_test5389,32x32x3,"(20,20,3)",0,0.0054626744240522385,0.005364211741834879,1.8024629434957145,0.8538650440891482,0.8463733924087349,0.8773812363293274,0.0075207562902724874,boundary,2489,2494,0.005681599956005812,0.10645950003527105,ok,link_refresh_rmse=0.0054579466; p_max=4
Natural images,CIFAR-10,cifar10_test_05397,class9_test5397,32x32x3,"(20,20,3)",0,0.004246310796588659,0.004272287245839834,-0.6117415915962514,0.41653484473604163,0.4151897234715878,0.322931270085281,-6.096086396635995e-05,boundary,2489,2494,0.0034918999299407005,0.09987920010462403,ok,link_refresh_rmse=0.0042463406; p_max=4
Natural images,CIFAR-10,cifar10_test_05423,class6_test5423,32x32x3,"(20,20,3)",0,0.025342300534248352,0.024724245071411133,2.438829347801161,1.9744649262114828,1.9832375793168309,-0.4443053400893077,0.02731313952191823,moderate,2489,2494,0.005330000072717667,0.11402329988777637,ok,link_refresh_rmse=0.025262736; p_max=4
Natural images,CIFAR-10,cifar10_test_05424,class3_test5424,32x32x3,"(20,20,3)",0,0.008407063782215118,0.008272888138890266,1.595986979529005,0.5756997296134913,0.5667828562113151,1.5488757321742557,0.011864457278307764,moderate,2489,2494,0.006106599932536483,0.09191209985874593,ok,link_refresh_rmse=0.008395588; p_max=4
Natural images,CIFAR-10,cifar10_test_05443,class6_test5443,32x32x3,"(20,20,3)",0,0.008424588479101658,0.008375624194741249,0.5812068385520714,0.6337788786018109,0.6462231911288886,-1.963510136931552,0.009023928430758528,boundary,2489,2494,0.010242599993944168,0.10766740003600717,ok,link_refresh_rmse=0.0084158406; p_max=4
Natural images,CIFAR-10,cifar10_test_05446,class6_test5446,32x32x3,"(20,20,3)",0,0.008530869148671627,0.00466533238068223,45.312343919743675,0.5124101835396251,0.3602589248379012,29.6932542695959,0.4405569628701599,effective,2489,2494,0.005266099935397506,0.09159679990261793,ok,link_refresh_rmse=0.0081089651; p_max=4
Natural images,CIFAR-10,cifar10_test_05453,class2_test5453,32x32x3,"(20,20,3)",0,0.0037167153786867857,0.003716905601322651,-0.005118030747149172,0.28551970682793676,0.28509740179567145,0.1479074901543688,-5.4956003300550466e-05,boundary,2489,2494,0.0028056001756340265,0.08293320005759597,ok,link_refresh_rmse=0.0037167389; p_max=4
Natural images,CIFAR-10,cifar10_test_05481,class7_test5481,32x32x3,"(20,20,3)",0,0.005443168804049492,0.005145748145878315,5.46410866313586,0.42660050417158224,0.41411093720167175,2.927696251593525,0.022073572701927426,moderate,2489,2494,0.002795199863612652,0.08123259991407394,ok,link_refresh_rmse=0.0054293536; p_max=4
Natural images,CIFAR-10,cifar10_test_05493,class3_test5493,32x32x3,"(20,20,3)",0,0.00629074964672327,0.00613829493522644,2.423474467406928,1.088501366734493,1.0769917083206686,1.0573857567449225,0.007901035302190794,boundary,2489,2494,0.00451879994943738,0.08555170008912683,ok,link_refresh_rmse=0.0062850299; p_max=4
Natural images,CIFAR-10,cifar10_test_05494,class9_test5494,32x32x3,"(20,20,3)",0,0.007956176996231079,0.0077890814282000065,2.100199230236173,0.3917536868451811,0.3917304688908181,0.005926671564975711,0.005909270313277675,boundary,2489,2494,0.005523999920114875,0.08875970006920397,ok,link_refresh_rmse=0.007950766; p_max=4
Natural images,CIFAR-10,cifar10_test_05501,class6_test5501,32x32x3,"(20,20,3)",0,0.010127664543688297,0.0094756493344903,6.437962142065054,0.9893314451094304,0.9637351781895802,2.5872286832062596,0.023819890842841775,moderate,2489,2494,0.0056598000228405,0.08674870012328029,ok,link_refresh_rmse=0.010099929; p_max=4
Natural images,CIFAR-10,cifar10_test_05508,class7_test5508,32x32x3,"(20,20,3)",0,0.006836784537881613,0.006670965813100338,2.425390530628803,0.4317062226603499,0.42545465159240237,1.4481077037580825,0.011715187488377245,moderate,2489,2494,0.004299799911677837,0.08411910012364388,ok,link_refresh_rmse=0.0068275696; p_max=4
Natural images,CIFAR-10,cifar10_test_05511,class3_test5511,32x32x3,"(20,20,3)",0,0.009457433596253395,0.009398084133863449,0.6275429986995367,0.5872526160407456,0.582985176739329,0.7266786362209254,0.003995378217909764,boundary,2489,2494,0.0029676000121980906,0.09102750010788441,ok,link_refresh_rmse=0.0094530843; p_max=4
Natural images,CIFAR-10,cifar10_test_05548,class8_test5548,32x32x3,"(20,20,3)",0,0.0018931926460936666,0.0019323639571666718,-2.0690610199564015,0.20853157868665137,0.2071659733062517,0.6548674253560868,-0.0007530606021595059,boundary,2489,2494,0.0025818999856710434,0.07671860000118613,ok,link_refresh_rmse=0.0018933568; p_max=4
Natural images,CIFAR-10,cifar10_test_05557,class4_test5557,32x32x3,"(20,20,3)",0,0.012010008096694946,0.01109852734953165,7.589343319544702,1.1177821542243607,1.0296550165682847,7.884106694942555,0.05951575268052457,effective,2489,2494,0.004059699829667807,0.0783923000562936,ok,link_refresh_rmse=0.011927997; p_max=4
Natural images,CIFAR-10,cifar10_test_05558,class7_test5558,32x32x3,"(20,20,3)",0,0.011403579264879227,0.010887893848121166,4.522136469435257,2.563829954139984,2.2811327312805973,11.026363991219347,0.016450979096731606,moderate,2489,2494,0.0033893000800162554,0.07535509997978806,ok,link_refresh_rmse=0.011382001; p_max=4
Natural images,CIFAR-10,cifar10_test_05576,class5_test5576,32x32x3,"(20,20,3)",0,0.005738086998462677,0.005712724290788174,0.44200632861262634,0.5218771161814839,0.5200451559046781,0.35103288111385555,0.002356039992314603,boundary,2489,2494,0.002968600019812584,0.08289249986410141,ok,link_refresh_rmse=0.0057365308; p_max=4
Natural images,CIFAR-10,cifar10_test_05578,class3_test5578,32x32x3,"(20,20,3)",0,0.005983205046504736,0.005679566878825426,5.074841415583592,1.2367806542558664,1.1583067427364564,6.3450144736154,0.012911165803372225,moderate,2489,2494,0.0026934000197798014,0.08108660019934177,ok,link_refresh_rmse=0.0059743179; p_max=4
Natural images,CIFAR-10,cifar10_test_05582,class4_test5582,32x32x3,"(20,20,3)",0,0.004878456704318523,0.004889060743153095,-0.2173646191260629,0.25989354127102515,0.2571264295189748,1.0647097032568131,-4.062534393429854e-05,boundary,2489,2494,0.003663100069388747,0.09312300011515617,ok,link_refresh_rmse=0.0048784795; p_max=4
Natural images,CIFAR-10,cifar10_test_05587,class0_test5587,32x32x3,"(20,20,3)",0,0.0024458379484713078,0.0024743760004639626,-1.1668006055140159,0.23246762407765678,0.23253246044721998,-0.027890494351823933,-0.0013691557977646503,boundary,2489,2494,0.004883300047367811,0.09146280004642904,ok,link_refresh_rmse=0.0024462235; p_max=4
Natural images,CIFAR-10,cifar10_test_05590,class4_test5590,32x32x3,"(20,20,3)",0,0.006307769566774368,0.006286666728556156,0.3345530935272193,0.26802940506475825,0.2662472669184192,0.6649039667526256,-0.0008662481389202837,boundary,2489,2494,0.003784900065511465,0.08487659995444119,ok,link_refresh_rmse=0.0063083987; p_max=4
Natural images,CIFAR-10,cifar10_test_05594,class9_test5594,32x32x3,"(20,20,3)",0,0.006327385548502207,0.006168081890791655,2.517685329737208,0.5790261930364797,0.5719108210898998,1.2288514806672453,0.005474210435798777,boundary,2489,2494,0.004074599826708436,0.08434579987078905,ok,link_refresh_rmse=0.006323399; p_max=4
Natural images,CIFAR-10,cifar10_test_05598,class1_test5598,32x32x3,"(20,20,3)",0,0.020294534042477608,0.01699669472873211,16.249889289613325,3.0817985753054287,2.514998990291238,18.391843956187714,0.10627363248088577,effective,2489,2494,0.003163200104609132,0.090759800048545,ok,link_refresh_rmse=0.020047739; p_max=4
Natural images,CIFAR-10,cifar10_test_05610,class8_test5610,32x32x3,"(20,20,3)",0,0.010055450722575188,0.00937650166451931,6.75204997555793,0.8255516537922164,0.8093366302542935,1.964144031865036,0.027555119502321576,moderate,2489,2494,0.0044790999963879585,0.08545559993945062,ok,link_refresh_rmse=0.010023601; p_max=4
Natural images,CIFAR-10,cifar10_test_05614,class8_test5614,32x32x3,"(20,20,3)",0,0.0024894101079553366,0.002536112442612648,-1.8760402116174482,0.18365825256000173,0.1836123497242731,0.024993614547020104,-0.0018357796062306337,boundary,2489,2494,0.0028254000935703516,0.09880980011075735,ok,link_refresh_rmse=0.0024899363; p_max=4
Natural images,CIFAR-10,cifar10_test_05624,class1_test5624,32x32x3,"(20,20,3)",0,0.008657746948301792,0.007771847303956747,10.23245019327821,0.9310474853949255,0.8692353110247251,6.638992676510092,0.04085414027046619,effective,2489,2494,0.006816900102421641,0.0800437000580132,ok,link_refresh_rmse=0.0086171208; p_max=4
Natural images,CIFAR-10,cifar10_test_05629,class6_test5629,32x32x3,"(20,20,3)",0,0.010253730230033398,0.009941334836184978,3.0466511878126687,1.1997702198551696,1.1766646564029801,1.9258323860529472,0.012569473628620015,moderate,2489,2494,0.003392699873074889,0.09504129993729293,ok,link_refresh_rmse=0.010238903; p_max=4
Natural images,CIFAR-10,cifar10_test_05640,class2_test5640,32x32x3,"(20,20,3)",0,0.004424829035997391,0.004164533689618111,5.8826079891831915,0.23716393874747743,0.22720377642950654,4.199695101444606,0.01231234505633905,moderate,2489,2494,0.004435400012880564,0.09055699990130961,ok,link_refresh_rmse=0.0044185612; p_max=4
Natural images,CIFAR-10,cifar10_test_05643,class5_test5643,32x32x3,"(20,20,3)",0,0.007657288573682308,0.00708676315844059,7.450749828112573,0.44969339065858116,0.4293092022472169,4.532908162495199,0.024679882556743783,moderate,2489,2494,0.0026666000485420227,0.08103210013359785,ok,link_refresh_rmse=0.0076355622; p_max=4
Natural images,CIFAR-10,cifar10_test_05650,class5_test5650,32x32x3,"(20,20,3)",0,0.008777381852269173,0.008462132886052132,3.591605919885339,0.7390543940278466,0.7166560301852154,3.030678665011391,0.02214973810631723,moderate,2489,2494,0.002699499949812889,0.10092809982597828,ok,link_refresh_rmse=0.0087550273; p_max=4
Natural images,CIFAR-10,cifar10_test_05657,class2_test5657,32x32x3,"(20,20,3)",0,0.008043147623538971,0.007481171749532223,6.987014292291204,0.531092610257183,0.49344808378566324,7.088128462809964,0.015975875214864276,moderate,2489,2494,0.0026819000486284494,0.10408259998075664,ok,link_refresh_rmse=0.0080283675; p_max=4
Natural images,CIFAR-10,cifar10_test_05669,class0_test5669,32x32x3,"(20,20,3)",0,0.0082379886880517,0.008042273111641407,2.375768938529347,1.3125886754843006,1.2992901051282162,1.013155956962502,0.006180682970527712,boundary,2489,2494,0.002822799840942025,0.10694880015216768,ok,link_refresh_rmse=0.0082321288; p_max=4
Natural images,CIFAR-10,cifar10_test_05682,class5_test5682,32x32x3,"(20,20,3)",0,0.006330482196062803,0.0062065101228654385,1.9583353899086602,0.7888241036332775,0.7815411977177658,0.923261077085131,0.007052085321014486,boundary,2489,2494,0.004155099857598543,0.09964859997853637,ok,link_refresh_rmse=0.0063253446; p_max=4
Natural images,CIFAR-10,cifar10_test_05688,class8_test5688,32x32x3,"(20,20,3)",0,0.0048981234431266785,0.004791365470737219,2.1795688415992944,0.24583562207756535,0.2414323412209257,1.7911484183729676,0.0030674203747519365,boundary,2489,2494,0.003580999793484807,0.10483820014633238,ok,link_refresh_rmse=0.004896394; p_max=4
Natural images,CIFAR-10,cifar10_test_05700,class3_test5700,32x32x3,"(20,20,3)",0,0.008039450272917747,0.007296509109437466,9.241193592340576,0.6606799267922496,0.6358767759408414,3.754185626893975,0.046032047355946334,effective,2489,2494,0.008392200106754899,0.10515979980118573,ok,link_refresh_rmse=0.0079969568; p_max=4
Natural images,CIFAR-10,cifar10_test_05703,class0_test5703,32x32x3,"(20,20,3)",0,0.007958111353218555,0.00778512516990304,2.1737090075467904,0.7764517717975188,0.773115364574506,0.42969922205069305,0.007909883667212481,boundary,2489,2494,0.004951100097969174,0.10728270001709461,ok,link_refresh_rmse=0.0079508675; p_max=4
Natural images,CIFAR-10,cifar10_test_05713,class5_test5713,32x32x3,"(20,20,3)",0,0.005796610377728939,0.005614075809717178,3.148988048482157,1.3494724570058607,1.3296074913759024,1.4720541739720774,0.007503535976421953,boundary,2489,2494,0.0037789999041706324,0.0935774000827223,ok,link_refresh_rmse=0.005791605; p_max=4
Natural images,CIFAR-10,cifar10_test_05752,class3_test5752,32x32x3,"(20,20,3)",0,0.005716304760426283,0.005575611721724272,2.4612585332402603,0.5995907741917293,0.5840664027657086,2.5891611569487756,0.008191855289764583,boundary,2489,2494,0.004666599910706282,0.09647489991039038,ok,link_refresh_rmse=0.0057109161; p_max=4
Natural images,CIFAR-10,cifar10_test_05754,class3_test5754,32x32x3,"(20,20,3)",0,0.003304840764030814,0.0032614863011986017,1.3118472546112727,0.9706406059893331,0.9558752033818887,1.5212018244790675,0.004733367732382448,boundary,2489,2494,0.002945300191640854,0.09424349991604686,ok,link_refresh_rmse=0.0033030403; p_max=4
Natural images,CIFAR-10,cifar10_test_05780,class7_test5780,32x32x3,"(20,20,3)",0,0.009413187392055988,0.00922535452991724,1.995422531344322,0.9643655587653551,0.95466347563595,1.0060586508114597,0.0054913600115824015,boundary,2489,2494,0.0026621001306921244,0.10017150011844933,ok,link_refresh_rmse=0.0094072381; p_max=4
Natural images,CIFAR-10,cifar10_test_05801,class9_test5801,32x32x3,"(20,20,3)",0,0.005138454958796501,0.004817114677280188,6.253636240718864,0.723056792478819,0.6940368973857213,4.013501483557098,0.015492913756900411,moderate,2489,2494,0.0039013999048620462,0.10873300000093877,ok,link_refresh_rmse=0.0051292977; p_max=4
Natural images,CIFAR-10,cifar10_test_05807,class6_test5807,32x32x3,"(20,20,3)",0,0.011300148442387581,0.010596387088298798,6.227894772151217,2.7313941711139718,2.43840846805412,10.726599117708473,0.029030915388291414,moderate,2489,2494,0.003043100005015731,0.09623779985122383,ok,link_refresh_rmse=0.011262443; p_max=4
Natural images,CIFAR-10,cifar10_test_05809,class0_test5809,32x32x3,"(20,20,3)",0,0.006450601387768984,0.006385547108948231,1.0084994392011701,0.3121509016904285,0.309127754532291,0.9684890038009941,0.004827545828912494,boundary,2489,2494,0.0027312999591231346,0.09580840007402003,ok,link_refresh_rmse=0.0064470172; p_max=4
Natural images,CIFAR-10,cifar10_test_05810,class5_test5810,32x32x3,"(20,20,3)",0,0.008874845691025257,0.008177180774509907,7.861149825070968,0.8498371408165026,0.7566060734990687,10.970462791007202,0.05826900363445946,effective,2489,2494,0.004746100166812539,0.1030929998960346,ok,link_refresh_rmse=0.0088155083; p_max=4
Natural images,CIFAR-10,cifar10_test_05817,class3_test5817,32x32x3,"(20,20,3)",0,0.009632655419409275,0.009291923604905605,3.537257377826614,1.4960032121623694,1.4472461427623105,3.259155395099987,0.025334612289205978,moderate,2489,2494,0.0027030000928789377,0.08933559991419315,ok,link_refresh_rmse=0.0096046003; p_max=4
Natural images,CIFAR-10,cifar10_test_05821,class8_test5821,32x32x3,"(20,20,3)",0,0.004751651547849178,0.004705818369984627,0.9645736309367593,0.2558131205061013,0.2545455367086283,0.49551164340797,-0.0005064588453034424,boundary,2489,2494,0.004294699989259243,0.0759294000454247,ok,link_refresh_rmse=0.0047519286; p_max=4
Natural images,CIFAR-10,cifar10_test_05824,class7_test5824,32x32x3,"(20,20,3)",0,0.007935505360364914,0.007475473452359438,5.7971343615137,0.6962631651007265,0.6683122442771514,4.0144190048501995,0.013563358132589033,moderate,2489,2494,0.004654500167816877,0.0909086000174284,ok,link_refresh_rmse=0.0079231234; p_max=4
Natural images,CIFAR-10,cifar10_test_05838,class4_test5838,32x32x3,"(20,20,3)",0,0.00826222263276577,0.00704531092196703,14.728624062643789,11.07872921242533,9.772441133552883,11.790955928477624,0.09385847216484021,effective,2489,2494,0.003100399859249592,0.11145810014568269,ok,link_refresh_rmse=0.0081734229; p_max=4
Natural images,CIFAR-10,cifar10_test_05841,class6_test5841,32x32x3,"(20,20,3)",0,0.008886132389307022,0.008765931241214275,1.3526823912435602,1.5540770591685247,1.5437051175750582,0.6674020140941866,0.006787384503990053,boundary,2489,2494,0.0030273001175373793,0.08261919999495149,ok,link_refresh_rmse=0.0088791912; p_max=4
Natural images,CIFAR-10,cifar10_test_05873,class4_test5873,32x32x3,"(20,20,3)",0,0.008850129321217537,0.008640379644930363,2.370018207353363,0.863959734769151,0.8407653963402513,2.68465502447255,0.008832279613994642,boundary,2489,2494,0.0027851001359522343,0.08244340005330741,ok,link_refresh_rmse=0.0088411346; p_max=4
Natural images,CIFAR-10,cifar10_test_05880,class0_test5880,32x32x3,"(20,20,3)",0,0.004868578165769577,0.004873665980994701,-0.10450310238205095,0.40035321441496513,0.39548883956364034,1.215020805673582,0.0005491582124428548,boundary,2489,2494,0.004720399854704738,0.10464320005849004,ok,link_refresh_rmse=0.0048682704; p_max=4
Natural images,CIFAR-10,cifar10_test_05885,class4_test5885,32x32x3,"(20,20,3)",0,0.010890783742070198,0.010876555927097797,0.13064087313973366,0.6459316789583254,0.6415022050340727,0.6857496030223995,-0.00037509156980943643,boundary,2489,2494,0.0032507998403161764,0.08586950018070638,ok,link_refresh_rmse=0.010891254; p_max=4
Natural images,CIFAR-10,cifar10_test_05899,class1_test5899,32x32x3,"(20,20,3)",0,0.010036174207925797,0.009672772139310837,3.620922286581801,1.4695338896702357,1.4603276646397896,0.62647245464424,0.013775334776183798,moderate,2489,2494,0.002908499911427498,0.09225959982722998,ok,link_refresh_rmse=0.01002027; p_max=4
Natural images,CIFAR-10,cifar10_test_05901,class5_test5901,32x32x3,"(20,20,3)",0,0.009006146341562271,0.008581742644309998,4.71237842642754,1.1624889941709424,1.1481573063287673,1.232845034579969,0.019489542922814806,moderate,2489,2494,0.003236900083720684,0.10855949996039271,ok,link_refresh_rmse=0.0089859609; p_max=4
Natural images,CIFAR-10,cifar10_test_05909,class1_test5909,32x32x3,"(20,20,3)",0,0.015564754605293274,0.014377579092979431,7.6273320230189,3.013546918759093,2.5712793073747333,14.675982266321409,0.03410875746633741,effective,2489,2494,0.007156600011512637,0.10068479995243251,ok,link_refresh_rmse=0.015503753; p_max=4
Natural images,CIFAR-10,cifar10_test_05915,class5_test5915,32x32x3,"(20,20,3)",0,0.010292419232428074,0.009232928045094013,10.293898484002163,0.8959454735138062,0.7622297480564284,14.924538312912995,0.04984409722728614,effective,2489,2494,0.005071300081908703,0.09003819990903139,ok,link_refresh_rmse=0.010233525; p_max=4
Natural images,CIFAR-10,cifar10_test_05937,class1_test5937,32x32x3,"(20,20,3)",0,0.014299681410193443,0.013341590762138367,6.700083873002285,1.0852291467220996,1.011195921586997,6.821897970462515,0.028151934068081932,moderate,2489,2494,0.0048004998825490475,0.09627380012534559,ok,link_refresh_rmse=0.01425341; p_max=4
Natural images,CIFAR-10,cifar10_test_05952,class9_test5952,32x32x3,"(20,20,3)",0,0.009461496025323868,0.0092920558527112,1.7908391247975728,1.177448950692918,1.149062344084122,2.4108566738363346,0.007077820783560116,boundary,2489,2494,0.002690100111067295,0.09038769989274442,ok,link_refresh_rmse=0.0094537893; p_max=4
Natural images,CIFAR-10,cifar10_test_05962,class6_test5962,32x32x3,"(20,20,3)",0,0.016607189550995827,0.015435262583196163,7.056744696030705,2.248835500478309,2.016582036362088,10.327721350308753,0.042211238833760704,effective,2489,2494,0.004559899913147092,0.08219360001385212,ok,link_refresh_rmse=0.016526679; p_max=4
Natural images,CIFAR-10,cifar10_test_05968,class0_test5968,32x32x3,"(20,20,3)",0,0.0024463138543069363,0.0024520782753825188,-0.23563702038615233,0.12841440825989164,0.1295461864675977,-0.8813483027663813,-0.005798115872072525,boundary,2489,2494,0.003197799902409315,0.08544329996220767,ok,link_refresh_rmse=0.0024479474; p_max=4
Natural images,CIFAR-10,cifar10_test_05975,class9_test5975,32x32x3,"(20,20,3)",0,0.005514874588698149,0.005369136575609446,2.6426351269595476,0.6985890747398543,0.6818070547021423,2.40227347442578,0.005489132643707473,boundary,2489,2494,0.0029251999221742153,0.10627390001900494,ok,link_refresh_rmse=0.0055113905; p_max=4
Natural images,CIFAR-10,cifar10_test_05987,class3_test5987,32x32x3,"(20,20,3)",0,0.01272496022284031,0.011378010734915733,10.585097826136279,1.9789648246088527,1.7254729318194912,12.8093177623541,0.06632238175387789,effective,2489,2494,0.003530199872329831,0.09649310004897416,ok,link_refresh_rmse=0.012628167; p_max=4
Natural images,CIFAR-10,cifar10_test_05995,class0_test5995,32x32x3,"(20,20,3)",0,0.007591963745653629,0.007204192690551281,5.1076515654378065,0.7258011688363943,0.6929311295022074,4.52879393772323,0.014289673398054554,moderate,2489,2494,0.0032695999834686518,0.093123700004071,ok,link_refresh_rmse=0.007579484; p_max=4
Natural images,CIFAR-10,cifar10_test_05996,class4_test5996,32x32x3,"(20,20,3)",0,0.006625087931752205,0.006421751342713833,3.0691907961528524,0.39486407690262854,0.3855608785152082,2.356050836631171,0.012878483346037466,moderate,2489,2494,0.004298200132325292,0.08709149993956089,ok,link_refresh_rmse=0.0066152723; p_max=4
Natural images,CIFAR-10,cifar10_test_06022,class0_test6022,32x32x3,"(20,20,3)",0,0.005537477321922779,0.004280524328351021,22.699018352553836,0.2619763425817805,0.21053211126277518,19.636975923864608,0.041842648206614874,effective,2489,2494,0.004467800026759505,0.08977649989537895,ok,link_refresh_rmse=0.0055108657; p_max=4
Natural images,CIFAR-10,cifar10_test_06031,class5_test6031,32x32x3,"(20,20,3)",0,0.005997732747346163,0.005746005568653345,4.197038936158005,1.0727891744034417,0.9824167979511735,8.424057457750033,0.012217357164415674,moderate,2489,2494,0.004419500008225441,0.08677410008385777,ok,link_refresh_rmse=0.0059893024; p_max=4
Natural images,CIFAR-10,cifar10_test_06040,class2_test6040,32x32x3,"(20,20,3)",0,0.010783026926219463,0.009911227971315384,8.084918649180567,2.2501378499813467,2.067301796108018,8.125549013579084,0.03874982039461382,effective,2489,2494,0.0044946998823434114,0.08888259995728731,ok,link_refresh_rmse=0.010735028; p_max=4
Natural images,CIFAR-10,cifar10_test_06046,class2_test6046,32x32x3,"(20,20,3)",0,0.003156314603984356,0.0031734739895910025,-0.5436525745876373,0.23269447540429064,0.2328403851143483,-0.06270441522264038,-0.0015632372880645205,boundary,2489,2494,0.002741199918091297,0.0891907000914216,ok,link_refresh_rmse=0.0031568827; p_max=4
Natural images,CIFAR-10,cifar10_test_06060,class3_test6060,32x32x3,"(20,20,3)",0,0.00490565923973918,0.004884643480181694,0.42839827494016747,0.25496499995375255,0.2532102142992617,0.6882457022764409,0.0003429959319729663,boundary,2489,2494,0.006044900044798851,0.10069480002857745,ok,link_refresh_rmse=0.0049054655; p_max=4
Natural images,CIFAR-10,cifar10_test_06068,class5_test6068,32x32x3,"(20,20,3)",0,0.004106474574655294,0.004046012181788683,1.4723673985412855,0.6933771649669722,0.7032995667228982,-1.4310251703196188,0.008534865783428422,boundary,2489,2494,0.0026563999708741903,0.10253369994461536,ok,link_refresh_rmse=0.0041024415; p_max=4
Natural images,CIFAR-10,cifar10_test_06078,class2_test6078,32x32x3,"(20,20,3)",0,0.007309130392968655,0.007103375159204006,2.815043961489371,0.4607713435622467,0.4468409321051498,3.023280777272339,0.013440780360920477,moderate,2489,2494,0.004443000070750713,0.0989784998819232,ok,link_refresh_rmse=0.0072978288; p_max=4
Natural images,CIFAR-10,cifar10_test_06079,class3_test6079,32x32x3,"(20,20,3)",0,0.004988028667867184,0.004867872688919306,2.4088870964579887,0.3109336481717101,0.30658356942428067,1.3990376316644708,0.004930726417228314,boundary,2489,2494,0.004506800090894103,0.11782689997926354,ok,link_refresh_rmse=0.0049851979; p_max=4
Natural images,CIFAR-10,cifar10_test_06100,class1_test6100,32x32x3,"(20,20,3)",0,0.008247965015470982,0.00815522950142622,1.124344173027099,0.7581186741594655,0.7558696312802423,0.29666105794277753,0.002019642325349972,boundary,2489,2494,0.003251599846407771,0.07877349993214011,ok,link_refresh_rmse=0.0082460474; p_max=4
Natural images,CIFAR-10,cifar10_test_06103,class6_test6103,32x32x3,"(20,20,3)",0,0.007693894673138857,0.0076210941188037395,0.9462119957176006,0.4440826429618463,0.4417184172985351,0.5323841633491416,0.003945225014286572,boundary,2489,2494,0.0026039001531898975,0.10043580015189946,ok,link_refresh_rmse=0.0076904008; p_max=4
Natural images,CIFAR-10,cifar10_test_06109,class2_test6109,32x32x3,"(20,20,3)",0,0.00397810572758317,0.003991483245044947,-0.33627858025543267,0.39386523050098765,0.39402196346877005,-0.03979355262789806,0.0001433609323302183,boundary,2489,2494,0.003657399909570813,0.08316249982453883,ok,link_refresh_rmse=0.0039780401; p_max=4
Natural images,CIFAR-10,cifar10_test_06126,class3_test6126,32x32x3,"(20,20,3)",0,0.006550425663590431,0.006196489557623863,5.40325353104714,0.8361505295249255,0.825718391779303,1.247638717821513,0.020818185499344777,moderate,2489,2494,0.004294200101867318,0.0918353998567909,ok,link_refresh_rmse=0.0065347445; p_max=4
Natural images,CIFAR-10,cifar10_test_06135,class3_test6135,32x32x3,"(20,20,3)",0,0.0019577217753976583,0.0019448291277512908,0.6585536212748493,4.376903654990951e-06,0.0009643066724070498,-21931.70890699086,-0.009639839759671035,boundary,2489,2494,0.009265800006687641,0.10027529997751117,ok,link_refresh_rmse=0.0019598957; p_max=4
Natural images,CIFAR-10,cifar10_test_06142,class5_test6142,32x32x3,"(20,20,3)",0,0.004832129925489426,0.004838782362639904,-0.1376709081307363,0.46974478874224673,0.46547844542211064,0.9082257903401822,0.000785178331787028,boundary,2489,2494,0.0027995998971164227,0.09726900001987815,ok,link_refresh_rmse=0.0048316931; p_max=4
Natural images,CIFAR-10,cifar10_test_06144,class7_test6144,32x32x3,"(20,20,3)",0,0.006324457004666328,0.006288573611527681,0.567375082353655,0.4939675646045824,0.49216018412201534,0.3658905183407867,0.001945669394409601,boundary,2489,2494,0.004744300153106451,0.08501779986545444,ok,link_refresh_rmse=0.0063230405; p_max=4
Natural images,CIFAR-10,cifar10_test_06192,class6_test6192,32x32x3,"(20,20,3)",0,0.013776138424873352,0.013687413185834885,0.6440501416439788,1.178194753320632,1.1766986148868956,0.12698566425624364,0.002267479798073783,boundary,2489,2494,0.0026494001504033804,0.10067519987933338,ok,link_refresh_rmse=0.013772543; p_max=4
Natural images,CIFAR-10,cifar10_test_06194,class1_test6194,32x32x3,"(20,20,3)",0,0.00880530383437872,0.008513597771525383,3.3128449436852216,0.9029126384286955,0.8756920752766607,3.0147504856511604,0.01111685741567334,moderate,2489,2494,0.002759600058197975,0.08307350007817149,ok,link_refresh_rmse=0.0087940414; p_max=4
Natural images,CIFAR-10,cifar10_test_06200,class3_test6200,32x32x3,"(20,20,3)",0,0.003727701725438237,0.003711710451170802,0.42898481276838485,0.18749638258653412,0.18566778116493599,0.9752729073341918,-0.0028065291041011317,boundary,2489,2494,0.0031018999870866537,0.09060570015572011,ok,link_refresh_rmse=0.0037289064; p_max=4
Natural images,CIFAR-10,cifar10_test_06202,class3_test6202,32x32x3,"(20,20,3)",0,0.004871868062764406,0.004862925037741661,0.18356459796390015,0.3644797609232828,0.3664625548599126,-0.5440065949360362,0.0010046144216782841,boundary,2489,2494,0.004625400062650442,0.09212080016732216,ok,link_refresh_rmse=0.0048713046; p_max=4
Natural images,CIFAR-10,cifar10_test_06204,class4_test6204,32x32x3,"(20,20,3)",0,0.009690257720649242,0.00958232395350933,1.1138379416876865,0.8316609086796818,0.8267421085283604,0.5914429907653506,0.011002031420638256,moderate,2489,2494,0.002977800089865923,0.07706180005334318,ok,link_refresh_rmse=0.0096779913; p_max=4
Natural images,CIFAR-10,cifar10_test_06221,class0_test6221,32x32x3,"(20,20,3)",0,0.003576811635866761,0.0035889341961592436,-0.33892084701700376,0.19778290131724824,0.19840739484237166,-0.31574697355749626,-0.0058979810326293385,boundary,2489,2494,0.002675299998372793,0.0918080999981612,ok,link_refresh_rmse=0.0035792412; p_max=4
Natural images,CIFAR-10,cifar10_test_06235,class6_test6235,32x32x3,"(20,20,3)",0,0.009314215742051601,0.008781585842370987,5.718462127475849,1.0320332393728568,1.0290766564403393,0.28648136704532856,0.017751090783225437,moderate,2489,2494,0.0026591999921947718,0.08530940022319555,ok,link_refresh_rmse=0.0092952; p_max=4
Natural images,CIFAR-10,cifar10_test_06249,class5_test6249,32x32x3,"(20,20,3)",0,0.007052451837807894,0.006973373703658581,1.1212857027307648,0.46589509957442854,0.460470680144505,1.1643005978982148,0.0023844265349677483,boundary,2489,2494,0.004578899824991822,0.0837705999147147,ok,link_refresh_rmse=0.0070505161; p_max=4
Natural images,CIFAR-10,cifar10_test_06267,class9_test6267,32x32x3,"(20,20,3)",0,0.01158068422228098,0.011181105859577656,3.450386480053946,1.2451057079464147,1.2228889783776393,1.7843247707391878,0.025148244066659466,moderate,2489,2494,0.0048090999480336905,0.09083889983594418,ok,link_refresh_rmse=0.011547203; p_max=4
Natural images,CIFAR-10,cifar10_test_06272,class2_test6272,32x32x3,"(20,20,3)",0,0.0073648071847856045,0.007146675139665604,2.9618161025399723,0.4205414603880394,0.4036963365650463,4.005579808338019,0.011154629356321109,moderate,2489,2494,0.002684399951249361,0.08567960001528263,ok,link_refresh_rmse=0.0073553552; p_max=4
Natural images,CIFAR-10,cifar10_test_06284,class0_test6284,32x32x3,"(20,20,3)",0,0.006355771794915199,0.006322568282485008,0.522415113405343,0.44466157126084305,0.44183691788159296,0.6352366747683522,0.0016579266826289444,boundary,2489,2494,0.0031538999173790216,0.07795499986968935,ok,link_refresh_rmse=0.0063545587; p_max=4
Natural images,CIFAR-10,cifar10_test_06286,class8_test6286,32x32x3,"(20,20,3)",0,0.010320162400603294,0.009928688406944275,3.793292958608236,1.094776317638411,1.0650274171252172,2.717349657084885,0.012538742307812493,moderate,2489,2494,0.004636499797925353,0.09095400013029575,ok,link_refresh_rmse=0.010305275; p_max=4
Natural images,CIFAR-10,cifar10_test_06294,class0_test6294,32x32x3,"(20,20,3)",0,0.0012088649673387408,0.001268979860469699,-4.972837724241292,0.056512814248740814,0.056790779580660554,-0.4918624839603227,-0.042548529645983345,boundary,2489,2494,0.0038614999502897263,0.08737179986201227,ok,link_refresh_rmse=0.0012148012; p_max=4
Natural images,CIFAR-10,cifar10_test_06296,class8_test6296,32x32x3,"(20,20,3)",0,0.005205346271395683,0.005129559431225061,1.4559423373442844,0.46196495248731273,0.45886657609204384,0.6706951206117697,0.0030068288917085594,boundary,2489,2494,0.0038107000291347504,0.08796370006166399,ok,link_refresh_rmse=0.0052035446; p_max=4
Natural images,CIFAR-10,cifar10_test_06315,class6_test6315,32x32x3,"(20,20,3)",0,0.008082366548478603,0.007254489231854677,10.243006323188386,5.094396498766361,5.609531374911253,-10.11179393417129,0.043369522039902145,effective,2489,2494,0.002679700031876564,0.08004580019041896,ok,link_refresh_rmse=0.0080421111; p_max=4
Natural images,CIFAR-10,cifar10_test_06318,class7_test6318,32x32x3,"(20,20,3)",0,0.00738763390108943,0.007356349844485521,0.4234651719719785,0.5138981598619919,0.5099765132284757,0.7631174695331472,0.000916005152799787,boundary,2489,2494,0.002578600076958537,0.09036980010569096,ok,link_refresh_rmse=0.0073868548; p_max=4
Natural images,CIFAR-10,cifar10_test_06320,class0_test6320,32x32x3,"(20,20,3)",0,0.008211811073124409,0.008169753476977348,0.5121598119165987,0.47814757290794896,0.47682173417777085,0.2772865126376692,0.0024936182747186033,boundary,2489,2494,0.005626400001347065,0.10702340002171695,ok,link_refresh_rmse=0.0082094539; p_max=4
Natural images,CIFAR-10,cifar10_test_06325,class7_test6325,32x32x3,"(20,20,3)",0,0.010856544598937035,0.010042634792625904,7.496950792159233,0.5950293169293608,0.5617400180045128,5.594564499214407,0.027341735950198624,moderate,2489,2494,0.0034747000318020582,0.08528749994002283,ok,link_refresh_rmse=0.010822424; p_max=4
Natural images,CIFAR-10,cifar10_test_06363,class0_test6363,32x32x3,"(20,20,3)",0,0.005811670795083046,0.005631184671074152,3.1055806561100114,0.37937779142274486,0.3716837388790766,2.028071415254436,0.014089969463849317,moderate,2489,2494,0.004809800069779158,0.08727109991014004,ok,link_refresh_rmse=0.0058022509; p_max=4
Natural images,CIFAR-10,cifar10_test_06372,class1_test6372,32x32x3,"(20,20,3)",0,0.0021107825450599194,0.0021579989697784185,-2.2369156324986967,1.543934665329031,1.490511526342485,3.4601942806408013,0.0006323691811975186,boundary,2489,2494,0.00452749989926815,0.0998498999979347,ok,link_refresh_rmse=0.0021106289; p_max=4
Natural images,CIFAR-10,cifar10_test_06375,class3_test6375,32x32x3,"(20,20,3)",0,0.005755267105996609,0.005693143233656883,1.079426396647977,0.30052499324017523,0.29348641758225,2.342093275516715,0.003504764549844568,boundary,2489,2494,0.00264040008187294,0.09840569994412363,ok,link_refresh_rmse=0.0057529453; p_max=4
Natural images,CIFAR-10,cifar10_test_06381,class9_test6381,32x32x3,"(20,20,3)",0,0.005704051814973354,0.005539110396057367,2.8916535870696243,0.6452908836888585,0.6402514193651957,0.7809600989330957,0.007533085796583038,boundary,2489,2494,0.0034763000439852476,0.08810120006091893,ok,link_refresh_rmse=0.005699107; p_max=4
Natural images,CIFAR-10,cifar10_test_06384,class7_test6384,32x32x3,"(20,20,3)",0,0.00920902844518423,0.009014278650283813,2.1147702611588715,0.634319838789611,0.6283740124494267,0.9373546240536784,0.009646857650282765,boundary,2489,2494,0.002724600024521351,0.09937369986437261,ok,link_refresh_rmse=0.0091988062; p_max=4
Natural images,CIFAR-10,cifar10_test_06392,class6_test6392,32x32x3,"(20,20,3)",0,0.008512013591825962,0.008251345716416836,3.0623526689318745,2.4098357474779726,2.3041805203082566,4.384333134749539,0.009095778581442482,boundary,2489,2494,0.0029753001872450113,0.08658010000362992,ok,link_refresh_rmse=0.0085031046; p_max=4
Natural images,CIFAR-10,cifar10_test_06395,class8_test6395,32x32x3,"(20,20,3)",0,0.0022025504149496555,0.002242778427898884,-1.8264287017533622,0.0919054145122639,0.09302002718660297,-1.2127823809448541,-0.01642816875124249,boundary,2489,2494,0.0026140999980270863,0.089095399947837,ok,link_refresh_rmse=0.0022067202; p_max=4
Natural images,CIFAR-10,cifar10_test_06407,class2_test6407,32x32x3,"(20,20,3)",0,0.007813744246959686,0.007768097799271345,0.5841814915570355,0.4526321259033109,0.44869200617736155,0.8704905154679731,0.0032503326946184546,boundary,2489,2494,0.009279899997636676,0.08671850012615323,ok,link_refresh_rmse=0.0078108208; p_max=4
Natural images,CIFAR-10,cifar10_test_06409,class9_test6409,32x32x3,"(20,20,3)",0,0.015692245215177536,0.014091599732637405,10.200232411560753,2.633623611469099,2.4023501039388155,8.78157024880535,0.029718886394849132,moderate,2489,2494,0.003730199998244643,0.08516379981301725,ok,link_refresh_rmse=0.015638646; p_max=4
Natural images,CIFAR-10,cifar10_test_06420,class7_test6420,32x32x3,"(20,20,3)",0,0.008184853941202164,0.007691643200814724,6.025895439680853,0.6813471922716368,0.6512233030099328,4.421224539176538,0.026089636878196834,moderate,2489,2494,0.0026863999664783478,0.09537440002895892,ok,link_refresh_rmse=0.0081603061; p_max=4
Natural images,CIFAR-10,cifar10_test_06425,class2_test6425,32x32x3,"(20,20,3)",0,0.004323496017605066,0.004186138045042753,3.177011659152641,1.2104574400345003,1.1435819119560917,5.524814492982298,0.016415027144957975,moderate,2489,2494,0.004682400031015277,0.10462979995645583,ok,link_refresh_rmse=0.004315333; p_max=4
Natural images,CIFAR-10,cifar10_test_06438,class4_test6438,32x32x3,"(20,20,3)",0,0.0065329535864293575,0.0065249186009168625,0.122991620959711,0.8284894508497687,0.8254106035151895,0.3716217908895844,0.0011572124569307926,boundary,2489,2494,0.002774100052192807,0.09692730009555817,ok,link_refresh_rmse=0.0065320833; p_max=4
Natural images,CIFAR-10,cifar10_test_06444,class3_test6444,32x32x3,"(20,20,3)",0,0.00864162016659975,0.0064270407892763615,25.626900218119257,0.41516249402551697,0.3402455784860883,18.045203171658397,0.12279478408617636,effective,2489,2494,0.0027558000292629004,0.08252940000966191,ok,link_refresh_rmse=0.0085203107; p_max=4
Natural images,CIFAR-10,cifar10_test_06446,class4_test6446,32x32x3,"(20,20,3)",0,0.009405494667589664,0.009301219135522842,1.10866611222634,0.5502757324583689,0.5494685702261216,0.14668323253894733,0.0021538773330568215,boundary,2489,2494,0.003451900091022253,0.07922309986315668,ok,link_refresh_rmse=0.0094031626; p_max=4
Natural images,CIFAR-10,cifar10_test_06460,class3_test6460,32x32x3,"(20,20,3)",0,0.00833332259207964,0.007878094911575317,5.462739207251987,0.9428401882024564,0.8973640528038884,4.823313215495103,0.03775772915701524,effective,2489,2494,0.005267999833449721,0.08712689997628331,ok,link_refresh_rmse=0.0082971761; p_max=4
Natural images,CIFAR-10,cifar10_test_06464,class1_test6464,32x32x3,"(20,20,3)",0,0.010021738708019257,0.007749740965664387,22.670694263230477,1.320458807866956,1.177823199873979,10.80197330982159,0.0650044484356391,effective,2489,2494,0.0026475999038666487,0.09641760005615652,ok,link_refresh_rmse=0.0099470168; p_max=4
Natural images,CIFAR-10,cifar10_test_06468,class8_test6468,32x32x3,"(20,20,3)",0,0.0036118377465754747,0.0036095825489610434,0.06243906212480399,0.3007606010163404,0.29531180814486757,1.811671094239097,0.0006724903130149543,boundary,2489,2494,0.01115370006300509,0.10652250004932284,ok,link_refresh_rmse=0.0036115581; p_max=4
Natural images,CIFAR-10,cifar10_test_06475,class2_test6475,32x32x3,"(20,20,3)",0,0.0047167507000267506,0.004590989556163549,2.666266501269357,3.246601923334182,3.217015336132693,0.9113093597598859,0.008454920011555298,boundary,2489,2494,0.002799100009724498,0.10918589984066784,ok,link_refresh_rmse=0.0047121616; p_max=4
Natural images,CIFAR-10,cifar10_test_06489,class8_test6489,32x32x3,"(20,20,3)",0,0.007027541287243366,0.007022602949291468,0.0702712051064405,1.3745673371951095,1.3753353388928027,-0.05587224990085641,0.0008581834470492015,boundary,2489,2494,0.0026879000943154097,0.08692419994622469,ok,link_refresh_rmse=0.007026847; p_max=4
Natural images,CIFAR-10,cifar10_test_06498,class4_test6498,32x32x3,"(20,20,3)",0,0.012111128307878971,0.011708446778357029,3.3248886419605936,1.171883254267986,1.1545092602804683,1.4825703775731767,0.021499813121848742,moderate,2489,2494,0.003889300161972642,0.10050970013253391,ok,link_refresh_rmse=0.012081187; p_max=4
Natural images,CIFAR-10,cifar10_test_06517,class7_test6517,32x32x3,"(20,20,3)",0,0.005917503032833338,0.005724738352000713,3.257534128213661,0.7392224875587597,0.7296812367284105,1.2907143642043046,0.015215987147422774,moderate,2489,2494,0.0029752999544143677,0.11037890007719398,ok,link_refresh_rmse=0.0059071458; p_max=4
Natural images,CIFAR-10,cifar10_test_06519,class2_test6519,32x32x3,"(20,20,3)",0,0.005876370705664158,0.005885371472686529,-0.1531688090013717,0.4323559092463761,0.4318536971861586,0.1161570940693021,0.0022634121833901505,boundary,2489,2494,0.003263099817559123,0.07972940010949969,ok,link_refresh_rmse=0.0058748396; p_max=4
Natural images,CIFAR-10,cifar10_test_06530,class3_test6530,32x32x3,"(20,20,3)",0,0.008162986487150192,0.007921267300844193,2.961161171668032,1.6014342023029537,1.5631205325130928,2.3924598172540406,0.012068620145163501,moderate,2489,2494,0.004911200143396854,0.103188700042665,ok,link_refresh_rmse=0.0081516523; p_max=4
Natural images,CIFAR-10,cifar10_test_06542,class9_test6542,32x32x3,"(20,20,3)",0,0.007296844385564327,0.006693135015666485,8.273567832859197,0.8061246546700414,0.7617215305272937,5.508220581706741,0.01763705575206013,moderate,2489,2494,0.002705200109630823,0.11214689980261028,ok,link_refresh_rmse=0.0072820429; p_max=4
Natural images,CIFAR-10,cifar10_test_06578,class6_test6578,32x32x3,"(20,20,3)",0,0.012752333655953407,0.012602592818439007,1.1742230210899023,1.5083093110222463,1.4973551771690514,0.7262524850271455,0.004525319347845881,boundary,2489,2494,0.0027997998986393213,0.09521499997936189,ok,link_refresh_rmse=0.012745691; p_max=4
Natural images,CIFAR-10,cifar10_test_06589,class2_test6589,32x32x3,"(20,20,3)",0,0.011857112869620323,0.011559788137674332,2.5075643220684984,1.1768584275455996,1.167465529258341,0.7981332390887518,0.018912408814487483,moderate,2489,2494,0.002638499950990081,0.09000029996968806,ok,link_refresh_rmse=0.011831324; p_max=4
Natural images,CIFAR-10,cifar10_test_06598,class6_test6598,32x32x3,"(20,20,3)",0,0.012053070589900017,0.011689774692058563,3.014135652253466,1.3155455125429016,1.3060700672695864,0.7202673858846236,0.01876871527696085,moderate,2489,2494,0.003034000052139163,0.10623440006747842,ok,link_refresh_rmse=0.012027054; p_max=4
Natural images,CIFAR-10,cifar10_test_06601,class0_test6601,32x32x3,"(20,20,3)",0,0.006011480465531349,0.005975302774459124,0.6018100080281614,0.4720914764812528,0.477371273536077,-1.1183843212288627,0.002858636754045328,boundary,2489,2494,0.004370500100776553,0.09642720012925565,ok,link_refresh_rmse=0.0060095023; p_max=4
Natural images,CIFAR-10,cifar10_test_06612,class7_test6612,32x32x3,"(20,20,3)",0,0.004501496907323599,0.004245289135724306,5.691612742918069,0.9907894363681927,0.9549801028164091,3.6142223803924685,0.01865711375760144,moderate,2489,2494,0.002935199998319149,0.09588199993595481,ok,link_refresh_rmse=0.0044918382; p_max=4
Natural images,CIFAR-10,cifar10_test_06616,class4_test6616,32x32x3,"(20,20,3)",0,0.005777782294899225,0.005691728089004755,1.489398552978382,0.35772910865767066,0.35591802212926316,0.506273178384436,0.003578644941914862,boundary,2489,2494,0.004262699978426099,0.09299659985117614,ok,link_refresh_rmse=0.0057754023; p_max=4
Natural images,CIFAR-10,cifar10_test_06617,class4_test6617,32x32x3,"(20,20,3)",0,0.007373085245490074,0.007045645732432604,4.441010813726271,0.48732171217508674,0.47072391084099935,3.405922806108026,0.016047437406631296,moderate,2489,2494,0.004542599897831678,0.10003899992443621,ok,link_refresh_rmse=0.0073594758; p_max=4
Natural images,CIFAR-10,cifar10_test_06621,class0_test6621,32x32x3,"(20,20,3)",0,0.007917900569736958,0.007835322059690952,1.042934415741831,0.5528049910665771,0.548138546185555,0.8441394264582675,0.004551645101994979,boundary,2489,2494,0.004845800111070275,0.07430249988101423,ok,link_refresh_rmse=0.0079137525; p_max=4
Natural images,CIFAR-10,cifar10_test_06633,class0_test6633,32x32x3,"(20,20,3)",0,0.009023712947964668,0.008830358274281025,2.142739632772286,0.6841110564437503,0.6757332619808989,1.2246249178316284,0.006207488710770338,boundary,2489,2494,0.003055799985304475,0.10468129999935627,ok,link_refresh_rmse=0.0090172663; p_max=4
Natural images,CIFAR-10,cifar10_test_06652,class2_test6652,32x32x3,"(20,20,3)",0,0.013119806535542011,0.012339995242655277,5.943771280271536,1.3435812522715693,1.2192077191073016,9.256867268279573,0.019385820528872402,moderate,2489,2494,0.0029000998474657536,0.08851819997653365,ok,link_refresh_rmse=0.013090557; p_max=4
Natural images,CIFAR-10,cifar10_test_06656,class6_test6656,32x32x3,"(20,20,3)",0,0.003704422153532505,0.0035623947624117136,3.833995836175295,3.2861466273038493,3.212591187241563,2.2383493010059534,0.010501231560071005,moderate,2489,2494,0.005446499912068248,0.09909639996476471,ok,link_refresh_rmse=0.0036999462; p_max=4
Natural images,CIFAR-10,cifar10_test_06660,class0_test6660,32x32x3,"(20,20,3)",0,0.004902716260403395,0.004880696069449186,0.44914267488929815,0.4331152519914434,0.4322226364573065,0.20609191895983411,0.00024832496644049037,boundary,2489,2494,0.0031642999965697527,0.09412029990926385,ok,link_refresh_rmse=0.0049025761; p_max=4
Natural images,CIFAR-10,cifar10_test_06678,class7_test6678,32x32x3,"(20,20,3)",0,0.008778028190135956,0.007804820314049721,11.086862049268058,0.5987839413707925,0.5530519846142302,7.637472149281155,0.10197286340941135,effective,2489,2494,0.004609700059518218,0.08837050013244152,ok,link_refresh_rmse=0.0086755762; p_max=4
Natural images,CIFAR-10,cifar10_test_06692,class6_test6692,32x32x3,"(20,20,3)",0,0.023051053285598755,0.021589094772934914,6.342263386190713,3.66869862333669,3.566337530957198,2.79011995502629,0.08846851460121104,effective,2489,2494,0.003585499944165349,0.08676240011118352,ok,link_refresh_rmse=0.022817463; p_max=4
Natural images,CIFAR-10,cifar10_test_06694,class3_test6694,32x32x3,"(20,20,3)",0,0.006258691661059856,0.005376349203288555,14.097873893693048,4.2519585554317,3.8979486436752313,8.325808145618815,0.059112238442267845,effective,2489,2494,0.0026763000059872866,0.09422759991139174,ok,link_refresh_rmse=0.0062162424; p_max=4
Natural images,CIFAR-10,cifar10_test_06715,class2_test6715,32x32x3,"(20,20,3)",0,0.012676150538027287,0.012322815135121346,2.7874030199149757,1.3088628061476877,1.283729119882432,1.9202689653341394,0.029360083724869653,moderate,2489,2494,0.004721699981018901,0.08987540006637573,ok,link_refresh_rmse=0.012633375; p_max=4
Natural images,CIFAR-10,cifar10_test_06721,class7_test6721,32x32x3,"(20,20,3)",0,0.012603884562849998,0.010998133569955826,12.740127735120094,8.170541064717796,6.463057421762525,20.89804860449894,0.0515369623945682,effective,2489,2494,0.002922600135207176,0.0889037000015378,ok,link_refresh_rmse=0.012529322; p_max=4
Natural images,CIFAR-10,cifar10_test_06730,class8_test6730,32x32x3,"(20,20,3)",0,0.010513088665902615,0.010239754803478718,2.599938715540447,1.1351968302049171,1.0948457833763783,3.554541886912685,0.013610032644373864,moderate,2489,2494,0.002698899945244193,0.07855990016832948,ok,link_refresh_rmse=0.010496628; p_max=4
Natural images,CIFAR-10,cifar10_test_06748,class0_test6748,32x32x3,"(20,20,3)",0,0.010278154164552689,0.009872582741081715,3.9459558299846216,0.5333952483158313,0.5286367955299675,0.8921063321970749,0.024864448922015704,moderate,2489,2494,0.004449999891221523,0.07949279993772507,ok,link_refresh_rmse=0.010248774; p_max=4
Natural images,CIFAR-10,cifar10_test_06772,class0_test6772,32x32x3,"(20,20,3)",0,0.006334730889648199,0.005833357106894255,7.914681641382059,0.9235932800028293,0.8481693919602383,8.166353055574405,0.022058555211157203,moderate,2489,2494,0.0037017001304775476,0.08472899999469519,ok,link_refresh_rmse=0.0063186637; p_max=4
Natural images,CIFAR-10,cifar10_test_06774,class3_test6774,32x32x3,"(20,20,3)",0,0.010326500050723553,0.010214471258223057,1.0848670115742296,0.7163616640997672,0.7278649388406458,-1.6057915041188735,0.006284818856802552,boundary,2489,2494,0.003724600188434124,0.09602169995196164,ok,link_refresh_rmse=0.010319031; p_max=4
Natural images,CIFAR-10,cifar10_test_06779,class8_test6779,32x32x3,"(20,20,3)",0,0.012824076227843761,0.012105217203497887,5.605542353102058,1.5141543195113136,1.3532306206956823,10.627958903658426,0.0289512294121761,moderate,2489,2494,0.0027591001708060503,0.08650880004279315,ok,link_refresh_rmse=0.012781403; p_max=4
Natural images,CIFAR-10,cifar10_test_06789,class1_test6789,32x32x3,"(20,20,3)",0,0.0052091209217906,0.0051688263192772865,0.7735393959613113,0.38711995377650593,0.38371845107435276,0.8786689161770624,0.002151841718428068,boundary,2489,2494,0.00465080002322793,0.08824770012870431,ok,link_refresh_rmse=0.0052078306; p_max=4
Natural images,CIFAR-10,cifar10_test_06795,class9_test6795,32x32x3,"(20,20,3)",0,0.00780003285035491,0.007343527860939503,5.85260342069759,2.23415329860719,1.9500526474337985,12.716255923463486,0.013504118534409366,moderate,2489,2494,0.0026897999923676252,0.08365719998255372,ok,link_refresh_rmse=0.0077879154; p_max=4
Natural images,CIFAR-10,cifar10_test_06807,class7_test6807,32x32x3,"(20,20,3)",0,0.0068008871749043465,0.006665026769042015,1.9976865130723513,0.5263920894659165,0.5161230713612058,1.9508306280076828,0.007885517362345525,boundary,2489,2494,0.004506500205025077,0.08791700005531311,ok,link_refresh_rmse=0.0067947158; p_max=4
Natural images,CIFAR-10,cifar10_test_06811,class9_test6811,32x32x3,"(20,20,3)",0,0.008959200233221054,0.008852703496813774,1.188685749118387,0.7875711866254684,0.7931335713191153,-0.7062707204259493,0.00411012261960933,boundary,2489,2494,0.0036462999414652586,0.07880449993535876,ok,link_refresh_rmse=0.0089549618; p_max=4
Natural images,CIFAR-10,cifar10_test_06814,class9_test6814,32x32x3,"(20,20,3)",0,0.01054389588534832,0.009189975447952747,12.840798620526645,0.9003922638934712,0.835670001082403,7.188229553549976,0.034250408451662946,effective,2489,2494,0.002879499923437834,0.09182090009562671,ok,link_refresh_rmse=0.010502401; p_max=4
Natural images,CIFAR-10,cifar10_test_06819,class2_test6819,32x32x3,"(20,20,3)",0,0.0097463708370924,0.009678681381046772,0.6945093427803651,0.6689903689272956,0.6627200798960919,0.9372764276498989,0.0013006876557979307,boundary,2489,2494,0.0026692000683397055,0.08463080017827451,ok,link_refresh_rmse=0.0097449115; p_max=4
Natural images,CIFAR-10,cifar10_test_06827,class3_test6827,32x32x3,"(20,20,3)",0,0.004289992153644562,0.004082692787051201,4.832161905406978,0.28904591145099223,0.2771313687611074,4.122024293675213,0.01724805875870599,moderate,2489,2494,0.0027924999594688416,0.09660369995981455,ok,link_refresh_rmse=0.0042814817; p_max=4
Natural images,CIFAR-10,cifar10_test_06834,class1_test6834,32x32x3,"(20,20,3)",0,0.0067511629313230515,0.006601329427212477,2.219373249242724,0.5019488834809988,0.5213430103192394,-3.863765310870497,0.011232165752500729,moderate,2489,2494,0.005674500018358231,0.07670599990524352,ok,link_refresh_rmse=0.0067424383; p_max=4
Natural images,CIFAR-10,cifar10_test_06845,class2_test6845,32x32x3,"(20,20,3)",0,0.008767773397266865,0.00861627608537674,1.7278880854442564,0.5918019568747683,0.5788771802713784,2.1839698996002133,0.0055439760321870125,boundary,2489,2494,0.002646199893206358,0.08063909993506968,ok,link_refresh_rmse=0.0087621789; p_max=4
Natural images,CIFAR-10,cifar10_test_06863,class6_test6863,32x32x3,"(20,20,3)",0,0.010215332731604576,0.00997105147689581,2.3913196087387396,0.7123959560674527,0.7092918798732412,0.43572344393229323,0.008725406644208603,boundary,2489,2494,0.0028113999869674444,0.08358249999582767,ok,link_refresh_rmse=0.010205076; p_max=4
Natural images,CIFAR-10,cifar10_test_06870,class7_test6870,32x32x3,"(20,20,3)",0,0.009687279351055622,0.009197605773806572,5.054810122675883,0.5298255460506143,0.5023075015907902,5.1937934410575375,0.010630847413361734,moderate,2489,2494,0.002591600175946951,0.09739030012860894,ok,link_refresh_rmse=0.0096754301; p_max=4
Natural images,CIFAR-10,cifar10_test_06875,class5_test6875,32x32x3,"(20,20,3)",0,0.0048699090257287025,0.00478935893625021,1.6540368424323846,0.7522695943575133,0.7314346543191044,2.769610814352173,0.0038604041347589674,boundary,2489,2494,0.0030830998439341784,0.08605479984544218,ok,link_refresh_rmse=0.0048677451; p_max=4
Natural images,CIFAR-10,cifar10_test_06883,class7_test6883,32x32x3,"(20,20,3)",0,0.012039145454764366,0.010740821249783039,10.784189042815566,1.2380526604287567,1.1580383621409167,6.462915580677306,0.05627934792866305,effective,2489,2494,0.005407699849456549,0.08213760005310178,ok,link_refresh_rmse=0.011961391; p_max=4
Natural images,CIFAR-10,cifar10_test_06916,class4_test6916,32x32x3,"(20,20,3)",0,0.011372147127985954,0.010629561729729176,6.529860983150093,0.9812490636655077,0.9236595164077479,5.869004047008308,0.021386165280699976,moderate,2489,2494,0.004519900074228644,0.08735479996539652,ok,link_refresh_rmse=0.011344181; p_max=4
Natural images,CIFAR-10,cifar10_test_06951,class9_test6951,32x32x3,"(20,20,3)",0,0.005071623250842094,0.005028842482715845,0.8435320608475004,0.5878650352578081,0.5882068627247112,-0.05814726959449726,0.003864807392393959,boundary,2489,2494,0.004112899769097567,0.08451520022936165,ok,link_refresh_rmse=0.0050693671; p_max=4
Natural images,CIFAR-10,cifar10_test_06953,class0_test6953,32x32x3,"(20,20,3)",0,0.003632576437667012,0.003601660719141364,0.85106863010716,0.4304841299329746,0.4141281337220036,3.7994423193992297,0.005497715557615768,boundary,2489,2494,0.0033233000431209803,0.09389210003428161,ok,link_refresh_rmse=0.0036302779; p_max=4
Natural images,CIFAR-10,cifar10_test_06967,class4_test6967,32x32x3,"(20,20,3)",0,0.010453324764966965,0.009932709857821465,4.980376280762625,0.6897988428937543,0.6529983881604539,5.334954546882092,0.016991133084803232,moderate,2489,2494,0.003016000147908926,0.08484859997406602,ok,link_refresh_rmse=0.010432896; p_max=4
Natural images,CIFAR-10,cifar10_test_06970,class0_test6970,32x32x3,"(20,20,3)",0,0.0007954457541927695,0.000830884906463325,-4.455256952942025,0.03312531963357922,0.03383423356455864,-2.1400968770148747,-0.136218398288122,boundary,2489,2494,0.0026881000958383083,0.09591459995135665,ok,link_refresh_rmse=0.00080801884; p_max=4
Natural images,CIFAR-10,cifar10_test_06988,class4_test6988,32x32x3,"(20,20,3)",0,0.004261290188878775,0.004234693478792906,0.6241468876088659,0.2525913221079308,0.2543871225174428,-0.7109509521252115,0.0023058363998920577,boundary,2489,2494,0.007797199999913573,0.10058770002797246,ok,link_refresh_rmse=0.0042601591; p_max=4
Natural images,CIFAR-10,cifar10_test_07004,class3_test7004,32x32x3,"(20,20,3)",0,0.008904748596251011,0.008378702215850353,5.907481550036444,0.427968361001569,0.42986341557605695,-0.44280249363597624,0.029524221117921415,moderate,2489,2494,0.004695999901741743,0.087125200079754,ok,link_refresh_rmse=0.0088745318; p_max=4
Natural images,CIFAR-10,cifar10_test_07009,class6_test7009,32x32x3,"(20,20,3)",0,0.009927922859787941,0.009645294398069382,2.8468035631432795,0.7363331814347864,0.7277795676546515,1.1616499155270685,0.023799752538951092,moderate,2489,2494,0.004673799965530634,0.09231490013189614,ok,link_refresh_rmse=0.0099007571; p_max=4
Natural images,CIFAR-10,cifar10_test_07021,class1_test7021,32x32x3,"(20,20,3)",0,0.007661136332899332,0.007323152851313353,4.411662538030709,0.9124408924355576,0.8607138903229048,5.669079777275117,0.015619654415269166,moderate,2489,2494,0.004717400064691901,0.09669800009578466,ok,link_refresh_rmse=0.0076473719; p_max=4
Natural images,CIFAR-10,cifar10_test_07026,class3_test7026,32x32x3,"(20,20,3)",0,0.009673278778791428,0.00939891580492258,2.8362976002550977,1.1968301179131595,1.1407911031761069,4.682286474772584,0.012744731751607362,moderate,2489,2494,0.0028484000358730555,0.07852410012856126,ok,link_refresh_rmse=0.0096590957; p_max=4
Natural images,CIFAR-10,cifar10_test_07038,class0_test7038,32x32x3,"(20,20,3)",0,0.006305066868662834,0.006246561650186777,0.927907977738303,0.3580933119005546,0.35512228120508144,0.8296805879184485,0.005097549039783217,boundary,2489,2494,0.005839599994942546,0.07893560011871159,ok,link_refresh_rmse=0.0063013677; p_max=4
Natural images,CIFAR-10,cifar10_test_07062,class4_test7062,32x32x3,"(20,20,3)",0,0.01382734440267086,0.013586048036813736,1.745066578442322,1.0608618204046,1.056720213030798,0.39040026647603665,0.008170228520775783,boundary,2489,2494,0.004797199973836541,0.09558259998448193,ok,link_refresh_rmse=0.013814344; p_max=4
Natural images,CIFAR-10,cifar10_test_07067,class9_test7067,32x32x3,"(20,20,3)",0,0.008543258532881737,0.008212793618440628,3.868136650309694,0.8749818986655289,0.8447294081134094,3.457499017780695,0.010327980317244783,moderate,2489,2494,0.003248400054872036,0.11087279999628663,ok,link_refresh_rmse=0.0085331062; p_max=4
Natural images,CIFAR-10,cifar10_test_07073,class9_test7073,32x32x3,"(20,20,3)",0,0.011678671464323997,0.010310787707567215,11.712665785105724,1.0944049260994004,1.100335321154665,-0.541883073973468,0.024422912330033714,moderate,2489,2494,0.004620000021532178,0.08661259990185499,ok,link_refresh_rmse=0.01164588; p_max=4
Natural images,CIFAR-10,cifar10_test_07077,class0_test7077,32x32x3,"(20,20,3)",0,0.002241683891043067,0.002265108749270439,-1.0449670589581863,0.13246925131595738,0.1316890452606437,0.5889714387022367,-0.004780995650783671,boundary,2489,2494,0.0028539998456835747,0.08668760000728071,ok,link_refresh_rmse=0.0022429181; p_max=4
Natural images,CIFAR-10,cifar10_test_07081,class4_test7081,32x32x3,"(20,20,3)",0,0.004656848032027483,0.004620303865522146,0.7847403706112841,0.5191918153983587,0.5136654955159148,1.0644081278907942,0.004529775118660377,boundary,2489,2494,0.0031727999448776245,0.07814979995600879,ok,link_refresh_rmse=0.0046544201; p_max=4
Natural images,CIFAR-10,cifar10_test_07086,class7_test7086,32x32x3,"(20,20,3)",0,0.007711597718298435,0.007321549113839865,5.057948024610323,0.960143681907143,0.9107320680881921,5.146272870410832,0.013164266706810698,moderate,2489,2494,0.003486400004476309,0.09220139984972775,ok,link_refresh_rmse=0.0076999189; p_max=4
Natural images,CIFAR-10,cifar10_test_07099,class3_test7099,32x32x3,"(20,20,3)",0,0.0030814278870821,0.0030995653942227364,-0.5886072238351622,0.2165923741103171,0.2165784624887908,0.006422950754117786,0.00012535421402170874,boundary,2489,2494,0.0034298000391572714,0.07461750018410385,ok,link_refresh_rmse=0.0030813834; p_max=4
Natural images,CIFAR-10,cifar10_test_07100,class9_test7100,32x32x3,"(20,20,3)",0,0.006102227605879307,0.005552359856665134,9.010934772154219,1.4931848448048104,1.4201394128335978,4.891921601358145,0.028189723078667416,moderate,2489,2494,0.004698899807408452,0.09247719985432923,ok,link_refresh_rmse=0.0060824552; p_max=4
Natural images,CIFAR-10,cifar10_test_07112,class2_test7112,32x32x3,"(20,20,3)",0,0.001407570787705481,0.0014257706934586167,-1.2930010989219118,0.06597078139245006,0.06379093216766271,3.3042646741134747,-0.0415800042487159,boundary,2489,2494,0.004436500137671828,0.09832640015520155,ok,link_refresh_rmse=0.0014143251; p_max=4
Natural images,CIFAR-10,cifar10_test_07113,class9_test7113,32x32x3,"(20,20,3)",0,0.00945199467241764,0.009209695272147655,2.563473728746925,0.9062727349805972,0.9199857269064958,-1.5131197703075747,0.009343058759462584,boundary,2489,2494,0.003895800095051527,0.07747670006938279,ok,link_refresh_rmse=0.009441833; p_max=4
Natural images,CIFAR-10,cifar10_test_07123,class6_test7123,32x32x3,"(20,20,3)",0,0.006737696472555399,0.006484851706773043,3.7526885755727744,0.3046852422175871,0.2975590513766025,2.338869709972862,0.008931747705243057,boundary,2489,2494,0.003919899929314852,0.10311179980635643,ok,link_refresh_rmse=0.0067307716; p_max=4
Natural images,CIFAR-10,cifar10_test_07128,class7_test7128,32x32x3,"(20,20,3)",0,0.006110474467277527,0.006013934500515461,1.5799095025934786,0.7413457242905814,0.7265749606428131,1.9924258229050882,0.011722012384644192,moderate,2489,2494,0.003373699961230159,0.10725299990735948,ok,link_refresh_rmse=0.0061022337; p_max=4
Natural images,CIFAR-10,cifar10_test_07140,class4_test7140,32x32x3,"(20,20,3)",0,0.008766690269112587,0.00861090887337923,1.7769693116935628,0.7598032848912544,0.7571839275807054,0.3447415091030905,0.009379165351399765,boundary,2489,2494,0.005691099911928177,0.10862180008552969,ok,link_refresh_rmse=0.008757229; p_max=4
Natural images,CIFAR-10,cifar10_test_07141,class5_test7141,32x32x3,"(20,20,3)",0,0.004707236774265766,0.004620252642780542,1.8478809470720015,0.37128745336306934,0.3676344491157573,0.9838749503177721,0.006161272495878013,boundary,2489,2494,0.004580300068482757,0.09304399997927248,ok,link_refresh_rmse=0.0047038989; p_max=4
Natural images,CIFAR-10,cifar10_test_07142,class8_test7142,32x32x3,"(20,20,3)",0,0.004114205949008465,0.004112340975552797,0.045330094768759925,0.18599532455545265,0.18616771888012534,-0.09268745065755679,-0.00539358676647775,boundary,2489,2494,0.003839300014078617,0.10369049990549684,ok,link_refresh_rmse=0.0041167615; p_max=4
Natural images,CIFAR-10,cifar10_test_07151,class1_test7151,32x32x3,"(20,20,3)",0,0.004502237308770418,0.004508760757744312,-0.14489349464512574,0.8831383597160283,0.8843920466384483,-0.1419581550984974,0.0003925973019949038,boundary,2489,2494,0.003119200002402067,0.10310810012742877,ok,link_refresh_rmse=0.0045020338; p_max=4
Natural images,CIFAR-10,cifar10_test_07171,class2_test7171,32x32x3,"(20,20,3)",0,0.006790907122194767,0.006789455655962229,0.021373672271181365,0.510774404180828,0.5103230387506976,0.0883688427681199,-0.0014257558175207253,boundary,2489,2494,0.003976500127464533,0.10030780010856688,ok,link_refresh_rmse=0.0067920219; p_max=4
Natural images,CIFAR-10,cifar10_test_07181,class6_test7181,32x32x3,"(20,20,3)",0,0.020094309002161026,0.01925511658191681,4.176269112582904,2.090689422603263,2.036191035906235,2.6067184397560186,0.017234198303202438,moderate,2489,2494,0.0049634999595582485,0.10256900009699166,ok,link_refresh_rmse=0.020054478; p_max=4
Natural images,CIFAR-10,cifar10_test_07183,class6_test7183,32x32x3,"(20,20,3)",0,0.010373523458838463,0.00927420612424612,10.597337914686072,1.2466826761929366,1.1216464711994456,10.029513314111409,0.08224232217250083,effective,2489,2494,0.0036058002151548862,0.09084960003383458,ok,link_refresh_rmse=0.010275765; p_max=4
Natural images,CIFAR-10,cifar10_test_07186,class2_test7186,32x32x3,"(20,20,3)",0,0.008572974242269993,0.007941359654068947,7.3675082923590365,0.7029716111073644,0.6801998058091283,3.2393634306746075,0.027457447230445766,moderate,2489,2494,0.004782399861142039,0.1004572999663651,ok,link_refresh_rmse=0.0085459165; p_max=4
Natural images,CIFAR-10,cifar10_test_07189,class0_test7189,32x32x3,"(20,20,3)",0,0.0024646813981235027,0.0025012639816850424,-1.4842723116014906,0.18972584575705656,0.18924499060742117,0.2534473612262208,-0.0014021699852648775,boundary,2489,2494,0.004943500040099025,0.08742619981057942,ok,link_refresh_rmse=0.0024650793; p_max=4
Natural images,CIFAR-10,cifar10_test_07190,class2_test7190,32x32x3,"(20,20,3)",0,0.007523622829467058,0.007424640469253063,1.315620977520566,0.5381689335892299,0.5363630056579247,0.33556896702692274,0.0060339418781907165,boundary,2489,2494,0.006705499952659011,0.08520300011150539,ok,link_refresh_rmse=0.0075183981; p_max=4
Natural images,CIFAR-10,cifar10_test_07203,class5_test7203,32x32x3,"(20,20,3)",0,0.01162610575556755,0.011537485755980015,0.7622500728164906,1.0491382041327024,1.0382607952030967,1.0367946650649191,0.001895547444118021,boundary,2489,2494,0.005801999941468239,0.09099590010009706,ok,link_refresh_rmse=0.011623569; p_max=4
Natural images,CIFAR-10,cifar10_test_07224,class3_test7224,32x32x3,"(20,20,3)",0,0.005824732128530741,0.0053092301823198795,8.850225810142001,0.5675170589654511,0.5417652940147208,4.537619538287391,0.02469383749653417,moderate,2489,2494,0.0033253999426960945,0.08566639991477132,ok,link_refresh_rmse=0.005808196; p_max=4
Natural images,CIFAR-10,cifar10_test_07226,class7_test7226,32x32x3,"(20,20,3)",0,0.009208050556480885,0.008838801644742489,4.010066077216615,1.3189932620453617,1.331259662354363,-0.9299820296261327,0.01815052021655551,moderate,2489,2494,0.009201300097629428,0.08762379991821945,ok,link_refresh_rmse=0.009188829; p_max=4
Natural images,CIFAR-10,cifar10_test_07241,class5_test7241,32x32x3,"(20,20,3)",0,0.007375927176326513,0.006649945396929979,9.842583339578198,9.558363159019265,9.156477289080375,4.204546984173452,0.055133703503424746,effective,2489,2494,0.003028600011020899,0.08693009987473488,ok,link_refresh_rmse=0.0073292567; p_max=4
Natural images,CIFAR-10,cifar10_test_07242,class7_test7242,32x32x3,"(20,20,3)",0,0.01116175763309002,0.00960015133023262,13.99068456949718,4.626470250135341,3.9383685013643626,14.873147595639443,0.04452814409031719,effective,2489,2494,0.0073490000795573,0.08987109991721809,ok,link_refresh_rmse=0.011104683; p_max=4
Natural images,CIFAR-10,cifar10_test_07309,class1_test7309,32x32x3,"(20,20,3)",0,0.010816508904099464,0.009998730383813381,7.560466390187545,0.881376488961067,0.8252325790853674,6.370025815174616,0.020462680916107173,moderate,2489,2494,0.002689199987798929,0.07987649994902313,ok,link_refresh_rmse=0.010791057; p_max=4
Natural images,CIFAR-10,cifar10_test_07310,class3_test7310,32x32x3,"(20,20,3)",0,0.014825860969722271,0.014199653640389442,4.223750179579346,0.9887708786953154,0.9429744965733101,4.631647544316203,0.018582035746977824,moderate,2489,2494,0.0028516000602394342,0.09871420008130372,ok,link_refresh_rmse=0.014794177; p_max=4
Natural images,CIFAR-10,cifar10_test_07317,class6_test7317,32x32x3,"(20,20,3)",0,0.007017271127551794,0.0068032084964215755,3.0505110496550145,0.5372501520799247,0.5256659899463798,2.1561952265062403,0.012512052100470798,moderate,2489,2494,0.0030165999196469784,0.08907370013184845,ok,link_refresh_rmse=0.00700717; p_max=4
Natural images,CIFAR-10,cifar10_test_07328,class4_test7328,32x32x3,"(20,20,3)",0,0.00963711366057396,0.009531157091259956,1.0994637299700845,0.734184249427198,0.7266238023414733,1.0297751676943832,0.0058450093031707055,boundary,2489,2494,0.00272749993018806,0.07789119984954596,ok,link_refresh_rmse=0.0096306307; p_max=4
Natural images,CIFAR-10,cifar10_test_07329,class1_test7329,32x32x3,"(20,20,3)",0,0.016075043007731438,0.014885739423334599,7.398447293888003,2.299815270281986,2.10137772082861,8.628412551980531,0.0237080604879277,moderate,2489,2494,0.007393599953502417,0.09920110017992556,ok,link_refresh_rmse=0.016031226; p_max=4
Natural images,CIFAR-10,cifar10_test_07333,class6_test7333,32x32x3,"(20,20,3)",0,0.010906131938099861,0.010621974244713783,2.6054855653578834,1.042152468383024,1.023254348581845,1.8133737984136693,0.01846783615495476,moderate,2489,2494,0.0034741999115794897,0.09555709990672767,ok,link_refresh_rmse=0.010882968; p_max=4
Natural images,CIFAR-10,cifar10_test_07349,class3_test7349,32x32x3,"(20,20,3)",0,0.00878013763576746,0.008732215501368046,0.5458016307648149,0.5798896024745565,0.5788011886573815,0.18769328032963048,0.0015046549345039072,boundary,2489,2494,0.0030954000540077686,0.09954069997183979,ok,link_refresh_rmse=0.0087786168; p_max=4
Natural images,CIFAR-10,cifar10_test_07365,class4_test7365,32x32x3,"(20,20,3)",0,0.009200572036206722,0.009150314144790173,0.5462474639486695,0.8636182363447054,0.8596472104951446,0.459812644342514,0.003583577543973022,boundary,2489,2494,0.0033088000491261482,0.0861629000864923,ok,link_refresh_rmse=0.0091967769; p_max=4
Natural images,CIFAR-10,cifar10_test_07367,class3_test7367,32x32x3,"(20,20,3)",0,0.006413544062525034,0.005886657163500786,8.215222252902258,0.6508512413716248,0.5544015027181801,14.819014318876212,0.04857684302922793,effective,2489,2494,0.0027225001249462366,0.07628790009766817,ok,link_refresh_rmse=0.0063777757; p_max=4
Natural images,CIFAR-10,cifar10_test_07381,class4_test7381,32x32x3,"(20,20,3)",0,0.006956206634640694,0.0069454871118068695,0.15410012089696715,0.4772394672259579,0.4744033516977107,0.5942751434060219,-0.0001633857599080218,boundary,2489,2494,0.003989499993622303,0.08453719993121922,ok,link_refresh_rmse=0.0069563375; p_max=4
Natural images,CIFAR-10,cifar10_test_07386,class5_test7386,32x32x3,"(20,20,3)",0,0.009178115986287594,0.007583337370306253,17.37588213489557,0.6367342979961376,0.5534195321756523,13.08469892114884,0.04925314029316063,effective,2489,2494,0.00413080002181232,0.08717459999024868,ok,link_refresh_rmse=0.009126219; p_max=4
Natural images,CIFAR-10,cifar10_test_07400,class3_test7400,32x32x3,"(20,20,3)",0,0.005848223343491554,0.0055353278294205666,5.3502661525265935,0.5099093378461271,0.48338393158361137,5.201984802741581,0.015258526609430877,moderate,2489,2494,0.0030144001357257366,0.10331740020774305,ok,link_refresh_rmse=0.0058379588; p_max=4
Natural images,CIFAR-10,cifar10_test_07401,class3_test7401,32x32x3,"(20,20,3)",0,0.005013853311538696,0.004692647606134415,6.406364236166836,1.1703694379660068,1.1097621754734004,5.178472756255168,0.036106259544888206,effective,2489,2494,0.004416700219735503,0.08670350001193583,ok,link_refresh_rmse=0.0049930546; p_max=4
Natural images,CIFAR-10,cifar10_test_07403,class4_test7403,32x32x3,"(20,20,3)",0,0.0165023822337389,0.016235755756497383,1.615684774870878,0.9548077061439029,0.9460353490776332,0.9187564165875666,0.010847896809875157,moderate,2489,2494,0.004154199967160821,0.08216180000454187,ok,link_refresh_rmse=0.016481785; p_max=4
Natural images,CIFAR-10,cifar10_test_07410,class4_test7410,32x32x3,"(20,20,3)",0,0.004433662164956331,0.004415927920490503,0.39999088351835693,0.5152512941476753,0.5116574162801686,0.697500017627655,0.002829399959107003,boundary,2489,2494,0.003147499868646264,0.09333580010570586,ok,link_refresh_rmse=0.0044322181; p_max=4
Natural images,CIFAR-10,cifar10_test_07419,class0_test7419,32x32x3,"(20,20,3)",0,0.007764327805489302,0.00774379912763834,0.264397361436081,0.5547051654237574,0.5547322453846222,-0.00488186563832163,0.0020584440562743333,boundary,2489,2494,0.00475149997510016,0.09634630009531975,ok,link_refresh_rmse=0.007762488; p_max=4
Natural images,CIFAR-10,cifar10_test_07437,class3_test7437,32x32x3,"(20,20,3)",0,0.004641338717192411,0.004618832375854254,0.4849105551118223,0.35903931128263844,0.35749012603415775,0.43148067629317577,0.0024116297138869086,boundary,2489,2494,0.004575199913233519,0.08626790018752217,ok,link_refresh_rmse=0.0046400502; p_max=4
Natural images,CIFAR-10,cifar10_test_07442,class7_test7442,32x32x3,"(20,20,3)",0,0.012219620868563652,0.011576772667467594,5.260786795356778,1.089888112060812,1.0754590662322903,1.3239015701564583,0.021474599141499184,moderate,2489,2494,0.0040778000839054585,0.08369440003298223,ok,link_refresh_rmse=0.012189447; p_max=4
Natural images,CIFAR-10,cifar10_test_07446,class5_test7446,32x32x3,"(20,20,3)",0,0.00931035540997982,0.009245797991752625,0.6933937039395541,0.8487125400200276,0.8596459691373913,-1.2882370180492115,0.0014893481418452304,boundary,2489,2494,0.0039004001300781965,0.08546469989232719,ok,link_refresh_rmse=0.0093087591; p_max=4
Natural images,CIFAR-10,cifar10_test_07448,class9_test7448,32x32x3,"(20,20,3)",0,0.011376193724572659,0.010753110982477665,5.477075700188988,1.5541231765673782,1.4392702103419586,7.390209988316215,0.02003924310036261,moderate,2489,2494,0.0028608001302927732,0.08855750015936792,ok,link_refresh_rmse=0.011349978; p_max=4
Natural images,CIFAR-10,cifar10_test_07473,class1_test7473,32x32x3,"(20,20,3)",0,0.014765399508178234,0.014300838112831116,3.1462839531690823,1.2844317846712217,1.3234305724465498,-3.036267728714823,0.015905219775096683,moderate,2489,2494,0.007218200014904141,0.07843059999868274,ok,link_refresh_rmse=0.014738386; p_max=4
Natural images,CIFAR-10,cifar10_test_07474,class5_test7474,32x32x3,"(20,20,3)",0,0.004371957387775183,0.004243452101945877,2.9393078301410407,0.3704051689859431,0.37022323659438583,0.049117130858448335,0.010954112820661183,moderate,2489,2494,0.0032386002130806446,0.09032349986955523,ok,link_refresh_rmse=0.0043664472; p_max=4
Natural images,CIFAR-10,cifar10_test_07482,class4_test7482,32x32x3,"(20,20,3)",0,0.016703855246305466,0.0155817661434412,6.717545658284171,1.2627303367346134,1.254172285400554,0.6777418016415447,0.04500734671160425,effective,2489,2494,0.003011199878528714,0.08639760012738407,ok,link_refresh_rmse=0.016617525; p_max=4
Natural images,CIFAR-10,cifar10_test_07483,class1_test7483,32x32x3,"(20,20,3)",0,0.012786570005118847,0.012605844996869564,1.4133970891093797,1.0101542567082955,1.01630391640627,-0.6087842185622033,0.015199311715436824,moderate,2489,2494,0.011072800029069185,0.08366050012409687,ok,link_refresh_rmse=0.012764215; p_max=4
Natural images,CIFAR-10,cifar10_test_07490,class4_test7490,32x32x3,"(20,20,3)",0,0.01329217478632927,0.012515594251453876,5.842388829208672,1.63498887018146,1.5826601692096542,3.200553956431406,0.032622704134730195,effective,2489,2494,0.0033897999674081802,0.09236910007894039,ok,link_refresh_rmse=0.013242345; p_max=4
Natural images,CIFAR-10,cifar10_test_07492,class9_test7492,32x32x3,"(20,20,3)",0,0.005353802349418402,0.0053457459434866905,0.1504800776327947,1.0134501627763286,1.0116879436084203,0.17388315998497053,0.0008522215509768969,boundary,2489,2494,0.0032093001063913107,0.08440239983610809,ok,link_refresh_rmse=0.0053532771; p_max=4
Natural images,CIFAR-10,cifar10_test_07524,class3_test7524,32x32x3,"(20,20,3)",0,0.006830758880823851,0.006602231878787279,3.345558026914414,0.8448258644456095,0.8271310235160523,2.0944956439240747,0.009698545474117908,boundary,2489,2494,0.0026077001821249723,0.07763110008090734,ok,link_refresh_rmse=0.006823136; p_max=4
Natural images,CIFAR-10,cifar10_test_07531,class4_test7531,32x32x3,"(20,20,3)",0,0.005981015972793102,0.005964604672044516,0.27438984987232307,0.3594489714157696,0.3575367169188518,0.5319960965212803,-0.0010846427726509396,boundary,2489,2494,0.004895699908956885,0.09609739994630218,ok,link_refresh_rmse=0.0059817629; p_max=4
Natural images,CIFAR-10,cifar10_test_07533,class0_test7533,32x32x3,"(20,20,3)",0,0.0023611735086888075,0.00238998094573617,-1.2200474442625564,0.12556113255122683,0.12520547049322409,0.2832580837526644,-0.0038739346299683296,boundary,2489,2494,0.0032400002237409353,0.08086759992875159,ok,link_refresh_rmse=0.0023622268; p_max=4
Natural images,CIFAR-10,cifar10_test_07539,class5_test7539,32x32x3,"(20,20,3)",0,0.003527451306581497,0.003544529667124152,-0.48415581274758607,0.2621500336318979,0.2631925612583051,-0.39768357530369236,-0.001958223796344153,boundary,2489,2494,0.005436700070276856,0.09971189987845719,ok,link_refresh_rmse=0.0035282467; p_max=4
Natural images,CIFAR-10,cifar10_test_07548,class6_test7548,32x32x3,"(20,20,3)",0,0.009094211272895336,0.008949480019509792,1.5914657032095267,0.747855411680868,0.7315021904773794,2.1866822046167114,0.0072916805956787685,boundary,2489,2494,0.002832600148394704,0.0883776000700891,ok,link_refresh_rmse=0.00908658; p_max=4
Natural images,CIFAR-10,cifar10_test_07554,class7_test7554,32x32x3,"(20,20,3)",0,0.005291796289384365,0.005234057549387217,1.0910990680607946,0.6313794374978835,0.6252779058280897,0.9663811184560825,0.0037246178107772,boundary,2489,2494,0.0037187000270932913,0.07484769984148443,ok,link_refresh_rmse=0.0052895276; p_max=4
Natural images,CIFAR-10,cifar10_test_07555,class1_test7555,32x32x3,"(20,20,3)",0,0.00970218051224947,0.00929680559784174,4.178183593841866,0.7798159579883043,0.765263890236411,1.8660900181413804,0.019218748584999733,moderate,2489,2494,0.002890300005674362,0.07742929994128644,ok,link_refresh_rmse=0.0096807368; p_max=4
Natural images,CIFAR-10,cifar10_test_07562,class2_test7562,32x32x3,"(20,20,3)",0,0.009568772278726101,0.009520984254777431,0.4994164617640111,0.9801638036590377,0.9746989542817037,0.5575444999022788,0.004503726076935129,boundary,2489,2494,0.00269660004414618,0.0771299998741597,ok,link_refresh_rmse=0.0095638121; p_max=4
Natural images,CIFAR-10,cifar10_test_07570,class1_test7570,32x32x3,"(20,20,3)",0,0.005557670257985592,0.005562750622630119,-0.09141176803765327,0.7826113793063025,0.7851854179481832,-0.32890380972511,0.0005742262265452256,boundary,2489,2494,0.0027601998299360275,0.0952335000038147,ok,link_refresh_rmse=0.0055573029; p_max=4
Natural images,CIFAR-10,cifar10_test_07580,class8_test7580,32x32x3,"(20,20,3)",0,0.0067616659216582775,0.0066889929585158825,1.074778966964582,0.6670194364504178,0.6589636106989282,1.207734784215465,0.0027143595104207035,boundary,2489,2494,0.0045004000421613455,0.09247740008868277,ok,link_refresh_rmse=0.0067595532; p_max=4
Natural images,CIFAR-10,cifar10_test_07587,class7_test7587,32x32x3,"(20,20,3)",0,0.007985755801200867,0.007909426465630531,0.9558185533153578,0.5285298612380649,0.5271085270598335,0.26892220903129194,0.0009492087485033474,boundary,2489,2494,0.0046119000762701035,0.08179890015162528,ok,link_refresh_rmse=0.0079848832; p_max=4
Natural images,CIFAR-10,cifar10_test_07617,class2_test7617,32x32x3,"(20,20,3)",0,0.0057979547418653965,0.005731701850891113,1.1426941727552609,0.31824221900352934,0.31548497646269913,0.8663974721718581,0.0015083530933891094,boundary,2489,2494,0.005718400003388524,0.08440369996242225,ok,link_refresh_rmse=0.005796948; p_max=4
Natural images,CIFAR-10,cifar10_test_07619,class5_test7619,32x32x3,"(20,20,3)",0,0.004661014303565025,0.004623975604772568,0.7946488978617411,0.2671804174549503,0.26413876996930247,1.138424557690757,0.0024813052372845623,boundary,2489,2494,0.002529699821025133,0.0904538999311626,ok,link_refresh_rmse=0.004659683; p_max=4
Natural images,CIFAR-10,cifar10_test_07625,class7_test7625,32x32x3,"(20,20,3)",0,0.006071283016353846,0.00581216998398304,4.267846378975395,0.5280454054549942,0.5165037331866328,2.185734815440062,0.009146396367076424,boundary,2489,2494,0.0026124001014977694,0.07856280007399619,ok,link_refresh_rmse=0.0060648932; p_max=4
Natural images,CIFAR-10,cifar10_test_07639,class9_test7639,32x32x3,"(20,20,3)",0,0.009687286801636219,0.009662918746471405,0.25154675053801584,1.4411200095136618,1.448724636964474,-0.5276887004975035,0.001008798513012327,boundary,2489,2494,0.0037544998340308666,0.0854203999042511,ok,link_refresh_rmse=0.0096861618; p_max=4
Natural images,CIFAR-10,cifar10_test_07684,class0_test7684,32x32x3,"(20,20,3)",0,0.004774751141667366,0.003940979950129986,17.46208685645182,0.7530484434528317,0.6343341744494814,15.764492979897675,0.13360156625072694,effective,2489,2494,0.002675499999895692,0.0879462999291718,ok,link_refresh_rmse=0.0047018705; p_max=4
Natural images,CIFAR-10,cifar10_test_07692,class0_test7692,32x32x3,"(20,20,3)",0,0.0035136365331709385,0.0035352790728211403,-0.6159584079310029,0.3348208122245464,0.33459342189418406,0.06791403701925317,-0.0006054777863364325,boundary,2489,2494,0.004422400146722794,0.10230659996159375,ok,link_refresh_rmse=0.0035138815; p_max=4
Natural images,CIFAR-10,cifar10_test_07693,class7_test7693,32x32x3,"(20,20,3)",0,0.010292683728039265,0.009755587205290794,5.218235952255244,0.870094392222807,0.818488226012783,5.931099737143128,0.013421533711879225,moderate,2489,2494,0.00416909996420145,0.08191790012642741,ok,link_refresh_rmse=0.010276792; p_max=4
Natural images,CIFAR-10,cifar10_test_07714,class3_test7714,32x32x3,"(20,20,3)",0,0.007504852954298258,0.0070674787275493145,5.827885361810398,0.753092421065661,0.7210504718134576,4.254716732756721,0.018209994044091633,moderate,2489,2494,0.0028363000601530075,0.09587690001353621,ok,link_refresh_rmse=0.0074891355; p_max=4
Natural images,CIFAR-10,cifar10_test_07722,class7_test7722,32x32x3,"(20,20,3)",0,0.01626686006784439,0.01496156957000494,8.024231427549385,1.797972082498661,1.7575671620742037,2.2472495995769886,0.07975157124720635,effective,2489,2494,0.005538300145417452,0.0913432000670582,ok,link_refresh_rmse=0.016118186; p_max=4
Natural images,CIFAR-10,cifar10_test_07739,class9_test7739,32x32x3,"(20,20,3)",0,0.004258572589606047,0.004271352663636208,-0.300102293931854,0.3582158481523037,0.35682595111103543,0.3880054577253917,0.00018520795161840582,boundary,2489,2494,0.003242800012230873,0.0975095999892801,ok,link_refresh_rmse=0.0042584818; p_max=4
Natural images,CIFAR-10,cifar10_test_07740,class4_test7740,32x32x3,"(20,20,3)",0,0.007154492195695639,0.0070871938951313496,0.9406439859530186,0.503036796188317,0.49602873133721337,1.393151535674156,0.004056092553217267,boundary,2489,2494,0.003447100054472685,0.09060560003854334,ok,link_refresh_rmse=0.007151152; p_max=4
Natural images,CIFAR-10,cifar10_test_07743,class3_test7743,32x32x3,"(20,20,3)",0,0.005557664204388857,0.005159835796803236,7.158194395254358,0.5586305738124,0.5428854928189275,2.818514011150422,0.021098085743511227,moderate,2489,2494,0.0025615000631660223,0.07517620013095438,ok,link_refresh_rmse=0.005544181; p_max=4
Natural images,CIFAR-10,cifar10_test_07765,class8_test7765,32x32x3,"(20,20,3)",0,0.009484140202403069,0.009263098239898682,2.330648406572267,0.6647852924559782,0.6698168097554711,-0.7568635101574696,0.006727152224175118,boundary,2489,2494,0.00491409981623292,0.09740600013174117,ok,link_refresh_rmse=0.0094767977; p_max=4
Natural images,CIFAR-10,cifar10_test_07766,class4_test7766,32x32x3,"(20,20,3)",0,0.017975488677620888,0.017212683334946632,4.24358612082648,2.095711688877215,1.8479670763251175,11.821502636406418,0.01610320401872172,moderate,2489,2494,0.004556700121611357,0.09064000006765127,ok,link_refresh_rmse=0.017942194; p_max=4
Natural images,CIFAR-10,cifar10_test_07768,class8_test7768,32x32x3,"(20,20,3)",0,0.0038047349080443382,0.00380007759667933,0.12240830117129622,0.22460499188577526,0.22177285733546565,1.26094016278584,-0.0004656102244739269,boundary,2489,2494,0.004655699944123626,0.11878579994663596,ok,link_refresh_rmse=0.0038049389; p_max=4
Natural images,CIFAR-10,cifar10_test_07792,class9_test7792,32x32x3,"(20,20,3)",0,0.009828680194914341,0.009563695639371872,2.6960339566199347,1.3634687864878512,1.4495591008089628,-6.314065651834317,0.007371775464296635,boundary,2489,2494,0.003425900125876069,0.08533819997683167,ok,link_refresh_rmse=0.0098203421; p_max=4
Natural images,CIFAR-10,cifar10_test_07793,class8_test7793,32x32x3,"(20,20,3)",0,0.003704218426719308,0.003688311902806163,0.4294164674093719,0.28474034236042484,0.2817145797104569,1.0626392540253182,0.0021092851597401935,boundary,2489,2494,0.003882699878886342,0.09377969987690449,ok,link_refresh_rmse=0.003703319; p_max=4
Natural images,CIFAR-10,cifar10_test_07798,class5_test7798,32x32x3,"(20,20,3)",0,0.006774439942091703,0.0060724131762981415,10.362875334264183,0.7902097837920596,0.7627886837791711,3.4701038351233957,0.02176585622712806,moderate,2489,2494,0.002699200063943863,0.09150319988839328,ok,link_refresh_rmse=0.0067574852; p_max=4
Natural images,CIFAR-10,cifar10_test_07819,class1_test7819,32x32x3,"(20,20,3)",0,0.008732239715754986,0.00855335034430027,2.0486081151890256,0.9522510068415031,0.957447899841336,-0.5457482284078006,0.013423411314299706,moderate,2489,2494,0.0057993000373244286,0.08861980005167425,ok,link_refresh_rmse=0.0087187551; p_max=4
Natural images,CIFAR-10,cifar10_test_07826,class9_test7826,32x32x3,"(20,20,3)",0,0.007443035487085581,0.007332263048738241,1.4882696520732839,0.6020916720801509,0.5946340934900647,1.2386118154269146,0.001820098957714636,boundary,2489,2494,0.004646300105378032,0.0929204998537898,ok,link_refresh_rmse=0.007441476; p_max=4
Natural images,CIFAR-10,cifar10_test_07829,class2_test7829,32x32x3,"(20,20,3)",0,0.01388700120151043,0.013467255048453808,3.0225831118309947,0.8121996205745053,0.7950187396805832,2.1153519970582235,0.010182476254546245,moderate,2489,2494,0.005794900003820658,0.0916198999620974,ok,link_refresh_rmse=0.013870731; p_max=4
Natural images,CIFAR-10,cifar10_test_07830,class2_test7830,32x32x3,"(20,20,3)",0,0.0124652199447155,0.011456233449280262,8.094413896507195,1.5924121248487917,1.526658610702087,4.129176933574804,0.019876850900357,moderate,2489,2494,0.006598300067707896,0.08688289998099208,ok,link_refresh_rmse=0.012436727; p_max=4
Natural images,CIFAR-10,cifar10_test_07838,class0_test7838,32x32x3,"(20,20,3)",0,0.0051540653221309185,0.005040013696998358,2.2128478784084704,0.45483249993738323,0.4693218500871082,-3.1856452983724153,0.005871957606439892,boundary,2489,2494,0.006593100028112531,0.09514060011133552,ok,link_refresh_rmse=0.0051505822; p_max=4
Natural images,CIFAR-10,cifar10_test_07847,class7_test7847,32x32x3,"(20,20,3)",0,0.009525345638394356,0.008801345713436604,7.600773267895753,1.0495301396221388,0.9898613067315758,5.685290077714731,0.04403274588585821,effective,2489,2494,0.0029333001002669334,0.08224999997764826,ok,link_refresh_rmse=0.0094771795; p_max=4
Natural images,CIFAR-10,cifar10_test_07863,class0_test7863,32x32x3,"(20,20,3)",0,0.0036903677973896265,0.0037074198480695486,-0.46206913825727164,0.23309846646322638,0.23205950770076816,0.4457166871246321,-0.000403870549102332,boundary,2489,2494,0.0029907000716775656,0.08621910004876554,ok,link_refresh_rmse=0.0036905394; p_max=4
Natural images,CIFAR-10,cifar10_test_07870,class6_test7870,32x32x3,"(20,20,3)",0,0.01864432729780674,0.01655195653438568,11.222559709446843,5.868337919671045,4.9247645774383235,16.07905603168834,0.09630706412680093,effective,2489,2494,0.004971799906343222,0.09977090009488165,ok,link_refresh_rmse=0.018438745; p_max=4
Natural images,CIFAR-10,cifar10_test_07883,class9_test7883,32x32x3,"(20,20,3)",0,0.008848863653838634,0.008636124432086945,2.4041417076124083,0.8264992609443808,0.8320664953644059,-0.6735921836958308,0.00590571668715724,boundary,2489,2494,0.0027262999210506678,0.08366400003433228,ok,link_refresh_rmse=0.0088428492; p_max=4
Natural images,CIFAR-10,cifar10_test_07898,class1_test7898,32x32x3,"(20,20,3)",0,0.012774602510035038,0.012105538509786129,5.237454548768374,1.6090058430547782,1.5822460315111786,1.663127058183629,0.02880558752840413,moderate,2489,2494,0.002944100182503462,0.08474520011804998,ok,link_refresh_rmse=0.012732307; p_max=4
Natural images,CIFAR-10,cifar10_test_07899,class7_test7899,32x32x3,"(20,20,3)",0,0.011424350552260876,0.010136254131793976,11.275007840266124,1.2275923441783596,1.1194707645601665,8.80761273324493,0.0827676948068961,effective,2489,2494,0.0033481998834758997,0.07911229995079339,ok,link_refresh_rmse=0.011316005; p_max=4
Natural images,CIFAR-10,cifar10_test_07914,class7_test7914,32x32x3,"(20,20,3)",0,0.009355936199426651,0.008806099183857441,5.876878634581808,0.467935430076471,0.439958349922099,5.978833479183213,0.016317799904818568,moderate,2489,2494,0.003559499979019165,0.08902699989266694,ok,link_refresh_rmse=0.0093383761; p_max=4
Natural images,CIFAR-10,cifar10_test_07937,class1_test7937,32x32x3,"(20,20,3)",0,0.0072107561863958836,0.006970619782805443,3.330252713903879,0.7936781167944104,0.7785642215368491,1.904285243318136,0.00661973634548234,boundary,2489,2494,0.005060299998149276,0.08372580003924668,ok,link_refresh_rmse=0.0072052628; p_max=4
Natural images,CIFAR-10,cifar10_test_07943,class1_test7943,32x32x3,"(20,20,3)",0,0.01207602396607399,0.010381040163338184,14.035942686911195,3.6496720646627647,2.28428139207944,37.41132486404607,0.04868500865285322,effective,2489,2494,0.002837100066244602,0.07721130014397204,ok,link_refresh_rmse=0.012008526; p_max=4
Natural images,CIFAR-10,cifar10_test_07944,class2_test7944,32x32x3,"(20,20,3)",0,0.004780998453497887,0.004587543196976185,4.0463358941303476,0.21624152447907038,0.21157432549421054,2.158326896789693,0.001132856070681495,boundary,2489,2494,0.004100800026208162,0.08581600012257695,ok,link_refresh_rmse=0.0047803749; p_max=4
Natural images,CIFAR-10,cifar10_test_07951,class2_test7951,32x32x3,"(20,20,3)",0,0.002735540736466646,0.0027652799617499113,-1.0871424755925114,0.29838232510244744,0.3005231685164361,-0.7174833205196175,-0.00029201223918866044,boundary,2489,2494,0.00890129990875721,0.0980039001442492,ok,link_refresh_rmse=0.0027356327; p_max=4
Natural images,CIFAR-10,cifar10_test_07955,class9_test7955,32x32x3,"(20,20,3)",0,0.0067423367872834206,0.0066644721664488316,1.1548610413743767,1.0787273798726726,1.0786302084081956,0.009007972383953445,0.00394699466552481,boundary,2489,2494,0.0033007999882102013,0.08129559992812574,ok,link_refresh_rmse=0.0067392737; p_max=4
Natural images,CIFAR-10,cifar10_test_07959,class5_test7959,32x32x3,"(20,20,3)",0,0.006645076908171177,0.006242379546165466,6.060085798413112,0.4841105051647112,0.4529118746871975,6.444526641060772,0.018610029868939285,moderate,2489,2494,0.004723499994724989,0.08776460005901754,ok,link_refresh_rmse=0.0066308547; p_max=4
Natural images,CIFAR-10,cifar10_test_07967,class9_test7967,32x32x3,"(20,20,3)",0,0.009066120721399784,0.008973554708063602,1.0210101561706284,1.1867545517022378,1.1943542936342046,-0.6403802640626987,0.009101389157456069,boundary,2489,2494,0.002782600000500679,0.0802535000257194,ok,link_refresh_rmse=0.0090566259; p_max=4
Natural images,CIFAR-10,cifar10_test_07976,class7_test7976,32x32x3,"(20,20,3)",0,0.009085777215659618,0.008859515190124512,2.490288064131014,0.572860971890372,0.5777637790117028,-0.855845896632157,0.007049843996775176,boundary,2489,2494,0.002687700092792511,0.08784579997882247,ok,link_refresh_rmse=0.0090784058; p_max=4
Natural images,CIFAR-10,cifar10_test_07989,class7_test7989,32x32x3,"(20,20,3)",0,0.0071053034625947475,0.006961571518331766,2.0228825555396153,0.41871667346693475,0.41875804467240973,-0.009880477204892017,0.012816971272064112,moderate,2489,2494,0.0027966999914497137,0.07694169995374978,ok,link_refresh_rmse=0.0070948265; p_max=4
Natural images,CIFAR-10,cifar10_test_08001,class1_test8001,32x32x3,"(20,20,3)",0,0.006078760605305433,0.005914101842790842,2.708755504713905,0.7265988925236799,0.7277203287843237,-0.15434048581449114,0.005953859528946656,boundary,2489,2494,0.0033622998744249344,0.09639659989625216,ok,link_refresh_rmse=0.0060745953; p_max=4
Natural images,CIFAR-10,cifar10_test_08002,class6_test8002,32x32x3,"(20,20,3)",0,0.016518978402018547,0.014762172475457191,10.635076115522262,3.9420990185443903,3.5876404507184194,8.991620102857125,0.039416231061243395,effective,2489,2494,0.002723699901252985,0.10402650013566017,ok,link_refresh_rmse=0.016444186; p_max=4
Natural images,CIFAR-10,cifar10_test_08007,class0_test8007,32x32x3,"(20,20,3)",0,0.013958895578980446,0.013380063697695732,4.146688239120644,1.55717556149728,1.4601556583846125,6.230505121681938,0.03959145708938494,effective,2489,2494,0.003452500095590949,0.114714200142771,ok,link_refresh_rmse=0.013895414; p_max=4
Natural images,CIFAR-10,cifar10_test_08008,class0_test8008,32x32x3,"(20,20,3)",0,0.006297747604548931,0.006040382198989391,4.0866262308391335,0.28187737014926295,0.2687933764015563,4.641732587748441,0.015560699631348115,moderate,2489,2494,0.004753999877721071,0.08643559995107353,ok,link_refresh_rmse=0.0062864753; p_max=4
Natural images,CIFAR-10,cifar10_test_08015,class8_test8015,32x32x3,"(20,20,3)",0,0.0036605135537683964,0.003685983596369624,-0.6958051712445392,0.18206232371500114,0.1857374752877807,-2.0186227978352145,-0.0006292459359596232,boundary,2489,2494,0.006277699954807758,0.09769490011967719,ok,link_refresh_rmse=0.0036607787; p_max=4
Natural images,CIFAR-10,cifar10_test_08029,class7_test8029,32x32x3,"(20,20,3)",0,0.010962985455989838,0.010313431732356548,5.924971133464317,0.7275830930712821,0.7013608361066919,3.6040223053975247,0.027134332469747235,moderate,2489,2494,0.004346299916505814,0.08324970002286136,ok,link_refresh_rmse=0.010928791; p_max=4
Natural images,CIFAR-10,cifar10_test_08040,class2_test8040,32x32x3,"(20,20,3)",0,0.012677636928856373,0.011780711822211742,7.074860336180494,1.700749473424876,1.5878717084854053,6.636942518768724,0.025228057946408484,moderate,2489,2494,0.002839599968865514,0.11130529991351068,ok,link_refresh_rmse=0.012640868; p_max=4
Natural images,CIFAR-10,cifar10_test_08046,class8_test8046,32x32x3,"(20,20,3)",0,0.004695801064372063,0.004523543640971184,3.668328812049318,0.28737205753710326,0.2819644150428875,1.8817565425676699,0.008005539202228799,boundary,2489,2494,0.005591300083324313,0.08775679999962449,ok,link_refresh_rmse=0.0046914751; p_max=4
Natural images,CIFAR-10,cifar10_test_08049,class1_test8049,32x32x3,"(20,20,3)",0,0.009905202314257622,0.00965308491140604,2.5453029110640366,0.8325796289285821,0.809524244435988,2.7691506843931806,0.010787668229826622,moderate,2489,2494,0.002799700014293194,0.09209559997543693,ok,link_refresh_rmse=0.0098929079; p_max=4
Natural images,CIFAR-10,cifar10_test_08052,class7_test8052,32x32x3,"(20,20,3)",0,0.013035624288022518,0.012155124917626381,6.754562351150023,2.0022550951553235,1.6846750870340566,15.861116242864695,0.049619193688861904,effective,2489,2494,0.004377400036901236,0.08553469995968044,ok,link_refresh_rmse=0.012961369; p_max=4
Natural images,CIFAR-10,cifar10_test_08088,class7_test8088,32x32x3,"(20,20,3)",0,0.011756432242691517,0.010908848606050014,7.2095310817481195,0.8292259626122453,0.8057396770984397,2.8323142994484405,0.04207461664681472,effective,2489,2494,0.0032451997976750135,0.10015619988553226,ok,link_refresh_rmse=0.011699622; p_max=4
Natural images,CIFAR-10,cifar10_test_08094,class1_test8094,32x32x3,"(20,20,3)",0,0.012672733515501022,0.010334550403058529,18.45050327604914,7.581734980615911,5.781269436110176,23.747408068324116,0.07834771901046805,effective,2489,2494,0.002626199973747134,0.07996009988710284,ok,link_refresh_rmse=0.012558938; p_max=4
Natural images,CIFAR-10,cifar10_test_08098,class1_test8098,32x32x3,"(20,20,3)",0,0.012023458257317543,0.01110560167580843,7.633881715774251,2.3072812664498703,2.2631691373807943,1.9118661305194815,0.05394056588919163,effective,2489,2494,0.0030119000002741814,0.08722280012443662,ok,link_refresh_rmse=0.011949022; p_max=4
Natural images,CIFAR-10,cifar10_test_08105,class0_test8105,32x32x3,"(20,20,3)",0,0.007365995552390814,0.007138993125408888,3.0817616623220303,0.5743472331810338,0.5609497819478737,2.33263964012815,0.01156409432519243,moderate,2489,2494,0.004703200189396739,0.09895829996094108,ok,link_refresh_rmse=0.0073561952; p_max=4
Natural images,CIFAR-10,cifar10_test_08112,class3_test8112,32x32x3,"(20,20,3)",0,0.013945487327873707,0.013517862185835838,3.066405153035762,1.4872189644813412,1.5027287892856243,-1.042874329516908,0.013328057833114103,moderate,2489,2494,0.008025600109249353,0.08636340009979904,ok,link_refresh_rmse=0.013924105; p_max=4
Natural images,CIFAR-10,cifar10_test_08115,class5_test8115,32x32x3,"(20,20,3)",0,0.007005676627159119,0.006840837653726339,2.352934373158805,0.7366282372881987,0.7207913079435614,2.149921567348398,0.013995108017244403,moderate,2489,2494,0.0030434001237154007,0.08402790012769401,ok,link_refresh_rmse=0.0069943978; p_max=4
Natural images,CIFAR-10,cifar10_test_08120,class8_test8120,32x32x3,"(20,20,3)",0,0.006342331878840923,0.006086235865950584,4.0378841376106145,0.7570087801438055,0.721474350511691,4.69405779221797,0.009469681299139013,boundary,2489,2494,0.0032657000701874495,0.08304290007799864,ok,link_refresh_rmse=0.006335421; p_max=4
Natural images,CIFAR-10,cifar10_test_08130,class6_test8130,32x32x3,"(20,20,3)",0,0.010310247540473938,0.010007691569626331,2.9345170390904007,1.0214907945565472,1.030885079349359,-0.9196641656364565,0.014046966137284157,moderate,2489,2494,0.002628199988976121,0.10620720009319484,ok,link_refresh_rmse=0.010293587; p_max=4
Natural images,CIFAR-10,cifar10_test_08131,class3_test8131,32x32x3,"(20,20,3)",0,0.0079945158213377,0.007830414921045303,2.052668403687492,0.36730949137026564,0.36302600328688084,1.1661795254473397,0.012475122511090562,moderate,2489,2494,0.0028794000390917063,0.0970662001054734,ok,link_refresh_rmse=0.0079830419; p_max=4
Natural images,CIFAR-10,cifar10_test_08154,class8_test8154,32x32x3,"(20,20,3)",0,0.005482448730617762,0.005476966034621,0.10000451014055416,0.7874463199089973,0.7821734111271708,0.669621363197924,0.0011059592972591664,boundary,2489,2494,0.00658900011330843,0.07920859986916184,ok,link_refresh_rmse=0.0054817507; p_max=4
Natural images,CIFAR-10,cifar10_test_08162,class9_test8162,32x32x3,"(20,20,3)",0,0.008230877108871937,0.008025482296943665,2.495418279382161,0.8456414912355478,0.7924255297000136,6.292969548807445,0.008420841290587844,boundary,2489,2494,0.004765999969094992,0.11653629993088543,ok,link_refresh_rmse=0.0082229013; p_max=4
Natural images,CIFAR-10,cifar10_test_08166,class2_test8166,32x32x3,"(20,20,3)",0,0.010989229194819927,0.010332091711461544,5.979832358652987,1.9769648216926798,1.8666180119844717,5.581627376339909,0.03195320558967088,effective,2489,2494,0.0026846998371183872,0.09421780006960034,ok,link_refresh_rmse=0.010948877; p_max=4
Natural images,CIFAR-10,cifar10_test_08167,class6_test8167,32x32x3,"(20,20,3)",0,0.014558938331902027,0.014447007328271866,0.7688129524176524,0.7646978730326146,0.7623003816021909,0.3135213938696828,0.0032760493753981644,boundary,2489,2494,0.0038831999991089106,0.10337529983371496,ok,link_refresh_rmse=0.014553448; p_max=4
Natural images,CIFAR-10,cifar10_test_08187,class5_test8187,32x32x3,"(20,20,3)",0,0.007839355617761612,0.007557369768619537,3.5970539275342968,0.6739684634164602,0.6577493295202206,2.4065122890204833,0.008107227004611245,boundary,2489,2494,0.004275199957191944,0.08718209993094206,ok,link_refresh_rmse=0.0078320419; p_max=4
Natural images,CIFAR-10,cifar10_test_08198,class4_test8198,32x32x3,"(20,20,3)",0,0.011095537804067135,0.010587573982775211,4.578091033187471,1.4267777635392682,1.3884439419286598,2.686740891974474,0.030427527267155953,effective,2489,2494,0.0028754998929798603,0.09027549996972084,ok,link_refresh_rmse=0.011056737; p_max=4
Natural images,CIFAR-10,cifar10_test_08209,class2_test8209,32x32x3,"(20,20,3)",0,0.016136357560753822,0.01603916473686695,0.6023219522803566,1.295273951737065,1.2875736960149466,0.5944885799480301,0.0028078063288165945,boundary,2489,2494,0.00403470010496676,0.08938839985057712,ok,link_refresh_rmse=0.016131142; p_max=4
Natural images,CIFAR-10,cifar10_test_08215,class1_test8215,32x32x3,"(20,20,3)",0,0.009095154702663422,0.008958142250776291,1.5064334402911044,1.8477916845509772,1.8521792690859458,-0.2374501720974448,0.002695344967703096,boundary,2489,2494,0.004343800013884902,0.10791460005566478,ok,link_refresh_rmse=0.0090923328; p_max=4
Natural images,CIFAR-10,cifar10_test_08217,class9_test8217,32x32x3,"(20,20,3)",0,0.008808048442006111,0.008248134516179562,6.356844305672599,0.7561777811450733,0.7305103670234276,3.394362379013266,0.02252830196453805,moderate,2489,2494,0.0032073999755084515,0.0933682001195848,ok,link_refresh_rmse=0.0087852329; p_max=4
Natural images,CIFAR-10,cifar10_test_08227,class7_test8227,32x32x3,"(20,20,3)",0,0.00689081521704793,0.006658982951194048,3.3643663130064354,2.3596141688049928,2.2936841101583054,2.794103354620771,0.007833673993848662,boundary,2489,2494,0.004636599915102124,0.07773429993540049,ok,link_refresh_rmse=0.0068846033; p_max=4
Natural images,CIFAR-10,cifar10_test_08239,class8_test8239,32x32x3,"(20,20,3)",0,0.005701912101358175,0.005625240039080381,1.3446728205356038,0.6127527008334533,0.6074204850876512,0.8702068123974562,0.0033459647871200075,boundary,2489,2494,0.005717199994251132,0.08520670002326369,ok,link_refresh_rmse=0.005699716; p_max=4
Natural images,CIFAR-10,cifar10_test_08243,class4_test8243,32x32x3,"(20,20,3)",0,0.011296259239315987,0.011081153526902199,1.9042207500437371,1.1198366571747629,1.1210371993410764,-0.10720690009758554,0.005032130697205685,boundary,2489,2494,0.0033531999215483665,0.08647620002739131,ok,link_refresh_rmse=0.011289717; p_max=4
Natural images,CIFAR-10,cifar10_test_08250,class6_test8250,32x32x3,"(20,20,3)",0,0.00981949083507061,0.009547220543026924,2.772753665304766,0.6088182917737367,0.6048564053240905,0.6507502325699904,0.019658492642172183,moderate,2489,2494,0.0028472000267356634,0.08956400002352893,ok,link_refresh_rmse=0.0097972918; p_max=4
Natural images,CIFAR-10,cifar10_test_08261,class1_test8261,32x32x3,"(20,20,3)",0,0.007509255316108465,0.007226728834211826,3.7623768270413938,0.5959461413032285,0.5749253492759,3.5272972791399897,0.01689859235961529,moderate,2489,2494,0.004457500064745545,0.10223080008290708,ok,link_refresh_rmse=0.0074946601; p_max=4
Natural images,CIFAR-10,cifar10_test_08277,class4_test8277,32x32x3,"(20,20,3)",0,0.008256001397967339,0.008095871657133102,1.93955564098694,0.5432988613292103,0.531558623348901,2.160917096639258,0.00726053334909712,boundary,2489,2494,0.004708399996161461,0.08607270009815693,ok,link_refresh_rmse=0.0082491031; p_max=4
Natural images,CIFAR-10,cifar10_test_08282,class1_test8282,32x32x3,"(20,20,3)",0,0.006259854417294264,0.006264098919928074,-0.0678051333283989,0.7199655735527193,0.7169168167761857,0.4234586886549731,0.0006261229723651668,boundary,2489,2494,0.0026752001140266657,0.0770399000030011,ok,link_refresh_rmse=0.0062594032; p_max=4
Natural images,CIFAR-10,cifar10_test_08311,class8_test8311,32x32x3,"(20,20,3)",0,0.008886047638952732,0.008194617927074432,7.7810714051020815,0.8325194956789974,0.8037821386535637,3.4518539415098832,0.03218287665708339,effective,2489,2494,0.0029601999558508396,0.10187030001543462,ok,link_refresh_rmse=0.0088531841; p_max=4
Natural images,CIFAR-10,cifar10_test_08313,class6_test8313,32x32x3,"(20,20,3)",0,0.009884867817163467,0.009497378021478653,3.920030119290026,1.7812669783096868,1.7643264266193897,0.9510394509402922,0.015717692816972856,moderate,2489,2494,0.002669199835509062,0.09356599999591708,ok,link_refresh_rmse=0.0098669967; p_max=4
Natural images,CIFAR-10,cifar10_test_08357,class0_test8357,32x32x3,"(20,20,3)",0,0.003772733034566045,0.0037378710694611073,0.9240506758768718,0.2731846503454818,0.2711497512915422,0.7448804504082434,0.004177303247690433,boundary,2489,2494,0.0036976998671889305,0.09719230001792312,ok,link_refresh_rmse=0.0037709191; p_max=4
Natural images,CIFAR-10,cifar10_test_08362,class3_test8362,32x32x3,"(20,20,3)",0,0.0036441287957131863,0.0036054428201168776,1.0615973738858355,0.4159596391503221,0.40483719992330297,2.6739227031110135,0.0038250630721308873,boundary,2489,2494,0.002720499876886606,0.10663209995254874,ok,link_refresh_rmse=0.0036425244; p_max=4
Natural images,CIFAR-10,cifar10_test_08388,class1_test8388,32x32x3,"(20,20,3)",0,0.005580976605415344,0.0054270122200250626,2.758735545332454,0.5788410273251654,0.5601122807607581,3.235559623503733,0.010674533029083645,moderate,2489,2494,0.002729099942371249,0.10995310009457171,ok,link_refresh_rmse=0.0055741221; p_max=4
Natural images,CIFAR-10,cifar10_test_08390,class1_test8390,32x32x3,"(20,20,3)",0,0.006552247330546379,0.006410880945622921,2.1575251633803916,0.574014659849265,0.5627561182775098,1.961368299323867,0.004849604144927184,boundary,2489,2494,0.009112699888646603,0.09957049996592104,ok,link_refresh_rmse=0.00654859; p_max=4
Natural images,CIFAR-10,cifar10_test_08398,class4_test8398,32x32x3,"(20,20,3)",0,0.012567903846502304,0.012414184398949146,1.2231112636650106,0.8608446654463486,0.8459647897477287,1.7285204051191627,0.015801233458482535,moderate,2489,2494,0.0031495001167058945,0.08170069986954331,ok,link_refresh_rmse=0.012545061; p_max=4
Natural images,CIFAR-10,cifar10_test_08404,class2_test8404,32x32x3,"(20,20,3)",0,0.010662096552550793,0.010185626335442066,4.4688229445337,1.1068875252207615,1.0761702519343863,2.775103394561144,0.027809969250143028,moderate,2489,2494,0.007055799942463636,0.08857310004532337,ok,link_refresh_rmse=0.010628014; p_max=4
Natural images,CIFAR-10,cifar10_test_08413,class9_test8413,32x32x3,"(20,20,3)",0,0.009910599328577518,0.00966552458703518,2.4728549043008807,0.9927471030490452,0.9622569594461527,3.0712901109706046,0.005320207762398872,boundary,2489,2494,0.003150800010189414,0.08587799989618361,ok,link_refresh_rmse=0.0099045308; p_max=4
Natural images,CIFAR-10,cifar10_test_08428,class5_test8428,32x32x3,"(20,20,3)",0,0.009156279265880585,0.009108270518481731,0.5243259407535793,0.7371719253687086,0.7302607843673966,0.9375209179127705,0.0020525603237699286,boundary,2489,2494,0.003783599939197302,0.08594100014306605,ok,link_refresh_rmse=0.0091541158; p_max=4
Natural images,CIFAR-10,cifar10_test_08448,class4_test8448,32x32x3,"(20,20,3)",0,0.00249581434763968,0.002433894667774439,2.4809409371253595,6.756111270856882,6.448083971806163,4.559239578830252,0.014721720474192254,moderate,2489,2494,0.0026953001506626606,0.0989260000642389,ok,link_refresh_rmse=0.0024915878; p_max=4
Natural images,CIFAR-10,cifar10_test_08451,class5_test8451,32x32x3,"(20,20,3)",0,0.00814815703779459,0.008115802891552448,0.3970731797640809,0.689846610355517,0.6793878938612515,1.5160930469565506,0.0011229120026936398,boundary,2489,2494,0.003034000052139163,0.10449589998461306,ok,link_refresh_rmse=0.0081471037; p_max=4
Natural images,CIFAR-10,cifar10_test_08467,class3_test8467,32x32x3,"(20,20,3)",0,0.008358435705304146,0.00814240425825119,2.5845918383491915,0.4582541623509804,0.4543432927254778,0.8534280639020607,0.005458218923387475,boundary,2489,2494,0.00306199979968369,0.08355740015394986,ok,link_refresh_rmse=0.0083531849; p_max=4
Natural images,CIFAR-10,cifar10_test_08470,class8_test8470,32x32x3,"(20,20,3)",0,0.004559569526463747,0.004531967919319868,0.6053555491078527,1.1207581986912636,1.107398783153842,1.1919980200030296,0.001319181482994104,boundary,2489,2494,0.003624900011345744,0.09100120002403855,ok,link_refresh_rmse=0.0045588771; p_max=4
Natural images,CIFAR-10,cifar10_test_08482,class1_test8482,32x32x3,"(20,20,3)",0,0.001493261894211173,0.001512449816800654,-1.284967001693768,0.17309843828892346,0.17087615411340587,1.2838268198632241,-0.0056023325355388995,boundary,2489,2494,0.011980999959632754,0.09702960005961359,ok,link_refresh_rmse=0.0014942253; p_max=4
Natural images,CIFAR-10,cifar10_test_08485,class0_test8485,32x32x3,"(20,20,3)",0,0.001918450347147882,0.0019569096621125937,-2.0047073421466592,0.09647177390315495,0.09733955385385339,-0.8995169421986304,-0.011053669855039439,boundary,2489,2494,0.0046004001051187515,0.09496480016969144,ok,link_refresh_rmse=0.0019208933; p_max=4
Natural images,CIFAR-10,cifar10_test_08486,class4_test8486,32x32x3,"(20,20,3)",0,0.008719095028936863,0.008689233101904392,0.3424888355198008,0.663421026918608,0.6620225297507212,0.2108008506125394,0.002200962958653209,boundary,2489,2494,0.0027000000700354576,0.09105499996803701,ok,link_refresh_rmse=0.0087168859; p_max=4
Natural images,CIFAR-10,cifar10_test_08502,class1_test8502,32x32x3,"(20,20,3)",0,0.00964495912194252,0.0091788275167346,4.832903896372761,0.7368332310971161,0.674536622714974,8.454641532573765,0.01690563110278091,moderate,2489,2494,0.0026714999694377184,0.09012770000845194,ok,link_refresh_rmse=0.0096262051; p_max=4
Natural images,CIFAR-10,cifar10_test_08514,class7_test8514,32x32x3,"(20,20,3)",0,0.008026557974517345,0.007175154518336058,10.60732955376784,0.7081432714383533,0.7145569848510392,-0.9057084450804201,0.06825128616733846,effective,2489,2494,0.004468800034373999,0.10966559988446534,ok,link_refresh_rmse=0.0079637347; p_max=4
Natural images,CIFAR-10,cifar10_test_08518,class9_test8518,32x32x3,"(20,20,3)",0,0.005729091353714466,0.005258594639599323,8.212414239303332,0.5810214266095177,0.5190167239664031,10.671672300440932,0.020127079317432947,moderate,2489,2494,0.0039079999551177025,0.10096840001642704,ok,link_refresh_rmse=0.0057158312; p_max=4
Natural images,CIFAR-10,cifar10_test_08522,class1_test8522,32x32x3,"(20,20,3)",0,0.0036474161315709352,0.0035927696153521538,1.4982254354192737,0.2261922104591697,0.21986094339931248,2.799065028368914,0.005252310730200736,boundary,2489,2494,0.0027657998725771904,0.11565349996089935,ok,link_refresh_rmse=0.0036452112; p_max=4
Natural images,CIFAR-10,cifar10_test_08523,class6_test8523,32x32x3,"(20,20,3)",0,0.010232657194137573,0.00987117737531662,3.532609487084645,1.1396061864823226,1.1101724899007217,2.5827954367688455,0.014248586264962768,moderate,2489,2494,0.004418200114741921,0.10758879990316927,ok,link_refresh_rmse=0.010215885; p_max=4
Natural images,CIFAR-10,cifar10_test_08527,class1_test8527,32x32x3,"(20,20,3)",0,0.011211074888706207,0.010410665534436703,7.139452391633022,0.6447369723806767,0.600740857669345,6.8238858008835805,0.05365977572926061,effective,2489,2494,0.004645999986678362,0.10459939995780587,ok,link_refresh_rmse=0.011142028; p_max=4
Natural images,CIFAR-10,cifar10_test_08568,class7_test8568,32x32x3,"(20,20,3)",0,0.014414994046092033,0.013897832483053207,3.587664076621875,1.250272369391888,1.2292785401808277,1.679140459712099,0.021632235031626094,moderate,2489,2494,0.002671099966391921,0.12549680005759,ok,link_refresh_rmse=0.014379138; p_max=4
Natural images,CIFAR-10,cifar10_test_08576,class2_test8576,32x32x3,"(20,20,3)",0,0.008568921126425266,0.00843920186161995,1.5138342726166796,0.6056503594248566,0.6283354173598789,-3.7455699616136098,0.00452027358797115,boundary,2489,2494,0.003522999817505479,0.09733389993198216,ok,link_refresh_rmse=0.0085644629; p_max=4
Natural images,CIFAR-10,cifar10_test_08582,class6_test8582,32x32x3,"(20,20,3)",0,0.012547360733151436,0.012354296632111073,1.5386829560918562,1.3923858351089384,1.374765605156596,1.265470353694304,0.004746981507735193,boundary,2489,2494,0.004887999966740608,0.09723279997706413,ok,link_refresh_rmse=0.012540505; p_max=4
Natural images,CIFAR-10,cifar10_test_08589,class5_test8589,32x32x3,"(20,20,3)",0,0.008235559798777103,0.008036539889872074,2.4165923600552537,0.5691663156165307,0.5510017469587712,3.1914342362448718,0.011905147182212127,moderate,2489,2494,0.0029357997700572014,0.0921904998831451,ok,link_refresh_rmse=0.0082242796; p_max=4
Natural images,CIFAR-10,cifar10_test_08595,class1_test8595,32x32x3,"(20,20,3)",0,0.0017262367764487863,0.0017527859890833497,-1.5379821005308714,3.4688155257510407,3.511073516557094,-1.2182253709471635,0.0012764776852692468,boundary,2489,2494,0.006666000001132488,0.09557170001789927,ok,link_refresh_rmse=0.0017259831; p_max=4
Natural images,CIFAR-10,cifar10_test_08602,class8_test8602,32x32x3,"(20,20,3)",0,0.0076078325510025024,0.007489565294235945,1.5545460020800974,0.4385963105356233,0.43160717842179636,1.5935227784501145,0.005120207680246922,boundary,2489,2494,0.004287899937480688,0.09074329980649054,ok,link_refresh_rmse=0.0076033492; p_max=4
Natural images,CIFAR-10,cifar10_test_08622,class4_test8622,32x32x3,"(20,20,3)",0,0.009629487991333008,0.009505454450845718,1.2880595582955756,0.547975100979465,0.5396452372256808,1.52011719855431,0.0018844630460867792,boundary,2489,2494,0.002670499961823225,0.09951200010254979,ok,link_refresh_rmse=0.009627399; p_max=4
Natural images,CIFAR-10,cifar10_test_08634,class6_test8634,32x32x3,"(20,20,3)",0,0.004414085298776627,0.004364644642919302,1.120065710352883,0.25331679713092103,0.2500503054594116,1.2894887778883568,0.0042591493279917495,boundary,2489,2494,0.0029896001797169447,0.08103200001642108,ok,link_refresh_rmse=0.0044119214; p_max=4
Natural images,CIFAR-10,cifar10_test_08639,class7_test8639,32x32x3,"(20,20,3)",0,0.00786386989057064,0.0070422678254544735,10.447808477875867,0.414205992952453,0.3595371925697939,13.19845712346672,0.020102978515689998,moderate,2489,2494,0.004704199964180589,0.08428589999675751,ok,link_refresh_rmse=0.0078456905; p_max=4
Natural images,CIFAR-10,cifar10_test_08646,class2_test8646,32x32x3,"(20,20,3)",0,0.01176716759800911,0.01129569485783577,4.006679910406889,1.1298004946358475,1.0825104588063228,4.1856979222483925,0.020640508515092942,moderate,2489,2494,0.004535699961706996,0.09768519992940128,ok,link_refresh_rmse=0.011739238; p_max=4
Natural images,CIFAR-10,cifar10_test_08647,class4_test8647,32x32x3,"(20,20,3)",0,0.01603504829108715,0.015538891777396202,3.094200308500037,1.4721510695609232,1.4368289118617654,2.399356861500147,0.01825107753653601,moderate,2489,2494,0.004658199846744537,0.08231259998865426,ok,link_refresh_rmse=0.01600139; p_max=4
Natural images,CIFAR-10,cifar10_test_08652,class9_test8652,32x32x3,"(20,20,3)",0,0.0055133686400949955,0.005417021922767162,1.7475108888451385,0.37577489396636254,0.3731374274523196,0.7018740624750318,0.004028473045290552,boundary,2489,2494,0.005591699853539467,0.10181830008514225,ok,link_refresh_rmse=0.0055108122; p_max=4
Natural images,CIFAR-10,cifar10_test_08654,class2_test8654,32x32x3,"(20,20,3)",0,0.006144736893475056,0.005685808137059212,7.468647793580374,1.7499200168523754,1.6643710777493144,4.888734243805043,0.01832681834516106,moderate,2489,2494,0.004345000023022294,0.09654560009948909,ok,link_refresh_rmse=0.0061317855; p_max=4
Natural images,CIFAR-10,cifar10_test_08656,class7_test8656,32x32x3,"(20,20,3)",0,0.008229872211813927,0.007816659286618233,5.0208911458252,0.9539640313273262,0.9384847263089227,1.6226298382409623,0.019617773781331924,moderate,2489,2494,0.006233799969777465,0.07982230000197887,ok,link_refresh_rmse=0.0082113054; p_max=4
Natural images,CIFAR-10,cifar10_test_08658,class3_test8658,32x32x3,"(20,20,3)",0,0.004233990795910358,0.004219713620841503,0.3372037341849139,0.2333340042194935,0.23054975508855038,1.1932461966940782,-0.0019065465095643402,boundary,2489,2494,0.0043750000186264515,0.10832130000926554,ok,link_refresh_rmse=0.0042349203; p_max=4
Natural images,CIFAR-10,cifar10_test_08719,class2_test8719,32x32x3,"(20,20,3)",0,0.0032467839773744345,0.0031979160849004984,1.5051168422191707,0.3102620116110153,0.3102975548776995,-0.011455887396476737,0.004990663961730302,boundary,2489,2494,0.0030180001631379128,0.09095950005576015,ok,link_refresh_rmse=0.003244919; p_max=4
Natural images,CIFAR-10,cifar10_test_08721,class6_test8721,32x32x3,"(20,20,3)",0,0.00798519141972065,0.007752629462629557,2.912415556084802,0.9863348562933855,0.9887971275129094,-0.24963846748527682,0.011169931428908854,moderate,2489,2494,0.002632799791172147,0.09728319989517331,ok,link_refresh_rmse=0.0079749292; p_max=4
Natural images,CIFAR-10,cifar10_test_08726,class9_test8726,32x32x3,"(20,20,3)",0,0.011474726721644402,0.010073264129459858,12.213472496395148,4.791578640943173,4.1140330613654434,14.14034142710765,0.09137526672323742,effective,2489,2494,0.002772199921309948,0.09383179992437363,ok,link_refresh_rmse=0.011354646; p_max=4
Natural images,CIFAR-10,cifar10_test_08729,class5_test8729,32x32x3,"(20,20,3)",0,0.006277409382164478,0.006177759729325771,1.5874327572427231,0.6653543665552825,0.6551909393662716,1.5275209271759418,0.004755120344423693,boundary,2489,2494,0.00426079984754324,0.10418280004523695,ok,link_refresh_rmse=0.0062739737; p_max=4
Natural images,CIFAR-10,cifar10_test_08741,class1_test8741,32x32x3,"(20,20,3)",0,0.011915472336113453,0.011023440398275852,7.486333001957693,1.040569120920133,0.9834766807366819,5.486655238526263,0.02062420394033829,moderate,2489,2494,0.002652099821716547,0.0858742999844253,ok,link_refresh_rmse=0.011887213; p_max=4
Natural images,CIFAR-10,cifar10_test_08742,class9_test8742,32x32x3,"(20,20,3)",0,0.007653804961591959,0.007073375396430492,7.583542670268668,3.933280263177841,3.5657352814759697,9.344490021286163,0.031353140327400254,effective,2489,2494,0.0047670998610556126,0.08520249999128282,ok,link_refresh_rmse=0.0076262271; p_max=4
Natural images,CIFAR-10,cifar10_test_08743,class0_test8743,32x32x3,"(20,20,3)",0,0.009847933426499367,0.009007379412651062,8.535334038576005,4.378709950537049,3.888619125088509,11.192584824862173,0.034376506892531994,effective,2489,2494,0.0071379998698830605,0.11031769984401762,ok,link_refresh_rmse=0.0098090349; p_max=4
Natural images,CIFAR-10,cifar10_test_08750,class9_test8750,32x32x3,"(20,20,3)",0,0.006240019574761391,0.0061372811906039715,1.646443299199871,1.3041405294891513,1.2779135926154905,2.0110514381401954,0.0036299421368663825,boundary,2489,2494,0.0037243999540805817,0.10660709999501705,ok,link_refresh_rmse=0.0062374123; p_max=4
Natural images,CIFAR-10,cifar10_test_08755,class6_test8755,32x32x3,"(20,20,3)",0,0.007940239273011684,0.007452548015862703,6.142022178180567,1.7831406536218317,1.715628442704094,3.7861405257409224,0.026339729069497678,moderate,2489,2494,0.004746600054204464,0.07711569988168776,ok,link_refresh_rmse=0.0079161972; p_max=4
Natural images,CIFAR-10,cifar10_test_08760,class8_test8760,32x32x3,"(20,20,3)",0,0.004577097482979298,0.004511958919465542,1.4231412757972588,0.47465671285611083,0.4665153533528444,1.715210020791267,0.005413333550297245,boundary,2489,2494,0.0027747000567615032,0.08101939992047846,ok,link_refresh_rmse=0.0045742458; p_max=4
Natural images,CIFAR-10,cifar10_test_08781,class6_test8781,32x32x3,"(20,20,3)",0,0.013662062585353851,0.013288658112287521,2.7331486057356447,1.389543164061471,1.334595697001766,3.9543548182483237,0.014490805731375313,moderate,2489,2494,0.002698000054806471,0.08194960001856089,ok,link_refresh_rmse=0.013639289; p_max=4
Natural images,CIFAR-10,cifar10_test_08783,class6_test8783,32x32x3,"(20,20,3)",0,0.012104948982596397,0.011502085253596306,4.980307887846901,1.9089665777509677,1.8749414149823824,1.7823865103322918,0.029011854827882596,moderate,2489,2494,0.002943099942058325,0.08715680008754134,ok,link_refresh_rmse=0.012064585; p_max=4
Natural images,CIFAR-10,cifar10_test_08788,class5_test8788,32x32x3,"(20,20,3)",0,0.00400959188118577,0.003919962793588638,2.235366846628426,0.9131114266019165,0.8895481486471848,2.5805479230964012,0.005423733304876048,boundary,2489,2494,0.004358799895271659,0.09825769998133183,ok,link_refresh_rmse=0.004007089; p_max=4
Natural images,CIFAR-10,cifar10_test_08802,class6_test8802,32x32x3,"(20,20,3)",0,0.013547961600124836,0.011927987448871136,11.957327597081271,2.4461695932355605,2.155547513896501,11.880700346481392,0.1001472088233151,effective,2489,2494,0.00561230001039803,0.07637550006620586,ok,link_refresh_rmse=0.013392652; p_max=4
Natural images,CIFAR-10,cifar10_test_08810,class2_test8810,32x32x3,"(20,20,3)",0,0.005086032673716545,0.00482242600992322,5.182952621511546,5.4907403550785885,5.1378837363913945,6.426394181265991,0.011121572496328187,moderate,2489,2494,0.0027534998953342438,0.07860230002552271,ok,link_refresh_rmse=0.0050795246; p_max=4
Natural images,CIFAR-10,cifar10_test_08816,class7_test8816,32x32x3,"(20,20,3)",0,0.006517610978335142,0.006449240725487471,1.0490078814912025,0.5537250321570005,0.5431648346969427,1.9071193908141193,0.005794402440429896,boundary,2489,2494,0.0047750999219715595,0.08981389994733036,ok,link_refresh_rmse=0.0065132645; p_max=4
Natural images,CIFAR-10,cifar10_test_08817,class4_test8817,32x32x3,"(20,20,3)",0,0.013803894631564617,0.013598139397799969,1.4905592896526398,1.0884916152489996,1.0762388965228915,1.1256603683901805,0.008873951620620879,boundary,2489,2494,0.0027056001126766205,0.08922769990749657,ok,link_refresh_rmse=0.013789799; p_max=4
Natural images,CIFAR-10,cifar10_test_08819,class0_test8819,32x32x3,"(20,20,3)",0,0.00410698726773262,0.004105859436094761,0.027461288880060157,0.28339226996115,0.28993132486624346,-2.307421760653481,0.003002279372486564,boundary,2489,2494,0.0034111998975276947,0.10097200004383922,ok,link_refresh_rmse=0.0041055679; p_max=4
Natural images,CIFAR-10,cifar10_test_08830,class9_test8830,32x32x3,"(20,20,3)",0,0.005331923253834248,0.005287170875817537,0.839328997928249,0.6885217630958463,0.6761793322242038,1.7925985107785782,0.0020742013659990925,boundary,2489,2494,0.005186400143429637,0.09313339996151626,ok,link_refresh_rmse=0.0053306501; p_max=4
Natural images,CIFAR-10,cifar10_test_08849,class9_test8849,32x32x3,"(20,20,3)",0,0.005913368426263332,0.005797179881483316,1.9648453538592672,0.4994980098697529,0.487219103484883,2.458249310757352,0.004748869814656494,boundary,2489,2494,0.0032176999375224113,0.10024570021778345,ok,link_refresh_rmse=0.0059101363; p_max=4
Natural images,CIFAR-10,cifar10_test_08858,class6_test8858,32x32x3,"(20,20,3)",0,0.005305696278810501,0.005203522741794586,1.9257328660890007,0.7186151357238925,0.6996848975465972,2.6342665546872968,0.010149468196513939,moderate,2489,2494,0.0040598001796752214,0.09170940006151795,ok,link_refresh_rmse=0.0052995002; p_max=4
Natural images,CIFAR-10,cifar10_test_08865,class7_test8865,32x32x3,"(20,20,3)",0,0.007877746596932411,0.007810215465724468,0.8572391911443247,0.7660518596598227,0.7573231556159421,1.1394403569174436,0.0030123109386014373,boundary,2489,2494,0.004395699827000499,0.09497839980758727,ok,link_refresh_rmse=0.007875015; p_max=4
Natural images,CIFAR-10,cifar10_test_08867,class8_test8867,32x32x3,"(20,20,3)",0,0.002674372401088476,0.0027108171489089727,-1.362740200492028,0.1596103991361687,0.16079968784106816,-0.7451198113255985,-0.006902053859407686,boundary,2489,2494,0.006319300038740039,0.07803460001014173,ok,link_refresh_rmse=0.0026764984; p_max=4
Natural images,CIFAR-10,cifar10_test_08869,class5_test8869,32x32x3,"(20,20,3)",0,0.005300299730151892,0.005312971770763397,-0.2390815851303255,0.4038585498467025,0.4001300021411367,0.9232310934066121,0.0005471631568662636,boundary,2489,2494,0.0027054999954998493,0.07989929988980293,ok,link_refresh_rmse=0.0052999659; p_max=4
Natural images,CIFAR-10,cifar10_test_08885,class3_test8885,32x32x3,"(20,20,3)",0,0.006358309183269739,0.006165738217532635,3.0286505450821037,0.5093730142437398,0.50095839113107,1.651956989744131,0.009141479220750835,boundary,2489,2494,0.0027580999303609133,0.0982135001104325,ok,link_refresh_rmse=0.0063516209; p_max=4
Natural images,CIFAR-10,cifar10_test_08886,class4_test8886,32x32x3,"(20,20,3)",0,0.004450952168554068,0.004164332523941994,6.4395130245846905,0.43319468328084476,0.41526069221872464,4.139937943442701,0.01812429305486016,moderate,2489,2494,0.0038059998769313097,0.08462410001084208,ok,link_refresh_rmse=0.0044416743; p_max=4
Natural images,CIFAR-10,cifar10_test_08925,class0_test8925,32x32x3,"(20,20,3)",0,0.007047620601952076,0.0067421975545585155,4.3337044464193095,0.3392162893364376,0.32234052675215275,4.974926946255029,0.01551451611959317,moderate,2489,2494,0.004730400163680315,0.10785789997316897,ok,link_refresh_rmse=0.0070350436; p_max=4
Natural images,CIFAR-10,cifar10_test_08946,class9_test8946,32x32x3,"(20,20,3)",0,0.007869012653827667,0.00758993998169899,3.5464763421485928,0.7822032646559708,0.7808789243558917,0.16930897119965102,0.007973762686787325,boundary,2489,2494,0.005761200096458197,0.1015476998873055,ok,link_refresh_rmse=0.0078617921; p_max=4
Natural images,CIFAR-10,cifar10_test_08957,class7_test8957,32x32x3,"(20,20,3)",0,0.009560524486005306,0.009158100932836533,4.209220464398592,1.2588470722254383,1.2193672049513746,3.1361924847844853,0.012335899518868135,moderate,2489,2494,0.003153500147163868,0.08996749995276332,ok,link_refresh_rmse=0.009546956; p_max=4
Natural images,CIFAR-10,cifar10_test_08964,class0_test8964,32x32x3,"(20,20,3)",0,0.012512613087892532,0.012066199444234371,3.5677091629255315,1.1057451324490146,1.0840289558029585,1.9639405147512503,0.01763169040102946,moderate,2489,2494,0.0028939000330865383,0.0952524000313133,ok,link_refresh_rmse=0.012487239; p_max=4
Natural images,CIFAR-10,cifar10_test_08965,class4_test8965,32x32x3,"(20,20,3)",0,0.007276263553649187,0.0071028247475624084,2.3836245733539396,0.3808511803107899,0.37694972574877267,1.0244039571660228,0.004211763214225062,boundary,2489,2494,0.0027222000062465668,0.08913740003481507,ok,link_refresh_rmse=0.0072727362; p_max=4
Natural images,CIFAR-10,cifar10_test_08973,class5_test8973,32x32x3,"(20,20,3)",0,0.005228729918599129,0.005183663684874773,0.861896376862964,0.6073764531665167,0.6050382391746725,0.38496948303709716,0.002765880567427619,boundary,2489,2494,0.002678800141438842,0.10540320002473891,ok,link_refresh_rmse=0.0052270652; p_max=4
Natural images,CIFAR-10,cifar10_test_08976,class7_test8976,32x32x3,"(20,20,3)",0,0.007671298459172249,0.0072440835647284985,5.569003692366414,0.8155891826773404,0.8143779927078757,0.14850490849923914,0.02634488008329658,moderate,2489,2494,0.0025669001042842865,0.09366439981386065,ok,link_refresh_rmse=0.0076480662; p_max=4
Natural images,CIFAR-10,cifar10_test_08978,class6_test8978,32x32x3,"(20,20,3)",0,0.017954757437109947,0.017556972801685333,2.215483204481779,1.3551640727007768,1.3114267490450437,3.227455961739499,0.023276403341252062,moderate,2489,2494,0.004647099878638983,0.082248899852857,ok,link_refresh_rmse=0.017906707; p_max=4
Natural images,CIFAR-10,cifar10_test_08983,class3_test8983,32x32x3,"(20,20,3)",0,0.008287504315376282,0.008273417130112648,0.1699810308092023,0.5933169537176037,0.5885494626821085,0.803531907460776,0.0006588869628235624,boundary,2489,2494,0.0038235001266002655,0.1030270999763161,ok,link_refresh_rmse=0.0082868757; p_max=4
Natural images,CIFAR-10,cifar10_test_08990,class1_test8990,32x32x3,"(20,20,3)",0,0.003567684441804886,0.0034811815712600946,2.424622243244965,0.19189823109174334,0.18443260628545222,3.890408350206173,0.0025608380916540786,boundary,2489,2494,0.006921699969097972,0.0877161999233067,ok,link_refresh_rmse=0.0035666327; p_max=4
Natural images,CIFAR-10,cifar10_test_09000,class8_test9000,32x32x3,"(20,20,3)",0,0.009237321093678474,0.008807209320366383,4.656239281391194,0.5553515289872757,0.536175207177552,3.453006034698988,0.01979644244135425,moderate,2489,2494,0.004702799953520298,0.08375589991919696,ok,link_refresh_rmse=0.0092162918; p_max=4
Natural images,CIFAR-10,cifar10_test_09002,class6_test9002,32x32x3,"(20,20,3)",0,0.01149717066437006,0.011184078641235828,2.7232093205723165,1.2258980809763191,1.2192382902044256,0.5432581121743465,0.011399402428004711,moderate,2489,2494,0.004543500021100044,0.08548560016788542,ok,link_refresh_rmse=0.011482092; p_max=4
Natural images,CIFAR-10,cifar10_test_09036,class4_test9036,32x32x3,"(20,20,3)",0,0.009071177802979946,0.009029352106153965,0.4610834197543907,0.6127294621510792,0.6076804267378583,0.8240236066820553,0.004159299091813709,boundary,2489,2494,0.006917600054293871,0.10638529993593693,ok,link_refresh_rmse=0.009066835; p_max=4
Natural images,CIFAR-10,cifar10_test_09037,class9_test9037,32x32x3,"(20,20,3)",0,0.010179499164223671,0.009454809129238129,7.119112868858023,0.9230152166361252,0.8481257957417023,8.113562977580473,0.03216822475919117,effective,2489,2494,0.006991199916228652,0.08102380018681288,ok,link_refresh_rmse=0.010141869; p_max=4
Natural images,CIFAR-10,cifar10_test_09051,class8_test9051,32x32x3,"(20,20,3)",0,0.0034303744323551655,0.003451801836490631,-0.6246374720311326,0.296580359043323,0.29735742103656493,-0.2620072333004329,-0.0002322754627039102,boundary,2489,2494,0.004515700042247772,0.0862023001536727,ok,link_refresh_rmse=0.0034304662; p_max=4
Natural images,CIFAR-10,cifar10_test_09063,class7_test9063,32x32x3,"(20,20,3)",0,0.006700997706502676,0.006258126348257065,6.609036111381548,0.767348841085072,0.752039999466013,1.995030265167466,0.03163213881463535,effective,2489,2494,0.006313499994575977,0.09892120002768934,ok,link_refresh_rmse=0.0066766385; p_max=4
Natural images,CIFAR-10,cifar10_test_09069,class9_test9069,32x32x3,"(20,20,3)",0,0.011007661931216717,0.010623034089803696,3.4941829047479365,0.9560591761078001,0.916907817046003,4.095076961782397,0.029530788094758655,moderate,2489,2494,0.004497400019317865,0.10010819998569787,ok,link_refresh_rmse=0.010970301; p_max=4
Natural images,CIFAR-10,cifar10_test_09070,class2_test9070,32x32x3,"(20,20,3)",0,0.011496349237859249,0.010612043552100658,7.6920565604116815,0.9752598028292839,0.9536747459467532,2.2132622322699333,0.05765774998356896,effective,2489,2494,0.0028524999506771564,0.08539819996803999,ok,link_refresh_rmse=0.011420288; p_max=4
Natural images,CIFAR-10,cifar10_test_09089,class3_test9089,32x32x3,"(20,20,3)",0,0.00348573736846447,0.003407613839954138,2.2412339270628103,1.3176479800804292e-06,0.003255908982769448,-247000.0625349653,0.0051865814146374745,boundary,2489,2494,0.00442270003259182,0.10047350008971989,ok,link_refresh_rmse=0.0034836566; p_max=4
Natural images,CIFAR-10,cifar10_test_09090,class2_test9090,32x32x3,"(20,20,3)",0,0.01755499094724655,0.017201663926243782,2.0126870020299714,1.3232960290548046,1.3416138475784445,-1.3842570461519355,0.02706536390117423,moderate,2489,2494,0.008059700019657612,0.09641849994659424,ok,link_refresh_rmse=0.017500374; p_max=4
Natural images,CIFAR-10,cifar10_test_09093,class3_test9093,32x32x3,"(20,20,3)",0,0.007419859524816275,0.00738717382773757,0.4405163867238332,0.8726692212319931,0.8766603877118765,-0.4573515809631582,0.0009343787114553198,boundary,2489,2494,0.0027790998574346304,0.08158910018391907,ok,link_refresh_rmse=0.0074190614; p_max=4
Natural images,CIFAR-10,cifar10_test_09112,class4_test9112,32x32x3,"(20,20,3)",0,0.007108243647962809,0.007013680413365364,1.3303319255881998,1.0488489935567533,0.9659212397625072,7.906548445361014,0.007269336178550344,boundary,2489,2494,0.003943599993363023,0.11468239990063012,ok,link_refresh_rmse=0.0071022972; p_max=4
Natural images,CIFAR-10,cifar10_test_09114,class8_test9114,32x32x3,"(20,20,3)",0,0.003390185534954071,0.0034256787039339542,-1.0469388360588365,0.2501541807696336,0.24792736048391964,0.8901791202780723,-0.0011279615838775852,boundary,2489,2494,0.0033190001267939806,0.08513830020092428,ok,link_refresh_rmse=0.0033906258; p_max=4
Natural images,CIFAR-10,cifar10_test_09117,class9_test9117,32x32x3,"(20,20,3)",0,0.006208006292581558,0.006152153015136719,0.8996975004935645,0.7050628417200885,0.6937627321941091,1.6027095540039171,0.004473883560863162,boundary,2489,2494,0.005631500156596303,0.08874189993366599,ok,link_refresh_rmse=0.0062048095; p_max=4
Natural images,CIFAR-10,cifar10_test_09145,class1_test9145,32x32x3,"(20,20,3)",0,0.009198037907481194,0.008848711848258972,3.7978323500721625,1.1009982177523518,1.0876820298469299,1.2094649828413448,0.01338611376770265,moderate,2489,2494,0.0035429999697953463,0.0828458999749273,ok,link_refresh_rmse=0.0091838734; p_max=4
Natural images,CIFAR-10,cifar10_test_09166,class6_test9166,32x32x3,"(20,20,3)",0,0.012737642042338848,0.01226206123828888,3.733664382066777,1.7792145405319828,1.7165114536115154,3.524200454303802,0.021450102895719452,moderate,2489,2494,0.002655999967828393,0.08948849979788065,ok,link_refresh_rmse=0.012706225; p_max=4
Natural images,CIFAR-10,cifar10_test_09172,class0_test9172,32x32x3,"(20,20,3)",0,0.003379043424502015,0.003443774301558733,-1.9156568568294607,1.5525627844349232,1.534625668626999,1.1553230560304002,0.00043870806165645783,boundary,2489,2494,0.007102200062945485,0.09023009985685349,ok,link_refresh_rmse=0.0033788728; p_max=4
Natural images,CIFAR-10,cifar10_test_09182,class0_test9182,32x32x3,"(20,20,3)",0,0.0024921258445829153,0.0024979314766824245,-0.23295902621165088,0.15292534111596207,0.15311292237301233,-0.12266198373755519,-0.0031374745343681286,boundary,2489,2494,0.003004699945449829,0.08363380003720522,ok,link_refresh_rmse=0.0024930262; p_max=4
Natural images,CIFAR-10,cifar10_test_09186,class7_test9186,32x32x3,"(20,20,3)",0,0.010990324430167675,0.010117285884916782,7.943701305618082,1.4469152550400564,1.2991934434113301,10.20943079521521,0.026184455957971763,moderate,2489,2494,0.004644699860364199,0.07899959990754724,ok,link_refresh_rmse=0.010957243; p_max=4
Natural images,CIFAR-10,cifar10_test_09199,class9_test9199,32x32x3,"(20,20,3)",0,0.014469955116510391,0.011129220947623253,23.087384459647154,1.9101336328430985,1.5207950781842388,20.382791442678116,0.11938865963714386,effective,2489,2494,0.004816899774596095,0.09664489980787039,ok,link_refresh_rmse=0.014272424; p_max=4
Natural images,CIFAR-10,cifar10_test_09258,class9_test9258,32x32x3,"(20,20,3)",0,0.009570772759616375,0.009406273253262043,1.7187693249643679,0.8302605347109696,0.8309820330375842,-0.08690023148767144,0.007838683306387565,boundary,2489,2494,0.005105100106447935,0.08729369984939694,ok,link_refresh_rmse=0.0095621394; p_max=4
Natural images,CIFAR-10,cifar10_test_09268,class7_test9268,32x32x3,"(20,20,3)",0,0.007611156906932592,0.00751606235280633,1.2494099818077087,0.6957105107716568,0.6898869191438075,0.8370711003618406,0.0033762038282430648,boundary,2489,2494,0.002764299977570772,0.08767360006459057,ok,link_refresh_rmse=0.007608199; p_max=4
Natural images,CIFAR-10,cifar10_test_09275,class8_test9275,32x32x3,"(20,20,3)",0,0.004376392811536789,0.004342935048043728,0.7645054942248712,0.2682664680206668,0.2657834101485256,0.9255938285771567,-0.0005461877701357769,boundary,2489,2494,0.003490899922326207,0.08825730020180345,ok,link_refresh_rmse=0.004376668; p_max=4
Natural images,CIFAR-10,cifar10_test_09281,class3_test9281,32x32x3,"(20,20,3)",0,0.005150514654815197,0.005078914109617472,1.3901629253842858,0.37352322247507164,0.3689173662533267,1.2330843022892124,0.003098548391500499,boundary,2489,2494,0.0031574999447911978,0.10885409987531602,ok,link_refresh_rmse=0.0051486776; p_max=4
Natural images,CIFAR-10,cifar10_test_09289,class5_test9289,32x32x3,"(20,20,3)",0,0.00371703808195889,0.003715465310961008,0.04231248007696048,0.18990999995659028,0.18912550270290443,0.4130889652283534,-0.003465599700035442,boundary,2489,2494,0.0029141001868993044,0.09501000004820526,ok,link_refresh_rmse=0.0037185214; p_max=4
Natural images,CIFAR-10,cifar10_test_09321,class4_test9321,32x32x3,"(20,20,3)",0,0.005911769345402718,0.0059288498014211655,-0.288922909885354,0.3607950299360325,0.3596321393686993,0.3223133554637334,-0.00029487425622572655,boundary,2489,2494,0.003068700199946761,0.09063200000673532,ok,link_refresh_rmse=0.00591197; p_max=4
Natural images,CIFAR-10,cifar10_test_09341,class2_test9341,32x32x3,"(20,20,3)",0,0.007421293295919895,0.007376338355243206,0.6057561517128643,1.2960598853486858,1.2954182980625022,0.049502904413322404,0.0015446970193224755,boundary,2489,2494,0.002876000013202429,0.0800914999563247,ok,link_refresh_rmse=0.0074199736; p_max=4
Natural images,CIFAR-10,cifar10_test_09351,class1_test9351,32x32x3,"(20,20,3)",0,0.010383376851677895,0.01002572663128376,3.4444499655845613,1.3300296768534015,1.300209923934767,2.242036658097905,0.011296049235975644,moderate,2489,2494,0.0057310000993311405,0.10075320000760257,ok,link_refresh_rmse=0.010369882; p_max=4
Natural images,CIFAR-10,cifar10_test_09368,class1_test9368,32x32x3,"(20,20,3)",0,0.006793255917727947,0.005830302368849516,14.175140176383904,0.3876352130433149,0.34986137382026267,9.744687260605325,0.04686245395790275,effective,2489,2494,0.004830399993807077,0.09561379998922348,ok,link_refresh_rmse=0.0067567034; p_max=4
Natural images,CIFAR-10,cifar10_test_09388,class3_test9388,32x32x3,"(20,20,3)",0,0.0033650186378508806,0.003406478790566325,-1.2320928106931293,0.3539838950169009,0.35646715290343994,-0.7015171937187884,0.0016162114478311279,boundary,2489,2494,0.002705699997022748,0.08546089986339211,ok,link_refresh_rmse=0.0033643926; p_max=4
Natural images,CIFAR-10,cifar10_test_09398,class8_test9398,32x32x3,"(20,20,3)",0,0.004249681252986193,0.004213373642414808,0.8543607957860738,0.273957853475439,0.2702152974087532,1.3661065084309787,0.0009622840709281817,boundary,2489,2494,0.004203499993309379,0.09488240000791848,ok,link_refresh_rmse=0.0042492105; p_max=4
Natural images,CIFAR-10,cifar10_test_09404,class3_test9404,32x32x3,"(20,20,3)",0,0.008014218881726265,0.007921358570456505,1.15869447341271,0.9881022354258807,0.9785040768527106,0.9713730248806952,0.0028458988415577765,boundary,2489,2494,0.00462689995765686,0.08582590008154511,ok,link_refresh_rmse=0.0080115935; p_max=4
Natural images,CIFAR-10,cifar10_test_09421,class1_test9421,32x32x3,"(20,20,3)",0,0.012810812331736088,0.012313186191022396,3.884423000100687,1.7263222595188021,1.6649005197337337,3.5579532990664955,0.011068127965981625,moderate,2489,2494,0.0026910000015050173,0.08712399983778596,ok,link_refresh_rmse=0.012794498; p_max=4
Natural images,CIFAR-10,cifar10_test_09423,class2_test9423,32x32x3,"(20,20,3)",0,0.0039004196878522635,0.0039179325103759766,-0.448998413638826,0.21608080981222716,0.21603130142256058,0.022911978953430858,-0.0026361380995279064,boundary,2489,2494,0.005918900016695261,0.09676820016466081,ok,link_refresh_rmse=0.0039016036; p_max=4
Natural images,CIFAR-10,cifar10_test_09424,class2_test9424,32x32x3,"(20,20,3)",0,0.004593308083713055,0.004428275395184755,3.592893956176639,0.22580118794901782,0.221506462778284,1.9019940549221084,0.007511780859846342,boundary,2489,2494,0.004605800146237016,0.07905999990180135,ok,link_refresh_rmse=0.0045893374; p_max=4
Natural images,CIFAR-10,cifar10_test_09447,class4_test9447,32x32x3,"(20,20,3)",0,0.008399159647524357,0.00825419370085001,1.725957747654856,1.1895353707730891,1.1778396925077073,0.9832139970567457,0.009478378749422848,boundary,2489,2494,0.0028757997788488865,0.0951233000960201,ok,link_refresh_rmse=0.0083899992; p_max=4
Natural images,CIFAR-10,cifar10_test_09480,class2_test9480,32x32x3,"(20,20,3)",0,0.0038160106632858515,0.0038041111547499895,0.31183111332334856,0.5792201059069867,0.5739647555071027,0.9073149129819624,0.0014156443004207512,boundary,2489,2494,0.004776699934154749,0.09720130008645356,ok,link_refresh_rmse=0.0038153888; p_max=4
Natural images,CIFAR-10,cifar10_test_09484,class0_test9484,32x32x3,"(20,20,3)",0,0.008616303093731403,0.008285537362098694,3.838835844497516,0.7307935450680589,0.713903306368096,2.311218922765661,0.0127325425759712,moderate,2489,2494,0.004292399855330586,0.09622590010985732,ok,link_refresh_rmse=0.0086036818; p_max=4
Natural images,CIFAR-10,cifar10_test_09494,class9_test9494,32x32x3,"(20,20,3)",0,0.0038116818759590387,0.0038335134740918875,-0.5727549896161205,1.2655535819692623,1.261727078274811,0.30235809443146155,0.0005613548769536663,boundary,2489,2494,0.003373699961230159,0.10651529999449849,ok,link_refresh_rmse=0.0038114355; p_max=4
Natural images,CIFAR-10,cifar10_test_09504,class6_test9504,32x32x3,"(20,20,3)",0,0.01803569123148918,0.01741892285645008,3.4197102130594357,1.4928664703970322,1.50863681707086,-1.0563802581508537,0.022570111005558027,moderate,2489,2494,0.005553199909627438,0.08433229988440871,ok,link_refresh_rmse=0.017988887; p_max=4
Natural images,CIFAR-10,cifar10_test_09518,class9_test9518,32x32x3,"(20,20,3)",0,0.011032241396605968,0.010608225129544735,3.8434281105531345,1.2997671532886639,1.2322190660328989,5.19693755030316,0.017669430728658106,moderate,2489,2494,0.006020700093358755,0.10484370007179677,ok,link_refresh_rmse=0.011009822; p_max=4
Natural images,CIFAR-10,cifar10_test_09530,class6_test9530,32x32x3,"(20,20,3)",0,0.00971703976392746,0.0074003348127007484,23.8416740850131,0.5654603033514727,0.4858558521728556,14.07781425270757,0.18372931467012377,effective,2489,2494,0.002758400049060583,0.07483020005747676,ok,link_refresh_rmse=0.0095136575; p_max=4
Natural images,CIFAR-10,cifar10_test_09570,class7_test9570,32x32x3,"(20,20,3)",0,0.010329103097319603,0.010090433061122894,2.310655958682835,1.1164533329354303,1.084176939361715,2.890975611927511,0.009125501233286563,boundary,2489,2494,0.003070599865168333,0.09973499993793666,ok,link_refresh_rmse=0.010318257; p_max=4
Natural images,CIFAR-10,cifar10_test_09571,class6_test9571,32x32x3,"(20,20,3)",0,0.010642649605870247,0.010629996657371521,0.11888908276888877,0.6003728017208839,0.5983686630810509,0.3338156948630057,0.0005624843647317568,boundary,2489,2494,0.0028352001681923866,0.08578760013915598,ok,link_refresh_rmse=0.01064196; p_max=4
Natural images,CIFAR-10,cifar10_test_09577,class0_test9577,32x32x3,"(20,20,3)",0,0.004574098624289036,0.0045701805502176285,0.08565783978950202,0.23730206917529373,0.23745677456005154,-0.06519344112567932,0.0009435543584387241,boundary,2489,2494,0.0029647001065313816,0.09094709996134043,ok,link_refresh_rmse=0.0045736018; p_max=4
Natural images,CIFAR-10,cifar10_test_09600,class8_test9600,32x32x3,"(20,20,3)",0,0.0027227120008319616,0.0027536957059055567,-1.1379721786265884,0.1798419847567761,0.17994493126860406,-0.05724275783943867,-0.0028168593298644037,boundary,2489,2494,0.0026732999831438065,0.10150850005447865,ok,link_refresh_rmse=0.0027235951; p_max=4
Natural images,CIFAR-10,cifar10_test_09607,class7_test9607,32x32x3,"(20,20,3)",0,0.008065760135650635,0.00808932539075613,-0.29216409500373186,0.5885315628721409,0.6258006495572459,-6.3325553014055975,-5.315494525647767e-05,boundary,2489,2494,0.00661199982278049,0.09941800008527935,ok,link_refresh_rmse=0.0080658095; p_max=4
Natural images,CIFAR-10,cifar10_test_09612,class4_test9612,32x32x3,"(20,20,3)",0,0.0076597584411501884,0.007009814027696848,8.48518159478336,0.48904401191969027,0.47671339880335883,2.5213708410269504,0.02634490740036367,moderate,2489,2494,0.002796499989926815,0.08651600009761751,ok,link_refresh_rmse=0.0076365611; p_max=4
Natural images,CIFAR-10,cifar10_test_09640,class5_test9640,32x32x3,"(20,20,3)",0,0.007982681505382061,0.007636241614818573,4.339893685222344,0.998387578508335,0.9511011270512807,4.736282028638999,0.01946521702067263,moderate,2489,2494,0.0034988000988960266,0.08706560009159148,ok,link_refresh_rmse=0.0079648122; p_max=4
Natural images,CIFAR-10,cifar10_test_09652,class5_test9652,32x32x3,"(20,20,3)",0,0.008049635216593742,0.007871707901358604,2.210377370496909,0.6563472887377587,0.637890711267464,2.8120139729363585,0.00453243702250027,boundary,2489,2494,0.0033187998924404383,0.08362319995649159,ok,link_refresh_rmse=0.0080454359; p_max=4
Natural images,CIFAR-10,cifar10_test_09666,class3_test9666,32x32x3,"(20,20,3)",0,0.0061508724465966225,0.005988434888422489,2.6408864691059013,0.3320362604239281,0.3249842415366469,2.1238701093300785,0.014503162756228979,moderate,2489,2494,0.004805200034752488,0.09472779999487102,ok,link_refresh_rmse=0.0061406107; p_max=4
Natural images,CIFAR-10,cifar10_test_09668,class4_test9668,32x32x3,"(20,20,3)",0,0.012322885915637016,0.010824511758983135,12.159279627449383,1.8603408276854765,1.659256476404849,10.809005978264988,0.07352357402404994,effective,2489,2494,0.005897399969398975,0.10322100017219782,ok,link_refresh_rmse=0.012219016; p_max=4
Natural images,CIFAR-10,cifar10_test_09674,class9_test9674,32x32x3,"(20,20,3)",0,0.007960434071719646,0.007818944752216339,1.7774070889672253,0.6928385335225503,0.6762884572075877,2.3887349669797153,0.005232955513491563,boundary,2489,2494,0.003271500114351511,0.0943769000004977,ok,link_refresh_rmse=0.0079556396; p_max=4
Natural images,CIFAR-10,cifar10_test_09698,class7_test9698,32x32x3,"(20,20,3)",0,0.00975289847701788,0.008879091590642929,8.959458446471313,0.7049179074912618,0.6629457244126306,5.954194471808273,0.023833216430438564,moderate,2489,2494,0.0037463000044226646,0.0947124999947846,ok,link_refresh_rmse=0.0097261742; p_max=4
Natural images,CIFAR-10,cifar10_test_09718,class9_test9718,32x32x3,"(20,20,3)",0,0.009641390293836594,0.008986643515527248,6.790999620956141,1.017729962005171,1.0077982973438726,0.9758644269183749,0.01749953613330596,moderate,2489,2494,0.006894399877637625,0.10419869981706142,ok,link_refresh_rmse=0.0096219853; p_max=4
Natural images,CIFAR-10,cifar10_test_09727,class6_test9727,32x32x3,"(20,20,3)",0,0.0036806289572268724,0.0036770300939679146,0.09777848570939313,0.30897325313326535,0.2994764631212344,3.0736608802622922,0.00371621195007475,boundary,2489,2494,0.005860199918970466,0.08772489987313747,ok,link_refresh_rmse=0.0036790546; p_max=4
Natural images,CIFAR-10,cifar10_test_09731,class2_test9731,32x32x3,"(20,20,3)",0,0.009176937863230705,0.008874352090060711,3.2972411678013716,1.0775853833205231,1.0386807106528508,3.6103563828779452,0.015277282136914844,moderate,2489,2494,0.004915100056678057,0.10111929988488555,ok,link_refresh_rmse=0.0091608111; p_max=4
Natural images,CIFAR-10,cifar10_test_09755,class3_test9755,32x32x3,"(20,20,3)",0,0.014196893200278282,0.013982584699988365,1.50954506219513,1.3314402884665353,1.3138932251121094,1.3179008857119272,0.010934470800408842,moderate,2489,2494,0.00511289993301034,0.08180869999341667,ok,link_refresh_rmse=0.014179032; p_max=4
Natural images,CIFAR-10,cifar10_test_09764,class2_test9764,32x32x3,"(20,20,3)",0,0.010201086290180683,0.007616307586431503,25.338269182540145,0.5159790341100734,0.42942951004568886,16.77384512602522,0.32336179156774303,effective,2489,2494,0.0034167999401688576,0.08467679983004928,ok,link_refresh_rmse=0.0098282984; p_max=4
Natural images,CIFAR-10,cifar10_test_09772,class0_test9772,32x32x3,"(20,20,3)",0,0.000592453870922327,0.0007916932227090001,-33.6295130414962,5.040974450314138e-07,0.0014933198026074023,-296136.33631278237,-0.012786089146756444,boundary,2489,2494,0.004577200161293149,0.08452360006049275,ok,link_refresh_rmse=0.00059332664; p_max=4
Natural images,CIFAR-10,cifar10_test_09781,class3_test9781,32x32x3,"(20,20,3)",0,0.006181860808283091,0.005775510333478451,6.57327117848027,0.47560320784376936,0.43912023331709105,7.6708848731446295,0.024433176656014896,moderate,2489,2494,0.0030353001784533262,0.09128169994801283,ok,link_refresh_rmse=0.0061644958; p_max=4
Natural images,CIFAR-10,cifar10_test_09797,class1_test9797,32x32x3,"(20,20,3)",0,0.00905764102935791,0.00899285264313221,0.7152898421973914,0.5981988952625552,0.5954476445382981,0.4599224014028865,0.0028512381538803354,boundary,2489,2494,0.003892200067639351,0.08243490010499954,ok,link_refresh_rmse=0.0090546682; p_max=4
Natural images,CIFAR-10,cifar10_test_09813,class1_test9813,32x32x3,"(20,20,3)",0,0.006262291222810745,0.006166649982333183,1.5272563519432536,0.658269543378835,0.671644829360577,-2.031885891771311,0.004553348647314955,boundary,2489,2494,0.004564400063827634,0.10394199984148145,ok,link_refresh_rmse=0.0062590092; p_max=4
Natural images,CIFAR-10,cifar10_test_09817,class9_test9817,32x32x3,"(20,20,3)",0,0.014636018313467503,0.012862663716077805,12.11637317888517,3.6368696830932405,3.207695814629058,11.800639172178428,0.06686510787111534,effective,2489,2494,0.0027246999088674784,0.08468649978749454,ok,link_refresh_rmse=0.014523781; p_max=4
Natural images,CIFAR-10,cifar10_test_09835,class7_test9835,32x32x3,"(20,20,3)",0,0.014331257902085781,0.013558797538280487,5.390038816431248,0.9166215499936341,0.9112525214716996,0.5857410315055146,0.03254534149856521,effective,2489,2494,0.0032454999163746834,0.10166530008427799,ok,link_refresh_rmse=0.01427766; p_max=4
Natural images,CIFAR-10,cifar10_test_09842,class6_test9842,32x32x3,"(20,20,3)",0,0.007469707168638706,0.007375046610832214,1.2672592870028527,1.2819812316111492,1.283186270020468,-0.09399813192306154,0.005117391904905668,boundary,2489,2494,0.002778999973088503,0.08880949998274446,ok,link_refresh_rmse=0.0074653076; p_max=4
Natural images,CIFAR-10,cifar10_test_09848,class2_test9848,32x32x3,"(20,20,3)",0,0.001116130966693163,0.001123707159422338,-0.6787906576610442,0.03821422764490005,0.03467046776030869,9.273404443814016,-0.07750059565767296,boundary,2489,2494,0.005643099779263139,0.09321650001220405,ok,link_refresh_rmse=0.0011261343; p_max=4
Natural images,CIFAR-10,cifar10_test_09850,class7_test9850,32x32x3,"(20,20,3)",0,0.00837282370775938,0.008350027725100517,0.27226158646738563,0.8733974544218295,0.8677127877652812,0.6508682419175871,0.0018378029605454799,boundary,2489,2494,0.0034649998415261507,0.08049189997836947,ok,link_refresh_rmse=0.0083710523; p_max=4
Natural images,CIFAR-10,cifar10_test_09851,class6_test9851,32x32x3,"(20,20,3)",0,0.006161433178931475,0.006067103706300259,1.530966414660928,0.7574020149869002,0.7448224196420721,1.6608874938160394,0.004179319615309972,boundary,2489,2494,0.003494999837130308,0.09433900006115437,ok,link_refresh_rmse=0.0061584692; p_max=4
Natural images,CIFAR-10,cifar10_test_09853,class5_test9853,32x32x3,"(20,20,3)",0,0.0071908580139279366,0.00710152555257082,1.2423060111058946,0.6478553794607211,0.6406518840351173,1.111898682017593,0.0034306539374337887,boundary,2489,2494,0.00468340003862977,0.09946820000186563,ok,link_refresh_rmse=0.0071880184; p_max=4
Natural images,CIFAR-10,cifar10_test_09856,class5_test9856,32x32x3,"(20,20,3)",0,0.008111882023513317,0.007774942554533482,4.153653467878032,0.5240772451698678,0.5316296900677482,-1.4410938401709226,0.01460764991681074,moderate,2489,2494,0.005393199855461717,0.09509620000608265,ok,link_refresh_rmse=0.0080982512; p_max=4
Natural images,CIFAR-10,cifar10_test_09865,class1_test9865,32x32x3,"(20,20,3)",0,0.007913132198154926,0.007801754400134087,1.4075058425892242,0.842894281255968,0.8537764588988135,-1.2910489351796681,0.002387330698629657,boundary,2489,2494,0.0034397998824715614,0.07909490005113184,ok,link_refresh_rmse=0.0079109576; p_max=4
Natural images,CIFAR-10,cifar10_test_09887,class5_test9887,32x32x3,"(20,20,3)",0,0.006293184123933315,0.00615370087325573,2.2164177613542777,0.8693460915206869,0.8602069184357201,1.0512698192477394,0.006226219538239873,boundary,2489,2494,0.0026994000654667616,0.08739300002343953,ok,link_refresh_rmse=0.0062886747; p_max=4
Natural images,CIFAR-10,cifar10_test_09891,class2_test9891,32x32x3,"(20,20,3)",0,0.005398384295403957,0.005160472821444273,4.407086656691632,0.27343611862453143,0.26179238068286836,4.258302816846101,0.012202439593114093,moderate,2489,2494,0.003733099903911352,0.07941040000878274,ok,link_refresh_rmse=0.0053908057; p_max=4
Natural images,CIFAR-10,cifar10_test_09899,class7_test9899,32x32x3,"(20,20,3)",0,0.006910442374646664,0.004549452103674412,34.16554459139052,0.8901509722654227,0.6983082888633323,21.551701832538956,0.09861773621781245,effective,2489,2494,0.002655299846082926,0.08200290007516742,ok,link_refresh_rmse=0.0068324264; p_max=4
Natural images,CIFAR-10,cifar10_test_09900,class8_test9900,32x32x3,"(20,20,3)",0,0.005807016510516405,0.005524917040020227,4.857907153962805,0.32613217008671624,0.31230803985092903,4.238812206753929,0.01587975883965306,moderate,2489,2494,0.005824999883770943,0.11086359992623329,ok,link_refresh_rmse=0.0057964097; p_max=4
Natural images,CIFAR-10,cifar10_test_09904,class0_test9904,32x32x3,"(20,20,3)",0,0.002810149686411023,0.0028428032528609037,-1.1619867300230555,0.232711707962155,0.234582049953387,-0.8037163267849632,-0.004448494124692729,boundary,2489,2494,0.006854199804365635,0.09527450008317828,ok,link_refresh_rmse=0.0028115893; p_max=4
Natural images,CIFAR-10,cifar10_test_09920,class6_test9920,32x32x3,"(20,20,3)",0,0.015421062707901001,0.014311887323856354,7.192600179729246,1.7917210610581786,1.5998535642815828,10.708558432822137,0.06597912791857957,effective,2489,2494,0.0031037998851388693,0.09563130000606179,ok,link_refresh_rmse=0.015304366; p_max=4
Natural images,CIFAR-10,cifar10_test_09921,class0_test9921,32x32x3,"(20,20,3)",0,0.0014542002463713288,0.0014730736147612333,-1.297852096848373,0.049247644222583695,0.0496137463324741,-0.7433900964597154,-0.04767595982179764,boundary,2489,2494,0.004795599961653352,0.0797377999406308,ok,link_refresh_rmse=0.0014622041; p_max=4
Natural images,CIFAR-10,cifar10_test_09923,class7_test9923,32x32x3,"(20,20,3)",0,0.011867010965943336,0.010951818898320198,7.712068946844423,0.7910384463280125,0.7718984816684528,2.419599799277405,0.06473325751759362,effective,2489,2494,0.005740900058299303,0.09905119985342026,ok,link_refresh_rmse=0.011778899; p_max=4
Natural images,CIFAR-10,cifar10_test_09932,class8_test9932,32x32x3,"(20,20,3)",0,0.0018808181630447507,0.0019278464606031775,-2.5004170250193347,0.07929198393250189,0.08006733905639207,-0.9778480565579115,-0.03888884917136682,boundary,2489,2494,0.00467439997009933,0.08968340000137687,ok,link_refresh_rmse=0.0018892579; p_max=4
Natural images,CIFAR-10,cifar10_test_09934,class4_test9934,32x32x3,"(20,20,3)",0,0.010405098088085651,0.010340310633182526,0.6226510731053134,0.9676281381255213,0.9649243608196975,0.27942317914209863,0.0029975578795081257,boundary,2489,2494,0.003880100091919303,0.09688049997203052,ok,link_refresh_rmse=0.010401508; p_max=4
Natural images,CIFAR-10,cifar10_test_09948,class8_test9948,32x32x3,"(20,20,3)",0,0.005043596960604191,0.0049897427670657635,1.067773534623908,0.3286122354100269,0.3288699370253266,-0.07842118689772802,0.002535315106929596,boundary,2489,2494,0.008958499878644943,0.11070220009423792,ok,link_refresh_rmse=0.005042125; p_max=4
Natural images,CIFAR-10,cifar10_test_09957,class0_test9957,32x32x3,"(20,20,3)",0,0.007834517396986485,0.007340176496654749,6.30978112987383,0.5719922637815287,0.5501743333469892,3.8143750914213093,0.015056988193871837,moderate,2489,2494,0.0027290000580251217,0.09459929983131588,ok,link_refresh_rmse=0.007820948; p_max=4
Natural images,CIFAR-10,cifar10_test_09961,class3_test9961,32x32x3,"(20,20,3)",0,0.0075325933285057545,0.007217995822429657,4.176483348511055,0.6065970784911027,0.580443312886129,4.311554824832087,0.016970464018468374,moderate,2489,2494,0.0028072998393326998,0.07906770007684827,ok,link_refresh_rmse=0.0075178905; p_max=4
Natural images,CIFAR-10,cifar10_test_09962,class4_test9962,32x32x3,"(20,20,3)",0,0.0067902132868766785,0.00674555916339159,0.657624754901154,0.6139548166207976,0.6172337202720324,-0.5340626968743061,0.003550880475954354,boundary,2489,2494,0.007220900151878595,0.08273289981298149,ok,link_refresh_rmse=0.0067874379; p_max=4
Natural images,CIFAR-10,cifar10_test_09970,class2_test9970,32x32x3,"(20,20,3)",0,0.002817473141476512,0.0028497925959527493,-1.1471078109124444,0.213698821992886,0.2145426852152769,-0.3948843585197563,-0.001970815288468443,boundary,2489,2494,0.0026742999907583,0.08493359992280602,ok,link_refresh_rmse=0.0028181125; p_max=4
Natural images,CIFAR-10,cifar10_test_09982,class2_test9982,32x32x3,"(20,20,3)",0,0.010116553865373135,0.00960475578904152,5.059015976610317,1.6532643136084393,1.5707961775640849,4.988200335877223,0.04392185997023591,effective,2489,2494,0.002704499987885356,0.1033177999779582,ok,link_refresh_rmse=0.010065527; p_max=4
Natural images,CIFAR-10,cifar10_test_09983,class0_test9983,32x32x3,"(20,20,3)",0,0.00968823954463005,0.00937171746045351,3.2670753310593015,0.9778007809761922,0.973713286056525,0.41802941858835807,0.023163633528875995,moderate,2489,2494,0.0033204001374542713,0.08504680008627474,ok,link_refresh_rmse=0.0096624373; p_max=4
Natural images,CIFAR-10,cifar10_test_09991,class0_test9991,32x32x3,"(20,20,3)",0,0.004569423850625753,0.004547459073364735,0.48069030098862064,0.5403200372661839,0.5399066596962729,0.07650605963135011,0.0025461004276122186,boundary,2489,2494,0.0038018999621272087,0.08070260006934404,ok,link_refresh_rmse=0.0045680846; p_max=4
Natural images,CIFAR-10,cifar10_test_09993,class5_test9993,32x32x3,"(20,20,3)",0,0.006136144511401653,0.006052807439118624,1.3581341203451094,0.6467967421717463,0.6417861560298882,0.7746770840301543,0.0035562207110771188,boundary,2489,2494,0.002706300001591444,0.09583220002241433,ok,link_refresh_rmse=0.0061336327; p_max=4
Natural images,CIFAR-10,cifar10_test_09994,class3_test9994,32x32x3,"(20,20,3)",0,0.008188385516405106,0.008083785884082317,1.2774146028325977,0.8705107975864094,0.8639688572967007,0.7515059328209307,0.004679989123932991,boundary,2489,2494,0.0025726999156177044,0.09265729994513094,ok,link_refresh_rmse=0.0081839748; p_max=4
Natural images,CIFAR-10,cifar10_test_09996,class3_test9996,32x32x3,"(20,20,3)",0,0.019062912091612816,0.018281256780028343,4.100398238359293,1.9640451085009496,1.6428670392464482,16.352886594322644,0.03205343571648846,effective,2489,2494,0.007199899991974235,0.09797559981234372,ok,link_refresh_rmse=0.018992694; p_max=4
Object-view,COIL-100,coil_obj001,object 1,36x48x48x3,"(8,12,12,2)",0,0.07965464890003204,0.07683263719081879,3.5428085468745585,6.179189015164119,5.441940770654716,11.931148937184952,0.11778940922778539,boundary,3750,3755,0.059637999860569835,2.387393199838698,ok,link_refresh_rmse=0.078581743; p_max=4
Object-view,COIL-100,coil_obj002,object 2,36x48x48x3,"(8,12,12,2)",0,0.03646693378686905,0.03459755331277847,5.126234316864061,3.1226917513172276,3.191637218842102,-2.2078857926271875,0.12128897303533358,boundary,3750,3755,0.05844779987819493,2.414297099923715,ok,link_refresh_rmse=0.035961252; p_max=4
Object-view,COIL-100,coil_obj003,object 3,36x48x48x3,"(8,12,12,2)",0,0.07036592811346054,0.0668657198548317,4.9742941683153585,5.674148384929819,5.545965359439383,2.2590707326386177,0.18130067427281837,moderate,3750,3755,0.05081670009531081,2.2527830000035465,ok,link_refresh_rmse=0.068912402; p_max=4
Object-view,COIL-100,coil_obj004,object 4,36x48x48x3,"(8,12,12,2)",0,0.03518008813261986,0.03433673083782196,2.3972574816147643,3.403924847846042,2.8948425029412244,14.9557457247318,0.0620431534964061,boundary,3750,3755,0.07538800011388958,2.396859599975869,ok,link_refresh_rmse=0.034929693; p_max=4
Object-view,COIL-100,coil_obj005,object 5,36x48x48x3,"(8,12,12,2)",0,0.043281905353069305,0.042256176471710205,2.3698792208702093,4.308847576632544,4.416832026091305,-2.50610975529457,0.0595381898487883,boundary,3750,3755,0.06394649995490909,2.3168508999515325,ok,link_refresh_rmse=0.04298624; p_max=4
Object-view,COIL-100,coil_obj006,object 6,36x48x48x3,"(8,12,12,2)",0,0.0918579027056694,0.08256141096353531,10.12051382440318,17.15258278233445,6.519612046023347,61.99049362561342,0.6695432707481956,effective,3750,3755,0.07715180004015565,2.284334999974817,ok,link_refresh_rmse=0.085043155; p_max=4
Object-view,COIL-100,coil_obj007,object 7,36x48x48x3,"(8,12,12,2)",0,0.03733201324939728,0.03666207939386368,1.7945291379227073,4.430819553755538,2.9303135350154554,33.86520260045936,0.050496779071259955,boundary,3750,3755,0.05174789996817708,2.2491708998568356,ok,link_refresh_rmse=0.037115607; p_max=4
Object-view,COIL-100,coil_obj008,object 8,36x48x48x3,"(8,12,12,2)",0,0.08709990233182907,0.07971355319023132,8.480318512249974,14.7781612166384,6.305879364980363,57.3297430408276,0.5395337978439753,effective,3750,3755,0.05381960002705455,2.35716630006209,ok,link_refresh_rmse=0.081854202; p_max=4
Object-view,COIL-100,coil_obj009,object 9,36x48x48x3,"(8,12,12,2)",0,0.05837520956993103,0.054362405091524124,6.874158581991447,1.3888516474510049,1.0070253108891143,27.492233404674014,0.216901107136717,moderate,3750,3755,0.076894799945876,2.340747900074348,ok,link_refresh_rmse=0.056935534; p_max=4
Object-view,COIL-100,coil_obj010,object 10,36x48x48x3,"(8,12,12,2)",0,0.07074397802352905,0.06496524065732956,8.168521940167851,3.910343240288541,3.0957587993383413,20.831532960009216,0.35469460399923036,effective,3750,3755,0.06440619984641671,2.373591200215742,ok,link_refresh_rmse=0.067913286; p_max=4
Object-view,COIL-100,coil_obj011,object 11,36x48x48x3,"(8,12,12,2)",0,0.03465084731578827,0.0337962806224823,2.4662216352689175,2.2969011273634092,2.020087197197066,12.051625856620799,0.07923211108413158,boundary,3750,3755,0.06193830003030598,2.414233800023794,ok,link_refresh_rmse=0.034336202; p_max=4
Object-view,COIL-100,coil_obj012,object 12,36x48x48x3,"(8,12,12,2)",0,0.046989575028419495,0.0435689352452755,7.279571651957226,2.614257909194199,2.369255688130272,9.371769334703648,0.25542082613800154,moderate,3750,3755,0.08710299991071224,2.339418699964881,ok,link_refresh_rmse=0.045627899; p_max=4
Object-view,COIL-100,coil_obj013,object 13,36x48x48x3,"(8,12,12,2)",0,0.049991197884082794,0.04729528725147247,5.392770621063072,1.8866740168611236,1.7148454493584573,9.107485764209496,0.20645950962024126,moderate,3750,3755,0.05003980011679232,2.417256599990651,ok,link_refresh_rmse=0.048816942; p_max=4
Object-view,COIL-100,coil_obj014,object 14,36x48x48x3,"(8,12,12,2)",0,0.07805825769901276,0.0728081613779068,6.725869210852701,2.890530504235487,1.78997713408869,38.0744423397075,0.3172752652334815,effective,3750,3755,0.05882550007663667,2.426339500118047,ok,link_refresh_rmse=0.075258419; p_max=4
Object-view,COIL-100,coil_obj015,object 15,36x48x48x3,"(8,12,12,2)",0,0.0723213255405426,0.0685233324766159,5.251553446427887,6.238949818680052,5.314598629132872,14.815813821415551,0.26715412435832886,moderate,3750,3755,0.05567059991881251,2.45813490008004,ok,link_refresh_rmse=0.07013078; p_max=4
Object-view,COIL-100,coil_obj016,object 16,36x48x48x3,"(8,12,12,2)",0,0.09526871889829636,0.09243568032979965,2.973734297320719,5.109003158780466,4.041879160597213,20.887127390971877,0.13187176008402426,boundary,3750,3755,0.06865020003169775,2.537716200109571,ok,link_refresh_rmse=0.093833245; p_max=4
Object-view,COIL-100,coil_obj017,object 17,36x48x48x3,"(8,12,12,2)",0,0.04978456348180771,0.046618763357400894,6.358999462883032,4.512733350816912,3.8464411217089514,14.764715247076278,0.3081512575661157,effective,3750,3755,0.06131409993395209,2.5424776999279857,ok,link_refresh_rmse=0.048049308; p_max=4
Object-view,COIL-100,coil_obj018,object 18,36x48x48x3,"(8,12,12,2)",0,0.034542206674814224,0.03240310773253441,6.192710739118755,1.1149305707919517,1.035483732555476,7.125720678736383,0.12617345285173945,boundary,3750,3755,0.08113459986634552,2.490698300069198,ok,link_refresh_rmse=0.034044065; p_max=4
Object-view,COIL-100,coil_obj019,object 19,36x48x48x3,"(8,12,12,2)",0,0.08651437610387802,0.08009694516658783,7.417762487918501,9.145271852337373,6.120151187610002,33.0785209403502,0.2744611595983465,moderate,3750,3755,0.05554359988309443,2.2083648000843823,ok,link_refresh_rmse=0.08382339; p_max=4
Object-view,COIL-100,coil_obj020,object 20,36x48x48x3,"(8,12,12,2)",0,0.047421909868717194,0.04483211040496826,5.461187604882495,3.0781889608998587,2.536685460854863,17.59162634014177,0.17594746939232422,moderate,3750,3755,0.05380950006656349,2.3087255000136793,ok,link_refresh_rmse=0.046470962; p_max=4
Object-view,COIL-100,coil_obj021,object 21,36x48x48x3,"(8,12,12,2)",0,0.08807183057069778,0.0775781199336052,11.9149455269571,4.009704957973217,2.7017560217206484,32.619580491869826,0.6743623879288112,effective,3750,3755,0.0697130998596549,2.3313659001141787,ok,link_refresh_rmse=0.081492737; p_max=4
Object-view,COIL-100,coil_obj022,object 22,36x48x48x3,"(8,12,12,2)",0,0.04745813086628914,0.04505356773734093,5.066704240255365,1.1028687759856457,0.9154389143622228,16.994756375790477,0.16605242166231268,moderate,3750,3755,0.06196959991939366,2.3073102000635117,ok,link_refresh_rmse=0.046559468; p_max=4
Object-view,COIL-100,coil_obj023,object 23,36x48x48x3,"(8,12,12,2)",0,0.08210975676774979,0.07406570762395859,9.796703169568584,8.099037219066249,5.249267592384857,35.18652340518502,0.44947680809878865,effective,3750,3755,0.07457470009103417,2.2819908000528812,ok,link_refresh_rmse=0.077968813; p_max=4
Object-view,COIL-100,coil_obj024,object 24,36x48x48x3,"(8,12,12,2)",0,0.03401297330856323,0.033191416412591934,2.415422164120124,2.1935197184549335,1.988357981234635,9.35308379013843,0.05206393373988227,boundary,3750,3755,0.07235849997960031,2.249417999992147,ok,link_refresh_rmse=0.033809707; p_max=4
Object-view,COIL-100,coil_obj025,object 25,36x48x48x3,"(8,12,12,2)",0,0.028176555410027504,0.026545066386461258,5.790235888754627,1.8458991098924122,1.5708815982671773,14.898837653227117,0.09966119249372785,boundary,3750,3755,0.053452900145202875,2.549864600179717,ok,link_refresh_rmse=0.027855108; p_max=4
Object-view,COIL-100,coil_obj026,object 26,36x48x48x3,"(8,12,12,2)",0,0.04468129947781563,0.04322439059615135,3.2606681065478744,5.988790625758616,4.896795288113059,18.23398755916987,0.07825550648481325,boundary,3750,3755,0.06244500004686415,2.62954970006831,ok,link_refresh_rmse=0.044280551; p_max=4
Object-view,COIL-100,coil_obj027,object 27,36x48x48x3,"(8,12,12,2)",0,0.0804339274764061,0.07577989250421524,5.786159047817275,13.692677070233696,9.46476643965464,30.877166012846725,0.33131216970828553,effective,3750,3755,0.06971559999510646,2.7324673000257462,ok,link_refresh_rmse=0.077423654; p_max=4
Object-view,COIL-100,coil_obj028,object 28,36x48x48x3,"(8,12,12,2)",0,0.05493578687310219,0.054458148777484894,0.8694479915625943,5.161011930316575,4.925981348591224,4.553963154875614,0.038506030679428135,boundary,3750,3755,0.06740799988619983,2.7164624000433832,ok,link_refresh_rmse=0.054692786; p_max=4
Object-view,COIL-100,coil_obj029,object 29,36x48x48x3,"(8,12,12,2)",0,0.06439503282308578,0.06338867545127869,1.5627872643094867,5.946842810228679,5.074681209028061,14.665960225154839,0.08027782446637559,boundary,3750,3755,0.07079330016858876,2.642107899999246,ok,link_refresh_rmse=0.063802615; p_max=4
Object-view,COIL-100,coil_obj030,object 30,36x48x48x3,"(8,12,12,2)",0,0.05263800919055939,0.051616914570331573,1.939842778877258,3.0630549688856044,2.4770271759291758,19.13213438574484,0.048336637602580806,boundary,3750,3755,0.07843330013565719,2.679725700058043,ok,link_refresh_rmse=0.052345894; p_max=4
Object-view,COIL-100,coil_obj031,object 31,36x48x48x3,"(8,12,12,2)",0,0.10310779511928558,0.0998736098408699,3.1367029764083747,6.051211349249043,4.781312967455332,20.98585404641843,0.15409202847128597,moderate,3750,3755,0.05363900004886091,2.48975389986299,ok,link_refresh_rmse=0.10129474; p_max=4
Object-view,COIL-100,coil_obj032,object 32,36x48x48x3,"(8,12,12,2)",0,0.06793402880430222,0.06632962822914124,2.3617038521044913,5.309611768384269,3.9925423967996228,24.805379923011483,0.10696963823023141,boundary,3750,3755,0.07055759988725185,2.5921256002038717,ok,link_refresh_rmse=0.067102529; p_max=4
Object-view,COIL-100,coil_obj033,object 33,36x48x48x3,"(8,12,12,2)",0,0.03366110101342201,0.031170867383480072,7.397956558072731,1.3028827696469456,1.1091156918476923,14.872180545588163,0.21377070582490124,moderate,3750,3755,0.06395059986971319,2.58929149992764,ok,link_refresh_rmse=0.03284277; p_max=4
Object-view,COIL-100,coil_obj034,object 34,36x48x48x3,"(8,12,12,2)",0,0.026997536420822144,0.026522448286414146,1.7597462487043085,3.377028375603685,3.1867674685457,5.633974189629767,0.05530646366417155,boundary,3750,3755,0.09593659988604486,2.485847800038755,ok,link_refresh_rmse=0.026826179; p_max=4
Object-view,COIL-100,coil_obj035,object 35,36x48x48x3,"(8,12,12,2)",0,0.03201109915971756,0.028510184958577156,10.93656354526532,1.4529951953727558,0.8986164466101778,38.1542038492671,0.4795631505061044,effective,3750,3755,0.06649310002103448,2.342893899884075,ok,link_refresh_rmse=0.030291615; p_max=4
Object-view,COIL-100,coil_obj036,object 36,36x48x48x3,"(8,12,12,2)",0,0.03956770524382591,0.03583475202322006,9.434343481893823,2.7667239252084093,2.3073601874703304,16.603164976190254,0.38775765647005384,effective,3750,3755,0.08306769980117679,2.4820181999821216,ok,link_refresh_rmse=0.037840161; p_max=4
Object-view,COIL-100,coil_obj037,object 37,36x48x48x3,"(8,12,12,2)",0,0.11441568285226822,0.10926911979913712,4.498127288875483,2.2971652843213786,1.373042826930648,40.22881869659335,0.19020539162826103,moderate,3750,3755,0.05159970000386238,2.309538899920881,ok,link_refresh_rmse=0.11193742; p_max=4
Object-view,COIL-100,coil_obj038,object 38,36x48x48x3,"(8,12,12,2)",0,0.04818081110715866,0.04510044679045677,6.3933425899594525,4.566832134644523,3.668850450302051,19.66312003303729,0.20936715070582732,moderate,3750,3755,0.06140529992990196,2.5155698999296874,ok,link_refresh_rmse=0.047033332; p_max=4
Object-view,COIL-100,coil_obj039,object 39,36x48x48x3,"(8,12,12,2)",0,0.08340144157409668,0.07701433449983597,7.658269394044212,6.338886387465896,4.591865926019593,27.560368725029505,0.3144973754085463,effective,3750,3755,0.07131660007871687,2.5287212000694126,ok,link_refresh_rmse=0.080435671; p_max=4
Object-view,COIL-100,coil_obj040,object 40,36x48x48x3,"(8,12,12,2)",0,0.0773574635386467,0.06912247091531754,10.645375696961777,3.2326968922219748,2.539623603042452,21.43947645840507,0.47839750450717944,effective,3750,3755,0.07958019990473986,2.4853980001062155,ok,link_refresh_rmse=0.073212013; p_max=4
Object-view,COIL-100,coil_obj041,object 41,36x48x48x3,"(8,12,12,2)",0,0.0511874295771122,0.048426393419504166,5.393973052404636,3.0482384041562103,2.393733403505122,21.471581742382234,0.2504842341107192,moderate,3750,3755,0.06935009988956153,2.5543019000906497,ok,link_refresh_rmse=0.049732365; p_max=4
Object-view,COIL-100,coil_obj042,object 42,36x48x48x3,"(8,12,12,2)",0,0.048311393707990646,0.046042848378419876,4.695673536728367,3.9094508065170457,3.9320507316549467,-0.5780843974357464,0.17275963704189864,moderate,3750,3755,0.05988650000654161,2.4689712000545114,ok,link_refresh_rmse=0.047359988; p_max=4
Object-view,COIL-100,coil_obj043,object 43,36x48x48x3,"(8,12,12,2)",0,0.07140153646469116,0.06879409402608871,3.651801582577787,9.661548356743943,6.413907537162878,33.61408233613146,0.2336283219434561,moderate,3750,3755,0.07482600002549589,2.025754800066352,ok,link_refresh_rmse=0.069506615; p_max=4
Object-view,COIL-100,coil_obj044,object 44,36x48x48x3,"(8,12,12,2)",0,0.09583733230829239,0.08369246125221252,12.672380129500977,3.9704424953011195,2.1296959522121193,46.36124425092316,0.7156737262999014,effective,3750,3755,0.06135739991441369,2.4691901998594403,ok,link_refresh_rmse=0.08825738; p_max=4
Object-view,COIL-100,coil_obj045,object 45,36x48x48x3,"(8,12,12,2)",0,0.07517598569393158,0.07059495896100998,6.093736837149837,2.9508663380811693,2.124936063744475,27.989416656322152,0.27556314342191646,moderate,3750,3755,0.06931859999895096,2.558151700068265,ok,link_refresh_rmse=0.072828434; p_max=4
Object-view,COIL-100,coil_obj046,object 46,36x48x48x3,"(8,12,12,2)",0,0.0982602909207344,0.09284016489982605,5.516089938386929,6.297961955322413,4.573352588302731,27.383610432295693,0.25694498299082497,moderate,3750,3755,0.08188450010493398,2.5389662000816315,ok,link_refresh_rmse=0.095396139; p_max=4
Object-view,COIL-100,coil_obj047,object 47,36x48x48x3,"(8,12,12,2)",0,0.02007727324962616,0.017093217000365257,14.862856186491689,1.66021189200602,1.6265471896837604,2.027735283933114,0.29269322884201926,effective,3750,3755,0.07379769999533892,2.5985709000378847,ok,link_refresh_rmse=0.01941199; p_max=4
Object-view,COIL-100,coil_obj048,object 48,36x48x48x3,"(8,12,12,2)",0,0.08505572378635406,0.08107491582632065,4.680235242054431,3.390402922515229,2.7067438028467996,20.164539002970333,0.160551640581388,moderate,3750,3755,0.09503709990531206,2.63395360019058,ok,link_refresh_rmse=0.083497979; p_max=4
Object-view,COIL-100,coil_obj049,object 49,36x48x48x3,"(8,12,12,2)",0,0.05269448086619377,0.05220571160316467,0.9275530472920347,4.5499154118184055,4.2370785891420635,6.875662388442396,0.042880945308524515,boundary,3750,3755,0.15109380008652806,2.335010299924761,ok,link_refresh_rmse=0.052434977; p_max=4
Object-view,COIL-100,coil_obj050,object 50,36x48x48x3,"(8,12,12,2)",0,0.018787041306495667,0.018076490610837936,3.7821319709988366,1.4280582231773693,1.153894637475796,19.198347886094655,0.03705820010301546,boundary,3750,3755,0.07153400010429323,2.4069483000785112,ok,link_refresh_rmse=0.018707057; p_max=4
Object-view,COIL-100,coil_obj051,object 51,36x48x48x3,"(8,12,12,2)",0,0.06232805550098419,0.05828685685992241,6.483755362780362,3.529724434406482,2.8441858443057413,19.42187280736019,0.31142720235491994,effective,3750,3755,0.06413319986313581,2.3988910000771284,ok,link_refresh_rmse=0.06013291; p_max=4
Object-view,COIL-100,coil_obj052,object 52,36x48x48x3,"(8,12,12,2)",0,0.05882994830608368,0.052962955087423325,9.972800227760256,6.047437609202206,4.035356058271883,33.27163802183919,0.39463215057241924,effective,3750,3755,0.06587229995056987,2.2515265000984073,ok,link_refresh_rmse=0.056216896; p_max=4
Object-view,COIL-100,coil_obj053,object 53,36x48x48x3,"(8,12,12,2)",0,0.06644649803638458,0.06008102744817734,9.579843597960059,4.764639614837366,3.4293769839360344,28.024420288645665,0.4334400734661379,effective,3750,3755,0.06665510009042919,2.3868259999435395,ok,link_refresh_rmse=0.063212082; p_max=4
Object-view,COIL-100,coil_obj054,object 54,36x48x48x3,"(8,12,12,2)",0,0.08929134905338287,0.08784988522529602,1.6143376075828726,7.366145923526052,7.29063516503963,1.0251053844216529,0.06372664912744543,boundary,3750,3755,0.09234099998138845,2.363427700009197,ok,link_refresh_rmse=0.088638633; p_max=4
Object-view,COIL-100,coil_obj055,object 55,36x48x48x3,"(8,12,12,2)",0,0.06569325923919678,0.06214424595236778,5.402400988976092,2.50736227317098,1.9580551052815307,21.90777031971365,0.16791856415442846,moderate,3750,3755,0.06404259987175465,2.102326499996707,ok,link_refresh_rmse=0.064435452; p_max=4
Object-view,COIL-100,coil_obj056,object 56,36x48x48x3,"(8,12,12,2)",0,0.030068619176745415,0.027778049930930138,7.61780656554647,1.6952050936851437,1.3817783546687863,18.489015882733728,0.177494063271092,moderate,3750,3755,0.08116779988631606,2.2866589999757707,ok,link_refresh_rmse=0.02946041; p_max=4
Object-view,COIL-100,coil_obj057,object 57,36x48x48x3,"(8,12,12,2)",0,0.09489893913269043,0.0889112800359726,6.309511098270253,2.5863540994217984,1.8031954892997728,30.28040941095836,0.295479868134852,effective,3750,3755,0.08176349988207221,2.217949300073087,ok,link_refresh_rmse=0.091724925; p_max=4
Object-view,COIL-100,coil_obj058,object 58,36x48x48x3,"(8,12,12,2)",0,0.05401119962334633,0.052503567188978195,2.791332991827235,2.266929893991132,2.3793039678012597,-4.957104059900291,0.09379276571243261,boundary,3750,3755,0.08852200000546873,2.2220602999441326,ok,link_refresh_rmse=0.053431109; p_max=4
Object-view,COIL-100,coil_obj059,object 59,36x48x48x3,"(8,12,12,2)",0,0.09206090122461319,0.08881925791501999,3.5211944120383243,10.17079330419201,6.798096289227925,33.1606091490817,0.16635981568177569,moderate,3750,3755,0.08004610007628798,2.286165300058201,ok,link_refresh_rmse=0.090314448; p_max=4
Object-view,COIL-100,coil_obj060,object 60,36x48x48x3,"(8,12,12,2)",0,0.08618243783712387,0.08207320421934128,4.768063796882412,2.5723205966169,2.094101581565396,18.59095696238076,0.23089767760490476,moderate,3750,3755,0.08676550001837313,2.204625900136307,ok,link_refresh_rmse=0.083921626; p_max=4
Object-view,COIL-100,coil_obj061,object 61,36x48x48x3,"(8,12,12,2)",0,0.03808898851275444,0.03699369728565216,2.875611219593063,1.7725326105252566,1.6681901292724985,5.886632529814958,0.06774191443844253,boundary,3750,3755,0.07465510000474751,2.1936517998110503,ok,link_refresh_rmse=0.037793085; p_max=4
Object-view,COIL-100,coil_obj062,object 62,36x48x48x3,"(8,12,12,2)",0,0.05447353422641754,0.05348121002316475,1.8216629733041148,4.1714203538577,3.796286796677515,8.992945456414244,0.05303560520207452,boundary,3750,3755,0.07562550017610192,2.2602441001217812,ok,link_refresh_rmse=0.054141935; p_max=4
Object-view,COIL-100,coil_obj063,object 63,36x48x48x3,"(8,12,12,2)",0,0.036265384405851364,0.035173241049051285,3.0115311741294093,4.8490962012686865,4.130744879817834,14.814128069121582,0.11091024162301219,boundary,3750,3755,0.06851770007051528,2.249250299995765,ok,link_refresh_rmse=0.035805255; p_max=4
Object-view,COIL-100,coil_obj064,object 64,36x48x48x3,"(8,12,12,2)",0,0.03783485293388367,0.03587114065885544,5.1902204521841595,1.0505725260165342,0.910788827693622,13.30547819034744,0.12586851874259017,boundary,3750,3755,0.06448769988492131,2.2649067000020295,ok,link_refresh_rmse=0.037290536; p_max=4
Object-view,COIL-100,coil_obj065,object 65,36x48x48x3,"(8,12,12,2)",0,0.06688235700130463,0.06065576896071434,9.309761676713679,2.014236277395221,1.4171667086559818,29.6424791589674,0.41806024882840914,effective,3750,3755,0.07781059993430972,2.2337895000819117,ok,link_refresh_rmse=0.063739486; p_max=4
Object-view,COIL-100,coil_obj066,object 66,36x48x48x3,"(8,12,12,2)",0,0.06842897087335587,0.06491060554981232,5.1416312106390185,1.9305177999903786,1.422951572171001,26.29171447276514,0.2276888773653118,moderate,3750,3755,0.07154770009219646,2.0448231000918895,ok,link_refresh_rmse=0.066658504; p_max=4
Object-view,COIL-100,coil_obj067,object 67,36x48x48x3,"(8,12,12,2)",0,0.08593270927667618,0.07880434393882751,8.295287554471928,2.1780450479247397,1.4669513365039053,32.648255466450095,0.42887948131423526,effective,3750,3755,0.0676302001811564,2.0965245999395847,ok,link_refresh_rmse=0.081792697; p_max=4
Object-view,COIL-100,coil_obj068,object 68,36x48x48x3,"(8,12,12,2)",0,0.10099326074123383,0.09155154228210449,9.348859903950443,2.4794372184632287,1.2945344548205124,47.78918194900401,0.4713424158894059,effective,3750,3755,0.059674100019037724,2.155930500011891,ok,link_refresh_rmse=0.095658876; p_max=4
Object-view,COIL-100,coil_obj069,object 69,36x48x48x3,"(8,12,12,2)",0,0.09265702217817307,0.08477664738893509,8.504886736036648,4.888610044467538,2.811539824326357,42.48795058815973,0.48072396182799404,effective,3750,3755,0.0792430997826159,2.149940500035882,ok,link_refresh_rmse=0.08766821; p_max=4
Object-view,COIL-100,coil_obj070,object 70,36x48x48x3,"(8,12,12,2)",0,0.031655557453632355,0.029870545491576195,5.638858088886179,2.51784065878072,2.3461821926478117,6.81768584259954,0.209509395782765,moderate,3750,3755,0.06907290010713041,2.1405504001304507,ok,link_refresh_rmse=0.03090114; p_max=4
Object-view,COIL-100,coil_obj071,object 71,36x48x48x3,"(8,12,12,2)",0,0.05161726474761963,0.047635309398174286,7.714386589283529,4.8407041054319455,3.6027297163755843,25.57426279510002,0.2889174843470654,effective,3750,3755,0.07376139983534813,2.173934099962935,ok,link_refresh_rmse=0.049928568; p_max=4
Object-view,COIL-100,coil_obj072,object 72,36x48x48x3,"(8,12,12,2)",0,0.06948396563529968,0.06619620323181152,4.731685034709489,4.9846293700716675,3.5373329042789834,29.03518713913679,0.16189346998958076,moderate,3750,3755,0.08784600021317601,2.182202700059861,ok,link_refresh_rmse=0.068200871; p_max=4
Object-view,COIL-100,coil_obj073,object 73,36x48x48x3,"(8,12,12,2)",0,0.03834037110209465,0.03743572533130646,2.359512296788304,3.0715121676178208,2.594087730538869,15.543628383189146,0.0795248629359373,boundary,3750,3755,0.057262100046500564,2.267231100006029,ok,link_refresh_rmse=0.037990943; p_max=4
Object-view,COIL-100,coil_obj074,object 74,36x48x48x3,"(8,12,12,2)",0,0.06537780910730362,0.059977296739816666,8.260467031899422,6.1545793895103476,5.588693438746804,9.19455116182301,0.33107894411914573,effective,3750,3755,0.06813020003028214,2.3173702999483794,ok,link_refresh_rmse=0.062932707; p_max=4
Object-view,COIL-100,coil_obj075,object 75,36x48x48x3,"(8,12,12,2)",0,0.04616914689540863,0.04452101141214371,3.5697767753833562,5.838556622756797,4.949096903071662,15.234239849936712,0.12714633259437264,boundary,3750,3755,0.06133079994469881,2.335135000059381,ok,link_refresh_rmse=0.045498233; p_max=4
Object-view,COIL-100,coil_obj076,object 76,36x48x48x3,"(8,12,12,2)",0,0.08086026459932327,0.07261195778846741,10.20069233229407,8.208510516512856,5.6814122060583205,30.786319946485232,0.46590286693453914,effective,3750,3755,0.07458580005913973,2.3364800000563264,ok,link_refresh_rmse=0.076637268; p_max=4
Object-view,COIL-100,coil_obj077,object 77,36x48x48x3,"(8,12,12,2)",0,0.055482931435108185,0.05156781151890755,7.056440268985589,2.983253535243933,2.264325125636208,24.09880357516915,0.32390030500075473,effective,3750,3755,0.06587459985166788,2.1521101999096572,ok,link_refresh_rmse=0.053452052; p_max=4
Object-view,COIL-100,coil_obj078,object 78,36x48x48x3,"(8,12,12,2)",0,0.05038614943623543,0.048460058867931366,3.8226587859061625,4.529418051052475,4.206998892457259,7.118335180394697,0.14548726630299502,moderate,3750,3755,0.08139399997889996,2.2825641999952495,ok,link_refresh_rmse=0.049549218; p_max=4
Object-view,COIL-100,coil_obj079,object 79,36x48x48x3,"(8,12,12,2)",0,0.08845631033182144,0.08541848510503769,3.434266267028458,6.6695051230225,6.262103066312355,6.108430073827083,0.13576638493088267,moderate,3750,3755,0.06735370005480945,2.2194016999565065,ok,link_refresh_rmse=0.087084427; p_max=4
Object-view,COIL-100,coil_obj080,object 80,36x48x48x3,"(8,12,12,2)",0,0.07555735856294632,0.06749491393566132,10.670627958186543,4.702269795330676,3.0750571343205895,34.60483408727203,0.5300098438744036,effective,3750,3755,0.06033840007148683,2.202197900041938,ok,link_refresh_rmse=0.071084723; p_max=4
Object-view,COIL-100,coil_obj081,object 81,36x48x48x3,"(8,12,12,2)",0,0.08686888217926025,0.08399105817079544,3.3128364683296074,6.161295656241891,4.9621038307093,19.463305973926317,0.12128024017239275,boundary,3750,3755,0.06694619986228645,2.158560400130227,ok,link_refresh_rmse=0.085664369; p_max=4
Object-view,COIL-100,coil_obj082,object 82,36x48x48x3,"(8,12,12,2)",0,0.03924905136227608,0.03888674080371857,0.9231065362913264,4.3499488979874315,4.24240669787246,2.4722635285377095,0.024117051424006164,boundary,3750,3755,0.06036829994991422,2.223220400046557,ok,link_refresh_rmse=0.039140224; p_max=4
Object-view,COIL-100,coil_obj083,object 83,36x48x48x3,"(8,12,12,2)",0,0.027587171643972397,0.026353323832154274,4.4725419036848235,2.5208284996903814,2.4545401871782255,2.6296240509934585,0.14652403515361753,moderate,3750,3755,0.07215390005148947,2.0589247001335025,ok,link_refresh_rmse=0.027125701; p_max=4
Object-view,COIL-100,coil_obj084,object 84,36x48x48x3,"(8,12,12,2)",0,0.06994875520467758,0.0660037249326706,5.639886314579017,6.831743701288515,5.7629322406902395,15.644782757243805,0.2356118417186836,moderate,3750,3755,0.07218459993600845,1.9664722001180053,ok,link_refresh_rmse=0.068076842; p_max=4
Object-view,COIL-100,coil_obj085,object 85,36x48x48x3,"(8,12,12,2)",0,0.08859013020992279,0.07889723032712936,10.941286416246564,2.2095712498270736,1.1232811285668882,49.162936988123874,0.5733682880102033,effective,3750,3755,0.06268209987320006,2.177915200125426,ok,link_refresh_rmse=0.082931004; p_max=4
Object-view,COIL-100,coil_obj086,object 86,36x48x48x3,"(8,12,12,2)",0,0.036700356751680374,0.032937370240688324,10.253269570246772,7.028336699018506,3.040422199839866,56.74051585683914,0.5415327391836865,effective,3750,3755,0.06135650002397597,2.170809700153768,ok,link_refresh_rmse=0.034482095; p_max=4
Object-view,COIL-100,coil_obj087,object 87,36x48x48x3,"(8,12,12,2)",0,0.06696125119924545,0.06371591240167618,4.846592229754878,3.6951299854256363,2.7594847654811527,25.321036706012062,0.1883539434927378,moderate,3750,3755,0.06406530016101897,2.2258850000798702,ok,link_refresh_rmse=0.065524824; p_max=4
Object-view,COIL-100,coil_obj088,object 88,36x48x48x3,"(8,12,12,2)",0,0.02797575481235981,0.027552641928195953,1.512427053360231,1.4385803807759296,1.4091533180403235,2.0455626344447997,0.01723460855981041,boundary,3750,3755,0.09334799996577203,2.128315200097859,ok,link_refresh_rmse=0.0279203; p_max=4
Object-view,COIL-100,coil_obj089,object 89,36x48x48x3,"(8,12,12,2)",0,0.053664930164813995,0.05015477538108826,6.5408727318669095,1.4454952898572477,1.130726278000348,21.77585870155172,0.2589962446734851,moderate,3750,3755,0.07021460006944835,2.11973479995504,ok,link_refresh_rmse=0.052088369; p_max=4
Object-view,COIL-100,coil_obj090,object 90,36x48x48x3,"(8,12,12,2)",0,0.04813685640692711,0.04507926478981972,6.351872235402955,3.9537886341562722,3.2345165216287235,18.191971779013407,0.2895416676533509,effective,3750,3755,0.07663359981961548,2.2180878000799567,ok,link_refresh_rmse=0.046558678; p_max=4
Object-view,COIL-100,coil_obj091,object 91,36x48x48x3,"(8,12,12,2)",0,0.07505238801240921,0.06504254043102264,13.337147353301445,17.527475125660505,5.689926698448381,67.5371001376106,0.8745945742146556,effective,3750,3755,0.07601389987394214,2.025128100067377,ok,link_refresh_rmse=0.067863271; p_max=4
Object-view,COIL-100,coil_obj092,object 92,36x48x48x3,"(8,12,12,2)",0,0.04042680934071541,0.03987809270620346,1.3573087845923912,2.051450530293257,1.8976267315700452,7.498294326464814,0.05072405078726988,boundary,3750,3755,0.057381599908694625,2.0182984999846667,ok,link_refresh_rmse=0.040191412; p_max=4
Object-view,COIL-100,coil_obj093,object 93,36x48x48x3,"(8,12,12,2)",0,0.047661423683166504,0.04648565500974655,2.4669189095902335,3.8325339253211106,3.3676229535725906,12.130642045381691,0.08209058193540825,boundary,3750,3755,0.06373129994608462,2.22563729993999,ok,link_refresh_rmse=0.047213096; p_max=4
Object-view,COIL-100,coil_obj094,object 94,36x48x48x3,"(8,12,12,2)",0,0.014575987122952938,0.014021676033735275,3.8029060024674703,1.4741301055962939,1.4712608964619083,0.1946374423460395,0.1155813052985389,boundary,3750,3755,0.06433799979276955,2.14699719985947,ok,link_refresh_rmse=0.014383312; p_max=4
Object-view,COIL-100,coil_obj095,object 95,36x48x48x3,"(8,12,12,2)",0,0.018755033612251282,0.01701892539858818,9.256758743045012,1.991579567830085,1.639107646661686,17.69810892127362,0.32676197853497824,effective,3750,3755,0.05906260013580322,2.0305499001406133,ok,link_refresh_rmse=0.018062579; p_max=4
Object-view,COIL-100,coil_obj096,object 96,36x48x48x3,"(8,12,12,2)",0,0.10923606902360916,0.10330948233604431,5.4254851355772775,4.389978788945722,2.985451744788429,31.99393691135802,0.295837500727574,effective,3750,3755,0.09319749986752868,2.0458156999666244,ok,link_refresh_rmse=0.10557818; p_max=4
Object-view,COIL-100,coil_obj097,object 97,36x48x48x3,"(8,12,12,2)",0,0.0667014867067337,0.06101257726550102,8.528909507287445,1.5255482951280661,0.9455387113529153,38.019745794180864,0.39557277571246796,effective,3750,3755,0.07828209991566837,2.284921200014651,ok,link_refresh_rmse=0.063731901; p_max=4
Object-view,COIL-100,coil_obj098,object 98,36x48x48x3,"(8,12,12,2)",0,0.06500700861215591,0.062090255320072174,4.486828965605295,5.466556141400886,4.5293703622994075,17.1439889184292,0.1880544780816913,moderate,3750,3755,0.05606880015693605,2.296624599955976,ok,link_refresh_rmse=0.063614696; p_max=4
Object-view,COIL-100,coil_obj099,object 99,36x48x48x3,"(8,12,12,2)",0,0.04255843535065651,0.04143940657377243,2.6293936035569425,1.3191281336363971,1.3848624055732357,-4.9831604876496005,0.07786119797475576,boundary,3750,3755,0.06247790018096566,2.298417199868709,ok,link_refresh_rmse=0.042178642; p_max=4
Object-view,COIL-100,coil_obj100,object 100,36x48x48x3,"(8,12,12,2)",0,0.07354066520929337,0.06854679435491562,6.7906250782005015,7.578377148836493,5.492048366342221,27.530020498050636,0.26449833603435796,moderate,3750,3755,0.09913920005783439,2.3905491000041366,ok,link_refresh_rmse=0.071334995; p_max=4
Object-view,smallNORB,smallnorb_c0_i4,"category 0, instance 4",18x64x64x2,"(12,24,24,2)",0,0.028530096635222435,0.026044774800539017,8.711228238936673,0.6058328033941544,0.5571889558777047,8.029252830801575,0.16006043444304427,boundary,17116,17121,0.06621040008030832,1.5629589001182467,ok,link_refresh_rmse=0.028009169; p_max=4
Object-view,smallNORB,smallnorb_c0_i6,"category 0, instance 6",18x64x64x2,"(12,24,24,2)",0,0.034886885434389114,0.029896674677729607,14.30397323958446,0.7199837435928507,0.5924353220453611,17.71545853396628,0.50625555900803,effective,17116,17121,0.06276030000299215,1.5805591000244021,ok,link_refresh_rmse=0.032911632; p_max=4
Object-view,smallNORB,smallnorb_c0_i7,"category 0, instance 7",18x64x64x2,"(12,24,24,2)",0,0.030496617779135704,0.028818069025874138,5.504048892956082,0.6867899898938526,0.648416672372379,5.587343742066549,0.09806382237297964,boundary,17116,17121,0.08420450007542968,1.9392813998274505,ok,link_refresh_rmse=0.030154247; p_max=4
Object-view,smallNORB,smallnorb_c0_i8,"category 0, instance 8",18x64x64x2,"(12,24,24,2)",0,0.027784716337919235,0.02401462011039257,13.568957054211204,0.5080997294688347,0.43290097533394295,14.79999885327714,0.3530989742888257,effective,17116,17121,0.055463199969381094,1.877571300137788,ok,link_refresh_rmse=0.026677862; p_max=4
Object-view,smallNORB,smallnorb_c0_i9,"category 0, instance 9",18x64x64x2,"(12,24,24,2)",0,0.036082975566387177,0.03251740708947182,9.881581052968475,0.6769040847491962,0.6195966849366802,8.466103411644989,0.2750826233921116,moderate,17116,17121,0.0589540998917073,1.8849345999769866,ok,link_refresh_rmse=0.034958132; p_max=4
Object-view,smallNORB,smallnorb_c1_i4,"category 1, instance 4",18x64x64x2,"(12,24,24,2)",0,0.029003070667386055,0.02555546909570694,11.887022623283618,0.4999806933232571,0.42385810697323684,15.22510516237155,0.327711476748831,effective,17116,17121,0.06480970000848174,1.8596564000472426,ok,link_refresh_rmse=0.027929194; p_max=4
Object-view,smallNORB,smallnorb_c1_i6,"category 1, instance 6",18x64x64x2,"(12,24,24,2)",0,0.025621099397540092,0.023197561502456665,9.459148717545329,0.44097568097889606,0.39545570738099434,10.32255871726409,0.22861547918280348,moderate,17116,17121,0.06903839996084571,1.8575400998815894,ok,link_refresh_rmse=0.024955541; p_max=4
Object-view,smallNORB,smallnorb_c1_i7,"category 1, instance 7",18x64x64x2,"(12,24,24,2)",0,0.030432814732193947,0.026278365403413773,13.651216180096904,0.6469291110624574,0.5602664832054837,13.396000639799153,0.4545003333469253,effective,17116,17121,0.06583079998381436,1.83307099994272,ok,link_refresh_rmse=0.028881324; p_max=4
Object-view,smallNORB,smallnorb_c1_i8,"category 1, instance 8",18x64x64x2,"(12,24,24,2)",0,0.029483135789632797,0.025479039177298546,13.580972664862259,0.5832292157802601,0.5136620629246588,11.927926615015759,0.49241545773742623,effective,17116,17121,0.06520300009287894,1.7717296001501381,ok,link_refresh_rmse=0.02785819; p_max=4
Object-view,smallNORB,smallnorb_c1_i9,"category 1, instance 9",18x64x64x2,"(12,24,24,2)",0,0.024744167923927307,0.02181723713874817,11.828770295196842,0.4811529647842967,0.4445252454294992,7.612489589712466,0.28837632176935907,moderate,17116,17121,0.08648740011267364,1.643388600088656,ok,link_refresh_rmse=0.023936136; p_max=4
Object-view,smallNORB,smallnorb_c2_i4,"category 2, instance 4",18x64x64x2,"(12,24,24,2)",0,0.0451701283454895,0.04072718694806099,9.836016766315357,0.8802670734093339,0.7778160652159368,11.638627785610264,0.26367626347555345,moderate,17116,17121,0.05752029991708696,1.6906729000620544,ok,link_refresh_rmse=0.043819509; p_max=4
Object-view,smallNORB,smallnorb_c2_i6,"category 2, instance 6",18x64x64x2,"(12,24,24,2)",0,0.04465863108634949,0.039956241846084595,10.529631396834825,0.8648068053256158,0.7717305031561978,10.762669950819017,0.3888133148802152,effective,17116,17121,0.08323489991016686,1.6132322999183089,ok,link_refresh_rmse=0.042703625; p_max=4
Object-view,smallNORB,smallnorb_c2_i7,"category 2, instance 7",18x64x64x2,"(12,24,24,2)",0,0.047781143337488174,0.03797389939427376,20.525343803399196,0.888809651621939,0.6960966908506059,21.682140874557565,1.048451797482231,effective,17116,17121,0.07452109991572797,1.6296092998236418,ok,link_refresh_rmse=0.042348102; p_max=4
Object-view,smallNORB,smallnorb_c2_i8,"category 2, instance 8",18x64x64x2,"(12,24,24,2)",0,0.038663387298583984,0.03400292992591858,12.0539293070064,0.6212039032796848,0.5400695659685463,13.060822200695249,0.39539776181064085,effective,17116,17121,0.0711264000274241,1.6386331000830978,ok,link_refresh_rmse=0.036942817; p_max=4
Object-view,smallNORB,smallnorb_c2_i9,"category 2, instance 9",18x64x64x2,"(12,24,24,2)",0,0.047112151980400085,0.04000158607959747,15.092848876359538,0.8858802487206529,0.7495443871387678,15.389874848070601,0.6914377021800757,effective,17116,17121,0.061459199991077185,1.4913451001048088,ok,link_refresh_rmse=0.043507192; p_max=4
Object-view,smallNORB,smallnorb_c3_i4,"category 3, instance 4",18x64x64x2,"(12,24,24,2)",0,0.031497661024332047,0.030077025294303894,4.510289601919034,0.7879370787765743,0.7496228776385977,4.862596541016552,0.07717805142917394,boundary,17116,17121,0.06776580004952848,1.5544229000806808,ok,link_refresh_rmse=0.03121903; p_max=4
Object-view,smallNORB,smallnorb_c3_i6,"category 3, instance 6",18x64x64x2,"(12,24,24,2)",0,0.028395475819706917,0.026624595746397972,6.236486701448142,0.7187536932497347,0.706865566315474,1.653991770186296,0.15692278142175003,boundary,17116,17121,0.06652679992839694,1.5304815999697894,ok,link_refresh_rmse=0.027887078; p_max=4
Object-view,smallNORB,smallnorb_c3_i7,"category 3, instance 7",18x64x64x2,"(12,24,24,2)",0,0.027546213939785957,0.025855660438537598,6.137153748038798,0.6536015190171232,0.6198356138169339,5.166130160004217,0.08573441813390154,boundary,17116,17121,0.05053450004197657,1.5115689998492599,ok,link_refresh_rmse=0.027275655; p_max=4
Object-view,smallNORB,smallnorb_c3_i8,"category 3, instance 8",18x64x64x2,"(12,24,24,2)",0,0.03385089337825775,0.03107505477964878,8.20019302767317,0.7537715963377587,0.7106154461340951,5.725361689580789,0.22055035664053313,moderate,17116,17121,0.059182099997997284,1.5530153999570757,ok,link_refresh_rmse=0.033002179; p_max=4
Object-view,smallNORB,smallnorb_c3_i9,"category 3, instance 9",18x64x64x2,"(12,24,24,2)",0,0.027194559574127197,0.025942513719201088,4.604030638971263,0.6385325436290101,0.6177648611870813,3.252407829348623,0.09830698992683781,boundary,17116,17121,0.05895829992368817,1.4503426000010222,ok,link_refresh_rmse=0.026888506; p_max=4
Object-view,smallNORB,smallnorb_c4_i4,"category 4, instance 4",18x64x64x2,"(12,24,24,2)",0,0.024208005517721176,0.021613145247101784,10.71901718098939,0.5237982693779784,0.44476513564031805,15.088467900345268,0.18369080080171438,boundary,17116,17121,0.06610629986971617,1.3825863997917622,ok,link_refresh_rmse=0.023701426; p_max=4
Object-view,smallNORB,smallnorb_c4_i6,"category 4, instance 6",18x64x64x2,"(12,24,24,2)",0,0.02584584802389145,0.02398381568491459,7.204377032843457,0.6127367347834392,0.5517372555134324,9.955250894426278,0.15660258111206077,boundary,17116,17121,0.06785160000436008,1.4008331999648362,ok,link_refresh_rmse=0.025384035; p_max=4
Object-view,smallNORB,smallnorb_c4_i7,"category 4, instance 7",18x64x64x2,"(12,24,24,2)",0,0.030937476083636284,0.0282580628991127,8.660736180547064,0.7270172997368761,0.6684928721193106,8.049936038488601,0.18987652290662166,boundary,17116,17121,0.04593039979226887,1.3121680999174714,ok,link_refresh_rmse=0.030268511; p_max=4
Object-view,smallNORB,smallnorb_c4_i8,"category 4, instance 8",18x64x64x2,"(12,24,24,2)",0,0.03045659326016903,0.027766153216362,8.83368675158286,0.7372682550408912,0.6788745032493579,7.9202856480365575,0.22843270119251788,moderate,17116,17121,0.05892789992503822,1.2735615000128746,ok,link_refresh_rmse=0.029666048; p_max=4
Object-view,smallNORB,smallnorb_c4_i9,"category 4, instance 9",18x64x64x2,"(12,24,24,2)",0,0.052788589149713516,0.04786275699734688,9.33124417929887,1.307014527711996,1.1197360931390636,14.328718663959613,0.3059027567985092,moderate,17116,17121,0.07197349984198809,1.1663895999081433,ok,link_refresh_rmse=0.050961819; p_max=4
