index,panel,x,mean,std,kind,method,degree
0.0,exp,0,0.24028345942497253,0.06909219343355402,curve,NTD-PL,
1.0,exp,1,0.2402884691953659,0.06909057884238927,curve,NTD-PL,
2.0,exp,2,0.2402841031551361,0.06909195461549734,curve,NTD-PL,
3.0,exp,3,0.24028464406728745,0.06909172619412703,curve,NTD-PL,
4.0,exp,4,0.24028611034154893,0.0690911660454093,curve,NTD-PL,
5.0,exp,5,0.23753871768712997,0.06879429250463004,curve,NTD-PL,
6.0,exp,6,0.2374844491481781,0.06878359616271017,curve,NTD-PL,
7.0,exp,7,0.23742953687906265,0.068771020150455,curve,NTD-PL,
8.0,exp,8,0.23737743943929673,0.06875708036021624,curve,NTD-PL,
9.0,exp,9,0.2373296007514,0.0687421301771899,curve,NTD-PL,
10.0,exp,10,0.23726828396320343,0.06872091635729341,curve,NTD-PL,
11.0,exp,11,0.23722442090511323,0.06870314682228706,curve,NTD-PL,
12.0,exp,12,0.2371850609779358,0.06868550522562586,curve,NTD-PL,
13.0,exp,13,0.23714962154626845,0.06866836405072511,curve,NTD-PL,
14.0,exp,14,0.2371174916625023,0.06865197317512786,curve,NTD-PL,
15.0,exp,15,0.23706978410482407,0.06862867911115632,curve,NTD-PL,
16.0,exp,16,0.23703840076923371,0.06861182471201098,curve,NTD-PL,
17.0,exp,17,0.2370094195008278,0.06859592713199471,curve,NTD-PL,
18.0,exp,18,0.23698257505893708,0.0685809427089912,curve,NTD-PL,
19.0,exp,19,0.2369576632976532,0.06856684153097184,curve,NTD-PL,
20.0,exp,20,0.23692265897989273,0.06854596386259997,curve,NTD-PL,
21.0,exp,21,0.23689823746681213,0.06853112283899666,curve,NTD-PL,
22.0,exp,22,0.2368755117058754,0.06851693212767386,curve,NTD-PL,
23.0,exp,23,0.23685435205698013,0.06850331591094586,curve,NTD-PL,
24.0,exp,24,0.2368346109986305,0.06849020275438121,curve,NTD-PL,
25.0,exp,25,0.2368086665868759,0.06847096060610221,curve,NTD-PL,
26.0,exp,26,0.2367894694209099,0.06845697363423843,curve,NTD-PL,
27.0,exp,27,0.2367713749408722,0.06844345228254253,curve,NTD-PL,
28.0,exp,28,0.23675426393747329,0.06843038136101862,curve,NTD-PL,
29.0,exp,29,0.236738021671772,0.06841771685894943,curve,NTD-PL,
30.0,exp,30,0.23671753257513045,0.06840038959028183,curve,NTD-PL,
31.0,exp,31,0.23670153319835663,0.06838713610336648,curve,NTD-PL,
32.0,exp,32,0.23668629974126815,0.06837425846186528,curve,NTD-PL,
33.0,exp,33,0.2366717666387558,0.06836169849895696,curve,NTD-PL,
34.0,exp,34,0.23665788024663925,0.06834943518158526,curve,NTD-PL,
35.0,exp,35,0.23664105534553528,0.06833383437341865,curve,NTD-PL,
36.0,exp,36,0.23662747144699098,0.06832117300125906,curve,NTD-PL,
37.0,exp,37,0.23661447912454606,0.06830879256289202,curve,NTD-PL,
38.0,exp,38,0.2366020515561104,0.06829670965114946,curve,NTD-PL,
39.0,exp,39,0.2365901365876198,0.06828490076950892,curve,NTD-PL,
40.0,exp,40,0.23657618463039398,0.0682705266752806,curve,NTD-PL,
41.0,exp,41,0.23656455129384996,0.06825844102511722,curve,NTD-PL,
42.0,exp,42,0.23655336499214172,0.06824661871411504,curve,NTD-PL,
43.0,exp,43,0.23654259145259857,0.06823507522814753,curve,NTD-PL,
44.0,exp,44,0.23653219491243363,0.06822377121633913,curve,NTD-PL,
45.0,exp,45,0.23652034550905227,0.06821038698583218,curve,NTD-PL,
46.0,exp,46,0.23651014268398285,0.06819890246075798,curve,NTD-PL,
47.0,exp,47,0.2365002751350403,0.06818768528332372,curve,NTD-PL,
48.0,exp,48,0.23649073094129563,0.06817670842261529,curve,NTD-PL,
49.0,exp,49,0.23648146986961366,0.06816596456334077,curve,NTD-PL,
50.0,exp,50,0.2364710822701454,0.06815341218258913,curve,NTD-PL,
51.0,exp,51,0.23646198362112045,0.06814252318578574,curve,NTD-PL,
52.0,exp,52,0.23645316064357758,0.06813187062813553,curve,NTD-PL,
53.0,exp,53,0.2364445999264717,0.06812143412686746,curve,NTD-PL,
54.0,exp,54,0.2364362969994545,0.06811122593400078,curve,NTD-PL,
55.0,exp,55,0.23642701804637908,0.0680993740913573,curve,NTD-PL,
56.0,exp,56,0.23641883581876755,0.06808904110108181,curve,NTD-PL,
57.0,exp,57,0.23641087859869003,0.06807891339310389,curve,NTD-PL,
58.0,exp,58,0.2364031419157982,0.06806900199723286,curve,NTD-PL,
59.0,exp,59,0.23639560341835023,0.06805930896879366,curve,NTD-PL,
60.0,exp,60,0.23638721853494643,0.06804809548315759,curve,NTD-PL,
61.0,exp,61,0.2363797754049301,0.06803829809128539,curve,NTD-PL,
62.0,exp,62,0.2363725185394287,0.06802870588089774,curve,NTD-PL,
63.0,exp,63,0.23636544942855836,0.06801929199890473,curve,NTD-PL,
64.0,exp,64,0.23635855317115784,0.06801007163291886,curve,NTD-PL,
65.0,exp,65,0.23635089099407197,0.06799947807333394,curve,NTD-PL,
66.0,exp,66,0.23634405434131622,0.06799017210207306,curve,NTD-PL,
67.0,exp,67,0.23633738607168198,0.06798104937931246,curve,NTD-PL,
68.0,exp,68,0.23633086532354355,0.06797209872908959,curve,NTD-PL,
69.0,exp,69,0.2363244876265526,0.06796332784373306,curve,NTD-PL,
70.0,exp,70,0.2363174468278885,0.06795332622508067,curve,NTD-PL,
71.0,exp,71,0.23631112575531005,0.06794447888297052,curve,NTD-PL,
72.0,exp,72,0.23630493879318237,0.0679357833334645,curve,NTD-PL,
73.0,exp,73,0.2362989068031311,0.06792726969039366,curve,NTD-PL,
74.0,exp,74,0.2362929940223694,0.06791890411098499,curve,NTD-PL,
75.0,exp,75,0.2362864777445793,0.06790942276116227,curve,NTD-PL,
76.0,exp,76,0.2362806186079979,0.06790099823420946,curve,NTD-PL,
77.0,exp,77,0.23627487272024156,0.06789271701135248,curve,NTD-PL,
78.0,exp,78,0.23626925200223922,0.06788458473918284,curve,NTD-PL,
79.0,exp,79,0.2362637460231781,0.06787661686349791,curve,NTD-PL,
80.0,exp,80,0.2362576976418495,0.06786760902274411,curve,NTD-PL,
81.0,exp,81,0.23625223189592362,0.06785957672286444,curve,NTD-PL,
82.0,exp,82,0.23624686896800995,0.06785167582378326,curve,NTD-PL,
83.0,exp,83,0.23624161928892135,0.06784390999349249,curve,NTD-PL,
84.0,exp,84,0.23623646944761276,0.06783629611082226,curve,NTD-PL,
85.0,exp,85,0.2362308382987976,0.06782775038276408,curve,NTD-PL,
86.0,exp,86,0.23622571676969528,0.06782007764878525,curve,NTD-PL,
87.0,exp,87,0.23622070401906967,0.06781253981051726,curve,NTD-PL,
88.0,exp,88,0.23621578514575958,0.06780513268774996,curve,NTD-PL,
89.0,exp,89,0.23621095418930055,0.06779785006352612,curve,NTD-PL,
90.0,exp,90,0.23620569258928298,0.06778972020839827,curve,NTD-PL,
91.0,exp,91,0.23620088994503022,0.06778239669148309,curve,NTD-PL,
92.0,exp,92,0.23619617521762848,0.06777519567617427,curve,NTD-PL,
93.0,exp,93,0.2361915498971939,0.06776811513969744,curve,NTD-PL,
94.0,exp,94,0.2361870214343071,0.06776114716819509,curve,NTD-PL,
95.0,exp,95,0.23618207424879073,0.06775340995233634,curve,NTD-PL,
96.0,exp,96,0.23617756068706514,0.06774642016067953,curve,NTD-PL,
97.0,exp,97,0.23617312163114548,0.06773954022503478,curve,NTD-PL,
98.0,exp,98,0.2361687734723091,0.06773276822451557,curve,NTD-PL,
99.0,exp,99,0.23616449236869813,0.06772610556487979,curve,NTD-PL,
100.0,exp,100,0.23615985363721848,0.06771874389557593,curve,NTD-PL,
101.0,exp,101,0.23615559935569763,0.06771205803447707,curve,NTD-PL,
102.0,exp,102,0.23615141361951827,0.06770547852807968,curve,NTD-PL,
103.0,exp,103,0.2361473023891449,0.06769900648135638,curve,NTD-PL,
104.0,exp,104,0.23614325672388076,0.06769262688406665,curve,NTD-PL,
105.0,exp,105,0.23613888621330262,0.06768561154726105,curve,NTD-PL,
106.0,exp,106,0.23613486140966417,0.06767922042409386,curve,NTD-PL,
107.0,exp,107,0.23613090366125106,0.06767292752056851,curve,NTD-PL,
108.0,exp,108,0.23612701892852783,0.06766673508636961,curve,NTD-PL,
109.0,exp,109,0.23612319827079772,0.06766064867451445,curve,NTD-PL,
110.0,exp,110,0.23611906915903091,0.06765395274761057,curve,NTD-PL,
111.0,exp,111,0.236115263402462,0.06764784692217063,curve,NTD-PL,
112.0,exp,112,0.23611151725053786,0.06764181952859391,curve,NTD-PL,
113.0,exp,113,0.23610783517360687,0.06763590470141703,curve,NTD-PL,
114.0,exp,114,0.23610421270132065,0.06763007692480044,curve,NTD-PL,
115.0,exp,115,0.23610030710697175,0.06762369461452356,curve,NTD-PL,
116.0,exp,116,0.23609669953584672,0.06761785124698778,curve,NTD-PL,
117.0,exp,117,0.23609315007925033,0.06761210027549944,curve,NTD-PL,
118.0,exp,118,0.23608965426683426,0.06760642800466539,curve,NTD-PL,
119.0,exp,119,0.23608621656894685,0.06760085516549984,curve,NTD-PL,
120.0,exp,120,0.2360825225710869,0.06759476953874877,curve,NTD-PL,
121.0,exp,121,0.2360791027545929,0.0675891880473183,curve,NTD-PL,
122.0,exp,122,0.23607573360204698,0.06758368571058403,curve,NTD-PL,
123.0,exp,123,0.2360724151134491,0.0675782631068107,curve,NTD-PL,
124.0,exp,124,0.23606915175914764,0.067572934232136,curve,NTD-PL,
125.0,exp,125,0.23606564998626708,0.06756712020306412,curve,NTD-PL,
126.0,exp,126,0.2360624000430107,0.06756178249340947,curve,NTD-PL,
127.0,exp,127,0.2360591933131218,0.0675565162076394,curve,NTD-PL,
128.0,exp,128,0.23605604320764542,0.06755134004329495,curve,NTD-PL,
129.0,exp,129,0.23605293780565262,0.06754624491883586,curve,NTD-PL,
130.0,exp,130,0.23604961037635802,0.06754068959915085,curve,NTD-PL,
131.0,exp,131,0.23604651689529418,0.06753558798919186,curve,NTD-PL,
132.0,exp,132,0.2360434740781784,0.06753056107779616,curve,NTD-PL,
133.0,exp,133,0.23604047298431396,0.06752560251697955,curve,NTD-PL,
134.0,exp,134,0.23603752106428147,0.06752072311347303,curve,NTD-PL,
135.0,exp,135,0.23603435754776,0.0675154381034001,curve,NTD-PL,
136.0,exp,136,0.2360314205288887,0.06751056834253749,curve,NTD-PL,
137.0,exp,137,0.2360285237431526,0.06750575838794817,curve,NTD-PL,
138.0,exp,138,0.2360256716609001,0.06750102305621893,curve,NTD-PL,
139.0,exp,139,0.23602285534143447,0.06749634895544959,curve,NTD-PL,
140.0,exp,140,0.23601984977722168,0.06749130287997471,curve,NTD-PL,
141.0,exp,141,0.23601704835891724,0.06748663841587145,curve,NTD-PL,
142.0,exp,142,0.23601429164409637,0.06748204530495758,curve,NTD-PL,
143.0,exp,143,0.2360115721821785,0.06747752406045447,curve,NTD-PL,
144.0,exp,144,0.23600888550281524,0.06747305838854277,curve,NTD-PL,
145.0,exp,145,0.2360060304403305,0.06746823893809069,curve,NTD-PL,
146.0,exp,146,0.23600336611270906,0.06746377932556126,curve,NTD-PL,
147.0,exp,147,0.2360007420182228,0.06745939751610426,curve,NTD-PL,
148.0,exp,148,0.23599815368652344,0.0674550699886627,curve,NTD-PL,
149.0,exp,149,0.23599559515714646,0.06745080232503105,curve,NTD-PL,
150.0,exp,150,0.23599287420511245,0.06744621106040244,curve,NTD-PL,
151.0,exp,151,0.23599033653736115,0.06744195880002385,curve,NTD-PL,
152.0,exp,152,0.23598783314228058,0.06743777233395372,curve,NTD-PL,
153.0,exp,153,0.2359853580594063,0.06743362711509912,curve,NTD-PL,
154.0,exp,154,0.23598292768001555,0.06742956587895844,curve,NTD-PL,
155.0,exp,155,0.2359803333878517,0.0674251762682992,curve,NTD-PL,
156.0,exp,156,0.2359779119491577,0.06742111402865276,curve,NTD-PL,
157.0,exp,157,0.23597551733255387,0.06741710456826933,curve,NTD-PL,
158.0,exp,158,0.23597316741943358,0.06741315975710001,curve,NTD-PL,
159.0,exp,159,0.23597084432840348,0.06740927701710744,curve,NTD-PL,
160.0,exp,160,0.23596837967634202,0.06740508399953224,curve,NTD-PL,
161.0,exp,161,0.2359660640358925,0.06740120811736136,curve,NTD-PL,
162.0,exp,162,0.23596378564834594,0.06739738086427934,curve,NTD-PL,
163.0,exp,163,0.23596154004335404,0.06739361493001662,curve,NTD-PL,
164.0,exp,164,0.23595932573080064,0.06738989462641902,curve,NTD-PL,
165.0,exp,165,0.23595697432756424,0.0673859159152043,curve,NTD-PL,
166.0,exp,166,0.23595476746559144,0.0673822084957393,curve,NTD-PL,
167.0,exp,167,0.23595260381698607,0.06737855556824145,curve,NTD-PL,
168.0,exp,168,0.2359504520893097,0.06737494943749109,curve,NTD-PL,
169.0,exp,169,0.2359483391046524,0.06737141849318164,curve,NTD-PL,
170.0,exp,170,0.22900642156600953,0.05975713894581631,curve,NTD-PL,
171.0,exp,171,0.22859990298748017,0.05954186631931963,curve,NTD-PL,
172.0,exp,172,0.2281557947397232,0.05928032327414963,curve,NTD-PL,
173.0,exp,173,0.22770852446556092,0.058985206980696474,curve,NTD-PL,
174.0,exp,174,0.2272780105471611,0.05866819448948694,curve,NTD-PL,
175.0,exp,175,0.22628725171089173,0.05839692372958369,curve,NTD-PL,
176.0,exp,176,0.22571833729743956,0.05806347987291932,curve,NTD-PL,
177.0,exp,177,0.22519856989383696,0.05771705027353779,curve,NTD-PL,
178.0,exp,178,0.2247331753373146,0.05736282208943862,curve,NTD-PL,
179.0,exp,179,0.22431982904672623,0.05700857837767885,curve,NTD-PL,
180.0,exp,180,0.22297135293483733,0.056698194666271566,curve,NTD-PL,
181.0,exp,181,0.2223764568567276,0.05634877301200104,curve,NTD-PL,
182.0,exp,182,0.22184090614318847,0.05599765240807867,curve,NTD-PL,
183.0,exp,183,0.22136517614126205,0.05564699946860165,curve,NTD-PL,
184.0,exp,184,0.22094452530145645,0.05530114706130055,curve,NTD-PL,
185.0,exp,185,0.21959167420864106,0.054982930028500146,curve,NTD-PL,
186.0,exp,186,0.2189980626106262,0.05464690049268209,curve,NTD-PL,
187.0,exp,187,0.21846184134483337,0.054311492159684706,curve,NTD-PL,
188.0,exp,188,0.21798275262117386,0.05397781427209216,curve,NTD-PL,
189.0,exp,189,0.21755599230527878,0.05364930650918031,curve,NTD-PL,
190.0,exp,190,0.2162805825471878,0.05336364508854459,curve,NTD-PL,
191.0,exp,191,0.21569930464029313,0.0530515456070455,curve,NTD-PL,
192.0,exp,192,0.2151709035038948,0.05274052125491621,curve,NTD-PL,
193.0,exp,193,0.21469489187002183,0.05243138460775435,curve,NTD-PL,
194.0,exp,194,0.21426688134670258,0.052126941822161925,curve,NTD-PL,
195.0,exp,195,0.2130829244852066,0.05188583634277749,curve,NTD-PL,
196.0,exp,196,0.21251914501190186,0.05160351090171539,curve,NTD-PL,
197.0,exp,197,0.21200345158576966,0.051321910624691894,curve,NTD-PL,
198.0,exp,198,0.21153549402952193,0.05104149138942097,curve,NTD-PL,
199.0,exp,199,0.21111137866973878,0.05076455367127433,curve,NTD-PL,
200.0,exp,200,0.21001778393983841,0.05056925897545973,curve,NTD-PL,
201.0,exp,201,0.20947520136833192,0.05031873603748234,curve,NTD-PL,
202.0,exp,202,0.20897623002529145,0.05006833598163867,curve,NTD-PL,
203.0,exp,203,0.20852045863866805,0.049818392759240264,curve,NTD-PL,
204.0,exp,204,0.20810434073209763,0.04957095181307252,curve,NTD-PL,
205.0,exp,205,0.20709780156612395,0.049419100226620584,curve,NTD-PL,
206.0,exp,206,0.206578828394413,0.049200795990640686,curve,NTD-PL,
207.0,exp,207,0.2060992255806923,0.048982031841453735,curve,NTD-PL,
208.0,exp,208,0.2056586191058159,0.04876303621293798,curve,NTD-PL,
209.0,exp,209,0.20525387227535247,0.048545594376960634,curve,NTD-PL,
210.0,exp,210,0.20432986468076705,0.048432169752565535,curve,NTD-PL,
211.0,exp,211,0.2038361668586731,0.04824507900053519,curve,NTD-PL,
212.0,exp,212,0.2033781185746193,0.04805692592497713,curve,NTD-PL,
213.0,exp,213,0.20295536071062087,0.0478679128022186,curve,NTD-PL,
214.0,exp,214,0.2025650441646576,0.047679613154245445,curve,NTD-PL,
215.0,exp,215,0.20171749740839004,0.04759936824666407,curve,NTD-PL,
216.0,exp,216,0.20125030130147933,0.04744140114027743,curve,NTD-PL,
217.0,exp,217,0.2008154034614563,0.04728183436321009,curve,NTD-PL,
218.0,exp,218,0.20041245669126512,0.04712084525886417,curve,NTD-PL,
219.0,exp,219,0.20003879815340042,0.04695984013026265,curve,NTD-PL,
220.0,exp,220,0.19926224052906036,0.04690712135138746,curve,NTD-PL,
221.0,exp,221,0.19882215112447738,0.046775447170327666,curve,NTD-PL,
222.0,exp,222,0.19841126203536988,0.04664171733396846,curve,NTD-PL,
223.0,exp,223,0.1980292022228241,0.04650608595378374,curve,NTD-PL,
224.0,exp,224,0.19767347276210784,0.0463698748872393,curve,NTD-PL,
225.0,exp,225,0.1969632625579834,0.046339062359423644,curve,NTD-PL,
226.0,exp,226,0.1965502232313156,0.04623045584310034,curve,NTD-PL,
227.0,exp,227,0.19616347253322602,0.04611946951442736,curve,NTD-PL,
228.0,exp,228,0.19580257833003997,0.046006262452379154,curve,NTD-PL,
229.0,exp,229,0.19546521455049515,0.04589205829478102,curve,NTD-PL,
230.0,exp,230,0.19481702148914337,0.04587752373920414,curve,NTD-PL,
231.0,exp,231,0.19443033933639525,0.04578864286190901,curve,NTD-PL,
232.0,exp,232,0.19406721144914627,0.04569717163720045,curve,NTD-PL,
233.0,exp,233,0.19372718185186386,0.045603301002747836,curve,NTD-PL,
234.0,exp,234,0.19340808391571046,0.04550811052504811,curve,NTD-PL,
235.0,exp,235,0.19281700849533082,0.045505027371363034,curve,NTD-PL,
236.0,exp,236,0.19245551377534867,0.045432569650497544,curve,NTD-PL,
237.0,exp,237,0.19211503267288207,0.04535741551849541,curve,NTD-PL,
238.0,exp,238,0.19179511070251465,0.04527974102348277,curve,NTD-PL,
239.0,exp,239,0.191493721306324,0.045200571370050416,curve,NTD-PL,
240.0,exp,240,0.1909545838832855,0.04520511043260948,curve,NTD-PL,
241.0,exp,241,0.19061670899391175,0.04514601818131241,curve,NTD-PL,
242.0,exp,242,0.1902975097298622,0.045084206310284224,curve,NTD-PL,
243.0,exp,243,0.18999652266502381,0.04501985692494463,curve,NTD-PL,
244.0,exp,244,0.18971186727285386,0.044953893371044676,curve,NTD-PL,
245.0,exp,245,0.18921970576047897,0.04496312050223864,curve,NTD-PL,
246.0,exp,246,0.18890364468097687,0.04491471461060459,curve,NTD-PL,
247.0,exp,247,0.18860413283109664,0.04486363325184365,curve,NTD-PL,
248.0,exp,248,0.18832069933414458,0.04481008077703284,curve,NTD-PL,
249.0,exp,249,0.18805160969495774,0.04475487465491777,curve,NTD-PL,
250.0,exp,250,0.18760161250829696,0.044766611712466244,curve,NTD-PL,
251.0,exp,251,0.1873054936528206,0.04472666397255847,curve,NTD-PL,
252.0,exp,252,0.1870239943265915,0.044684159931676,curve,NTD-PL,
253.0,exp,253,0.18675667345523833,0.044639279440454274,curve,NTD-PL,
254.0,exp,254,0.18650194853544236,0.04459279001517938,curve,NTD-PL,
255.0,exp,255,0.18608946949243546,0.04460551252620089,curve,NTD-PL,
256.0,exp,256,0.18581144362688065,0.04457223798368921,curve,NTD-PL,
257.0,exp,257,0.18554633110761642,0.04453655337916554,curve,NTD-PL,
258.0,exp,258,0.1852937310934067,0.04449865113699504,curve,NTD-PL,
259.0,exp,259,0.18505220264196395,0.04445923916796646,curve,NTD-PL,
260.0,exp,260,0.18467292785644532,0.04447193164601947,curve,NTD-PL,
261.0,exp,261,0.18441127091646195,0.04444392888060385,curve,NTD-PL,
262.0,exp,262,0.18416104912757875,0.04441371093980363,curve,NTD-PL,
263.0,exp,263,0.1839218780398369,0.044381456253490936,curve,NTD-PL,
264.0,exp,264,0.18369243443012237,0.04434778264332027,curve,NTD-PL,
265.0,exp,265,0.18334252387285233,0.04435988031550779,curve,NTD-PL,
266.0,exp,266,0.18309568762779235,0.04433609332349633,curve,NTD-PL,
267.0,exp,267,0.18285898864269257,0.044310300283710496,curve,NTD-PL,
268.0,exp,268,0.18263207226991654,0.04428264038926412,curve,NTD-PL,
269.0,exp,269,0.18241375386714936,0.04425369513256006,curve,NTD-PL,
270.0,exp,270,0.1820898100733757,0.04426491809640126,curve,NTD-PL,
271.0,exp,271,0.1818564236164093,0.04424456480752294,curve,NTD-PL,
272.0,exp,272,0.18163204491138457,0.044222373898696515,curve,NTD-PL,
273.0,exp,273,0.18141637593507767,0.044198518822390113,curve,NTD-PL,
274.0,exp,274,0.1812083214521408,0.04417349689760447,curve,NTD-PL,
275.0,exp,275,0.18090737164020537,0.04418376501733558,curve,NTD-PL,
276.0,exp,276,0.18068623989820481,0.04416621829855518,curve,NTD-PL,
277.0,exp,277,0.18047315925359725,0.044147042470975374,curve,NTD-PL,
278.0,exp,278,0.18026782870292662,0.044126358895574674,curve,NTD-PL,
279.0,exp,279,0.18006928414106368,0.04410463311787682,curve,NTD-PL,
280.0,exp,280,0.17978880554437637,0.04411395657771007,curve,NTD-PL,
281.0,exp,281,0.17957888096570968,0.0440987640330212,curve,NTD-PL,
282.0,exp,282,0.17937617748975754,0.04408212210063559,curve,NTD-PL,
283.0,exp,283,0.17918042540550233,0.044064113424868524,curve,NTD-PL,
284.0,exp,284,0.17899074107408525,0.04404517967193651,curve,NTD-PL,
285.0,exp,285,0.17872854173183442,0.04405363294712189,curve,NTD-PL,
286.0,exp,286,0.17852893471717834,0.04404043648598111,curve,NTD-PL,
287.0,exp,287,0.1783358186483383,0.04402592097539467,curve,NTD-PL,
288.0,exp,288,0.1781489595770836,0.04401019806191413,curve,NTD-PL,
289.0,exp,289,0.17796754390001296,0.04399364974137631,curve,NTD-PL,
290.0,exp,290,0.17772177010774612,0.044001332179156125,curve,NTD-PL,
291.0,exp,291,0.17753170281648636,0.04398984058930899,curve,NTD-PL,
292.0,exp,292,0.17734748125076294,0.04397715227769472,curve,NTD-PL,
293.0,exp,293,0.1771689161658287,0.04396338924733814,curve,NTD-PL,
294.0,exp,294,0.17699525952339173,0.04394887816304825,curve,NTD-PL,
295.0,exp,295,0.17676430344581603,0.04395588592069009,curve,NTD-PL,
296.0,exp,296,0.17658306658267975,0.04394585203495378,curve,NTD-PL,
297.0,exp,297,0.17640714347362518,0.04393474135994425,curve,NTD-PL,
298.0,exp,298,0.1762363314628601,0.043922672459678194,curve,NTD-PL,
299.0,exp,299,0.1760699525475502,0.043909917877396974,curve,NTD-PL,
300.0,exp,300,0.1758524313569069,0.04391630407011274,curve,NTD-PL,
301.0,exp,301,0.17567941695451736,0.043907524157512985,curve,NTD-PL,
302.0,exp,302,0.17551122829318047,0.0438977806207443,curve,NTD-PL,
303.0,exp,303,0.1753476746380329,0.04388716939786422,curve,NTD-PL,
304.0,exp,304,0.17518814504146576,0.0438759457511871,curve,NTD-PL,
305.0,exp,305,0.17498286440968513,0.043881786939086696,curve,NTD-PL,
306.0,exp,306,0.17481751665472983,0.04387408989155286,curve,NTD-PL,
307.0,exp,307,0.17465655952692033,0.04386552471417159,curve,NTD-PL,
308.0,exp,308,0.1744998164474964,0.0438561756794706,curve,NTD-PL,
309.0,exp,309,0.1743467442691326,0.04384626658195454,curve,NTD-PL,
310.0,exp,310,0.17415265068411828,0.04385162692661768,curve,NTD-PL,
311.0,exp,311,0.17399445846676825,0.043844860591825,curve,NTD-PL,
312.0,exp,312,0.1738402761518955,0.04383731401174648,curve,NTD-PL,
313.0,exp,313,0.17368994429707527,0.043829046440599144,curve,NTD-PL,
314.0,exp,314,0.17354294583201407,0.04382029033296796,curve,NTD-PL,
315.0,exp,315,0.17335910424590112,0.04382519361774991,curve,NTD-PL,
316.0,exp,316,0.17320762127637862,0.043819238317867104,curve,NTD-PL,
317.0,exp,317,0.1730597846210003,0.043812563778600266,curve,NTD-PL,
318.0,exp,318,0.17291547283530234,0.04380523989833827,curve,NTD-PL,
319.0,exp,319,0.17277420833706855,0.0437974797412932,curve,NTD-PL,
320.0,exp,320,0.17259978502988815,0.043801974892325374,curve,NTD-PL,
321.0,exp,321,0.17245456725358962,0.04379671205424016,curve,NTD-PL,
322.0,exp,322,0.1723126985132694,0.04379079557632355,curve,NTD-PL,
323.0,exp,323,0.17217405512928963,0.04378428681785753,curve,NTD-PL,
324.0,exp,324,0.17203819677233695,0.04377737850381191,curve,NTD-PL,
325.0,exp,325,0.17187244072556496,0.043781496611074694,curve,NTD-PL,
326.0,exp,326,0.17173310294747351,0.04377681637754505,curve,NTD-PL,
327.0,exp,327,0.17159683778882026,0.04377155799173022,curve,NTD-PL,
328.0,exp,328,0.17146352380514146,0.04376575342704226,curve,NTD-PL,
329.0,exp,329,0.1713327720761299,0.04375957979349306,curve,NTD-PL,
330.0,exp,330,0.1711750090122223,0.04376334555811612,curve,NTD-PL,
331.0,exp,331,0.17104118391871453,0.04375916996278492,curve,NTD-PL,
332.0,exp,332,0.17091018036007882,0.043754452199620104,curve,NTD-PL,
333.0,exp,333,0.170781896263361,0.043749256363226935,curve,NTD-PL,
334.0,exp,334,0.17065595611929893,0.043743711352510053,curve,NTD-PL,
335.0,exp,335,0.17036429420113564,0.04376785410077559,curve,NTD-PL,
336.0,exp,336,0.1702251084148884,0.04376495566389489,curve,NTD-PL,
337.0,exp,337,0.17008707895874978,0.04376210203147331,curve,NTD-PL,
338.0,exp,338,0.16995145455002786,0.04375914501780421,curve,NTD-PL,
339.0,exp,339,0.16981889083981513,0.043755890988099636,curve,NTD-PL,
340.0,exp,340,0.16964711546897887,0.04376042115706572,curve,NTD-PL,
341.0,exp,341,0.16950751468539238,0.04375911862384758,curve,NTD-PL,
342.0,exp,342,0.16937211230397226,0.043757141045471806,curve,NTD-PL,
343.0,exp,343,0.16924107745289801,0.043754246047755026,curve,NTD-PL,
344.0,exp,344,0.16911407932639122,0.04375032509026312,curve,NTD-PL,
345.0,exp,345,0.16892896816134453,0.043760394577046495,curve,NTD-PL,
346.0,exp,346,0.16879167258739472,0.04375927521697907,curve,NTD-PL,
347.0,exp,347,0.16865894347429275,0.043756967588543035,curve,NTD-PL,
348.0,exp,348,0.16853080168366433,0.04375346238164251,curve,NTD-PL,
349.0,exp,349,0.16840680316090584,0.043748932453166585,curve,NTD-PL,
350.0,exp,350,0.16822070255875587,0.04376282123308512,curve,NTD-PL,
351.0,exp,351,0.16808562055230142,0.04376194218044288,curve,NTD-PL,
352.0,exp,352,0.16795506998896598,0.04375989784832045,curve,NTD-PL,
353.0,exp,353,0.16782908216118814,0.04375670378355601,curve,NTD-PL,
354.0,exp,354,0.16770722046494485,0.04375250435175623,curve,NTD-PL,
355.0,exp,355,0.167522631585598,0.043766968666841245,curve,NTD-PL,
356.0,exp,356,0.1673895910382271,0.04376642976120101,curve,NTD-PL,
357.0,exp,357,0.1672611303627491,0.04376475324777176,curve,NTD-PL,
358.0,exp,358,0.16713726222515107,0.04376193280214435,curve,NTD-PL,
359.0,exp,359,0.16701746731996536,0.043758075996444254,curve,NTD-PL,
360.0,exp,360,0.16683451905846597,0.043772728664283854,curve,NTD-PL,
361.0,exp,361,0.1667034111917019,0.043772548677261755,curve,NTD-PL,
362.0,exp,362,0.16657685860991478,0.04377119478691592,curve,NTD-PL,
363.0,exp,363,0.16645484194159507,0.043768668951401093,curve,NTD-PL,
364.0,exp,364,0.16633682399988176,0.043765087294053186,curve,NTD-PL,
365.0,exp,365,0.1661557137966156,0.04378059946437715,curve,NTD-PL,
366.0,exp,366,0.16602637246251106,0.043780800907887114,curve,NTD-PL,
367.0,exp,367,0.1659015417098999,0.043779782236421406,curve,NTD-PL,
368.0,exp,368,0.16578120216727257,0.04377755493434556,curve,NTD-PL,
369.0,exp,369,0.16566480100154876,0.043774255322772244,curve,NTD-PL,
370.0,exp,370,0.16548556834459305,0.0437905633676804,curve,NTD-PL,
371.0,exp,371,0.16535783931612968,0.043791128224371347,curve,NTD-PL,
372.0,exp,372,0.16523460522294045,0.04379046793496302,curve,NTD-PL,
373.0,exp,373,0.16511583849787712,0.04378857320701118,curve,NTD-PL,
374.0,exp,374,0.16500098407268524,0.04378560304811875,curve,NTD-PL,
375.0,exp,375,0.1648232713341713,0.0438026376703472,curve,NTD-PL,
376.0,exp,376,0.1646970473229885,0.04380362335391842,curve,NTD-PL,
377.0,exp,377,0.16457532197237015,0.043803332950627945,curve,NTD-PL,
378.0,exp,378,0.16445805579423906,0.0438017698210843,curve,NTD-PL,
379.0,exp,379,0.1643446683883667,0.04379912208904357,curve,NTD-PL,
380.0,exp,380,0.164168269187212,0.04381694346553764,curve,NTD-PL,
381.0,exp,381,0.16404347121715546,0.043818321777157186,curve,NTD-PL,
382.0,exp,382,0.16392315849661826,0.04381841898763498,curve,NTD-PL,
383.0,exp,383,0.16380729228258134,0.04381721767810249,curve,NTD-PL,
384.0,exp,384,0.16369525641202926,0.043814909013127984,curve,NTD-PL,
385.0,exp,385,0.1635201945900917,0.04383342814968994,curve,NTD-PL,
386.0,exp,386,0.16339672058820726,0.04383521930469423,curve,NTD-PL,
387.0,exp,387,0.16327773928642272,0.04383570616345681,curve,NTD-PL,
388.0,exp,388,0.16316318958997728,0.043834887773916004,curve,NTD-PL,
389.0,exp,389,0.1630524478852749,0.04383295217051762,curve,NTD-PL,
390.0,exp,390,0.16287864074110986,0.043852072729541294,curve,NTD-PL,
391.0,exp,391,0.1627564400434494,0.04385427358441237,curve,NTD-PL,
392.0,exp,392,0.16263872608542443,0.04385514364226921,curve,NTD-PL,
393.0,exp,393,0.1625254385173321,0.04385468014203461,curve,NTD-PL,
394.0,exp,394,0.1624159149825573,0.04385308923648086,curve,NTD-PL,
395.0,exp,395,0.16224332004785538,0.043872853660727934,curve,NTD-PL,
396.0,exp,396,0.16212234273552895,0.04387545645000168,curve,NTD-PL,
397.0,exp,397,0.16200584173202515,0.04387669460695147,curve,NTD-PL,
398.0,exp,398,0.1618937484920025,0.04387658984689127,curve,NTD-PL,
399.0,exp,399,0.1617853783071041,0.0438753401045884,curve,NTD-PL,
400.0,exp,400,0.161614041775465,0.04389569925001239,curve,NTD-PL,
401.0,exp,401,0.16149422749876977,0.04389869238541707,curve,NTD-PL,
402.0,exp,402,0.16137889102101327,0.04390030134250682,curve,NTD-PL,
403.0,exp,403,0.1612679362297058,0.0439005573327664,curve,NTD-PL,
404.0,exp,404,0.1611606679856777,0.04389966408010692,curve,NTD-PL,
405.0,exp,405,0.1609906069934368,0.043920519814657936,curve,NTD-PL,
406.0,exp,406,0.1608719289302826,0.04392387172044381,curve,NTD-PL,
407.0,exp,407,0.16075772494077684,0.04392584406531782,curve,NTD-PL,
408.0,exp,408,0.16064787283539772,0.04392643317766778,curve,NTD-PL,
409.0,exp,409,0.16054167747497558,0.043925876561655974,curve,NTD-PL,
410.0,exp,410,0.16037290468811988,0.043947217840036114,curve,NTD-PL,
411.0,exp,411,0.16025534123182297,0.043950916869956426,curve,NTD-PL,
412.0,exp,412,0.16014223247766496,0.04395322729339335,curve,NTD-PL,
413.0,exp,413,0.1600334584712982,0.043954130967066136,curve,NTD-PL,
414.0,exp,414,0.15992827489972114,0.04395387961565814,curve,NTD-PL,
415.0,exp,415,0.15976086556911467,0.04397569148252103,curve,NTD-PL,
416.0,exp,416,0.1596443995833397,0.04397972057926574,curve,NTD-PL,
417.0,exp,417,0.15953235402703286,0.043982331880859184,curve,NTD-PL,
418.0,exp,418,0.1594246119260788,0.04398355235791643,curve,NTD-PL,
419.0,exp,419,0.1593204140663147,0.043983605720919666,curve,NTD-PL,
420.0,exp,420,0.15915444418787955,0.044005808516035694,curve,NTD-PL,
421.0,exp,421,0.1590390533208847,0.04401014787644105,curve,NTD-PL,
422.0,exp,422,0.1589280642569065,0.044013048956488554,curve,NTD-PL,
423.0,exp,423,0.15882133990526198,0.044014562299453726,curve,NTD-PL,
424.0,exp,424,0.15871809870004655,0.0440149008716304,curve,NTD-PL,
425.0,exp,425,0.15855362638831139,0.04403741747650803,curve,NTD-PL,
426.0,exp,426,0.15843930840492249,0.044042041566737355,curve,NTD-PL,
427.0,exp,427,0.15832935646176338,0.04404523283963999,curve,NTD-PL,
428.0,exp,428,0.15822362750768662,0.04404700471409616,curve,NTD-PL,
429.0,exp,429,0.15812131837010385,0.04404761141951626,curve,NTD-PL,
430.0,exp,430,0.15795841217041015,0.04407039566861593,curve,NTD-PL,
431.0,exp,431,0.15784514918923379,0.044075275221371814,curve,NTD-PL,
432.0,exp,432,0.15773623511195184,0.0440787078235104,curve,NTD-PL,
433.0,exp,433,0.1576314799487591,0.044080742538299876,curve,NTD-PL,
434.0,exp,434,0.15753009542822838,0.04408161416337413,curve,NTD-PL,
435.0,exp,435,0.15736881792545318,0.0441045758751402,curve,NTD-PL,
436.0,exp,436,0.15725662782788277,0.044109681328041606,curve,NTD-PL,
437.0,exp,437,0.15714873373508453,0.04411335796642618,curve,NTD-PL,
438.0,exp,438,0.15704495087265968,0.044115618425260954,curve,NTD-PL,
439.0,exp,439,0.15694446936249734,0.04411671866350491,curve,NTD-PL,
440.0,exp,440,0.15678488612174987,0.044139812797762225,curve,NTD-PL,
441.0,exp,441,0.15667375698685646,0.044145125617949595,curve,NTD-PL,
442.0,exp,442,0.15656688585877418,0.04414900546273608,curve,NTD-PL,
443.0,exp,443,0.15646407455205918,0.04415148025024931,curve,NTD-PL,
444.0,exp,444,0.15636448934674263,0.044152796085176214,curve,NTD-PL,
445.0,exp,445,0.15620665848255158,0.04417596190065586,curve,NTD-PL,
446.0,exp,446,0.15609661042690276,0.044181454067006326,curve,NTD-PL,
447.0,exp,447,0.15599074885249137,0.04418550501222318,curve,NTD-PL,
448.0,exp,448,0.15588889569044112,0.044188157762801716,curve,NTD-PL,
449.0,exp,449,0.15579020231962204,0.04418967691462665,curve,NTD-PL,
450.0,exp,450,0.15563418865203857,0.04421283911843419,curve,NTD-PL,
451.0,exp,451,0.15552521347999573,0.04421848565943048,curve,NTD-PL,
452.0,exp,452,0.1554203785955906,0.044222679620919074,curve,NTD-PL,
453.0,exp,453,0.1553194798529148,0.044225513077003585,curve,NTD-PL,
454.0,exp,454,0.15522167459130287,0.044227217228982596,curve,NTD-PL,
455.0,exp,455,0.15506754517555238,0.04425031458105513,curve,NTD-PL,
456.0,exp,456,0.15495964959263803,0.04425607003134829,curve,NTD-PL,
457.0,exp,457,0.1548558458685875,0.044260410376310254,curve,NTD-PL,
458.0,exp,458,0.15475590601563455,0.04426337182082513,curve,NTD-PL,
459.0,exp,459,0.15465897172689438,0.04426522161048295,curve,NTD-PL,
460.0,exp,460,0.15450678393244743,0.04428821045111307,curve,NTD-PL,
461.0,exp,461,0.15439998134970664,0.04429406680891333,curve,NTD-PL,
462.0,exp,462,0.1542972058057785,0.04429849728213569,curve,NTD-PL,
463.0,exp,463,0.15419821739196776,0.044301580198175636,curve,NTD-PL,
464.0,exp,464,0.15410216972231866,0.044303571323559277,curve,NTD-PL,
465.0,exp,465,0.15395196080207824,0.04432637753755718,curve,NTD-PL,
466.0,exp,466,0.15384625717997552,0.044332291025425255,curve,NTD-PL,
467.0,exp,467,0.15374451801180838,0.0443368007941383,curve,NTD-PL,
468.0,exp,468,0.1536464937031269,0.044339977436300936,curve,NTD-PL,
469.0,exp,469,0.15355131700634955,0.04434206696099351,curve,NTD-PL,
470.0,exp,470,0.15340314358472823,0.044364658184616206,curve,NTD-PL,
471.0,exp,471,0.15329855680465698,0.044370594852778715,curve,NTD-PL,
472.0,exp,472,0.1531978502869606,0.04437516277246962,curve,NTD-PL,
473.0,exp,473,0.15310078784823417,0.04437840206953193,curve,NTD-PL,
474.0,exp,474,0.15300649926066398,0.04438058987333071,curve,NTD-PL,
475.0,exp,475,0.15286038890480996,0.04440288390119369,curve,NTD-PL,
476.0,exp,476,0.15275692120194434,0.04440883459101666,curve,NTD-PL,
477.0,exp,477,0.15265726298093796,0.04441341854280817,curve,NTD-PL,
478.0,exp,478,0.15256116539239883,0.044416704408104246,curve,NTD-PL,
479.0,exp,479,0.1524677686393261,0.04441895563323696,curve,NTD-PL,
480.0,exp,480,0.15232376828789712,0.04444092203034045,curve,NTD-PL,
481.0,exp,481,0.1522214211523533,0.04444684315246478,curve,NTD-PL,
482.0,exp,482,0.15212281420826912,0.04445142497294343,curve,NTD-PL,
483.0,exp,483,0.1520276926457882,0.04445473074442725,curve,NTD-PL,
484.0,exp,484,0.1519351802766323,0.04445701960914356,curve,NTD-PL,
485.0,exp,485,0.15179331973195076,0.04447861165068319,curve,NTD-PL,
486.0,exp,486,0.15169211700558663,0.04448448138005336,curve,NTD-PL,
487.0,exp,487,0.1515945725142956,0.04448903857614649,curve,NTD-PL,
488.0,exp,488,0.1515004150569439,0.04449232627592252,curve,NTD-PL,
489.0,exp,489,0.15140880271792412,0.04449463259575106,curve,NTD-PL,
490.0,exp,490,0.1512691020965576,0.04451579872691753,curve,NTD-PL,
491.0,exp,491,0.15116903707385063,0.04452159311364678,curve,NTD-PL,
492.0,exp,492,0.15107255503535272,0.04452609926723509,curve,NTD-PL,
493.0,exp,493,0.15097938552498819,0.04452935782311865,curve,NTD-PL,
494.0,exp,494,0.15088866651058197,0.04453165822925323,curve,NTD-PL,
495.0,exp,495,0.15075115859508514,0.04455236662216904,curve,NTD-PL,
496.0,exp,496,0.15065224319696427,0.044558049826882475,curve,NTD-PL,
497.0,exp,497,0.150556830316782,0.04456246867075534,curve,NTD-PL,
498.0,exp,498,0.15046464428305625,0.044565678791597264,curve,NTD-PL,
499.0,exp,499,0.1503748305141926,0.04456794105153665,curve,NTD-PL,
500.0,exp,500,0.14975978061556816,0.044672513312353966,curve,NTD-PL,
501.0,exp,501,0.14963863492012025,0.04468201602720273,curve,NTD-PL,
502.0,exp,502,0.14951797798275948,0.044691176508827764,curve,NTD-PL,
503.0,exp,503,0.14940209016203881,0.04469976765679291,curve,NTD-PL,
504.0,exp,504,0.1492922119796276,0.0447080198665509,curve,NTD-PL,
505.0,exp,505,0.1491156056523323,0.0447389631896386,curve,NTD-PL,
506.0,exp,506,0.14899823293089867,0.04475149075781565,curve,NTD-PL,
507.0,exp,507,0.14888921305537223,0.04476191538205689,curve,NTD-PL,
508.0,exp,508,0.14878702014684678,0.04477019443997361,curve,NTD-PL,
509.0,exp,509,0.14868942201137542,0.044776698549232025,curve,NTD-PL,
510.0,exp,510,0.1485132873058319,0.04480759610669771,curve,NTD-PL,
511.0,exp,511,0.14840521961450576,0.04481762224916859,curve,NTD-PL,
512.0,exp,512,0.14830275177955626,0.0448257941280481,curve,NTD-PL,
513.0,exp,513,0.14820484593510627,0.04483239840852445,curve,NTD-PL,
514.0,exp,514,0.14810993671417236,0.04483794320531097,curve,NTD-PL,
515.0,exp,515,0.14796117544174195,0.044862370274883365,curve,NTD-PL,
516.0,exp,516,0.14785848334431648,0.04487074250725649,curve,NTD-PL,
517.0,exp,517,0.14775974154472352,0.04487776525463484,curve,NTD-PL,
518.0,exp,518,0.14766445979475976,0.044883643012453095,curve,NTD-PL,
519.0,exp,519,0.1475716233253479,0.04488875293243838,curve,NTD-PL,
520.0,exp,520,0.14744009375572203,0.0449077705081408,curve,NTD-PL,
521.0,exp,521,0.14734218493103982,0.04491493447636611,curve,NTD-PL,
522.0,exp,522,0.14724753126502038,0.04492102641814903,curve,NTD-PL,
523.0,exp,523,0.14715569838881493,0.04492613607288869,curve,NTD-PL,
524.0,exp,524,0.14706589430570602,0.04493047798056964,curve,NTD-PL,
525.0,exp,525,0.14694512411952018,0.04494594193323088,curve,NTD-PL,
526.0,exp,526,0.1468510814011097,0.04495181656032592,curve,NTD-PL,
527.0,exp,527,0.14675984010100365,0.044956660671248115,curve,NTD-PL,
528.0,exp,528,0.14667111858725548,0.04496056271725376,curve,NTD-PL,
529.0,exp,529,0.14658425226807595,0.04496376506256616,curve,NTD-PL,
530.0,exp,530,0.14646904096007346,0.044977539600945256,curve,NTD-PL,
531.0,exp,531,0.1463780626654625,0.04498235916650853,curve,NTD-PL,
532.0,exp,532,0.14628971442580224,0.044986253283286336,curve,NTD-PL,
533.0,exp,533,0.14620373249053956,0.04498926221044735,curve,NTD-PL,
534.0,exp,534,0.1461194522678852,0.04499161361251921,curve,NTD-PL,
535.0,exp,535,0.14600765705108643,0.04500441466964298,curve,NTD-PL,
536.0,exp,536,0.14591935649514198,0.04500835694255443,curve,NTD-PL,
537.0,exp,537,0.14583358466625213,0.04501137267919234,curve,NTD-PL,
538.0,exp,538,0.14575007408857346,0.04501355282906009,curve,NTD-PL,
539.0,exp,539,0.1456681564450264,0.04501510463909983,curve,NTD-PL,
540.0,exp,540,0.14555949866771697,0.04502678354229623,curve,NTD-PL,
541.0,exp,541,0.14547355100512505,0.0450299359580643,curve,NTD-PL,
542.0,exp,542,0.14539000615477563,0.0450322421713556,curve,NTD-PL,
543.0,exp,543,0.14530859813094138,0.04503376462101902,curve,NTD-PL,
544.0,exp,544,0.14522867873311043,0.045034683955509476,curve,NTD-PL,
545.0,exp,545,0.1451225109398365,0.04504539604401627,curve,NTD-PL,
546.0,exp,546,0.14503853544592857,0.045047896441728755,curve,NTD-PL,
547.0,exp,547,0.14495688825845718,0.045049569477971355,curve,NTD-PL,
548.0,exp,548,0.1448773019015789,0.04505050374588898,curve,NTD-PL,
549.0,exp,549,0.14479909986257553,0.04505086353400536,curve,NTD-PL,
550.0,exp,550,0.14469495192170143,0.04506080467989088,curve,NTD-PL,
551.0,exp,551,0.14461265802383422,0.0450627488698364,curve,NTD-PL,
552.0,exp,552,0.1445326142013073,0.04506390085797793,curve,NTD-PL,
553.0,exp,553,0.14445453956723214,0.04506431775940024,curve,NTD-PL,
554.0,exp,554,0.1443777859210968,0.04506418761300764,curve,NTD-PL,
555.0,exp,555,0.14427552446722985,0.04507354337931141,curve,NTD-PL,
556.0,exp,556,0.1441946879029274,0.045074996706720404,curve,NTD-PL,
557.0,exp,557,0.14411603659391403,0.045075658606282196,curve,NTD-PL,
558.0,exp,558,0.14403930455446243,0.045075621937989564,curve,NTD-PL,
559.0,exp,559,0.14396384060382844,0.045075032763481786,curve,NTD-PL,
560.0,exp,560,0.14386313706636428,0.04508387627057431,curve,NTD-PL,
561.0,exp,561,0.14378357529640198,0.045084872452568404,curve,NTD-PL,
562.0,exp,562,0.14370618611574174,0.0450851145491565,curve,NTD-PL,
563.0,exp,563,0.1436306856572628,0.04508465592490783,curve,NTD-PL,
564.0,exp,564,0.1435564160346985,0.0450836690968656,curve,NTD-PL,
565.0,exp,565,0.14345690980553627,0.04509202362197723,curve,NTD-PL,
566.0,exp,566,0.14337851405143737,0.04509263007533526,curve,NTD-PL,
567.0,exp,567,0.14330225437879562,0.045092468903702825,curve,NTD-PL,
568.0,exp,568,0.14322785884141923,0.045091635726652764,curve,NTD-PL,
569.0,exp,569,0.1431546337902546,0.04509028466897266,curve,NTD-PL,
570.0,exp,570,0.14305629283189775,0.045098179000012985,curve,NTD-PL,
571.0,exp,571,0.14297894313931464,0.04509840862316841,curve,NTD-PL,
572.0,exp,572,0.14290369376540185,0.04509788296600999,curve,NTD-PL,
573.0,exp,573,0.14283027350902558,0.04509670449510286,curve,NTD-PL,
574.0,exp,574,0.14275798872113227,0.04509501832159637,curve,NTD-PL,
575.0,exp,575,0.14266081377863885,0.045102472226669126,curve,NTD-PL,
576.0,exp,576,0.14258440881967543,0.04510234125393711,curve,NTD-PL,
577.0,exp,577,0.14251010566949845,0.045101491003713856,curve,NTD-PL,
578.0,exp,578,0.142437594383955,0.04509996401033204,curve,NTD-PL,
579.0,exp,579,0.14236619845032691,0.04509795791382012,curve,NTD-PL,
580.0,exp,580,0.14227002784609794,0.04510500829623881,curve,NTD-PL,
581.0,exp,581,0.14219451174139977,0.04510453446674419,curve,NTD-PL,
582.0,exp,582,0.14212108552455902,0.045103353623781914,curve,NTD-PL,
583.0,exp,583,0.14204944148659707,0.04510150846205637,curve,NTD-PL,
584.0,exp,584,0.1419788770377636,0.045099196498143895,curve,NTD-PL,
585.0,exp,585,0.14188358932733536,0.04510584974759415,curve,NTD-PL,
586.0,exp,586,0.14180890321731568,0.04510506537947734,curve,NTD-PL,
587.0,exp,587,0.14173629730939866,0.04510356657897704,curve,NTD-PL,
588.0,exp,588,0.1416654534637928,0.045101425138301204,curve,NTD-PL,
589.0,exp,589,0.14159566685557365,0.045098809397796584,curve,NTD-PL,
590.0,exp,590,0.1415012411773205,0.0451050801304346,curve,NTD-PL,
591.0,exp,591,0.14142733961343765,0.04510398275690232,curve,NTD-PL,
592.0,exp,592,0.14135550558567048,0.04510217841448037,curve,NTD-PL,
593.0,exp,593,0.14128541424870492,0.04509974058317335,curve,NTD-PL,
594.0,exp,594,0.14121635630726814,0.04509682462353979,curve,NTD-PL,
595.0,exp,595,0.1411227375268936,0.045102737371347554,curve,NTD-PL,
596.0,exp,596,0.14104957655072212,0.045101326961939546,curve,NTD-PL,
597.0,exp,597,0.1409784734249115,0.04509922714658854,curve,NTD-PL,
598.0,exp,598,0.1409091055393219,0.04509648862353101,curve,NTD-PL,
599.0,exp,599,0.14084073826670646,0.04509328095772949,curve,NTD-PL,
600.0,exp,600,0.14074789062142373,0.04509883741860756,curve,NTD-PL,
601.0,exp,601,0.1406754322350025,0.04509714133696843,curve,NTD-PL,
602.0,exp,602,0.14060502052307128,0.045094746486646936,curve,NTD-PL,
603.0,exp,603,0.1405363366007805,0.04509171949863079,curve,NTD-PL,
604.0,exp,604,0.14046863466501236,0.045088232159296804,curve,NTD-PL,
605.0,exp,605,0.1403765231370926,0.045093427495472224,curve,NTD-PL,
606.0,exp,606,0.140304733812809,0.04509143669644859,curve,NTD-PL,
607.0,exp,607,0.14023498967289924,0.04508874944576122,curve,NTD-PL,
608.0,exp,608,0.14016695842146873,0.04508544204850102,curve,NTD-PL,
609.0,exp,609,0.1400998815894127,0.045081676697554154,curve,NTD-PL,
610.0,exp,610,0.14000848159193993,0.04508652105609492,curve,NTD-PL,
611.0,exp,611,0.13993732631206512,0.04508422706349163,curve,NTD-PL,
612.0,exp,612,0.13986822292208673,0.0450812557010673,curve,NTD-PL,
613.0,exp,613,0.1398008167743683,0.04507766277571932,curve,NTD-PL,
614.0,exp,614,0.13973435014486313,0.04507362980496184,curve,NTD-PL,
615.0,exp,615,0.1396436244249344,0.04507811613339354,curve,NTD-PL,
616.0,exp,616,0.13957309424877168,0.04507554374089158,curve,NTD-PL,
617.0,exp,617,0.13950460478663446,0.04507228565524926,curve,NTD-PL,
618.0,exp,618,0.13943779915571214,0.04506841430463149,curve,NTD-PL,
619.0,exp,619,0.13937190771102906,0.045064113884408986,curve,NTD-PL,
620.0,exp,620,0.13928185105323793,0.04506824440306435,curve,NTD-PL,
621.0,exp,621,0.1392119087278843,0.04506538223127168,curve,NTD-PL,
622.0,exp,622,0.1391440063714981,0.045061846624605974,curve,NTD-PL,
623.0,exp,623,0.13907778710126878,0.04505770406526072,curve,NTD-PL,
624.0,exp,624,0.13901244923472406,0.04505312399132614,curve,NTD-PL,
625.0,exp,625,0.13892303481698037,0.045056911921103046,curve,NTD-PL,
626.0,exp,626,0.13885366544127464,0.045053758267927485,curve,NTD-PL,
627.0,exp,627,0.1387863352894783,0.04504993927426655,curve,NTD-PL,
628.0,exp,628,0.13872067034244537,0.0450455235883919,curve,NTD-PL,
629.0,exp,629,0.13865587413311004,0.04504067505365275,curve,NTD-PL,
630.0,exp,630,0.13856709152460098,0.04504410503907478,curve,NTD-PL,
631.0,exp,631,0.1384982779622078,0.04504067255627409,curve,NTD-PL,
632.0,exp,632,0.13843149840831756,0.045036570651516554,curve,NTD-PL,
633.0,exp,633,0.13836636543273925,0.04503188134293447,curve,NTD-PL,
634.0,exp,634,0.13830209150910378,0.04502677176954135,curve,NTD-PL,
635.0,exp,635,0.1382139265537262,0.045029840236064,curve,NTD-PL,
636.0,exp,636,0.13814565241336824,0.04502611937740144,curve,NTD-PL,
637.0,exp,637,0.1380794018507004,0.04502174344831575,curve,NTD-PL,
638.0,exp,638,0.13801479563117028,0.04501678411505579,curve,NTD-PL,
639.0,exp,639,0.13795102536678314,0.04501140486834392,curve,NTD-PL,
640.0,exp,640,0.13786346316337586,0.04501412503946948,curve,NTD-PL,
641.0,exp,641,0.13779570981860162,0.04501011651203749,curve,NTD-PL,
642.0,exp,642,0.1377299815416336,0.04500546250390559,curve,NTD-PL,
643.0,exp,643,0.13766587823629378,0.045000231433198624,curve,NTD-PL,
644.0,exp,644,0.13760259822010995,0.044994591442696005,curve,NTD-PL,
645.0,exp,645,0.13751562535762787,0.04499694266011669,curve,NTD-PL,
646.0,exp,646,0.13744838312268257,0.04499265592528548,curve,NTD-PL,
647.0,exp,647,0.1373831570148468,0.04498771683109579,curve,NTD-PL,
648.0,exp,648,0.13731955513358116,0.04498222049285483,curve,NTD-PL,
649.0,exp,649,0.13725673630833626,0.044976316449727265,curve,NTD-PL,
650.0,exp,650,0.13717035576701164,0.04497830116646685,curve,NTD-PL,
651.0,exp,651,0.13710360676050187,0.04497373159695663,curve,NTD-PL,
652.0,exp,652,0.1370388686656952,0.04496852321085947,curve,NTD-PL,
653.0,exp,653,0.13697574213147162,0.04496275352185097,curve,NTD-PL,
654.0,exp,654,0.1369133897125721,0.04495658170213806,curve,NTD-PL,
655.0,exp,655,0.13682758808135986,0.04495819767433558,curve,NTD-PL,
656.0,exp,656,0.13676132038235664,0.04495334654850807,curve,NTD-PL,
657.0,exp,657,0.13669706434011458,0.04494786847073378,curve,NTD-PL,
658.0,exp,658,0.13663439601659774,0.04494181987499206,curve,NTD-PL,
659.0,exp,659,0.1365724928677082,0.04493538282743228,curve,NTD-PL,
660.0,exp,660,0.13648726418614388,0.044936635655533096,curve,NTD-PL,
661.0,exp,661,0.13642146438360214,0.04493150257813308,curve,NTD-PL,
662.0,exp,662,0.13635766878724098,0.04492573792009032,curve,NTD-PL,
663.0,exp,663,0.1362954556941986,0.04491942350596918,curve,NTD-PL,
664.0,exp,664,0.13623398244380952,0.04491272607348718,curve,NTD-PL,
665.0,exp,665,0.1361493267118931,0.04491360516737988,curve,NTD-PL,
666.0,exp,666,0.13608399108052255,0.04490818932955035,curve,NTD-PL,
667.0,exp,667,0.13602064773440362,0.044902144757169284,curve,NTD-PL,
668.0,exp,668,0.13595887944102286,0.04489556207173254,curve,NTD-PL,
669.0,exp,669,0.13589783012866974,0.044888601354067276,curve,NTD-PL,
670.0,exp,670,0.13558430969715118,0.04490945240357923,curve,NTD-PL,
671.0,exp,671,0.13550540208816528,0.04490768730255551,curve,NTD-PL,
672.0,exp,672,0.135429734736681,0.04490407331001537,curve,NTD-PL,
673.0,exp,673,0.13535959497094155,0.04489806702199027,curve,NTD-PL,
674.0,exp,674,0.1352936841547489,0.04489062998825799,curve,NTD-PL,
675.0,exp,675,0.13516807779669762,0.04490502995523162,curve,NTD-PL,
676.0,exp,676,0.13509369120001793,0.04490067507229762,curve,NTD-PL,
677.0,exp,677,0.13502518385648726,0.04489446617682555,curve,NTD-PL,
678.0,exp,678,0.13496045768260956,0.04488716203699629,curve,NTD-PL,
679.0,exp,679,0.13489715680480002,0.044879490441196594,curve,NTD-PL,
680.0,exp,680,0.13477200493216515,0.044890697587862106,curve,NTD-PL,
681.0,exp,681,0.13469990491867065,0.04488568872611066,curve,NTD-PL,
682.0,exp,682,0.13463206365704536,0.04487952564435733,curve,NTD-PL,
683.0,exp,683,0.13456779047846795,0.044872337045483275,curve,NTD-PL,
684.0,exp,684,0.13450542688369752,0.04486447293357264,curve,NTD-PL,
685.0,exp,685,0.13439668864011764,0.044870087789195316,curve,NTD-PL,
686.0,exp,686,0.1343268372118473,0.04486435443182288,curve,NTD-PL,
687.0,exp,687,0.13426072373986245,0.044857581928014874,curve,NTD-PL,
688.0,exp,688,0.13419755175709724,0.04484994162365474,curve,NTD-PL,
689.0,exp,689,0.13413575515151024,0.044841784576449606,curve,NTD-PL,
690.0,exp,690,0.13403256312012674,0.044845577573918514,curve,NTD-PL,
691.0,exp,691,0.1339643158018589,0.04483936249944374,curve,NTD-PL,
692.0,exp,692,0.13389930874109268,0.04483226580164237,curve,NTD-PL,
693.0,exp,693,0.13383687064051628,0.04482440775520894,curve,NTD-PL,
694.0,exp,694,0.13377558887004853,0.04481607262523196,curve,NTD-PL,
695.0,exp,695,0.1336788296699524,0.04481817105947853,curve,NTD-PL,
696.0,exp,696,0.13361193910241126,0.04481151635973203,curve,NTD-PL,
697.0,exp,697,0.13354789167642594,0.0448040678639436,curve,NTD-PL,
698.0,exp,698,0.13348607048392297,0.04479595401226385,curve,NTD-PL,
699.0,exp,699,0.13342524990439414,0.04478741129356059,curve,NTD-PL,
700.0,exp,700,0.13333285599946976,0.04478817719858429,curve,NTD-PL,
701.0,exp,701,0.13326697200536727,0.044781163156989795,curve,NTD-PL,
702.0,exp,702,0.13320375680923463,0.04477339680916658,curve,NTD-PL,
703.0,exp,703,0.13314266949892045,0.0447649616531505,curve,NTD-PL,
704.0,exp,704,0.13308254778385162,0.04475608462891055,curve,NTD-PL,
705.0,exp,705,0.1329926945269108,0.04475593758842245,curve,NTD-PL,
706.0,exp,706,0.13292779102921487,0.04474849090795446,curve,NTD-PL,
707.0,exp,707,0.13286541700363158,0.0447403253032571,curve,NTD-PL,
708.0,exp,708,0.132805023342371,0.04473156817069387,curve,NTD-PL,
709.0,exp,709,0.13274550214409828,0.044722415891493894,curve,NTD-PL,
710.0,exp,710,0.13265767470002174,0.044721554625711694,curve,NTD-PL,
711.0,exp,711,0.132593584805727,0.044713752773675695,curve,NTD-PL,
712.0,exp,712,0.13253192454576493,0.044705293216554455,curve,NTD-PL,
713.0,exp,713,0.13247216045856475,0.04469626416202355,curve,NTD-PL,
714.0,exp,714,0.13241321370005607,0.04468685415945371,curve,NTD-PL,
715.0,exp,715,0.13232719525694847,0.04468520229066007,curve,NTD-PL,
716.0,exp,716,0.1322638660669327,0.04467706426722599,curve,NTD-PL,
717.0,exp,717,0.13220288902521132,0.044668290933303746,curve,NTD-PL,
718.0,exp,718,0.13214371725916862,0.044658962812964276,curve,NTD-PL,
719.0,exp,719,0.13208530396223067,0.04464926831356363,curve,NTD-PL,
720.0,exp,720,0.13200075551867485,0.04464700459989836,curve,NTD-PL,
721.0,exp,721,0.13193809986114502,0.04463852130224911,curve,NTD-PL,
722.0,exp,722,0.13187770769000054,0.04462942065392825,curve,NTD-PL,
723.0,exp,723,0.13181906417012215,0.04461978567533806,curve,NTD-PL,
724.0,exp,724,0.131761122494936,0.04460979480339134,curve,NTD-PL,
725.0,exp,725,0.13167793601751326,0.04460698049241444,curve,NTD-PL,
726.0,exp,726,0.13161589875817298,0.044598171443973295,curve,NTD-PL,
727.0,exp,727,0.13155607506632805,0.04458875043500339,curve,NTD-PL,
728.0,exp,728,0.13149792179465294,0.04457883047883627,curve,NTD-PL,
729.0,exp,729,0.1314404509961605,0.044568560227614795,curve,NTD-PL,
730.0,exp,730,0.13135848119854926,0.04456519539482222,curve,NTD-PL,
731.0,exp,731,0.13129702284932138,0.044556052388417776,curve,NTD-PL,
732.0,exp,732,0.1312377244234085,0.04454633360082871,curve,NTD-PL,
733.0,exp,733,0.13118006363511087,0.04453612195001244,curve,NTD-PL,
734.0,exp,734,0.13112302571535112,0.04452558407414131,curve,NTD-PL,
735.0,exp,735,0.13104213923215866,0.04452168485161144,curve,NTD-PL,
736.0,exp,736,0.1309812292456627,0.04451222428800278,curve,NTD-PL,
737.0,exp,737,0.13092243820428848,0.04450220192088714,curve,NTD-PL,
738.0,exp,738,0.1308652088046074,0.04449169968852851,curve,NTD-PL,
739.0,exp,739,0.13080858215689659,0.04448088469029452,curve,NTD-PL,
740.0,exp,740,0.13072875812649726,0.04447647997129563,curve,NTD-PL,
741.0,exp,741,0.13066836446523666,0.04446670204801565,curve,NTD-PL,
742.0,exp,742,0.13061004132032394,0.044456382420490756,curve,NTD-PL,
743.0,exp,743,0.13055323883891107,0.04444559031171322,curve,NTD-PL,
744.0,exp,744,0.13049700260162353,0.044434508143054004,curve,NTD-PL,
745.0,exp,745,0.13041817545890808,0.044429598436702196,curve,NTD-PL,
746.0,exp,746,0.1303582727909088,0.04441950179745202,curve,NTD-PL,
747.0,exp,747,0.13030040189623832,0.04440888764589123,curve,NTD-PL,
748.0,exp,748,0.13024402186274528,0.044397835165471085,curve,NTD-PL,
749.0,exp,749,0.13018816336989403,0.04438647811957759,curve,NTD-PL,
750.0,exp,750,0.1301102489233017,0.04438106654164572,curve,NTD-PL,
751.0,exp,751,0.13005082532763482,0.04437066741415318,curve,NTD-PL,
752.0,exp,752,0.12999338582158088,0.044359757357885526,curve,NTD-PL,
753.0,exp,753,0.12993739619851113,0.044348423042690065,curve,NTD-PL,
754.0,exp,754,0.1298818990588188,0.044336806750490725,curve,NTD-PL,
755.0,exp,755,0.12980487197637558,0.044330895269842616,curve,NTD-PL,
756.0,exp,756,0.12974590063095093,0.04432018460481375,curve,NTD-PL,
757.0,exp,757,0.12968887984752656,0.044308994233594134,curve,NTD-PL,
758.0,exp,758,0.12963327020406723,0.044297383804041954,curve,NTD-PL,
759.0,exp,759,0.12957812398672103,0.0442854982885117,curve,NTD-PL,
760.0,exp,760,0.12950196191668512,0.04427910016215388,curve,NTD-PL,
761.0,exp,761,0.12944342866539954,0.044268094850338155,curve,NTD-PL,
762.0,exp,762,0.12938681617379189,0.04425660687287235,curve,NTD-PL,
763.0,exp,763,0.1293315790593624,0.04424472156232295,curve,NTD-PL,
764.0,exp,764,0.1292767807841301,0.044232564808218376,curve,NTD-PL,
765.0,exp,765,0.12920141592621803,0.04422570353681925,curve,NTD-PL,
766.0,exp,766,0.1291433095932007,0.044214390566458,curve,NTD-PL,
767.0,exp,767,0.12908709421753883,0.04420261994088768,curve,NTD-PL,
768.0,exp,768,0.12903221547603608,0.04419045777744595,curve,NTD-PL,
769.0,exp,769,0.12897775769233705,0.04417803677566195,curve,NTD-PL,
770.0,exp,770,0.1289031594991684,0.04417071223781051,curve,NTD-PL,
771.0,exp,771,0.1288454681634903,0.04415909418996373,curve,NTD-PL,
772.0,exp,772,0.12878964170813562,0.044147036648963855,curve,NTD-PL,
773.0,exp,773,0.12873511537909507,0.0441346020587471,curve,NTD-PL,
774.0,exp,774,0.12868098840117453,0.04412191852582138,curve,NTD-PL,
775.0,exp,775,0.12860714122653008,0.044114124766783364,curve,NTD-PL,
776.0,exp,776,0.12854985371232033,0.044102211344795444,curve,NTD-PL,
777.0,exp,777,0.12849439829587936,0.0440898669248417,curve,NTD-PL,
778.0,exp,778,0.128440223634243,0.044077161814837056,curve,NTD-PL,
779.0,exp,779,0.1283864177763462,0.04406420589827651,curve,NTD-PL,
780.0,exp,780,0.12831329703330993,0.044055957218204815,curve,NTD-PL,
781.0,exp,781,0.12825640439987182,0.04404374416360828,curve,NTD-PL,
782.0,exp,782,0.12820130959153175,0.044031110301665406,curve,NTD-PL,
783.0,exp,783,0.12814747765660287,0.04401813739181386,curve,NTD-PL,
784.0,exp,784,0.12809398993849755,0.04400492952496275,curve,NTD-PL,
785.0,exp,785,0.12802156805992126,0.04399621122196373,curve,NTD-PL,
786.0,exp,786,0.1279650554060936,0.04398370057027588,curve,NTD-PL,
787.0,exp,787,0.12791032642126082,0.0439707846474244,curve,NTD-PL,
788.0,exp,788,0.12785682454705238,0.043957548158243195,curve,NTD-PL,
789.0,exp,789,0.12780364975333214,0.04394407381326746,curve,NTD-PL,
790.0,exp,790,0.12773189395666124,0.043934897749801256,curve,NTD-PL,
791.0,exp,791,0.12767576575279235,0.043922087601589464,curve,NTD-PL,
792.0,exp,792,0.12762138918042182,0.04390889515865274,curve,NTD-PL,
793.0,exp,793,0.12756821066141127,0.04389539364880857,curve,NTD-PL,
794.0,exp,794,0.12751534581184387,0.04388166157741724,curve,NTD-PL,
795.0,exp,795,0.12744424417614936,0.043872024218733714,curve,NTD-PL,
796.0,exp,796,0.12738847732543945,0.0438589207768739,curve,NTD-PL,
797.0,exp,797,0.12733445316553116,0.0438454515354939,curve,NTD-PL,
798.0,exp,798,0.12728159576654435,0.043831676582673534,curve,NTD-PL,
799.0,exp,799,0.1272290341556072,0.04381768627718891,curve,NTD-PL,
800.0,exp,800,0.12715855687856675,0.04380759634596422,curve,NTD-PL,
801.0,exp,801,0.12710315734148026,0.04379420394569627,curve,NTD-PL,
802.0,exp,802,0.12704946771264075,0.04378045468014682,curve,NTD-PL,
803.0,exp,803,0.12699692994356154,0.04376641612759043,curve,NTD-PL,
804.0,exp,804,0.12694466412067412,0.04375216176724733,curve,NTD-PL,
805.0,exp,805,0.12687480375170707,0.0437416213301402,curve,NTD-PL,
806.0,exp,806,0.126819758862257,0.04372793964838399,curve,NTD-PL,
807.0,exp,807,0.126766400039196,0.04371390747328172,curve,NTD-PL,
808.0,exp,808,0.12671417370438576,0.04369960573548946,curve,NTD-PL,
809.0,exp,809,0.1266622044146061,0.04368510012898337,curve,NTD-PL,
810.0,exp,810,0.1265929415822029,0.04367410148298161,curve,NTD-PL,
811.0,exp,811,0.12653823867440223,0.04366013367565043,curve,NTD-PL,
812.0,exp,812,0.1264852188527584,0.043645829904021514,curve,NTD-PL,
813.0,exp,813,0.1264332927763462,0.04363126124898249,curve,NTD-PL,
814.0,exp,814,0.12638161480426788,0.043616492989756415,curve,NTD-PL,
815.0,exp,815,0.12631292641162872,0.04360505484290952,curve,NTD-PL,
816.0,exp,816,0.12625856548547745,0.04359078936512213,curve,NTD-PL,
817.0,exp,817,0.12620586156845093,0.04357621417471275,curve,NTD-PL,
818.0,exp,818,0.12615424543619155,0.04356139061878824,curve,NTD-PL,
819.0,exp,819,0.12610285580158234,0.043546369030011044,curve,NTD-PL,
820.0,exp,820,0.12603472471237182,0.0435344810300454,curve,NTD-PL,
821.0,exp,821,0.12598070204257966,0.04351993251748559,curve,NTD-PL,
822.0,exp,822,0.12592831403017044,0.04350507527778694,curve,NTD-PL,
823.0,exp,823,0.1258769929409027,0.04348999184899138,curve,NTD-PL,
824.0,exp,824,0.12582588642835618,0.043474723527117516,curve,NTD-PL,
825.0,exp,825,0.12575830146670341,0.043462380491629066,curve,NTD-PL,
826.0,exp,826,0.12570460438728331,0.043447538494603775,curve,NTD-PL,
827.0,exp,827,0.1256525322794914,0.04343242455760016,curve,NTD-PL,
828.0,exp,828,0.12560150399804115,0.04341708047665223,curve,NTD-PL,
829.0,exp,829,0.12555067390203475,0.04340155534813308,curve,NTD-PL,
830.0,exp,830,0.12548362389206885,0.04338876949566636,curve,NTD-PL,
831.0,exp,831,0.12543025612831116,0.043373646877284185,curve,NTD-PL,
832.0,exp,832,0.12537848725914955,0.043358260165173364,curve,NTD-PL,
833.0,exp,833,0.12532774433493615,0.04334265998779609,curve,NTD-PL,
834.0,exp,834,0.12527719065546988,0.04332688700680534,curve,NTD-PL,
835.0,exp,835,0.12494792938232421,0.04329364741430918,curve,NTD-PL,
836.0,exp,836,0.1248796708881855,0.043278435495271626,curve,NTD-PL,
837.0,exp,837,0.12481479123234748,0.04326270735690439,curve,NTD-PL,
838.0,exp,838,0.12475565150380134,0.04324649857316707,curve,NTD-PL,
839.0,exp,839,0.12470111846923829,0.0432299249129382,curve,NTD-PL,
840.0,exp,840,0.12459377869963646,0.043216266778923845,curve,NTD-PL,
841.0,exp,841,0.12453308999538422,0.04319996475287514,curve,NTD-PL,
842.0,exp,842,0.1244778148829937,0.04318362356757141,curve,NTD-PL,
843.0,exp,843,0.12442479506134987,0.04316756189952123,curve,NTD-PL,
844.0,exp,844,0.12437155172228813,0.04315172411663471,curve,NTD-PL,
845.0,exp,845,0.12427133172750474,0.043135577079296536,curve,NTD-PL,
846.0,exp,846,0.12421206906437873,0.04311954443629939,curve,NTD-PL,
847.0,exp,847,0.12415599524974823,0.04310356693798117,curve,NTD-PL,
848.0,exp,848,0.12410200163722038,0.04308772268904363,curve,NTD-PL,
849.0,exp,849,0.12404898926615715,0.043071739851183434,curve,NTD-PL,
850.0,exp,850,0.12396587580442428,0.04305371138792493,curve,NTD-PL,
851.0,exp,851,0.12390817627310753,0.043037259421756374,curve,NTD-PL,
852.0,exp,852,0.12385335713624954,0.043020936041467714,curve,NTD-PL,
853.0,exp,853,0.12380030527710914,0.04300470451435507,curve,NTD-PL,
854.0,exp,854,0.12374799400568008,0.042988145608476,curve,NTD-PL,
855.0,exp,855,0.1236675001680851,0.04297025166433358,curve,NTD-PL,
856.0,exp,856,0.12361095920205116,0.042953541208979186,curve,NTD-PL,
857.0,exp,857,0.12355696484446525,0.04293673205775693,curve,NTD-PL,
858.0,exp,858,0.12350449785590172,0.04291990429853236,curve,NTD-PL,
859.0,exp,859,0.12345257848501205,0.04290284780937089,curve,NTD-PL,
860.0,exp,860,0.12337632179260254,0.04288605250644079,curve,NTD-PL,
861.0,exp,861,0.12332074791193008,0.04286902676696414,curve,NTD-PL,
862.0,exp,862,0.12326732352375984,0.04285195828065902,curve,NTD-PL,
863.0,exp,863,0.12321522459387779,0.04283490239061571,curve,NTD-PL,
864.0,exp,864,0.12316366359591484,0.04281766427101588,curve,NTD-PL,
865.0,exp,865,0.12309079393744468,0.042800514751526665,curve,NTD-PL,
866.0,exp,866,0.12303599417209625,0.0427832010209634,curve,NTD-PL,
867.0,exp,867,0.12298314720392227,0.042765862164985145,curve,NTD-PL,
868.0,exp,868,0.12293158620595931,0.04274849452264352,curve,NTD-PL,
869.0,exp,869,0.12288045138120651,0.04273094647130988,curve,NTD-PL,
870.0,exp,870,0.1228093072772026,0.04271332361224866,curve,NTD-PL,
871.0,exp,871,0.12275512963533401,0.0426956971303103,curve,NTD-PL,
872.0,exp,872,0.12270274981856347,0.04267805090572571,curve,NTD-PL,
873.0,exp,873,0.12265159264206886,0.042660373955857984,curve,NTD-PL,
874.0,exp,874,0.12260079681873322,0.042642532314058804,curve,NTD-PL,
875.0,exp,875,0.12253125011920929,0.04262472633363325,curve,NTD-PL,
876.0,exp,876,0.12247765883803367,0.04260680351342383,curve,NTD-PL,
877.0,exp,877,0.12242574244737625,0.04258886139914117,curve,NTD-PL,
878.0,exp,878,0.12237502187490464,0.04257086740405778,curve,NTD-PL,
879.0,exp,879,0.1223246157169342,0.04255272992683938,curve,NTD-PL,
880.0,exp,880,0.12225651443004608,0.042534612356194,curve,NTD-PL,
881.0,exp,881,0.12220347374677658,0.04251637886610833,curve,NTD-PL,
882.0,exp,882,0.12215198278427124,0.042498152990018696,curve,NTD-PL,
883.0,exp,883,0.12210166305303574,0.042479875457618554,curve,NTD-PL,
884.0,exp,884,0.12205159515142441,0.04246147530196011,curve,NTD-PL,
885.0,exp,885,0.12198462560772896,0.04244290612527304,curve,NTD-PL,
886.0,exp,886,0.12193205505609513,0.042424376048590624,curve,NTD-PL,
887.0,exp,887,0.12188095897436142,0.04240587564926632,curve,NTD-PL,
888.0,exp,888,0.12183102071285248,0.042387314885816624,curve,NTD-PL,
889.0,exp,889,0.12178128585219383,0.04236865109026492,curve,NTD-PL,
890.0,exp,890,0.12171529084444047,0.042349687588899766,curve,NTD-PL,
891.0,exp,891,0.12166317701339721,0.042330872193693185,curve,NTD-PL,
892.0,exp,892,0.12161245346069335,0.04231208615899656,curve,NTD-PL,
893.0,exp,893,0.12156287282705307,0.04229324361376335,curve,NTD-PL,
894.0,exp,894,0.12151343598961831,0.04227430899641085,curve,NTD-PL,
895.0,exp,895,0.12144840508699417,0.042254999924072535,curve,NTD-PL,
896.0,exp,896,0.12139670997858047,0.042235895648445605,curve,NTD-PL,
897.0,exp,897,0.1213463269174099,0.04221682948137895,curve,NTD-PL,
898.0,exp,898,0.12129707261919975,0.042197715924199304,curve,NTD-PL,
899.0,exp,899,0.1212479293346405,0.04217851920541543,curve,NTD-PL,
900.0,exp,900,0.12118378058075904,0.04215879435564809,curve,NTD-PL,
901.0,exp,901,0.12113248258829117,0.04213939173701547,curve,NTD-PL,
902.0,exp,902,0.12108244597911835,0.042120068549578504,curve,NTD-PL,
903.0,exp,903,0.12103353515267372,0.0421007037080697,curve,NTD-PL,
904.0,exp,904,0.12098469510674477,0.04208127021543777,curve,NTD-PL,
905.0,exp,905,0.12092127948999405,0.04206106468562339,curve,NTD-PL,
906.0,exp,906,0.12087035700678825,0.042041384568391856,curve,NTD-PL,
907.0,exp,907,0.12082065716385841,0.042021790947584216,curve,NTD-PL,
908.0,exp,908,0.12077207192778587,0.042002178447234736,curve,NTD-PL,
909.0,exp,909,0.12072352841496467,0.04198249426970756,curve,NTD-PL,
910.0,exp,910,0.12066078558564186,0.041961856024269634,curve,NTD-PL,
911.0,exp,911,0.12061022371053695,0.04194190132295206,curve,NTD-PL,
912.0,exp,912,0.12056084722280502,0.04192204945259116,curve,NTD-PL,
913.0,exp,913,0.1205125667154789,0.041902181781829605,curve,NTD-PL,
914.0,exp,914,0.12046430110931397,0.041882263714880984,curve,NTD-PL,
915.0,exp,915,0.12040224075317382,0.041861179923483434,curve,NTD-PL,
916.0,exp,916,0.12035201862454414,0.041840949781549924,curve,NTD-PL,
917.0,exp,917,0.12030295208096504,0.041820846427973124,curve,NTD-PL,
918.0,exp,918,0.12025495767593383,0.0418007328574338,curve,NTD-PL,
919.0,exp,919,0.12020695805549622,0.041780576722921896,curve,NTD-PL,
920.0,exp,920,0.12014555558562279,0.04175904762100687,curve,NTD-PL,
921.0,exp,921,0.12009566277265549,0.041738537603309395,curve,NTD-PL,
922.0,exp,922,0.12004689648747444,0.04171818060768301,curve,NTD-PL,
923.0,exp,923,0.11999917775392532,0.04169783130857735,curve,NTD-PL,
924.0,exp,924,0.11995143443346024,0.04167743478420331,curve,NTD-PL,
925.0,exp,925,0.11989064812660218,0.04165546739005836,curve,NTD-PL,
926.0,exp,926,0.11984107568860054,0.04163469660112434,curve,NTD-PL,
927.0,exp,927,0.11979259923100471,0.04161407817602629,curve,NTD-PL,
928.0,exp,928,0.11974514871835709,0.04159348112914086,curve,NTD-PL,
929.0,exp,929,0.11969767138361931,0.0415728498527421,curve,NTD-PL,
930.0,exp,930,0.11963744685053826,0.0415504546994281,curve,NTD-PL,
931.0,exp,931,0.11958818137645721,0.04152941535396664,curve,NTD-PL,
932.0,exp,932,0.11953999102115631,0.041508550327215295,curve,NTD-PL,
933.0,exp,933,0.1194928027689457,0.04148771858240499,curve,NTD-PL,
934.0,exp,934,0.11944558173418045,0.04146686016200321,curve,NTD-PL,
935.0,exp,935,0.11938588842749595,0.04144402335270569,curve,NTD-PL,
936.0,exp,936,0.11933692023158074,0.04142271650272199,curve,NTD-PL,
937.0,exp,937,0.11928900629281998,0.04140160709672764,curve,NTD-PL,
938.0,exp,938,0.11924207285046577,0.0413805439777056,curve,NTD-PL,
939.0,exp,939,0.11919510811567306,0.04135945704992256,curve,NTD-PL,
940.0,exp,940,0.11913591772317886,0.04133617878304601,curve,NTD-PL,
941.0,exp,941,0.11908723935484886,0.041314605263035646,curve,NTD-PL,
942.0,exp,942,0.11903959885239601,0.04129325130449248,curve,NTD-PL,
943.0,exp,943,0.1189929112792015,0.041271971285552045,curve,NTD-PL,
944.0,exp,944,0.1189461849629879,0.041250650920163584,curve,NTD-PL,
945.0,exp,945,0.11888748928904533,0.04122693845105873,curve,NTD-PL,
946.0,exp,946,0.1188390888273716,0.04120510925183306,curve,NTD-PL,
947.0,exp,947,0.11879171431064606,0.04118351498870478,curve,NTD-PL,
948.0,exp,948,0.11874526515603065,0.04116200196225146,curve,NTD-PL,
949.0,exp,949,0.11869877800345421,0.04114046098928014,curve,NTD-PL,
950.0,exp,950,0.11864054650068283,0.041116318569171605,curve,NTD-PL,
951.0,exp,951,0.1185924120247364,0.04109423373195048,curve,NTD-PL,
952.0,exp,952,0.11854530051350594,0.04107240017525022,curve,NTD-PL,
953.0,exp,953,0.11849908158183098,0.04105066157405326,curve,NTD-PL,
954.0,exp,954,0.11845283433794976,0.041028899973691,curve,NTD-PL,
955.0,exp,955,0.11839503794908524,0.04100432534824078,curve,NTD-PL,
956.0,exp,956,0.11834717094898224,0.04098198983557817,curve,NTD-PL,
957.0,exp,957,0.11830030679702759,0.040959918309435295,curve,NTD-PL,
958.0,exp,958,0.11825432181358338,0.04093796049828301,curve,NTD-PL,
959.0,exp,959,0.11820830777287483,0.040915983583945846,curve,NTD-PL,
960.0,exp,960,0.11815092414617538,0.04089098237281099,curve,NTD-PL,
961.0,exp,961,0.1181033156812191,0.040868396270121524,curve,NTD-PL,
962.0,exp,962,0.11805669516324997,0.040846084230958944,curve,NTD-PL,
963.0,exp,963,0.11801093369722367,0.04082391731303321,curve,NTD-PL,
964.0,exp,964,0.11796514764428138,0.040801717497389665,curve,NTD-PL,
965.0,exp,965,0.11790816485881805,0.0407762959568148,curve,NTD-PL,
966.0,exp,966,0.11786080747842789,0.04075346476824619,curve,NTD-PL,
967.0,exp,967,0.11781443059444427,0.04073092154805013,curve,NTD-PL,
968.0,exp,968,0.1177688866853714,0.04070853674621593,curve,NTD-PL,
969.0,exp,969,0.11772332265973091,0.040686124090886976,curve,NTD-PL,
970.0,exp,970,0.11766671910881996,0.04066028773249977,curve,NTD-PL,
971.0,exp,971,0.11761960536241531,0.04063720722482376,curve,NTD-PL,
972.0,exp,972,0.11757346540689469,0.04061443325533197,curve,NTD-PL,
973.0,exp,973,0.11752814278006554,0.04059183715420583,curve,NTD-PL,
974.0,exp,974,0.11748278811573983,0.040569211454068964,curve,NTD-PL,
975.0,exp,975,0.1174265593290329,0.04054296383567527,curve,NTD-PL,
976.0,exp,976,0.11737967655062675,0.040519643337841464,curve,NTD-PL,
977.0,exp,977,0.11733376607298851,0.04049664490327191,curve,NTD-PL,
978.0,exp,978,0.11728865578770638,0.04047384190507049,curve,NTD-PL,
979.0,exp,979,0.11724351942539216,0.04045101187633665,curve,NTD-PL,
980.0,exp,980,0.11718763262033463,0.04042434197804342,curve,NTD-PL,
981.0,exp,981,0.11714099124073982,0.040400783922985406,curve,NTD-PL,
982.0,exp,982,0.11709529757499695,0.04037756184366018,curve,NTD-PL,
983.0,exp,983,0.11705039590597152,0.04035455945618382,curve,NTD-PL,
984.0,exp,984,0.11700547114014626,0.04033152516570523,curve,NTD-PL,
985.0,exp,985,0.11694992184638978,0.04030444751784629,curve,NTD-PL,
986.0,exp,986,0.11690350249409676,0.04028064877812683,curve,NTD-PL,
987.0,exp,987,0.11685803160071373,0.04025721561379417,curve,NTD-PL,
988.0,exp,988,0.11681333556771278,0.04023400359308816,curve,NTD-PL,
989.0,exp,989,0.11676861643791199,0.040210764177108296,curve,NTD-PL,
990.0,exp,990,0.11671338900923729,0.04018329046709692,curve,NTD-PL,
991.0,exp,991,0.11666719093918801,0.04015926847413034,curve,NTD-PL,
992.0,exp,992,0.1166219361126423,0.04013562234009781,curve,NTD-PL,
993.0,exp,993,0.11657743975520134,0.04011220620884531,curve,NTD-PL,
994.0,exp,994,0.11653292328119277,0.04008877174316651,curve,NTD-PL,
995.0,exp,995,0.11647800579667092,0.040060893493407745,curve,NTD-PL,
996.0,exp,996,0.1164320170879364,0.04003663930973634,curve,NTD-PL,
997.0,exp,997,0.11638697907328606,0.040012777511877894,curve,NTD-PL,
998.0,exp,998,0.11634268090128899,0.03998917223067035,curve,NTD-PL,
999.0,exp,999,0.11629836186766625,0.0399655401868035,curve,NTD-PL,
1000.0,exp,1000,0.1162437453866005,0.03993727290765362,curve,NTD-PL,
1001.0,linear,0,0.02904933150857687,0.0008582137627600447,curve,NTD-PL,
1002.0,linear,1,0.02912922389805317,0.0008508889107638016,curve,NTD-PL,
1003.0,linear,2,0.029056808911263943,0.0008577252376631935,curve,NTD-PL,
1004.0,linear,3,0.02907447423785925,0.0008569170258314251,curve,NTD-PL,
1005.0,linear,4,0.02909301519393921,0.0008537960642118623,curve,NTD-PL,
1006.0,linear,5,0.029047562181949614,0.0008658963887661618,curve,NTD-PL,
1007.0,linear,6,0.029044907726347446,0.0008656025305716994,curve,NTD-PL,
1008.0,linear,7,0.029042472690343858,0.0008662419207234645,curve,NTD-PL,
1009.0,linear,8,0.029042102582752704,0.0008668344459437072,curve,NTD-PL,
1010.0,linear,9,0.029043309949338438,0.0008666604714249123,curve,NTD-PL,
1011.0,linear,10,0.029042509011924268,0.0008664179954930701,curve,NTD-PL,
1012.0,linear,11,0.029041788913309573,0.0008660866197051097,curve,NTD-PL,
1013.0,linear,12,0.0290402302518487,0.0008662616670068691,curve,NTD-PL,
1014.0,linear,13,0.029039253108203412,0.0008666397205194712,curve,NTD-PL,
1015.0,linear,14,0.029039678722620012,0.0008667774340320054,curve,NTD-PL,
1016.0,linear,15,0.02904004491865635,0.0008667249423117545,curve,NTD-PL,
1017.0,linear,16,0.029040189646184444,0.0008665409456612116,curve,NTD-PL,
1018.0,linear,17,0.029039304330945016,0.0008665260379099135,curve,NTD-PL,
1019.0,linear,18,0.029038295894861222,0.0008666370628271245,curve,NTD-PL,
1020.0,linear,19,0.029038146138191223,0.0008667004567004278,curve,NTD-PL,
1021.0,linear,20,0.02903827503323555,0.000866715997550431,curve,NTD-PL,
1022.0,linear,21,0.029038722813129424,0.0008666604649312848,curve,NTD-PL,
1023.0,linear,22,0.029038534313440324,0.0008666563223413887,curve,NTD-PL,
1024.0,linear,23,0.02903798148036003,0.0008667025651490029,curve,NTD-PL,
1025.0,linear,24,0.029037747532129288,0.0008667296422103711,curve,NTD-PL,
1026.0,linear,25,0.02903773132711649,0.0008667283115854479,curve,NTD-PL,
1027.0,linear,26,0.02903783358633518,0.0008667198703116755,curve,NTD-PL,
1028.0,linear,27,0.02903762925416231,0.000866725648306702,curve,NTD-PL,
1029.0,linear,28,0.029037370532751083,0.0008667379610098382,curve,NTD-PL,
1030.0,linear,29,0.029037391021847724,0.0008667446131385357,curve,NTD-PL,
1031.0,linear,30,0.029037425108253957,0.0008667564804739182,curve,NTD-PL,
1032.0,linear,31,0.029037527926266193,0.0008667666464478611,curve,NTD-PL,
1033.0,linear,32,0.02903738245368004,0.0008667648298571852,curve,NTD-PL,
1034.0,linear,33,0.029037179052829744,0.0008667487656393521,curve,NTD-PL,
1035.0,linear,34,0.029037136025726794,0.000866743968067263,curve,NTD-PL,
1036.0,linear,35,0.0290371373295784,0.0008667568873865495,curve,NTD-PL,
1037.0,linear,36,0.02903716005384922,0.0008667698385946549,curve,NTD-PL,
1038.0,linear,37,0.029037093557417393,0.0008667678291549471,curve,NTD-PL,
1039.0,linear,38,0.029037041962146758,0.0008667626375273676,curve,NTD-PL,
1040.0,linear,39,0.029037054628133774,0.0008667681543173346,curve,NTD-PL,
1041.0,linear,40,0.029037005640566348,0.0008667801893847906,curve,NTD-PL,
1042.0,linear,41,0.02903701476752758,0.0008667816960275007,curve,NTD-PL,
1043.0,linear,42,0.029036979004740716,0.0008667709500777673,curve,NTD-PL,
1044.0,linear,43,0.02903693839907646,0.0008667614878202182,curve,NTD-PL,
1045.0,linear,44,0.029036936350166798,0.0008667671523013545,curve,NTD-PL,
1046.0,linear,45,0.029036926105618477,0.0008667766557496725,curve,NTD-PL,
1047.0,linear,46,0.029036918468773366,0.0008667845859327335,curve,NTD-PL,
1048.0,linear,47,0.02903689406812191,0.0008667791220982065,curve,NTD-PL,
1049.0,linear,48,0.029036879912018775,0.0008667733104483245,curve,NTD-PL,
1050.0,linear,49,0.02903688307851553,0.0008667719030073146,curve,NTD-PL,
1051.0,linear,50,0.029036867991089822,0.0008667732315561322,curve,NTD-PL,
1052.0,linear,51,0.0290368739515543,0.000866777817344008,curve,NTD-PL,
1053.0,linear,52,0.029036866128444673,0.0008667785766609928,curve,NTD-PL,
1054.0,linear,53,0.02903685104101896,0.0008667770934105881,curve,NTD-PL,
1055.0,linear,54,0.029036844708025457,0.0008667760333029304,curve,NTD-PL,
1056.0,linear,55,0.02903683576732874,0.0008667735441585997,curve,NTD-PL,
1057.0,linear,56,0.029036831483244895,0.0008667736979733606,curve,NTD-PL,
1058.0,linear,57,0.029036826454102993,0.000866775250500284,curve,NTD-PL,
1059.0,linear,58,0.02903682868927717,0.0008667757663017021,curve,NTD-PL,
1060.0,linear,59,0.02903683390468359,0.0008667746105993637,curve,NTD-PL,
1061.0,linear,60,0.029036824218928815,0.0008667730455976059,curve,NTD-PL,
1062.0,linear,61,0.029036823473870755,0.0008667735571541682,curve,NTD-PL,
1063.0,linear,62,0.02903681993484497,0.000866773221659729,curve,NTD-PL,
1064.0,linear,63,0.029036818258464336,0.0008667717911659183,curve,NTD-PL,
1065.0,linear,64,0.0290368165820837,0.000866771732418114,curve,NTD-PL,
1066.0,linear,65,0.029036814346909523,0.0008667737627751586,curve,NTD-PL,
1067.0,linear,66,0.029036813229322434,0.0008667739270283546,curve,NTD-PL,
1068.0,linear,67,0.029036811925470828,0.0008667723311034839,curve,NTD-PL,
1069.0,linear,68,0.02903681304305792,0.0008667701185833894,curve,NTD-PL,
1070.0,linear,69,0.02903681229799986,0.0008667674001201791,curve,NTD-PL,
1071.0,linear,70,0.029036811366677285,0.0008667701517967763,curve,NTD-PL,
1072.0,linear,71,0.029036812111735345,0.0008667700503367244,curve,NTD-PL,
1073.0,linear,72,0.02903681229799986,0.0008667690391421735,curve,NTD-PL,
1074.0,linear,73,0.02903681006282568,0.0008667701319547318,curve,NTD-PL,
1075.0,linear,74,0.02903680969029665,0.0008667695703008815,curve,NTD-PL,
1076.0,linear,75,0.029036809876561164,0.000866769813325855,curve,NTD-PL,
1077.0,linear,76,0.029036810621619225,0.0008667686881118087,curve,NTD-PL,
1078.0,linear,77,0.02903681229799986,0.0008667680109576365,curve,NTD-PL,
1079.0,linear,78,0.02903681229799986,0.0008667679917787304,curve,NTD-PL,
1080.0,linear,79,0.029036811925470828,0.0008667681160080282,curve,NTD-PL,
1081.0,linear,80,0.02903681043535471,0.0008667664111357166,curve,NTD-PL,
1082.0,linear,81,0.029036812484264374,0.0008667661003430322,curve,NTD-PL,
1083.0,linear,82,0.029036812670528888,0.0008667656743492545,curve,NTD-PL,
1084.0,linear,83,0.029036812856793402,0.000866764680816738,curve,NTD-PL,
1085.0,linear,84,0.029036812856793402,0.0008667643615787063,curve,NTD-PL,
1086.0,linear,85,0.0290368115529418,0.0008667644504970309,curve,NTD-PL,
1087.0,linear,86,0.029036813601851463,0.0008667643019569291,curve,NTD-PL,
1088.0,linear,87,0.029036813974380495,0.0008667637333195565,curve,NTD-PL,
1089.0,linear,88,0.029036815837025644,0.0008667635182365739,curve,NTD-PL,
1090.0,linear,89,0.02903681341558695,0.0008667640333163161,curve,NTD-PL,
1091.0,linear,90,0.029036814346909523,0.0008667640556604907,curve,NTD-PL,
1092.0,linear,91,0.029036815091967583,0.0008667640517369871,curve,NTD-PL,
1093.0,linear,92,0.029036816954612733,0.0008667636310118588,curve,NTD-PL,
1094.0,linear,93,0.02903681732714176,0.0008667637496465458,curve,NTD-PL,
1095.0,linear,94,0.02903681676834822,0.0008667624012073273,curve,NTD-PL,
1096.0,linear,95,0.029036815837025644,0.0008667606233818267,curve,NTD-PL,
1097.0,linear,96,0.029036816954612733,0.000866762560437851,curve,NTD-PL,
1098.0,linear,97,0.029036819003522396,0.0008667608888170541,curve,NTD-PL,
1099.0,linear,98,0.02903681844472885,0.0008667619463901576,curve,NTD-PL,
1100.0,linear,99,0.02903681676834822,0.0008667610750312754,curve,NTD-PL,
1101.0,linear,100,0.02903681844472885,0.0008667622882540486,curve,NTD-PL,
1102.0,linear,101,0.02903682067990303,0.0008667608380667634,curve,NTD-PL,
1103.0,linear,102,0.02903682142496109,0.0008667601048698789,curve,NTD-PL,
1104.0,linear,103,0.029036821983754634,0.0008667607402542161,curve,NTD-PL,
1105.0,linear,104,0.029036820493638517,0.0008667602227094981,curve,NTD-PL,
1106.0,linear,105,0.02903682179749012,0.0008667604330757833,curve,NTD-PL,
1107.0,linear,106,0.029036823101341723,0.0008667615936200291,curve,NTD-PL,
1108.0,linear,107,0.029036823846399783,0.0008667594219228491,curve,NTD-PL,
1109.0,linear,108,0.02903682366013527,0.0008667590137902474,curve,NTD-PL,
1110.0,linear,109,0.029036823101341723,0.0008667591611886835,curve,NTD-PL,
1111.0,linear,110,0.02903682366013527,0.0008667600588825126,curve,NTD-PL,
1112.0,linear,111,0.029036824218928815,0.0008667590719969373,curve,NTD-PL,
1113.0,linear,112,0.029036824591457844,0.0008667575750262661,curve,NTD-PL,
1114.0,linear,113,0.029036825336515904,0.0008667576781110424,curve,NTD-PL,
1115.0,linear,114,0.029036825336515904,0.0008667587007662057,curve,NTD-PL,
1116.0,linear,115,0.029036824032664298,0.0008667563496925804,curve,NTD-PL,
1117.0,linear,116,0.02903682626783848,0.0008667580473408853,curve,NTD-PL,
1118.0,linear,117,0.029036828130483628,0.000866757688041402,curve,NTD-PL,
1119.0,linear,118,0.029036827757954596,0.0008667563432738782,curve,NTD-PL,
1120.0,linear,119,0.02903682701289654,0.0008667565084447025,curve,NTD-PL,
1121.0,linear,120,0.029036829061806203,0.0008667564265963203,curve,NTD-PL,
1122.0,linear,121,0.029036829061806203,0.0008667561140461421,curve,NTD-PL,
1123.0,linear,122,0.029036830738186838,0.000866755131803459,curve,NTD-PL,
1124.0,linear,123,0.02903682943433523,0.0008667552623861748,curve,NTD-PL,
1125.0,linear,124,0.029036830738186838,0.0008667550731953577,curve,NTD-PL,
1126.0,linear,125,0.029036827944219114,0.0008667548848272517,curve,NTD-PL,
1127.0,linear,126,0.029036829806864263,0.000866754973913577,curve,NTD-PL,
1128.0,linear,127,0.029036832973361015,0.0008667548785170371,curve,NTD-PL,
1129.0,linear,128,0.0290368327870965,0.0008667524777417403,curve,NTD-PL,
1130.0,linear,129,0.02903683017939329,0.0008667547512721103,curve,NTD-PL,
1131.0,linear,130,0.029036831483244895,0.0008667542295470904,curve,NTD-PL,
1132.0,linear,131,0.029036831669509412,0.0008667538252519349,curve,NTD-PL,
1133.0,linear,132,0.029036833345890044,0.000866753495498868,curve,NTD-PL,
1134.0,linear,133,0.02903683464974165,0.0008667538740956785,curve,NTD-PL,
1135.0,linear,134,0.02903683353215456,0.0008667547913578504,curve,NTD-PL,
1136.0,linear,135,0.02903683353215456,0.0008667550762589446,curve,NTD-PL,
1137.0,linear,136,0.02903683390468359,0.0008667535918212759,curve,NTD-PL,
1138.0,linear,137,0.02903683464974165,0.0008667540666194704,curve,NTD-PL,
1139.0,linear,138,0.02903683464974165,0.0008667524733671117,curve,NTD-PL,
1140.0,linear,139,0.02903683502227068,0.0008667514974268064,curve,NTD-PL,
1141.0,linear,140,0.029036835208535193,0.0008667521673878381,curve,NTD-PL,
1142.0,linear,141,0.029036836139857768,0.0008667519857593955,curve,NTD-PL,
1143.0,linear,142,0.029036837443709374,0.0008667516715674185,curve,NTD-PL,
1144.0,linear,143,0.029036836698651314,0.0008667516280807417,curve,NTD-PL,
1145.0,linear,144,0.029036835953593253,0.0008667504618374781,curve,NTD-PL,
1146.0,linear,145,0.02903683725744486,0.0008667507634726039,curve,NTD-PL,
1147.0,linear,146,0.029036838747560977,0.0008667508523549422,curve,NTD-PL,
1148.0,linear,147,0.02903684079647064,0.0008667502039212728,curve,NTD-PL,
1149.0,linear,148,0.029036839865148066,0.0008667504310743978,curve,NTD-PL,
1150.0,linear,149,0.029036839492619038,0.0008667489303919685,curve,NTD-PL,
1151.0,linear,150,0.029036838561296463,0.0008667515350495198,curve,NTD-PL,
1152.0,linear,151,0.029036840423941612,0.0008667500247416789,curve,NTD-PL,
1153.0,linear,152,0.02903684079647064,0.0008667494999815628,curve,NTD-PL,
1154.0,linear,153,0.029036839678883552,0.0008667497865306245,curve,NTD-PL,
1155.0,linear,154,0.029036839678883552,0.0008667496181393579,curve,NTD-PL,
1156.0,linear,155,0.029036840610206126,0.0008667492072467276,curve,NTD-PL,
1157.0,linear,156,0.029036841727793215,0.0008667483347650759,curve,NTD-PL,
1158.0,linear,157,0.02903684228658676,0.0008667464097771099,curve,NTD-PL,
1159.0,linear,158,0.029036841914057733,0.0008667490234606295,curve,NTD-PL,
1160.0,linear,159,0.029036842845380308,0.0008667507525942753,curve,NTD-PL,
1161.0,linear,160,0.029036841168999673,0.0008667482757874306,curve,NTD-PL,
1162.0,linear,161,0.02903684265911579,0.0008667480702289538,curve,NTD-PL,
1163.0,linear,162,0.029036843217909336,0.0008667470478514305,curve,NTD-PL,
1164.0,linear,163,0.029036842472851276,0.0008667477147759049,curve,NTD-PL,
1165.0,linear,164,0.029036843217909336,0.0008667477450198922,curve,NTD-PL,
1166.0,linear,165,0.02903684340417385,0.0008667479063771893,curve,NTD-PL,
1167.0,linear,166,0.029036843590438365,0.0008667478669038532,curve,NTD-PL,
1168.0,linear,167,0.02903684452176094,0.000866747675068839,curve,NTD-PL,
1169.0,linear,168,0.029036843590438365,0.0008667477244825991,curve,NTD-PL,
1170.0,linear,169,0.029036844335496425,0.0008667474498038409,curve,NTD-PL,
1171.0,linear,170,0.029023946821689607,0.0008750616226920884,curve,NTD-PL,
1172.0,linear,171,0.029023211635649204,0.0008753825224605302,curve,NTD-PL,
1173.0,linear,172,0.029023792408406735,0.000875250020819286,curve,NTD-PL,
1174.0,linear,173,0.02902434654533863,0.000875077135778246,curve,NTD-PL,
1175.0,linear,174,0.029024107754230498,0.0008750379241475769,curve,NTD-PL,
1176.0,linear,175,0.029020369797945023,0.0008762914694653615,curve,NTD-PL,
1177.0,linear,176,0.029020277410745622,0.0008763970906181141,curve,NTD-PL,
1178.0,linear,177,0.02902028877288103,0.0008762790341731388,curve,NTD-PL,
1179.0,linear,178,0.029020236618816853,0.0008762943213399387,curve,NTD-PL,
1180.0,linear,179,0.02902017943561077,0.0008764060285803967,curve,NTD-PL,
1181.0,linear,180,0.029019764438271523,0.0008765101517730806,curve,NTD-PL,
1182.0,linear,181,0.02901971321552992,0.0008765694910239523,curve,NTD-PL,
1183.0,linear,182,0.02901965845376253,0.0008766329607458371,curve,NTD-PL,
1184.0,linear,183,0.029019614309072496,0.0008765867602382714,curve,NTD-PL,
1185.0,linear,184,0.029019603691995143,0.0008766171918253392,curve,NTD-PL,
1186.0,linear,185,0.0290195245295763,0.0008766531673831884,curve,NTD-PL,
1187.0,linear,186,0.029019487649202348,0.0008766471512667448,curve,NTD-PL,
1188.0,linear,187,0.029019469395279884,0.000876692936636536,curve,NTD-PL,
1189.0,linear,188,0.029019451327621938,0.000876676502461131,curve,NTD-PL,
1190.0,linear,189,0.029019431211054325,0.0008766778928599012,curve,NTD-PL,
1191.0,linear,190,0.029019413888454436,0.0008767031985407441,curve,NTD-PL,
1192.0,linear,191,0.029019384272396566,0.0008766981928354877,curve,NTD-PL,
1193.0,linear,192,0.029019376449286937,0.0008767109147869643,curve,NTD-PL,
1194.0,linear,193,0.029019373841583727,0.0008767135312760519,curve,NTD-PL,
1195.0,linear,194,0.029019349440932273,0.0008767094003191119,curve,NTD-PL,
1196.0,linear,195,0.029019346833229064,0.0008767207412247036,curve,NTD-PL,
1197.0,linear,196,0.029019339941442013,0.0008767182265567957,curve,NTD-PL,
1198.0,linear,197,0.02901933081448078,0.0008767200963812943,curve,NTD-PL,
1199.0,linear,198,0.029019326344132422,0.0008767294580394284,curve,NTD-PL,
1200.0,linear,199,0.029019317589700222,0.0008767276654088492,curve,NTD-PL,
1201.0,linear,200,0.029019312374293803,0.0008767282393088287,curve,NTD-PL,
1202.0,linear,201,0.029019308649003504,0.0008767322178599638,curve,NTD-PL,
1203.0,linear,202,0.029019301198422907,0.0008767322863480554,curve,NTD-PL,
1204.0,linear,203,0.029019302874803542,0.0008767340966169803,curve,NTD-PL,
1205.0,linear,204,0.029019297286868095,0.000876734844613225,curve,NTD-PL,
1206.0,linear,205,0.02901929374784231,0.0008767310292218489,curve,NTD-PL,
1207.0,linear,206,0.02901929374784231,0.0008767353934407711,curve,NTD-PL,
1208.0,linear,207,0.029019288159906863,0.0008767357902980303,curve,NTD-PL,
1209.0,linear,208,0.029019288159906863,0.0008767334605260204,curve,NTD-PL,
1210.0,linear,209,0.02901928573846817,0.0008767352318731207,curve,NTD-PL,
1211.0,linear,210,0.02901928424835205,0.0008767345007851645,curve,NTD-PL,
1212.0,linear,211,0.02901928313076496,0.0008767346584669206,curve,NTD-PL,
1213.0,linear,212,0.0290192823857069,0.000876735219107522,curve,NTD-PL,
1214.0,linear,213,0.029019280150532723,0.0008767353583705105,curve,NTD-PL,
1215.0,linear,214,0.029019281268119812,0.0008767357239242323,curve,NTD-PL,
1216.0,linear,215,0.02901928052306175,0.0008767349748880725,curve,NTD-PL,
1217.0,linear,216,0.029019279591739177,0.0008767344947720313,curve,NTD-PL,
1218.0,linear,217,0.029019279032945634,0.0008767361805833598,curve,NTD-PL,
1219.0,linear,218,0.029019277542829514,0.0008767337839672009,curve,NTD-PL,
1220.0,linear,219,0.029019277729094028,0.0008767339629169006,curve,NTD-PL,
1221.0,linear,220,0.029019278287887574,0.0008767329761440761,curve,NTD-PL,
1222.0,linear,221,0.02901927810162306,0.0008767334393490569,curve,NTD-PL,
1223.0,linear,222,0.029019278474152088,0.0008767322917999115,curve,NTD-PL,
1224.0,linear,223,0.029019277170300485,0.0008767327423234682,curve,NTD-PL,
1225.0,linear,224,0.029019277170300485,0.0008767334624425351,curve,NTD-PL,
1226.0,linear,225,0.029019280150532723,0.0008767356574520484,curve,NTD-PL,
1227.0,linear,226,0.029019278474152088,0.0008767346411888535,curve,NTD-PL,
1228.0,linear,227,0.029019278287887574,0.0008767335787262752,curve,NTD-PL,
1229.0,linear,228,0.029019277542829514,0.0008767322362571886,curve,NTD-PL,
1230.0,linear,229,0.029019278660416602,0.0008767316903806763,curve,NTD-PL,
1231.0,linear,230,0.029019280150532723,0.000876732375061699,curve,NTD-PL,
1232.0,linear,231,0.029019280336797237,0.0008767311406634655,curve,NTD-PL,
1233.0,linear,232,0.029019277729094028,0.0008767315953834652,curve,NTD-PL,
1234.0,linear,233,0.02901927810162306,0.0008767310931121442,curve,NTD-PL,
1235.0,linear,234,0.029019277356565,0.0008767310233204411,curve,NTD-PL,
1236.0,linear,235,0.029019280150532723,0.00087673246040765,curve,NTD-PL,
1237.0,linear,236,0.029019280895590784,0.0008767303381144006,curve,NTD-PL,
1238.0,linear,237,0.02901927996426821,0.0008767306402800221,curve,NTD-PL,
1239.0,linear,238,0.02901928052306175,0.0008767302576604673,curve,NTD-PL,
1240.0,linear,239,0.029019280709326266,0.0008767317679427182,curve,NTD-PL,
1241.0,linear,240,0.02901928350329399,0.0008767312117649882,curve,NTD-PL,
1242.0,linear,241,0.029019282758235933,0.0008767299113637403,curve,NTD-PL,
1243.0,linear,242,0.029019282199442387,0.0008767293295750654,curve,NTD-PL,
1244.0,linear,243,0.02901928052306175,0.0008767294020500808,curve,NTD-PL,
1245.0,linear,244,0.0290192823857069,0.000876729676809695,curve,NTD-PL,
1246.0,linear,245,0.029019284062087536,0.0008767296070159661,curve,NTD-PL,
1247.0,linear,246,0.029019282944500447,0.0008767298381318756,curve,NTD-PL,
1248.0,linear,247,0.0290192823857069,0.0008767295817677457,curve,NTD-PL,
1249.0,linear,248,0.02901928387582302,0.0008767305066484042,curve,NTD-PL,
1250.0,linear,249,0.02901928164064884,0.0008767299677973236,curve,NTD-PL,
1251.0,linear,250,0.02901928685605526,0.0008767298993777325,curve,NTD-PL,
1252.0,linear,251,0.029019284620881082,0.0008767300167881802,curve,NTD-PL,
1253.0,linear,252,0.02901928350329399,0.0008767295943173608,curve,NTD-PL,
1254.0,linear,253,0.02901928313076496,0.0008767293831861697,curve,NTD-PL,
1255.0,linear,254,0.029019284062087536,0.0008767288435933573,curve,NTD-PL,
1256.0,linear,255,0.02901928685605526,0.0008767304729430483,curve,NTD-PL,
1257.0,linear,256,0.029019286297261714,0.0008767268407056612,curve,NTD-PL,
1258.0,linear,257,0.029019285924732685,0.0008767293636044332,curve,NTD-PL,
1259.0,linear,258,0.029019284434616564,0.0008767292969038287,curve,NTD-PL,
1260.0,linear,259,0.029019285552203657,0.0008767283673712269,curve,NTD-PL,
1261.0,linear,260,0.029019288159906863,0.0008767312414449325,curve,NTD-PL,
1262.0,linear,261,0.029019286297261714,0.0008767284784090137,curve,NTD-PL,
1263.0,linear,262,0.029019285924732685,0.0008767285442698612,curve,NTD-PL,
1264.0,linear,263,0.029019285924732685,0.0008767274480290171,curve,NTD-PL,
1265.0,linear,264,0.029019284434616564,0.0008767281275534287,curve,NTD-PL,
1266.0,linear,265,0.029019290022552012,0.0008767298204053779,curve,NTD-PL,
1267.0,linear,266,0.029019287787377834,0.00087672817520692,curve,NTD-PL,
1268.0,linear,267,0.02901928760111332,0.0008767293914129637,curve,NTD-PL,
1269.0,linear,268,0.029019286669790745,0.0008767274218913382,curve,NTD-PL,
1270.0,linear,269,0.02901928760111332,0.0008767289279353653,curve,NTD-PL,
1271.0,linear,270,0.029019291698932647,0.0008767276066156838,curve,NTD-PL,
1272.0,linear,271,0.029019288904964923,0.0008767269780341718,curve,NTD-PL,
1273.0,linear,272,0.029019287228584288,0.0008767284914612831,curve,NTD-PL,
1274.0,linear,273,0.029019287414848806,0.000876727845223955,curve,NTD-PL,
1275.0,linear,274,0.029019288159906863,0.0008767285628407766,curve,NTD-PL,
1276.0,linear,275,0.029019293002784254,0.000876730831231199,curve,NTD-PL,
1277.0,linear,276,0.029019289650022984,0.0008767293436132299,curve,NTD-PL,
1278.0,linear,277,0.029019288904964923,0.000876728179683555,curve,NTD-PL,
1279.0,linear,278,0.02901928760111332,0.0008767281879897474,curve,NTD-PL,
1280.0,linear,279,0.029019289836287498,0.0008767274112400172,curve,NTD-PL,
1281.0,linear,280,0.02901929263025522,0.0008767276857396245,curve,NTD-PL,
1282.0,linear,281,0.029019289836287498,0.0008767260781917623,curve,NTD-PL,
1283.0,linear,282,0.029019290581345558,0.0008767264267629741,curve,NTD-PL,
1284.0,linear,283,0.029019289091229437,0.0008767268676545758,curve,NTD-PL,
1285.0,linear,284,0.029019289277493955,0.0008767270368962131,curve,NTD-PL,
1286.0,linear,285,0.02901929598301649,0.000876728423166647,curve,NTD-PL,
1287.0,linear,286,0.029019291698932647,0.0008767261432207944,curve,NTD-PL,
1288.0,linear,287,0.029019291698932647,0.000876726579107556,curve,NTD-PL,
1289.0,linear,288,0.029019288904964923,0.0008767260422980603,curve,NTD-PL,
1290.0,linear,289,0.029019291512668133,0.000876726672952998,curve,NTD-PL,
1291.0,linear,290,0.029019296169281006,0.0008767272069313389,curve,NTD-PL,
1292.0,linear,291,0.029019291512668133,0.0008767254057861608,curve,NTD-PL,
1293.0,linear,292,0.029019291512668133,0.0008767264855615821,curve,NTD-PL,
1294.0,linear,293,0.02901929020881653,0.0008767230755963456,curve,NTD-PL,
1295.0,linear,294,0.029019292816519736,0.0008767268468608686,curve,NTD-PL,
1296.0,linear,295,0.029019298776984215,0.0008767258077936993,curve,NTD-PL,
1297.0,linear,296,0.029019292443990707,0.0008767264275456344,curve,NTD-PL,
1298.0,linear,297,0.029019293189048768,0.0008767274147215354,curve,NTD-PL,
1299.0,linear,298,0.029019291698932647,0.0008767259784402644,curve,NTD-PL,
1300.0,linear,299,0.029019292816519736,0.0008767262140782738,curve,NTD-PL,
1301.0,linear,300,0.029019299149513244,0.0008767258682248356,curve,NTD-PL,
1302.0,linear,301,0.029019294865429403,0.0008767251850608995,curve,NTD-PL,
1303.0,linear,302,0.029019293561577796,0.0008767257896539801,curve,NTD-PL,
1304.0,linear,303,0.029019291698932647,0.000876723998567398,curve,NTD-PL,
1305.0,linear,304,0.029019294120371342,0.0008767249502984921,curve,NTD-PL,
1306.0,linear,305,0.02901930008083582,0.0008767247176595872,curve,NTD-PL,
1307.0,linear,306,0.029019296541810034,0.000876724383067086,curve,NTD-PL,
1308.0,linear,307,0.029019296169281006,0.0008767242552482259,curve,NTD-PL,
1309.0,linear,308,0.029019293189048768,0.0008767227756277757,curve,NTD-PL,
1310.0,linear,309,0.02901929635554552,0.0008767244582324518,curve,NTD-PL,
1311.0,linear,310,0.029019302129745482,0.0008767236436852836,curve,NTD-PL,
1312.0,linear,311,0.02901929710060358,0.000876723956608763,curve,NTD-PL,
1313.0,linear,312,0.02901929523795843,0.0008767233330674282,curve,NTD-PL,
1314.0,linear,313,0.029019294306635857,0.0008767238975567187,curve,NTD-PL,
1315.0,linear,314,0.02901929747313261,0.0008767236764323815,curve,NTD-PL,
1316.0,linear,315,0.029019302129745482,0.0008767235562472674,curve,NTD-PL,
1317.0,linear,316,0.02901929821819067,0.0008767221617160049,curve,NTD-PL,
1318.0,linear,317,0.02901929784566164,0.0008767239954777472,curve,NTD-PL,
1319.0,linear,318,0.029019295051693917,0.0008767229165816252,curve,NTD-PL,
1320.0,linear,319,0.029019296914339066,0.0008767235901569975,curve,NTD-PL,
1321.0,linear,320,0.029019304923713206,0.0008767225768098806,curve,NTD-PL,
1322.0,linear,321,0.029019297286868095,0.0008767228535811245,curve,NTD-PL,
1323.0,linear,322,0.029019297659397127,0.0008767231220703111,curve,NTD-PL,
1324.0,linear,323,0.02901929374784231,0.0008767230128549484,curve,NTD-PL,
1325.0,linear,324,0.02901929896324873,0.000876722401556893,curve,NTD-PL,
1326.0,linear,325,0.02901930473744869,0.0008767230946310831,curve,NTD-PL,
1327.0,linear,326,0.029019297286868095,0.0008767223898846166,curve,NTD-PL,
1328.0,linear,327,0.0290192985907197,0.000876723644379677,curve,NTD-PL,
1329.0,linear,328,0.029019296169281006,0.0008767221705744279,curve,NTD-PL,
1330.0,linear,329,0.02901929896324873,0.0008767224043670104,curve,NTD-PL,
1331.0,linear,330,0.029019305109977724,0.0008767197840241123,curve,NTD-PL,
1332.0,linear,331,0.029019299894571304,0.0008767227827622434,curve,NTD-PL,
1333.0,linear,332,0.029019299894571304,0.0008767223068359048,curve,NTD-PL,
1334.0,linear,333,0.02901929561048746,0.0008767213859492044,curve,NTD-PL,
1335.0,linear,334,0.029019300639629365,0.0008767208805530448,curve,NTD-PL,
1336.0,linear,335,0.029012987017631532,0.0008796967239617245,curve,NTD-PL,
1337.0,linear,336,0.029013248905539513,0.0008797190545241433,curve,NTD-PL,
1338.0,linear,337,0.029014017432928085,0.0008793326477423977,curve,NTD-PL,
1339.0,linear,338,0.029013737104833126,0.0008792549811221507,curve,NTD-PL,
1340.0,linear,339,0.029013034701347352,0.0008795819437587589,curve,NTD-PL,
1341.0,linear,340,0.02900987882167101,0.0008809994289356509,curve,NTD-PL,
1342.0,linear,341,0.029009316861629487,0.0008809593304272294,curve,NTD-PL,
1343.0,linear,342,0.02900926973670721,0.0008809920595763822,curve,NTD-PL,
1344.0,linear,343,0.029009401984512805,0.0008810596967109824,curve,NTD-PL,
1345.0,linear,344,0.02900925576686859,0.0008810659545085138,curve,NTD-PL,
1346.0,linear,345,0.02900681272149086,0.0008813171138924015,curve,NTD-PL,
1347.0,linear,346,0.029006826132535933,0.0008813580363251647,curve,NTD-PL,
1348.0,linear,347,0.029006820730865003,0.0008812636670552121,curve,NTD-PL,
1349.0,linear,348,0.029006655141711236,0.0008814179370296856,curve,NTD-PL,
1350.0,linear,349,0.029006531834602355,0.0008812642403839166,curve,NTD-PL,
1351.0,linear,350,0.02900576274842024,0.0008813613075656327,curve,NTD-PL,
1352.0,linear,351,0.029005615040659904,0.0008815391596074258,curve,NTD-PL,
1353.0,linear,352,0.029005560837686063,0.0008812890946564371,curve,NTD-PL,
1354.0,linear,353,0.02900544125586748,0.0008815037755160808,curve,NTD-PL,
1355.0,linear,354,0.029005441442131998,0.0008814560673768568,curve,NTD-PL,
1356.0,linear,355,0.029004950262606143,0.0008812112606226154,curve,NTD-PL,
1357.0,linear,356,0.029004836454987526,0.0008814899964377852,curve,NTD-PL,
1358.0,linear,357,0.029004846699535847,0.0008812813149900545,curve,NTD-PL,
1359.0,linear,358,0.029004732705652715,0.0008813519790131922,curve,NTD-PL,
1360.0,linear,359,0.029004715755581854,0.0008814231067192491,curve,NTD-PL,
1361.0,linear,360,0.02900453470647335,0.0008811425642698765,curve,NTD-PL,
1362.0,linear,361,0.02900440450757742,0.0008813420511188983,curve,NTD-PL,
1363.0,linear,362,0.029004463739693166,0.0008812681893700268,curve,NTD-PL,
1364.0,linear,363,0.029004306346178056,0.0008812445104099086,curve,NTD-PL,
1365.0,linear,364,0.029004343785345554,0.0008812951997113088,curve,NTD-PL,
1366.0,linear,365,0.029004265367984772,0.0008811037095092103,curve,NTD-PL,
1367.0,linear,366,0.029004056192934512,0.0008812209272024818,curve,NTD-PL,
1368.0,linear,367,0.02900419048964977,0.000881196737672892,curve,NTD-PL,
1369.0,linear,368,0.02900406774133444,0.0008811704207502705,curve,NTD-PL,
1370.0,linear,369,0.0290040398016572,0.0008811871037943066,curve,NTD-PL,
1371.0,linear,370,0.029004080966115,0.0008810546197446504,curve,NTD-PL,
1372.0,linear,371,0.029003886319696904,0.0008811092358874592,curve,NTD-PL,
1373.0,linear,372,0.0290039936080575,0.0008811111216081622,curve,NTD-PL,
1374.0,linear,373,0.029003907553851606,0.0008811057563742856,curve,NTD-PL,
1375.0,linear,374,0.029003871604800224,0.0008810708154533197,curve,NTD-PL,
1376.0,linear,375,0.029003937728703022,0.0008810087709164298,curve,NTD-PL,
1377.0,linear,376,0.029003767669200896,0.0008810295987809763,curve,NTD-PL,
1378.0,linear,377,0.029003848880529405,0.0008810132981539398,curve,NTD-PL,
1379.0,linear,378,0.029003804363310338,0.0008810570830188907,curve,NTD-PL,
1380.0,linear,379,0.029003762267529966,0.0008809964694658336,curve,NTD-PL,
1381.0,linear,380,0.029003827646374703,0.0008809532079426573,curve,NTD-PL,
1382.0,linear,381,0.029003704898059368,0.0008809859824091413,curve,NTD-PL,
1383.0,linear,382,0.029003747925162315,0.0008809528336368007,curve,NTD-PL,
1384.0,linear,383,0.02900372352451086,0.0008810005465560648,curve,NTD-PL,
1385.0,linear,384,0.029003705084323882,0.0008809555863171776,curve,NTD-PL,
1386.0,linear,385,0.029003745317459105,0.0008809227315442225,curve,NTD-PL,
1387.0,linear,386,0.029003662802278996,0.0008809528303764446,curve,NTD-PL,
1388.0,linear,387,0.029003694467246533,0.0008809273647937206,curve,NTD-PL,
1389.0,linear,388,0.02900366485118866,0.0008809643096541676,curve,NTD-PL,
1390.0,linear,389,0.029003668762743472,0.0008809276809594652,curve,NTD-PL,
1391.0,linear,390,0.0290036978200078,0.000880908945525659,curve,NTD-PL,
1392.0,linear,391,0.029003635235130786,0.0008809334204153692,curve,NTD-PL,
1393.0,linear,392,0.029003661312162875,0.0008809132106303588,curve,NTD-PL,
1394.0,linear,393,0.029003629460930824,0.0008809416746028146,curve,NTD-PL,
1395.0,linear,394,0.029003646224737167,0.0008809165692081836,curve,NTD-PL,
1396.0,linear,395,0.029003665782511234,0.0008809025895196277,curve,NTD-PL,
1397.0,linear,396,0.0290036179125309,0.0008809279647852947,curve,NTD-PL,
1398.0,linear,397,0.02900364175438881,0.0008809105473950836,curve,NTD-PL,
1399.0,linear,398,0.029003611020743846,0.0008809340537965692,curve,NTD-PL,
1400.0,linear,399,0.02900362964719534,0.0008809137364351393,curve,NTD-PL,
1401.0,linear,400,0.029003648087382317,0.0008809076244056948,curve,NTD-PL,
1402.0,linear,401,0.029003610275685786,0.0008809243154285675,curve,NTD-PL,
1403.0,linear,402,0.029003628902137278,0.0008809140748627264,curve,NTD-PL,
1404.0,linear,403,0.029003601148724557,0.0008809317237068518,curve,NTD-PL,
1405.0,linear,404,0.029003620520234107,0.0008809148758816123,curve,NTD-PL,
1406.0,linear,405,0.02900363374501467,0.0008809146029000979,curve,NTD-PL,
1407.0,linear,406,0.02900360506027937,0.0008809243148738633,curve,NTD-PL,
1408.0,linear,407,0.029003618471324443,0.0008809184035952729,curve,NTD-PL,
1409.0,linear,408,0.029003596492111684,0.0008809319278429807,curve,NTD-PL,
1410.0,linear,409,0.029003614187240602,0.0008809172894389436,curve,NTD-PL,
1411.0,linear,410,0.029003622569143774,0.0008809206596492205,curve,NTD-PL,
1412.0,linear,411,0.029003600403666497,0.0008809251674932758,curve,NTD-PL,
1413.0,linear,412,0.029003611393272878,0.0008809211938458507,curve,NTD-PL,
1414.0,linear,413,0.029003593884408475,0.0008809336322317023,curve,NTD-PL,
1415.0,linear,414,0.02900360878556967,0.0008809212450688145,curve,NTD-PL,
1416.0,linear,415,0.029003616608679294,0.000880926210316211,curve,NTD-PL,
1417.0,linear,416,0.029003599658608437,0.0008809258438343707,curve,NTD-PL,
1418.0,linear,417,0.029003604687750338,0.0008809266378235707,curve,NTD-PL,
1419.0,linear,418,0.029003592394292354,0.0008809329962005465,curve,NTD-PL,
1420.0,linear,419,0.0290036054328084,0.0008809237190034819,curve,NTD-PL,
1421.0,linear,420,0.029003611020743846,0.0008809275851889115,curve,NTD-PL,
1422.0,linear,421,0.029003595933318138,0.0008809258265132439,curve,NTD-PL,
1423.0,linear,422,0.0290036017075181,0.000880928028457257,curve,NTD-PL,
1424.0,linear,423,0.029003591276705265,0.0008809338742009628,curve,NTD-PL,
1425.0,linear,424,0.029003599658608437,0.0008809253317298005,curve,NTD-PL,
1426.0,linear,425,0.029003607109189034,0.0008809311940961618,curve,NTD-PL,
1427.0,linear,426,0.029003595188260078,0.0008809297302893448,curve,NTD-PL,
1428.0,linear,427,0.029003598913550376,0.0008809312580311274,curve,NTD-PL,
1429.0,linear,428,0.02900359071791172,0.0008809327643422421,curve,NTD-PL,
1430.0,linear,429,0.02900359984487295,0.0008809283375314575,curve,NTD-PL,
1431.0,linear,430,0.02900360431522131,0.0008809331043710618,curve,NTD-PL,
1432.0,linear,431,0.02900359481573105,0.0008809264748427446,curve,NTD-PL,
1433.0,linear,432,0.029003594629466535,0.0008809349595849761,curve,NTD-PL,
1434.0,linear,433,0.029003589414060116,0.0008809326109403821,curve,NTD-PL,
1435.0,linear,434,0.029003598541021348,0.0008809297244193898,curve,NTD-PL,
1436.0,linear,435,0.029003602080047132,0.0008809350697249593,curve,NTD-PL,
1437.0,linear,436,0.02900359481573105,0.0008809299097763096,curve,NTD-PL,
1438.0,linear,437,0.029003595933318138,0.0008809354150983471,curve,NTD-PL,
1439.0,linear,438,0.029003590904176237,0.0008809322757858841,curve,NTD-PL,
1440.0,linear,439,0.029003597795963287,0.0008809318615092161,curve,NTD-PL,
1441.0,linear,440,0.029003601893782614,0.0008809349290861369,curve,NTD-PL,
1442.0,linear,441,0.029003592394292354,0.0008809295945488111,curve,NTD-PL,
1443.0,linear,442,0.029003592394292354,0.0008809328693926495,curve,NTD-PL,
1444.0,linear,443,0.02900359034538269,0.0008809317243252654,curve,NTD-PL,
1445.0,linear,444,0.02900359407067299,0.0008809316806906014,curve,NTD-PL,
1446.0,linear,445,0.02900360058993101,0.0008809343336419117,curve,NTD-PL,
1447.0,linear,446,0.029003592766821386,0.0008809299101398883,curve,NTD-PL,
1448.0,linear,447,0.029003594443202017,0.0008809353277251463,curve,NTD-PL,
1449.0,linear,448,0.029003589972853662,0.0008809309925102089,curve,NTD-PL,
1450.0,linear,449,0.02900359556078911,0.0008809336774233937,curve,NTD-PL,
1451.0,linear,450,0.029003599658608437,0.0008809341988015678,curve,NTD-PL,
1452.0,linear,451,0.02900359332561493,0.0008809312699902543,curve,NTD-PL,
1453.0,linear,452,0.02900359220802784,0.0008809338538814696,curve,NTD-PL,
1454.0,linear,453,0.029003589041531087,0.000880933223811448,curve,NTD-PL,
1455.0,linear,454,0.029003594629466535,0.0008809326564933419,curve,NTD-PL,
1456.0,linear,455,0.029003600403666497,0.0008809336382713103,curve,NTD-PL,
1457.0,linear,456,0.02900359109044075,0.0008809301345875495,curve,NTD-PL,
1458.0,linear,457,0.029003592394292354,0.0008809341168096606,curve,NTD-PL,
1459.0,linear,458,0.029003589786589144,0.0008809311497447069,curve,NTD-PL,
1460.0,linear,459,0.02900359481573105,0.0008809327731530078,curve,NTD-PL,
1461.0,linear,460,0.029003601148724557,0.000880933881531392,curve,NTD-PL,
1462.0,linear,461,0.029003592394292354,0.0008809325036953251,curve,NTD-PL,
1463.0,linear,462,0.029003592394292354,0.0008809339721457775,curve,NTD-PL,
1464.0,linear,463,0.029003589786589144,0.0008809310918801862,curve,NTD-PL,
1465.0,linear,464,0.029003594629466535,0.0008809325754773745,curve,NTD-PL,
1466.0,linear,465,0.029003600217401983,0.0008809332870622143,curve,NTD-PL,
1467.0,linear,466,0.0290035929530859,0.000880932688805621,curve,NTD-PL,
1468.0,linear,467,0.02900359407067299,0.0008809334782826033,curve,NTD-PL,
1469.0,linear,468,0.02900359183549881,0.0008809331809416691,curve,NTD-PL,
1470.0,linear,469,0.02900359332561493,0.0008809328069333578,curve,NTD-PL,
1471.0,linear,470,0.029003600031137465,0.0008809303334078115,curve,NTD-PL,
1472.0,linear,471,0.02900359332561493,0.0008809311654821248,curve,NTD-PL,
1473.0,linear,472,0.02900359183549881,0.0008809329087735219,curve,NTD-PL,
1474.0,linear,473,0.029003590904176237,0.0008809305721823908,curve,NTD-PL,
1475.0,linear,474,0.029003594443202017,0.0008809326895283571,curve,NTD-PL,
1476.0,linear,475,0.029003600776195525,0.0008809308571681505,curve,NTD-PL,
1477.0,linear,476,0.02900359369814396,0.0008809310425762924,curve,NTD-PL,
1478.0,linear,477,0.029003592580556868,0.0008809325808365243,curve,NTD-PL,
1479.0,linear,478,0.02900359146296978,0.00088093039471077,curve,NTD-PL,
1480.0,linear,479,0.029003595188260078,0.0008809304144534787,curve,NTD-PL,
1481.0,linear,480,0.02900360096246004,0.0008809303340376253,curve,NTD-PL,
1482.0,linear,481,0.02900359183549881,0.0008809311034068587,curve,NTD-PL,
1483.0,linear,482,0.029003594629466535,0.000880931917268861,curve,NTD-PL,
1484.0,linear,483,0.02900359220802784,0.0008809313296637068,curve,NTD-PL,
1485.0,linear,484,0.02900359481573105,0.0008809307220031233,curve,NTD-PL,
1486.0,linear,485,0.029003601148724557,0.0008809324024020903,curve,NTD-PL,
1487.0,linear,486,0.02900359407067299,0.0008809319552580397,curve,NTD-PL,
1488.0,linear,487,0.029003595747053624,0.0008809314870811476,curve,NTD-PL,
1489.0,linear,488,0.029003592394292354,0.0008809308671669495,curve,NTD-PL,
1490.0,linear,489,0.029003595747053624,0.0008809286939463958,curve,NTD-PL,
1491.0,linear,490,0.029003602080047132,0.0008809292345330572,curve,NTD-PL,
1492.0,linear,491,0.029003594256937503,0.0008809317815930566,curve,NTD-PL,
1493.0,linear,492,0.029003595188260078,0.0008809298665817792,curve,NTD-PL,
1494.0,linear,493,0.029003592766821386,0.000880931272820575,curve,NTD-PL,
1495.0,linear,494,0.029003596305847167,0.0008809297944385782,curve,NTD-PL,
1496.0,linear,495,0.029003603011369707,0.0008809301648048947,curve,NTD-PL,
1497.0,linear,496,0.02900359481573105,0.0008809318873884173,curve,NTD-PL,
1498.0,linear,497,0.029003595374524592,0.0008809303489794376,curve,NTD-PL,
1499.0,linear,498,0.029003593511879443,0.0008809311159559791,curve,NTD-PL,
1500.0,linear,499,0.02900359723716974,0.0008809299240218431,curve,NTD-PL,
1501.0,linear,500,0.02899362929165363,0.0008785484751600325,curve,NTD-PL,
1502.0,linear,501,0.02899403627961874,0.0008787635198823815,curve,NTD-PL,
1503.0,linear,502,0.02899462040513754,0.000878876747503854,curve,NTD-PL,
1504.0,linear,503,0.028993931971490382,0.0008785438211212407,curve,NTD-PL,
1505.0,linear,504,0.02899358291178942,0.0008785758752736462,curve,NTD-PL,
1506.0,linear,505,0.028992777690291405,0.0008782259260453615,curve,NTD-PL,
1507.0,linear,506,0.028992425091564654,0.0008780399915798767,curve,NTD-PL,
1508.0,linear,507,0.02899236772209406,0.0008780721771663031,curve,NTD-PL,
1509.0,linear,508,0.028992265276610852,0.000878053967520357,curve,NTD-PL,
1510.0,linear,509,0.02899220772087574,0.000878021639211382,curve,NTD-PL,
1511.0,linear,510,0.028991679847240447,0.0008776777245487744,curve,NTD-PL,
1512.0,linear,511,0.028991503454744817,0.0008776118381852031,curve,NTD-PL,
1513.0,linear,512,0.028991515189409255,0.0008776516607974817,curve,NTD-PL,
1514.0,linear,513,0.02899139150977135,0.0008775984074220147,curve,NTD-PL,
1515.0,linear,514,0.02899136897176504,0.0008775698549378775,curve,NTD-PL,
1516.0,linear,515,0.028991186060011387,0.0008774552606743592,curve,NTD-PL,
1517.0,linear,516,0.0289910651743412,0.0008774105807561845,curve,NTD-PL,
1518.0,linear,517,0.028991068713366985,0.0008774282127332478,curve,NTD-PL,
1519.0,linear,518,0.02899100407958031,0.0008773969643512419,curve,NTD-PL,
1520.0,linear,519,0.028991013392806055,0.0008773966106953522,curve,NTD-PL,
1521.0,linear,520,0.028990854695439338,0.0008773075078730714,curve,NTD-PL,
1522.0,linear,521,0.02899078968912363,0.0008772772950233552,curve,NTD-PL,
1523.0,linear,522,0.02899080440402031,0.000877307176254685,curve,NTD-PL,
1524.0,linear,523,0.028990760259330273,0.0008772762300125985,curve,NTD-PL,
1525.0,linear,524,0.028990760631859302,0.0008772743370570979,curve,NTD-PL,
1526.0,linear,525,0.028990688361227514,0.0008772347194189412,curve,NTD-PL,
1527.0,linear,526,0.028990636765956878,0.0008772007293159534,curve,NTD-PL,
1528.0,linear,527,0.028990656323730945,0.000877228196212982,curve,NTD-PL,
1529.0,linear,528,0.028990618884563446,0.0008772043288571399,curve,NTD-PL,
1530.0,linear,529,0.028990607522428036,0.0008771953849558018,curve,NTD-PL,
1531.0,linear,530,0.028990571945905687,0.0008771725320774267,curve,NTD-PL,
1532.0,linear,531,0.028990525007247924,0.0008771464990827612,curve,NTD-PL,
1533.0,linear,532,0.028990538604557515,0.0008771593143719123,curve,NTD-PL,
1534.0,linear,533,0.028990523517131807,0.0008771533632167064,curve,NTD-PL,
1535.0,linear,534,0.028990519233047962,0.0008771482882663816,curve,NTD-PL,
1536.0,linear,535,0.02899048700928688,0.0008771215864959009,curve,NTD-PL,
1537.0,linear,536,0.028990457020699977,0.0008771085855876076,curve,NTD-PL,
1538.0,linear,537,0.02899046875536442,0.0008771159445402616,curve,NTD-PL,
1539.0,linear,538,0.028990453854203225,0.0008771083144639429,curve,NTD-PL,
1540.0,linear,539,0.028990449756383894,0.0008771063274114067,curve,NTD-PL,
1541.0,linear,540,0.028990437090396882,0.0008770948009004275,curve,NTD-PL,
1542.0,linear,541,0.02899041473865509,0.0008770830089994756,curve,NTD-PL,
1543.0,linear,542,0.028990422002971174,0.0008770877280520792,curve,NTD-PL,
1544.0,linear,543,0.028990414179861545,0.0008770873374015409,curve,NTD-PL,
1545.0,linear,544,0.02899041138589382,0.0008770822811220094,curve,NTD-PL,
1546.0,linear,545,0.02899040002375841,0.0008770723161966064,curve,NTD-PL,
1547.0,linear,546,0.02899038456380367,0.0008770660846950124,curve,NTD-PL,
1548.0,linear,547,0.02899039164185524,0.0008770690126107247,curve,NTD-PL,
1549.0,linear,548,0.028990383073687554,0.0008770661610251779,curve,NTD-PL,
1550.0,linear,549,0.02899038642644882,0.000877065814938874,curve,NTD-PL,
1551.0,linear,550,0.02899037692695856,0.0008770592054412966,curve,NTD-PL,
1552.0,linear,551,0.028990365378558636,0.0008770555137929477,curve,NTD-PL,
1553.0,linear,552,0.028990368731319903,0.0008770584297612,curve,NTD-PL,
1554.0,linear,553,0.028990363329648973,0.0008770543716794641,curve,NTD-PL,
1555.0,linear,554,0.028990369103848935,0.0008770544870197249,curve,NTD-PL,
1556.0,linear,555,0.028990365751087665,0.0008770520510225208,curve,NTD-PL,
1557.0,linear,556,0.028990355506539344,0.0008770478014995055,curve,NTD-PL,
1558.0,linear,557,0.028990358300507068,0.0008770491970398947,curve,NTD-PL,
1559.0,linear,558,0.02899035383015871,0.0008770473547707322,curve,NTD-PL,
1560.0,linear,559,0.028990357369184493,0.0008770476296281558,curve,NTD-PL,
1561.0,linear,560,0.028990358300507068,0.0008770467118100123,curve,NTD-PL,
1562.0,linear,561,0.028990349732339382,0.0008770421623629622,curve,NTD-PL,
1563.0,linear,562,0.028990353085100652,0.0008770456021696078,curve,NTD-PL,
1564.0,linear,563,0.02899034768342972,0.0008770429495063458,curve,NTD-PL,
1565.0,linear,564,0.028990352153778078,0.000877044190289834,curve,NTD-PL,
1566.0,linear,565,0.028990352526307106,0.0008770424401693844,curve,NTD-PL,
1567.0,linear,566,0.028990343771874906,0.0008770415759387319,curve,NTD-PL,
1568.0,linear,567,0.028990346752107144,0.0008770417329163439,curve,NTD-PL,
1569.0,linear,568,0.028990343026816846,0.000877039386840905,curve,NTD-PL,
1570.0,linear,569,0.028990345261991023,0.0008770397316452142,curve,NTD-PL,
1571.0,linear,570,0.02899034693837166,0.0008770398522596387,curve,NTD-PL,
1572.0,linear,571,0.02899034284055233,0.0008770355761366651,curve,NTD-PL,
1573.0,linear,572,0.028990341536700725,0.0008770374310305677,curve,NTD-PL,
1574.0,linear,573,0.028990340419113636,0.0008770365418108818,curve,NTD-PL,
1575.0,linear,574,0.02899034321308136,0.0008770364953815447,curve,NTD-PL,
1576.0,linear,575,0.028990346007049084,0.0008770363968144245,curve,NTD-PL,
1577.0,linear,576,0.028990336693823338,0.0008770336842034217,curve,NTD-PL,
1578.0,linear,577,0.028990341536700725,0.0008770345070568201,curve,NTD-PL,
1579.0,linear,578,0.028990337252616884,0.0008770335759762781,curve,NTD-PL,
1580.0,linear,579,0.02899034135043621,0.0008770342606115942,curve,NTD-PL,
1581.0,linear,580,0.028990344889461995,0.0008770337235307486,curve,NTD-PL,
1582.0,linear,581,0.02899033799767494,0.000877032537208597,curve,NTD-PL,
1583.0,linear,582,0.028990338742733,0.0008770328277154468,curve,NTD-PL,
1584.0,linear,583,0.028990337252616884,0.0008770322668087581,curve,NTD-PL,
1585.0,linear,584,0.028990340046584608,0.0008770313588115369,curve,NTD-PL,
1586.0,linear,585,0.02899034284055233,0.000877031931838508,curve,NTD-PL,
1587.0,linear,586,0.028990338928997515,0.0008770316453587501,curve,NTD-PL,
1588.0,linear,587,0.02899033818393946,0.0008770328442356251,curve,NTD-PL,
1589.0,linear,588,0.028990337066352366,0.0008770327660184119,curve,NTD-PL,
1590.0,linear,589,0.028990339301526547,0.0008770317335420212,curve,NTD-PL,
1591.0,linear,590,0.028990341536700725,0.0008770318574415771,curve,NTD-PL,
1592.0,linear,591,0.028990336507558823,0.0008770308344215101,curve,NTD-PL,
1593.0,linear,592,0.028990336880087852,0.0008770303767553191,curve,NTD-PL,
1594.0,linear,593,0.028990336507558823,0.0008770318430253021,curve,NTD-PL,
1595.0,linear,594,0.028990338370203973,0.0008770319009897295,curve,NTD-PL,
1596.0,linear,595,0.0289903424680233,0.0008770305811897609,curve,NTD-PL,
1597.0,linear,596,0.028990336880087852,0.0008770296294968234,curve,NTD-PL,
1598.0,linear,597,0.028990339115262033,0.0008770305704088727,curve,NTD-PL,
1599.0,linear,598,0.028990336693823338,0.0008770294917284453,curve,NTD-PL,
1600.0,linear,599,0.028990340419113636,0.0008770298005532892,curve,NTD-PL,
1601.0,linear,600,0.028990342281758785,0.0008770288793353936,curve,NTD-PL,
1602.0,linear,601,0.028990337811410426,0.0008770307148896746,curve,NTD-PL,
1603.0,linear,602,0.028990338556468487,0.0008770299579552363,curve,NTD-PL,
1604.0,linear,603,0.028990336693823338,0.000877029062360806,curve,NTD-PL,
1605.0,linear,604,0.028990340046584608,0.0008770288843338175,curve,NTD-PL,
1606.0,linear,605,0.02899034209549427,0.0008770311855801576,curve,NTD-PL,
1607.0,linear,606,0.028990337438881398,0.0008770297099556656,curve,NTD-PL,
1608.0,linear,607,0.028990337252616884,0.0008770289837839495,curve,NTD-PL,
1609.0,linear,608,0.02899033799767494,0.0008770285023373711,curve,NTD-PL,
1610.0,linear,609,0.028990340232849122,0.0008770281915628587,curve,NTD-PL,
1611.0,linear,610,0.0289903424680233,0.000877029745950343,curve,NTD-PL,
1612.0,linear,611,0.028990338556468487,0.0008770285688056672,curve,NTD-PL,
1613.0,linear,612,0.028990337811410426,0.0008770285349022781,curve,NTD-PL,
1614.0,linear,613,0.028990337438881398,0.0008770282784352467,curve,NTD-PL,
1615.0,linear,614,0.028990340791642664,0.0008770278625112322,curve,NTD-PL,
1616.0,linear,615,0.02899034060537815,0.0008770285102282712,curve,NTD-PL,
1617.0,linear,616,0.028990337438881398,0.0008770283207415299,curve,NTD-PL,
1618.0,linear,617,0.02899033799767494,0.000877028719333144,curve,NTD-PL,
1619.0,linear,618,0.028990337438881398,0.0008770293680976446,curve,NTD-PL,
1620.0,linear,619,0.028990339674055576,0.0008770276300812006,curve,NTD-PL,
1621.0,linear,620,0.028990341536700725,0.0008770296084383252,curve,NTD-PL,
1622.0,linear,621,0.028990337625145912,0.0008770292483771763,curve,NTD-PL,
1623.0,linear,622,0.028990338928997515,0.0008770290448975787,curve,NTD-PL,
1624.0,linear,623,0.028990337811410426,0.0008770288955485572,curve,NTD-PL,
1625.0,linear,624,0.028990339115262033,0.0008770292853973536,curve,NTD-PL,
1626.0,linear,625,0.0289903424680233,0.000877030010944117,curve,NTD-PL,
1627.0,linear,626,0.02899033818393946,0.0008770269462581758,curve,NTD-PL,
1628.0,linear,627,0.028990338742733,0.0008770275503658793,curve,NTD-PL,
1629.0,linear,628,0.028990338370203973,0.0008770274118116829,curve,NTD-PL,
1630.0,linear,629,0.02899033986032009,0.0008770268562090534,curve,NTD-PL,
1631.0,linear,630,0.028990340791642664,0.0008770271637839874,curve,NTD-PL,
1632.0,linear,631,0.028990339674055576,0.0008770281679808936,curve,NTD-PL,
1633.0,linear,632,0.028990339115262033,0.0008770277938298567,curve,NTD-PL,
1634.0,linear,633,0.028990339301526547,0.0008770270281484944,curve,NTD-PL,
1635.0,linear,634,0.028990340419113636,0.0008770281392367036,curve,NTD-PL,
1636.0,linear,635,0.0289903424680233,0.0008770289759338437,curve,NTD-PL,
1637.0,linear,636,0.028990340977907182,0.0008770280837913076,curve,NTD-PL,
1638.0,linear,637,0.028990338928997515,0.0008770286663917438,curve,NTD-PL,
1639.0,linear,638,0.02899033948779106,0.0008770264844454482,curve,NTD-PL,
1640.0,linear,639,0.028990341536700725,0.0008770263856900439,curve,NTD-PL,
1641.0,linear,640,0.028990343026816846,0.0008770271020529496,curve,NTD-PL,
1642.0,linear,641,0.02899033818393946,0.0008770261904589991,curve,NTD-PL,
1643.0,linear,642,0.02899033986032009,0.0008770275085692563,curve,NTD-PL,
1644.0,linear,643,0.028990340232849122,0.0008770263549489123,curve,NTD-PL,
1645.0,linear,644,0.028990340046584608,0.000877026509566443,curve,NTD-PL,
1646.0,linear,645,0.02899034209549427,0.000877027563384797,curve,NTD-PL,
1647.0,linear,646,0.028990339115262033,0.0008770271858684446,curve,NTD-PL,
1648.0,linear,647,0.028990337438881398,0.0008770280072543402,curve,NTD-PL,
1649.0,linear,648,0.028990338556468487,0.0008770254823773847,curve,NTD-PL,
1650.0,linear,649,0.028990340419113636,0.0008770271715042679,curve,NTD-PL,
1651.0,linear,650,0.02899034358561039,0.000877028047583273,curve,NTD-PL,
1652.0,linear,651,0.028990340791642664,0.0008770266163028804,curve,NTD-PL,
1653.0,linear,652,0.028990340791642664,0.0008770269534267396,curve,NTD-PL,
1654.0,linear,653,0.028990340232849122,0.0008770279657725202,curve,NTD-PL,
1655.0,linear,654,0.02899034209549427,0.0008770267304545202,curve,NTD-PL,
1656.0,linear,655,0.028990342654287814,0.0008770270693711804,curve,NTD-PL,
1657.0,linear,656,0.02899033948779106,0.0008770257952108822,curve,NTD-PL,
1658.0,linear,657,0.028990340046584608,0.0008770270035543767,curve,NTD-PL,
1659.0,linear,658,0.028990338556468487,0.0008770256464779254,curve,NTD-PL,
1660.0,linear,659,0.028990341536700725,0.0008770256933152754,curve,NTD-PL,
1661.0,linear,660,0.028990343771874906,0.0008770255252221606,curve,NTD-PL,
1662.0,linear,661,0.02899034060537815,0.0008770257541748561,curve,NTD-PL,
1663.0,linear,662,0.028990340791642664,0.0008770269522953467,curve,NTD-PL,
1664.0,linear,663,0.028990341536700725,0.0008770261357597649,curve,NTD-PL,
1665.0,linear,664,0.028990341536700725,0.0008770257590833881,curve,NTD-PL,
1666.0,linear,665,0.02899034321308136,0.0008770262024854187,curve,NTD-PL,
1667.0,linear,666,0.028990340977907182,0.0008770260414889745,curve,NTD-PL,
1668.0,linear,667,0.02899034135043621,0.0008770269308274357,curve,NTD-PL,
1669.0,linear,668,0.02899034172296524,0.0008770269574616669,curve,NTD-PL,
1670.0,linear,669,0.02899034395813942,0.0008770236914012985,curve,NTD-PL,
1671.0,linear,670,0.028975859098136426,0.0008702632790695434,curve,NTD-PL,
1672.0,linear,671,0.028977244347333907,0.0008708786350912059,curve,NTD-PL,
1673.0,linear,672,0.02897760774940252,0.0008710840164584767,curve,NTD-PL,
1674.0,linear,673,0.02897641472518444,0.0008704199494976117,curve,NTD-PL,
1675.0,linear,674,0.02897616885602474,0.0008704417645637964,curve,NTD-PL,
1676.0,linear,675,0.028974264860153198,0.0008693193006965416,curve,NTD-PL,
1677.0,linear,676,0.028973454609513283,0.0008689715225767738,curve,NTD-PL,
1678.0,linear,677,0.028973549790680408,0.0008690527695715915,curve,NTD-PL,
1679.0,linear,678,0.02897349577397108,0.0008690009005237403,curve,NTD-PL,
1680.0,linear,679,0.028973190300166606,0.0008688425706265091,curve,NTD-PL,
1681.0,linear,680,0.02897157147526741,0.0008680884909228033,curve,NTD-PL,
1682.0,linear,681,0.028971486911177634,0.0008680346368973754,curve,NTD-PL,
1683.0,linear,682,0.02897131983190775,0.0008679960329468927,curve,NTD-PL,
1684.0,linear,683,0.028971156850457192,0.000867909083807664,curve,NTD-PL,
1685.0,linear,684,0.028971151635050773,0.0008678945762461751,curve,NTD-PL,
1686.0,linear,685,0.02897042166441679,0.0008676241304676757,curve,NTD-PL,
1687.0,linear,686,0.02897037789225578,0.0008675673197213295,curve,NTD-PL,
1688.0,linear,687,0.028970375843346118,0.00086762468758136,curve,NTD-PL,
1689.0,linear,688,0.028970188274979592,0.0008675087032985402,curve,NTD-PL,
1690.0,linear,689,0.028970178216695786,0.0008674818439513894,curve,NTD-PL,
1691.0,linear,690,0.02896975539624691,0.0008673627432696193,curve,NTD-PL,
1692.0,linear,691,0.028969672694802284,0.0008672830492022223,curve,NTD-PL,
1693.0,linear,692,0.028969692066311836,0.0008673178049469016,curve,NTD-PL,
1694.0,linear,693,0.02896959688514471,0.0008672765561298545,curve,NTD-PL,
1695.0,linear,694,0.0289695480838418,0.0008672300165741021,curve,NTD-PL,
1696.0,linear,695,0.028969310969114304,0.000867177445728476,curve,NTD-PL,
1697.0,linear,696,0.02896926403045654,0.0008671236908970365,curve,NTD-PL,
1698.0,linear,697,0.028969263844192027,0.0008671432284349058,curve,NTD-PL,
1699.0,linear,698,0.0289692098274827,0.0008671186468294267,curve,NTD-PL,
1700.0,linear,699,0.028969180397689344,0.0008670930805693491,curve,NTD-PL,
1701.0,linear,700,0.028969030268490313,0.0008670668190014989,curve,NTD-PL,
1702.0,linear,701,0.028968987241387367,0.0008670133694564258,curve,NTD-PL,
1703.0,linear,702,0.028968992456793786,0.0008670377844575479,curve,NTD-PL,
1704.0,linear,703,0.028968970477581023,0.0008670330361310847,curve,NTD-PL,
1705.0,linear,704,0.028968948498368265,0.0008670012925446922,curve,NTD-PL,
1706.0,linear,705,0.028968816436827183,0.0008669723536606668,curve,NTD-PL,
1707.0,linear,706,0.02896881252527237,0.0008669462775096045,curve,NTD-PL,
1708.0,linear,707,0.028968820162117482,0.0008669619918314867,curve,NTD-PL,
1709.0,linear,708,0.028968778811395167,0.0008669571852801,curve,NTD-PL,
1710.0,linear,709,0.028968789242208005,0.0008669377750069553,curve,NTD-PL,
1711.0,linear,710,0.028968712873756887,0.0008669372763132748,curve,NTD-PL,
1712.0,linear,711,0.028968686051666737,0.0008669089071251202,curve,NTD-PL,
1713.0,linear,712,0.028968706354498865,0.0008669134950279421,curve,NTD-PL,
1714.0,linear,713,0.028968678042292594,0.0008669211211859303,curve,NTD-PL,
1715.0,linear,714,0.028968674689531328,0.0008669006951706724,curve,NTD-PL,
1716.0,linear,715,0.02896862756460905,0.0008668919003865612,curve,NTD-PL,
1717.0,linear,716,0.028968611545860768,0.0008668848361864167,curve,NTD-PL,
1718.0,linear,717,0.028968622907996178,0.0008668838967011503,curve,NTD-PL,
1719.0,linear,718,0.028968604281544685,0.0008668858330848798,curve,NTD-PL,
1720.0,linear,719,0.028968603163957597,0.000866876717429259,curve,NTD-PL,
1721.0,linear,720,0.02896858062595129,0.0008668835283870735,curve,NTD-PL,
1722.0,linear,721,0.028968557715415955,0.0008668692547217667,curve,NTD-PL,
1723.0,linear,722,0.02896856851875782,0.0008668660991971371,curve,NTD-PL,
1724.0,linear,723,0.028968561626970767,0.0008668770373330862,curve,NTD-PL,
1725.0,linear,724,0.028968552500009535,0.0008668619312703225,curve,NTD-PL,
1726.0,linear,725,0.028968538157641888,0.0008668654221497418,curve,NTD-PL,
1727.0,linear,726,0.028968526236712932,0.0008668606500122446,curve,NTD-PL,
1728.0,linear,727,0.028968529403209688,0.0008668549583620176,curve,NTD-PL,
1729.0,linear,728,0.028968523629009722,0.0008668616207083095,curve,NTD-PL,
1730.0,linear,729,0.028968519158661367,0.0008668527569379829,curve,NTD-PL,
1731.0,linear,730,0.02896852120757103,0.0008668691356871495,curve,NTD-PL,
1732.0,linear,731,0.028968503512442113,0.0008668517754296413,curve,NTD-PL,
1733.0,linear,732,0.028968502022325992,0.0008668496670981584,curve,NTD-PL,
1734.0,linear,733,0.02896850910037756,0.0008668634222302558,curve,NTD-PL,
1735.0,linear,734,0.028968494571745395,0.0008668434475946715,curve,NTD-PL,
1736.0,linear,735,0.02896850071847439,0.0008668552461667502,curve,NTD-PL,
1737.0,linear,736,0.028968490101397036,0.0008668499006202601,curve,NTD-PL,
1738.0,linear,737,0.02896848563104868,0.00086684450861719,curve,NTD-PL,
1739.0,linear,738,0.028968489728868008,0.0008668510712036635,curve,NTD-PL,
1740.0,linear,739,0.028968481346964836,0.0008668414044921015,curve,NTD-PL,
1741.0,linear,740,0.028968497179448605,0.0008668631907940603,curve,NTD-PL,
1742.0,linear,741,0.028968481905758382,0.0008668457034515426,curve,NTD-PL,
1743.0,linear,742,0.0289684746414423,0.0008668415319455303,curve,NTD-PL,
1744.0,linear,743,0.02896848861128092,0.000866859143984438,curve,NTD-PL,
1745.0,linear,744,0.0289684746414423,0.0008668368871646878,curve,NTD-PL,
1746.0,linear,745,0.028968487679958344,0.0008668543539186004,curve,NTD-PL,
1747.0,linear,746,0.028968478552997112,0.0008668461835277856,curve,NTD-PL,
1748.0,linear,747,0.028968467190861703,0.0008668375289314585,curve,NTD-PL,
1749.0,linear,748,0.028968482092022897,0.0008668519382065519,curve,NTD-PL,
1750.0,linear,749,0.028968467749655245,0.0008668361427138253,curve,NTD-PL,
1751.0,linear,750,0.028968491964042185,0.0008668669810033592,curve,NTD-PL,
1752.0,linear,751,0.028968477994203566,0.0008668420726054477,curve,NTD-PL,
1753.0,linear,752,0.028968464024364947,0.0008668387607171959,curve,NTD-PL,
1754.0,linear,753,0.0289684833958745,0.0008668616920602922,curve,NTD-PL,
1755.0,linear,754,0.028968465887010096,0.0008668315625084876,curve,NTD-PL,
1756.0,linear,755,0.028968492336571217,0.0008668503078455383,curve,NTD-PL,
1757.0,linear,756,0.02896848451346159,0.0008668412911943714,curve,NTD-PL,
1758.0,linear,757,0.028968461230397223,0.0008668355701665797,curve,NTD-PL,
1759.0,linear,758,0.028968484699726106,0.0008668518248001553,curve,NTD-PL,
1760.0,linear,759,0.02896846942603588,0.0008668306961856926,curve,NTD-PL,
1761.0,linear,760,0.028968503698706627,0.0008668638361206342,curve,NTD-PL,
1762.0,linear,761,0.02896849177777767,0.0008668335128331655,curve,NTD-PL,
1763.0,linear,762,0.028968462161719798,0.000866838779172768,curve,NTD-PL,
1764.0,linear,763,0.028968490101397036,0.0008668613396528745,curve,NTD-PL,
1765.0,linear,764,0.028968474827706814,0.0008668224959677051,curve,NTD-PL,
1766.0,linear,765,0.028968511894345284,0.0008668406676320544,curve,NTD-PL,
1767.0,linear,766,0.028968504816293716,0.0008668250507388977,curve,NTD-PL,
1768.0,linear,767,0.02896846327930689,0.0008668351598776996,curve,NTD-PL,
1769.0,linear,768,0.02896849736571312,0.0008668468196865483,curve,NTD-PL,
1770.0,linear,769,0.028968481346964836,0.0008668156694557737,curve,NTD-PL,
1771.0,linear,770,0.028968532010912894,0.0008668433474242978,curve,NTD-PL,
1772.0,linear,771,0.028968525864183903,0.0008668019540273211,curve,NTD-PL,
1773.0,linear,772,0.02896846439689398,0.0008668354838135911,curve,NTD-PL,
1774.0,linear,773,0.028968511521816252,0.0008668497372490601,curve,NTD-PL,
1775.0,linear,774,0.028968494944274427,0.0008667977291475043,curve,NTD-PL,
1776.0,linear,775,0.028968563489615917,0.0008667937423727547,curve,NTD-PL,
1777.0,linear,776,0.02896855678409338,0.0008667742757615324,curve,NTD-PL,
1778.0,linear,777,0.028968466259539128,0.0008668325230107968,curve,NTD-PL,
1779.0,linear,778,0.028968535549938678,0.0008668142244846091,curve,NTD-PL,
1780.0,linear,779,0.0289685120806098,0.0008667829090787828,curve,NTD-PL,
1781.0,linear,780,0.028968615084886552,0.0008667639347308408,curve,NTD-PL,
1782.0,linear,781,0.028968603909015657,0.000866722309322504,curve,NTD-PL,
1783.0,linear,782,0.02896846942603588,0.0008668339141347996,curve,NTD-PL,
1784.0,linear,783,0.028968582302331923,0.0008667795464693789,curve,NTD-PL,
1785.0,linear,784,0.028968533501029015,0.0008667568916311984,curve,NTD-PL,
1786.0,linear,785,0.02896872125566006,0.0008666347124894037,curve,NTD-PL,
1787.0,linear,786,0.028968659043312073,0.000866669188686014,curve,NTD-PL,
1788.0,linear,787,0.028968477435410023,0.0008668244722088456,curve,NTD-PL,
1789.0,linear,788,0.028968681953847407,0.0008666655975097872,curve,NTD-PL,
1790.0,linear,789,0.02896853256970644,0.0008667618896591254,curve,NTD-PL,
1791.0,linear,790,0.028968829475343228,0.000866538802300949,curve,NTD-PL,
1792.0,linear,791,0.028968680836260318,0.0008666398009105652,curve,NTD-PL,
1793.0,linear,792,0.02896852232515812,0.0008667780334797089,curve,NTD-PL,
1794.0,linear,793,0.028968769311904907,0.0008665826858536686,curve,NTD-PL,
1795.0,linear,794,0.028968490287661554,0.0008667986303084678,curve,NTD-PL,
1796.0,linear,795,0.02896886635571718,0.0008664771756066031,curve,NTD-PL,
1797.0,linear,796,0.028968596085906028,0.0008667253135984869,curve,NTD-PL,
1798.0,linear,797,0.02896859422326088,0.0008667060737728149,curve,NTD-PL,
1799.0,linear,798,0.028968732617795468,0.0008666038424627686,curve,NTD-PL,
1800.0,linear,799,0.028968473337590693,0.0008668168419998731,curve,NTD-PL,
1801.0,linear,800,0.028968670405447483,0.0008666872131847272,curve,NTD-PL,
1802.0,linear,801,0.02896850723773241,0.0008668071055345161,curve,NTD-PL,
1803.0,linear,802,0.02896855864673853,0.0008667403310079332,curve,NTD-PL,
1804.0,linear,803,0.028968571871519088,0.0008667706891239844,curve,NTD-PL,
1805.0,linear,804,0.028968478180468084,0.0008668105171171578,curve,NTD-PL,
1806.0,linear,805,0.028968533501029015,0.000866802266952578,curve,NTD-PL,
1807.0,linear,806,0.02896848227828741,0.0008668319759274028,curve,NTD-PL,
1808.0,linear,807,0.028968486376106738,0.0008668120298189606,curve,NTD-PL,
1809.0,linear,808,0.028968501649796963,0.0008668267137593112,curve,NTD-PL,
1810.0,linear,809,0.028968474082648753,0.0008668184488782616,curve,NTD-PL,
1811.0,linear,810,0.028968494944274427,0.0008668489878531478,curve,NTD-PL,
1812.0,linear,811,0.028968479484319687,0.0008668310209541594,curve,NTD-PL,
1813.0,linear,812,0.028968467377126217,0.0008668307929093725,curve,NTD-PL,
1814.0,linear,813,0.0289684833958745,0.0008668473759291442,curve,NTD-PL,
1815.0,linear,814,0.02896846756339073,0.0008668213025271177,curve,NTD-PL,
1816.0,linear,815,0.028968478552997112,0.0008668469599716185,curve,NTD-PL,
1817.0,linear,816,0.028968473710119725,0.0008668354862377279,curve,NTD-PL,
1818.0,linear,817,0.028968465514481068,0.0008668279363422776,curve,NTD-PL,
1819.0,linear,818,0.02896847315132618,0.0008668460593366023,curve,NTD-PL,
1820.0,linear,819,0.02896846365183592,0.0008668259228527763,curve,NTD-PL,
1821.0,linear,820,0.02896848153322935,0.0008668503831659461,curve,NTD-PL,
1822.0,linear,821,0.02896846700459719,0.0008668364816756053,curve,NTD-PL,
1823.0,linear,822,0.028968464769423007,0.000866832041545345,curve,NTD-PL,
1824.0,linear,823,0.028968476876616477,0.0008668470324732896,curve,NTD-PL,
1825.0,linear,824,0.028968460485339166,0.0008668279158685881,curve,NTD-PL,
1826.0,linear,825,0.02896847389638424,0.0008668416658270607,curve,NTD-PL,
1827.0,linear,826,0.028968468122184277,0.0008668372035868789,curve,NTD-PL,
1828.0,linear,827,0.028968459740281106,0.0008668325195414582,curve,NTD-PL,
1829.0,linear,828,0.028968471847474576,0.0008668404526514334,curve,NTD-PL,
1830.0,linear,829,0.02896846178919077,0.0008668283611124797,curve,NTD-PL,
1831.0,linear,830,0.028968475013971328,0.000866849698106131,curve,NTD-PL,
1832.0,linear,831,0.028968466445803642,0.0008668356004396992,curve,NTD-PL,
1833.0,linear,832,0.02896846365183592,0.0008668323270084297,curve,NTD-PL,
1834.0,linear,833,0.028968470916152,0.0008668446525372901,curve,NTD-PL,
1835.0,linear,834,0.028968459740281106,0.0008668264429956956,curve,NTD-PL,
1836.0,linear,835,0.028955130279064177,0.0008673564738021379,curve,NTD-PL,
1837.0,linear,836,0.028956283628940583,0.0008674357004479045,curve,NTD-PL,
1838.0,linear,837,0.028956339135766028,0.0008674701587986644,curve,NTD-PL,
1839.0,linear,838,0.028955330699682237,0.0008673385121818145,curve,NTD-PL,
1840.0,linear,839,0.028955446556210518,0.0008674652887818365,curve,NTD-PL,
1841.0,linear,840,0.028954536467790604,0.0008673278483877783,curve,NTD-PL,
1842.0,linear,841,0.028953989408910273,0.0008672655581811975,curve,NTD-PL,
1843.0,linear,842,0.02895404361188412,0.00086732135691234,curve,NTD-PL,
1844.0,linear,843,0.028954054042696954,0.0008673526261668737,curve,NTD-PL,
1845.0,linear,844,0.02895382922142744,0.0008673247495330974,curve,NTD-PL,
1846.0,linear,845,0.028953023627400397,0.0008671572647975894,curve,NTD-PL,
1847.0,linear,846,0.02895288672298193,0.0008671584327033488,curve,NTD-PL,
1848.0,linear,847,0.028952890634536745,0.0008671786913485103,curve,NTD-PL,
1849.0,linear,848,0.02895277291536331,0.0008671648698999311,curve,NTD-PL,
1850.0,linear,849,0.02895270921289921,0.0008671829231514385,curve,NTD-PL,
1851.0,linear,850,0.028952558897435664,0.0008671440230736644,curve,NTD-PL,
1852.0,linear,851,0.028952431119978427,0.0008671403897053383,curve,NTD-PL,
1853.0,linear,852,0.028952441923320294,0.0008671359637836745,curve,NTD-PL,
1854.0,linear,853,0.028952409327030183,0.0008671528893801525,curve,NTD-PL,
1855.0,linear,854,0.028952357918024064,0.0008671442134737684,curve,NTD-PL,
1856.0,linear,855,0.02895226776599884,0.0008671472229994806,curve,NTD-PL,
1857.0,linear,856,0.028952234610915183,0.0008671455423408602,curve,NTD-PL,
1858.0,linear,857,0.028952214866876602,0.0008671326295220458,curve,NTD-PL,
1859.0,linear,858,0.0289521936327219,0.0008671463836279261,curve,NTD-PL,
1860.0,linear,859,0.028952190279960634,0.0008671397273508762,curve,NTD-PL,
1861.0,linear,860,0.02895213682204485,0.0008671587854643629,curve,NTD-PL,
1862.0,linear,861,0.028952108509838582,0.0008671374909149535,curve,NTD-PL,
1863.0,linear,862,0.028952107205986975,0.0008671425587705423,curve,NTD-PL,
1864.0,linear,863,0.02895209174603224,0.0008671529435146299,curve,NTD-PL,
1865.0,linear,864,0.02895207442343235,0.0008671263068636638,curve,NTD-PL,
1866.0,linear,865,0.028952047415077686,0.0008671541636750489,curve,NTD-PL,
1867.0,linear,866,0.02895202785730362,0.0008671451138575073,curve,NTD-PL,
1868.0,linear,867,0.028952020220458508,0.0008671302980369532,curve,NTD-PL,
1869.0,linear,868,0.02895201984792948,0.0008671475993781955,curve,NTD-PL,
1870.0,linear,869,0.02895199880003929,0.0008671282071377365,curve,NTD-PL,
1871.0,linear,870,0.028951997682452203,0.0008671517359909995,curve,NTD-PL,
1872.0,linear,871,0.028951981849968434,0.0008671457056701113,curve,NTD-PL,
1873.0,linear,872,0.028951972350478174,0.0008671305852306718,curve,NTD-PL,
1874.0,linear,873,0.028951976075768472,0.0008671478760392322,curve,NTD-PL,
1875.0,linear,874,0.028951957076787948,0.0008671330152723878,curve,NTD-PL,
1876.0,linear,875,0.028951956890523434,0.0008671459600804617,curve,NTD-PL,
1877.0,linear,876,0.028951946273446084,0.0008671443492922644,curve,NTD-PL,
1878.0,linear,877,0.028951935842633246,0.0008671304220902908,curve,NTD-PL,
1879.0,linear,878,0.028951946273446084,0.0008671451715877459,curve,NTD-PL,
1880.0,linear,879,0.028951929323375224,0.0008671333838325426,curve,NTD-PL,
1881.0,linear,880,0.028951941430568694,0.000867157753911423,curve,NTD-PL,
1882.0,linear,881,0.028951930813491344,0.0008671476634763293,curve,NTD-PL,
1883.0,linear,882,0.028951915353536604,0.0008671330975205615,curve,NTD-PL,
1884.0,linear,883,0.02895193174481392,0.0008671531807390589,curve,NTD-PL,
1885.0,linear,884,0.028951914049685,0.0008671354066637208,curve,NTD-PL,
1886.0,linear,885,0.02895192615687847,0.0008671569722984526,curve,NTD-PL,
1887.0,linear,886,0.028951919823884963,0.0008671522455786729,curve,NTD-PL,
1888.0,linear,887,0.028951902128756046,0.0008671323420151445,curve,NTD-PL,
1889.0,linear,888,0.02895191926509142,0.0008671535397244355,curve,NTD-PL,
1890.0,linear,889,0.028951905481517316,0.0008671398315400494,curve,NTD-PL,
1891.0,linear,890,0.02895192541182041,0.0008671723962937908,curve,NTD-PL,
1892.0,linear,891,0.02895191591233015,0.0008671605084568344,curve,NTD-PL,
1893.0,linear,892,0.02895189691334963,0.0008671387967527359,curve,NTD-PL,
1894.0,linear,893,0.028951918333768846,0.0008671645244341624,curve,NTD-PL,
1895.0,linear,894,0.02895190194249153,0.0008671464067629142,curve,NTD-PL,
1896.0,linear,895,0.028951924294233322,0.0008671747743553414,curve,NTD-PL,
1897.0,linear,896,0.028951917961239814,0.0008671680699576898,curve,NTD-PL,
1898.0,linear,897,0.028951891884207725,0.0008671399289328501,curve,NTD-PL,
1899.0,linear,898,0.028951916098594665,0.0008671682607731636,curve,NTD-PL,
1900.0,linear,899,0.028951901569962503,0.0008671523872980464,curve,NTD-PL,
1901.0,linear,900,0.02895193099975586,0.0008671914455718798,curve,NTD-PL,
1902.0,linear,901,0.0289519215002656,0.0008671769154427751,curve,NTD-PL,
1903.0,linear,902,0.028951891884207725,0.0008671456010314872,curve,NTD-PL,
1904.0,linear,903,0.028951920941472052,0.0008671819241425076,curve,NTD-PL,
1905.0,linear,904,0.02895190306007862,0.0008671552116704411,curve,NTD-PL,
1906.0,linear,905,0.028951935656368732,0.0008671952466028217,curve,NTD-PL,
1907.0,linear,906,0.02895192727446556,0.0008671881646095108,curve,NTD-PL,
1908.0,linear,907,0.02895188648253679,0.0008671446695605858,curve,NTD-PL,
1909.0,linear,908,0.028951923735439776,0.0008671841205942978,curve,NTD-PL,
1910.0,linear,909,0.028951905854046344,0.0008671621590809672,curve,NTD-PL,
1911.0,linear,910,0.028951952420175075,0.0008672176124173881,curve,NTD-PL,
1912.0,linear,911,0.028951939567923544,0.0008671984630406359,curve,NTD-PL,
1913.0,linear,912,0.028951891325414182,0.0008671477859295656,curve,NTD-PL,
1914.0,linear,913,0.028951937146484853,0.0008672033247629301,curve,NTD-PL,
1915.0,linear,914,0.0289519127458334,0.0008671672893486405,curve,NTD-PL,
1916.0,linear,915,0.028951966390013694,0.0008672289935759853,curve,NTD-PL,
1917.0,linear,916,0.0289519552141428,0.0008672153841001457,curve,NTD-PL,
1918.0,linear,917,0.028951888903975487,0.0008671493031340207,curve,NTD-PL,
1919.0,linear,918,0.028951949439942837,0.000867212346080006,curve,NTD-PL,
1920.0,linear,919,0.028951919078826903,0.0008671769829827413,curve,NTD-PL,
1921.0,linear,920,0.02895198892802,0.0008672572592488002,curve,NTD-PL,
1922.0,linear,921,0.028951974399387837,0.000867233227178136,curve,NTD-PL,
1923.0,linear,922,0.028951891325414182,0.0008671541227015088,curve,NTD-PL,
1924.0,linear,923,0.02895197384059429,0.000867239722016891,curve,NTD-PL,
1925.0,linear,924,0.0289519265294075,0.0008671813115566284,curve,NTD-PL,
1926.0,linear,925,0.02895202599465847,0.0008672825819699301,curve,NTD-PL,
1927.0,linear,926,0.028951996006071568,0.0008672531143441528,curve,NTD-PL,
1928.0,linear,927,0.028951891884207725,0.0008671541999036073,curve,NTD-PL,
1929.0,linear,928,0.02895200960338116,0.0008672669230429142,curve,NTD-PL,
1930.0,linear,929,0.02895192541182041,0.0008671824462014229,curve,NTD-PL,
1931.0,linear,930,0.028952061384916305,0.0008673223395625991,curve,NTD-PL,
1932.0,linear,931,0.02895201314240694,0.0008672669952029106,curve,NTD-PL,
1933.0,linear,932,0.028951900079846382,0.0008671609284665085,curve,NTD-PL,
1934.0,linear,933,0.028952047042548657,0.0008673063908067462,curve,NTD-PL,
1935.0,linear,934,0.028951915353536604,0.0008671699508367766,curve,NTD-PL,
1936.0,linear,935,0.02895210441201925,0.0008673475933544473,curve,NTD-PL,
1937.0,linear,936,0.028952009789645673,0.0008672611380982021,curve,NTD-PL,
1938.0,linear,937,0.028951912373304366,0.0008671726350338737,curve,NTD-PL,
1939.0,linear,938,0.02895207703113556,0.0008673249541395543,curve,NTD-PL,
1940.0,linear,939,0.028951892629265785,0.0008671493150329351,curve,NTD-PL,
1941.0,linear,940,0.02895208913832903,0.0008673397738508812,curve,NTD-PL,
1942.0,linear,941,0.02895197905600071,0.0008672253901707996,curve,NTD-PL,
1943.0,linear,942,0.0289519265294075,0.000867184887033021,curve,NTD-PL,
1944.0,linear,943,0.028952048532664774,0.00086730222856254,curve,NTD-PL,
1945.0,linear,944,0.028951883502304553,0.0008671340094901032,curve,NTD-PL,
1946.0,linear,945,0.028952053189277648,0.0008672829413215843,curve,NTD-PL,
1947.0,linear,946,0.02895194012671709,0.0008671818120447945,curve,NTD-PL,
1948.0,linear,947,0.028951925970613957,0.0008671825548826595,curve,NTD-PL,
1949.0,linear,948,0.02895199805498123,0.0008672395208205643,curve,NTD-PL,
1950.0,linear,949,0.028951887041330338,0.0008671315181193194,curve,NTD-PL,
1951.0,linear,950,0.02895198278129101,0.0008672194378453463,curve,NTD-PL,
1952.0,linear,951,0.028951925039291383,0.0008671515087217214,curve,NTD-PL,
1953.0,linear,952,0.028951907716691493,0.0008671644739149626,curve,NTD-PL,
1954.0,linear,953,0.028951946832239627,0.0008671908420732939,curve,NTD-PL,
1955.0,linear,954,0.028951893374323846,0.0008671256188224118,curve,NTD-PL,
1956.0,linear,955,0.028951960615813732,0.0008671577332832152,curve,NTD-PL,
1957.0,linear,956,0.0289519265294075,0.0008671332793595869,curve,NTD-PL,
1958.0,linear,957,0.02895189207047224,0.0008671465168702651,curve,NTD-PL,
1959.0,linear,958,0.028951938077807427,0.000867152903707158,curve,NTD-PL,
1960.0,linear,959,0.028951899521052836,0.0008671205154962917,curve,NTD-PL,
1961.0,linear,960,0.028951954282820224,0.000867138682372395,curve,NTD-PL,
1962.0,linear,961,0.028951940685510637,0.0008671070413579999,curve,NTD-PL,
1963.0,linear,962,0.028951885737478734,0.0008671403756557975,curve,NTD-PL,
1964.0,linear,963,0.028951935656368732,0.0008671394159180616,curve,NTD-PL,
1965.0,linear,964,0.02895191088318825,0.0008671051209355059,curve,NTD-PL,
1966.0,linear,965,0.0289519852027297,0.0008670831296691774,curve,NTD-PL,
1967.0,linear,966,0.028951962664723396,0.0008670825743289059,curve,NTD-PL,
1968.0,linear,967,0.028951886855065823,0.0008671333842661675,curve,NTD-PL,
1969.0,linear,968,0.028951960802078246,0.0008670936946767454,curve,NTD-PL,
1970.0,linear,969,0.02895192299038172,0.0008670936489234271,curve,NTD-PL,
1971.0,linear,970,0.028952013887465,0.000867059503908008,curve,NTD-PL,
1972.0,linear,971,0.028952001221477987,0.0008670375361438137,curve,NTD-PL,
1973.0,linear,972,0.02895188983529806,0.0008671302560230755,curve,NTD-PL,
1974.0,linear,973,0.028951990231871606,0.0008670682543559811,curve,NTD-PL,
1975.0,linear,974,0.028951943293213843,0.0008670711506767539,curve,NTD-PL,
1976.0,linear,975,0.02895209863781929,0.0008669586492782096,curve,NTD-PL,
1977.0,linear,976,0.028952043130993844,0.0008669957818789226,curve,NTD-PL,
1978.0,linear,977,0.028951895795762538,0.0008671186597555387,curve,NTD-PL,
1979.0,linear,978,0.02895206641405821,0.0008669868104189648,curve,NTD-PL,
1980.0,linear,979,0.028951948508620262,0.0008670611485104247,curve,NTD-PL,
1981.0,linear,980,0.028952158614993097,0.0008669047372551412,curve,NTD-PL,
1982.0,linear,981,0.028952085040509702,0.0008669348933780842,curve,NTD-PL,
1983.0,linear,982,0.028951913863420487,0.0008671057259566964,curve,NTD-PL,
1984.0,linear,983,0.02895212396979332,0.0008669309974452971,curve,NTD-PL,
1985.0,linear,984,0.028951946832239627,0.0008670450689593364,curve,NTD-PL,
1986.0,linear,985,0.028952255100011825,0.000866765583114441,curve,NTD-PL,
1987.0,linear,986,0.02895209174603224,0.0008669030601403827,curve,NTD-PL,
1988.0,linear,987,0.028951945528388024,0.0008670785539100453,curve,NTD-PL,
1989.0,linear,988,0.028952186927199364,0.0008668288823776482,curve,NTD-PL,
1990.0,linear,989,0.028951932862401008,0.0008670510372012196,curve,NTD-PL,
1991.0,linear,990,0.02895224094390869,0.0008667370689508628,curve,NTD-PL,
1992.0,linear,991,0.02895208802074194,0.0008668622335305108,curve,NTD-PL,
1993.0,linear,992,0.028951956517994405,0.0008670615323731694,curve,NTD-PL,
1994.0,linear,993,0.028952169232070446,0.000866796862218099,curve,NTD-PL,
1995.0,linear,994,0.028951931931078433,0.0008670476353640754,curve,NTD-PL,
1996.0,linear,995,0.028952267952263355,0.0008666106580037256,curve,NTD-PL,
1997.0,linear,996,0.028952057100832464,0.0008668777915985254,curve,NTD-PL,
1998.0,linear,997,0.028951962664723396,0.0008670287765472707,curve,NTD-PL,
1999.0,linear,998,0.028952183574438094,0.0008667096115962113,curve,NTD-PL,
2000.0,linear,999,0.028951904363930227,0.000867091872042621,curve,NTD-PL,
2001.0,linear,1000,0.028952199406921862,0.0008666781768671463,curve,NTD-PL,
2002.0,poly3,0,0.16129835993051528,0.04627770068612767,curve,NTD-PL,
2003.0,poly3,1,0.16130635365843773,0.046275202545244275,curve,NTD-PL,
2004.0,poly3,2,0.1612996242940426,0.046276703692053174,curve,NTD-PL,
2005.0,poly3,3,0.1613005168735981,0.04627629750048331,curve,NTD-PL,
2006.0,poly3,4,0.16130201667547225,0.04627581893939988,curve,NTD-PL,
2007.0,poly3,5,0.15676121264696122,0.04094275707359129,curve,NTD-PL,
2008.0,poly3,6,0.15672915950417518,0.04092998164297255,curve,NTD-PL,
2009.0,poly3,7,0.15669892951846123,0.04091576428196759,curve,NTD-PL,
2010.0,poly3,8,0.15667269453406335,0.04090073121919294,curve,NTD-PL,
2011.0,poly3,9,0.1566505029797554,0.04088556903701819,curve,NTD-PL,
2012.0,poly3,10,0.1566252127289772,0.0408703142458852,curve,NTD-PL,
2013.0,poly3,11,0.15660676807165147,0.04085631783517744,curve,NTD-PL,
2014.0,poly3,12,0.15659004375338553,0.040843374886147796,curve,NTD-PL,
2015.0,poly3,13,0.15657464936375617,0.040831382113749315,curve,NTD-PL,
2016.0,poly3,14,0.1565604068338871,0.040820074664038905,curve,NTD-PL,
2017.0,poly3,15,0.15654234811663628,0.04080752538288098,curve,NTD-PL,
2018.0,poly3,16,0.1565292462706566,0.04079673953945069,curve,NTD-PL,
2019.0,poly3,17,0.15651726648211478,0.04078641678612379,curve,NTD-PL,
2020.0,poly3,18,0.1565062940120697,0.04077646259669343,curve,NTD-PL,
2021.0,poly3,19,0.15649619027972222,0.04076675063007375,curve,NTD-PL,
2022.0,poly3,20,0.15648426711559296,0.04075584745404163,curve,NTD-PL,
2023.0,poly3,21,0.15647511556744576,0.04074646218226574,curve,NTD-PL,
2024.0,poly3,22,0.15646668747067452,0.040737435990159124,curve,NTD-PL,
2025.0,poly3,23,0.15645890608429908,0.040728758774406904,curve,NTD-PL,
2026.0,poly3,24,0.15645168647170066,0.04072040835531033,curve,NTD-PL,
2027.0,poly3,25,0.15644358992576599,0.04071146153714578,curve,NTD-PL,
2028.0,poly3,26,0.15643703639507295,0.04070357013739405,curve,NTD-PL,
2029.0,poly3,27,0.1564308784902096,0.04069603471078668,curve,NTD-PL,
2030.0,poly3,28,0.1564250260591507,0.04068881027882479,curve,NTD-PL,
2031.0,poly3,29,0.15641938596963884,0.04068180657866892,curve,NTD-PL,
2032.0,poly3,30,0.15641312077641487,0.04067434405411642,curve,NTD-PL,
2033.0,poly3,31,0.1564077265560627,0.04066764557380053,curve,NTD-PL,
2034.0,poly3,32,0.1564025655388832,0.04066113375471752,curve,NTD-PL,
2035.0,poly3,33,0.15639765560626984,0.04065477598872532,curve,NTD-PL,
2036.0,poly3,34,0.1563929721713066,0.04064852130521228,curve,NTD-PL,
2037.0,poly3,35,0.15638802349567413,0.040641955231247674,curve,NTD-PL,
2038.0,poly3,36,0.15638365894556044,0.04063587169163892,curve,NTD-PL,
2039.0,poly3,37,0.1563794918358326,0.040629951000503275,curve,NTD-PL,
2040.0,poly3,38,0.15637549608945847,0.04062416504019927,curve,NTD-PL,
2041.0,poly3,39,0.15637167021632195,0.04061851711086125,curve,NTD-PL,
2042.0,poly3,40,0.15636771023273469,0.04061264442679035,curve,NTD-PL,
2043.0,poly3,41,0.15636413246393205,0.04060720274979401,curve,NTD-PL,
2044.0,poly3,42,0.15636071413755417,0.040601926417513576,curve,NTD-PL,
2045.0,poly3,43,0.15635743439197541,0.04059678637578143,curve,NTD-PL,
2046.0,poly3,44,0.15635428428649903,0.040591763640526614,curve,NTD-PL,
2047.0,poly3,45,0.15635104700922967,0.04058653621453915,curve,NTD-PL,
2048.0,poly3,46,0.1563480742275715,0.04058169408811703,curve,NTD-PL,
2049.0,poly3,47,0.1563452124595642,0.04057700682982274,curve,NTD-PL,
2050.0,poly3,48,0.15634244158864022,0.040572438151379266,curve,NTD-PL,
2051.0,poly3,49,0.15633974894881247,0.040567977185813245,curve,NTD-PL,
2052.0,poly3,50,0.1563369795680046,0.040563334407928524,curve,NTD-PL,
2053.0,poly3,51,0.15633440837264062,0.04055903334587052,curve,NTD-PL,
2054.0,poly3,52,0.1563319131731987,0.040554859884761124,curve,NTD-PL,
2055.0,poly3,53,0.1563294805586338,0.040550786193916916,curve,NTD-PL,
2056.0,poly3,54,0.15632710754871368,0.04054678437059897,curve,NTD-PL,
2057.0,poly3,55,0.15632467791438104,0.04054267258144938,curve,NTD-PL,
2058.0,poly3,56,0.15632239356637,0.04053881022579419,curve,NTD-PL,
2059.0,poly3,57,0.1563201703131199,0.04053502870279839,curve,NTD-PL,
2060.0,poly3,58,0.15631800442934035,0.04053134087856796,curve,NTD-PL,
2061.0,poly3,59,0.15631588250398637,0.040527718730755086,curve,NTD-PL,
2062.0,poly3,60,0.15631373077630997,0.04052402056584828,curve,NTD-PL,
2063.0,poly3,61,0.15631168708205223,0.040520514468438046,curve,NTD-PL,
2064.0,poly3,62,0.15630969703197478,0.04051708300536779,curve,NTD-PL,
2065.0,poly3,63,0.15630775466561317,0.04051373604203796,curve,NTD-PL,
2066.0,poly3,64,0.15630584880709647,0.04051044501484029,curve,NTD-PL,
2067.0,poly3,65,0.15630392283201217,0.04050710429215311,curve,NTD-PL,
2068.0,poly3,66,0.1563020847737789,0.04050391764259039,curve,NTD-PL,
2069.0,poly3,67,0.15630029439926146,0.04050080216615672,curve,NTD-PL,
2070.0,poly3,68,0.15629853829741477,0.04049774251073006,curve,NTD-PL,
2071.0,poly3,69,0.15629681572318077,0.040494732682255674,curve,NTD-PL,
2072.0,poly3,70,0.15629507899284362,0.04049168632394769,curve,NTD-PL,
2073.0,poly3,71,0.15629340708255768,0.04048877388570138,curve,NTD-PL,
2074.0,poly3,72,0.15629177242517472,0.040485926026925065,curve,NTD-PL,
2075.0,poly3,73,0.15629017651081084,0.0404831234913328,curve,NTD-PL,
2076.0,poly3,74,0.15628860667347907,0.040480389799487905,curve,NTD-PL,
2077.0,poly3,75,0.1562870152294636,0.04047759983613666,curve,NTD-PL,
2078.0,poly3,76,0.15628550201654434,0.040474935617454175,curve,NTD-PL,
2079.0,poly3,77,0.1562840074300766,0.04047231844202399,curve,NTD-PL,
2080.0,poly3,78,0.15628254413604736,0.04046976219506288,curve,NTD-PL,
2081.0,poly3,79,0.15628110691905023,0.04046723628560638,curve,NTD-PL,
2082.0,poly3,80,0.15627965554594994,0.04046468539710758,curve,NTD-PL,
2083.0,poly3,81,0.15627826601266862,0.04046223203774662,curve,NTD-PL,
2084.0,poly3,82,0.1562769040465355,0.040459831092482974,curve,NTD-PL,
2085.0,poly3,83,0.15627556070685386,0.040457470361718685,curve,NTD-PL,
2086.0,poly3,84,0.15627423971891402,0.04045514837167061,curve,NTD-PL,
2087.0,poly3,85,0.15627290681004524,0.04045279683895468,curve,NTD-PL,
2088.0,poly3,86,0.15627162382006646,0.040450529907866385,curve,NTD-PL,
2089.0,poly3,87,0.15627036318182946,0.04044831329043384,curve,NTD-PL,
2090.0,poly3,88,0.1562691204249859,0.04044613620858604,curve,NTD-PL,
2091.0,poly3,89,0.1562679000198841,0.04044399039746807,curve,NTD-PL,
2092.0,poly3,90,0.1562666691839695,0.04044180940917378,curve,NTD-PL,
2093.0,poly3,91,0.1562654808163643,0.04043971699064559,curve,NTD-PL,
2094.0,poly3,92,0.15626430213451387,0.040437659094244294,curve,NTD-PL,
2095.0,poly3,93,0.15626315847039224,0.04043563730871243,curve,NTD-PL,
2096.0,poly3,94,0.15626201778650284,0.04043364306677984,curve,NTD-PL,
2097.0,poly3,95,0.15626086741685868,0.04043160940941814,curve,NTD-PL,
2098.0,poly3,96,0.15625976100564004,0.04042966545010283,curve,NTD-PL,
2099.0,poly3,97,0.1562586694955826,0.04042775305624664,curve,NTD-PL,
2100.0,poly3,98,0.15625759214162827,0.040425866702903546,curve,NTD-PL,
2101.0,poly3,99,0.15625653192400932,0.04042400103237403,curve,NTD-PL,
2102.0,poly3,100,0.15625545904040336,0.04042211345914324,curve,NTD-PL,
2103.0,poly3,101,0.15625442266464235,0.04042029268202424,curve,NTD-PL,
2104.0,poly3,102,0.15625340044498442,0.040418501854525966,curve,NTD-PL,
2105.0,poly3,103,0.15625239312648773,0.0404167342000122,curve,NTD-PL,
2106.0,poly3,104,0.15625139325857162,0.04041498874089861,curve,NTD-PL,
2107.0,poly3,105,0.15625039488077164,0.04041322022293075,curve,NTD-PL,
2108.0,poly3,106,0.15624942258000374,0.04041151764027302,curve,NTD-PL,
2109.0,poly3,107,0.15624846145510674,0.04040983175923069,curve,NTD-PL,
2110.0,poly3,108,0.15624750629067422,0.04040817112696885,curve,NTD-PL,
2111.0,poly3,109,0.1562465712428093,0.04040652736789836,curve,NTD-PL,
2112.0,poly3,110,0.1562456227838993,0.04040486912336957,curve,NTD-PL,
2113.0,poly3,111,0.15624470561742781,0.04040325898215445,curve,NTD-PL,
2114.0,poly3,112,0.15624379962682725,0.04040167599248809,curve,NTD-PL,
2115.0,poly3,113,0.15624289959669113,0.040400108552384656,curve,NTD-PL,
2116.0,poly3,114,0.1562420092523098,0.040398549446024654,curve,NTD-PL,
2117.0,poly3,115,0.15624111965298654,0.04039698129104414,curve,NTD-PL,
2118.0,poly3,116,0.15624024868011474,0.04039546073284852,curve,NTD-PL,
2119.0,poly3,117,0.15623938888311387,0.0403939591449861,curve,NTD-PL,
2120.0,poly3,118,0.15623854026198386,0.040392475145302795,curve,NTD-PL,
2121.0,poly3,119,0.15623769909143448,0.04039100147394797,curve,NTD-PL,
2122.0,poly3,120,0.15623684972524643,0.04038951987115556,curve,NTD-PL,
2123.0,poly3,121,0.15623602718114854,0.04038806949962727,curve,NTD-PL,
2124.0,poly3,122,0.156235209107399,0.040386643170287014,curve,NTD-PL,
2125.0,poly3,123,0.15623439997434616,0.04038523055514405,curve,NTD-PL,
2126.0,poly3,124,0.15623359903693199,0.0403838305671477,curve,NTD-PL,
2127.0,poly3,125,0.1562327913939953,0.040382418643792405,curve,NTD-PL,
2128.0,poly3,126,0.15623200535774232,0.04038103728866568,curve,NTD-PL,
2129.0,poly3,127,0.15623122826218605,0.04037968169376723,curve,NTD-PL,
2130.0,poly3,128,0.15623045712709427,0.04037832866648578,curve,NTD-PL,
2131.0,poly3,129,0.1562296874821186,0.0403769944933928,curve,NTD-PL,
2132.0,poly3,130,0.156228918582201,0.040375644829398136,curve,NTD-PL,
2133.0,poly3,131,0.15622817128896713,0.040374326439180576,curve,NTD-PL,
2134.0,poly3,132,0.1562274232506752,0.04037302557249773,curve,NTD-PL,
2135.0,poly3,133,0.15622668340802193,0.04037173831288818,curve,NTD-PL,
2136.0,poly3,134,0.15622595250606536,0.04037045963523175,curve,NTD-PL,
2137.0,poly3,135,0.15622521489858626,0.04036917296231634,curve,NTD-PL,
2138.0,poly3,136,0.15622449889779091,0.04036790749702798,curve,NTD-PL,
2139.0,poly3,137,0.1562237784266472,0.040366663452525355,curve,NTD-PL,
2140.0,poly3,138,0.1562230758368969,0.04036542770330026,curve,NTD-PL,
2141.0,poly3,139,0.15622237473726272,0.0403642035412898,curve,NTD-PL,
2142.0,poly3,140,0.1562216691672802,0.0403629537435528,curve,NTD-PL,
2143.0,poly3,141,0.15622097328305246,0.04036174176830591,curve,NTD-PL,
2144.0,poly3,142,0.15622028782963754,0.040360541606945334,curve,NTD-PL,
2145.0,poly3,143,0.15621961206197738,0.0403593537659274,curve,NTD-PL,
2146.0,poly3,144,0.15621893480420113,0.040358176996743406,curve,NTD-PL,
2147.0,poly3,145,0.15621825605630874,0.040356975910705646,curve,NTD-PL,
2148.0,poly3,146,0.156217585504055,0.04035580652916756,curve,NTD-PL,
2149.0,poly3,147,0.15621692836284637,0.040354653307222266,curve,NTD-PL,
2150.0,poly3,148,0.15621627643704414,0.04035350221850322,curve,NTD-PL,
2151.0,poly3,149,0.1562156245112419,0.04035236687607192,curve,NTD-PL,
2152.0,poly3,150,0.15621496737003326,0.04035121561017048,curve,NTD-PL,
2153.0,poly3,151,0.15621432960033416,0.040350086409495764,curve,NTD-PL,
2154.0,poly3,152,0.1562136895954609,0.04034897236705791,curve,NTD-PL,
2155.0,poly3,153,0.15621306225657464,0.040347863201397466,curve,NTD-PL,
2156.0,poly3,154,0.1562124326825142,0.04034675915840221,curve,NTD-PL,
2157.0,poly3,155,0.15621180608868598,0.040345650627117154,curve,NTD-PL,
2158.0,poly3,156,0.15621118396520614,0.04034456163220311,curve,NTD-PL,
2159.0,poly3,157,0.1562105655670166,0.04034347461275422,curve,NTD-PL,
2160.0,poly3,158,0.15620995610952376,0.04034240926654408,curve,NTD-PL,
2161.0,poly3,159,0.15620935037732125,0.04034133971419057,curve,NTD-PL,
2162.0,poly3,160,0.15620873719453812,0.04034025361686531,curve,NTD-PL,
2163.0,poly3,161,0.1562081381678581,0.04033919897932337,curve,NTD-PL,
2164.0,poly3,162,0.15620754510164261,0.04033815352505988,curve,NTD-PL,
2165.0,poly3,163,0.15620695129036904,0.040337110224028555,curve,NTD-PL,
2166.0,poly3,164,0.15620636940002441,0.040336073435676335,curve,NTD-PL,
2167.0,poly3,165,0.15620578080415726,0.04033503815241427,curve,NTD-PL,
2168.0,poly3,166,0.15620519667863847,0.040334009638341536,curve,NTD-PL,
2169.0,poly3,167,0.15620462447404862,0.0403329973284129,curve,NTD-PL,
2170.0,poly3,168,0.15620404854416847,0.040331984174930634,curve,NTD-PL,
2171.0,poly3,169,0.15620348155498504,0.040330975895415004,curve,NTD-PL,
2172.0,poly3,170,0.1534174807369709,0.03661694189974535,curve,NTD-PL,
2173.0,poly3,171,0.15327074229717255,0.03659966906248134,curve,NTD-PL,
2174.0,poly3,172,0.15312929973006248,0.0365744717765007,curve,NTD-PL,
2175.0,poly3,173,0.15300515666604042,0.03654415971606593,curve,NTD-PL,
2176.0,poly3,174,0.1529014974832535,0.03651082004814507,curve,NTD-PL,
2177.0,poly3,175,0.15254319012165068,0.03656972630861402,curve,NTD-PL,
2178.0,poly3,176,0.15239944383502008,0.036560138394261324,curve,NTD-PL,
2179.0,poly3,177,0.1522817701101303,0.036546389356541434,curve,NTD-PL,
2180.0,poly3,178,0.15218636021018028,0.03652974751945171,curve,NTD-PL,
2181.0,poly3,179,0.1521075777709484,0.036512755021266115,curve,NTD-PL,
2182.0,poly3,180,0.15173091366887093,0.036610903010243126,curve,NTD-PL,
2183.0,poly3,181,0.15160758271813393,0.036620458064254416,curve,NTD-PL,
2184.0,poly3,182,0.15150429606437682,0.03662573176239365,curve,NTD-PL,
2185.0,poly3,183,0.15141880735754967,0.036627251059247155,curve,NTD-PL,
2186.0,poly3,184,0.15134746730327606,0.03662631516634655,curve,NTD-PL,
2187.0,poly3,185,0.15105763971805572,0.03672121180145021,curve,NTD-PL,
2188.0,poly3,186,0.15095375180244447,0.036740779818674026,curve,NTD-PL,
2189.0,poly3,187,0.1508656658232212,0.03675605186432441,curve,NTD-PL,
2190.0,poly3,188,0.15079177916049957,0.03676733420881406,curve,NTD-PL,
2191.0,poly3,189,0.1507291689515114,0.036775524700666286,curve,NTD-PL,
2192.0,poly3,190,0.15050059780478478,0.03686497051705171,curve,NTD-PL,
2193.0,poly3,191,0.1504134513437748,0.036889254500744914,curve,NTD-PL,
2194.0,poly3,192,0.15033815801143646,0.03690926868421298,curve,NTD-PL,
2195.0,poly3,193,0.15027369409799576,0.03692537161235955,curve,NTD-PL,
2196.0,poly3,194,0.15021821111440659,0.03693841562587533,curve,NTD-PL,
2197.0,poly3,195,0.15003699213266372,0.03701988437793069,curve,NTD-PL,
2198.0,poly3,196,0.14996325299143792,0.03704616724702396,curve,NTD-PL,
2199.0,poly3,197,0.14989897683262826,0.03706868057106189,curve,NTD-PL,
2200.0,poly3,198,0.14984344840049743,0.03708769019629162,curve,NTD-PL,
2201.0,poly3,199,0.1497952438890934,0.037103830215208876,curve,NTD-PL,
2202.0,poly3,200,0.149649029225111,0.03717704308672924,curve,NTD-PL,
2203.0,poly3,201,0.14958661049604416,0.03720374110736343,curve,NTD-PL,
2204.0,poly3,202,0.14953169599175453,0.03722706657421193,curve,NTD-PL,
2205.0,poly3,203,0.14948369264602662,0.03724719215616378,curve,NTD-PL,
2206.0,poly3,204,0.14944145008921622,0.037264656333667615,curve,NTD-PL,
2207.0,poly3,205,0.14932129755616189,0.03733001753502706,curve,NTD-PL,
2208.0,poly3,206,0.14926763698458673,0.037356078139096485,curve,NTD-PL,
2209.0,poly3,207,0.14921985268592836,0.03737911481462757,curve,NTD-PL,
2210.0,poly3,208,0.14917745143175126,0.037399315146908474,curve,NTD-PL,
2211.0,poly3,209,0.14913957938551903,0.03741710769155513,curve,NTD-PL,
2212.0,poly3,210,0.14904025197029114,0.03747522362533692,curve,NTD-PL,
2213.0,poly3,211,0.14899339601397515,0.037500013996144305,curve,NTD-PL,
2214.0,poly3,212,0.1489512287080288,0.03752215017243694,curve,NTD-PL,
2215.0,poly3,213,0.14891342520713807,0.037541785978333485,curve,NTD-PL,
2216.0,poly3,214,0.14887936189770698,0.037559287708328386,curve,NTD-PL,
2217.0,poly3,215,0.148796234279871,0.0376110009456878,curve,NTD-PL,
2218.0,poly3,216,0.1487550124526024,0.03763437561141449,curve,NTD-PL,
2219.0,poly3,217,0.1487176388502121,0.03765543799985344,curve,NTD-PL,
2220.0,poly3,218,0.14868387654423715,0.03767430208741197,curve,NTD-PL,
2221.0,poly3,219,0.14865319430828094,0.03769126984284417,curve,NTD-PL,
2222.0,poly3,220,0.1485822856426239,0.03773756523018356,curve,NTD-PL,
2223.0,poly3,221,0.1485457554459572,0.03775947788820313,curve,NTD-PL,
2224.0,poly3,222,0.14851240441203117,0.03777934099179731,curve,NTD-PL,
2225.0,poly3,223,0.1484820254147053,0.03779724247887888,curve,NTD-PL,
2226.0,poly3,224,0.14845419004559518,0.03781343149609273,curve,NTD-PL,
2227.0,poly3,225,0.14839324802160264,0.03785494101993477,curve,NTD-PL,
2228.0,poly3,226,0.14836060255765915,0.03787531643142773,curve,NTD-PL,
2229.0,poly3,227,0.14833060428500175,0.03789386854023175,curve,NTD-PL,
2230.0,poly3,228,0.1483030915260315,0.037910676733074224,curve,NTD-PL,
2231.0,poly3,229,0.14827770069241525,0.037925961889532483,curve,NTD-PL,
2232.0,poly3,230,0.1482249028980732,0.03796319786637096,curve,NTD-PL,
2233.0,poly3,231,0.14819556772708892,0.03798204878506236,curve,NTD-PL,
2234.0,poly3,232,0.1481684572994709,0.03799927451485507,curve,NTD-PL,
2235.0,poly3,233,0.14814344346523284,0.03801495673492015,curve,NTD-PL,
2236.0,poly3,234,0.1481202468276024,0.03802927461330339,curve,NTD-PL,
2237.0,poly3,235,0.14807406961917877,0.038062665347931186,curve,NTD-PL,
2238.0,poly3,236,0.14804759249091148,0.03808003709276851,curve,NTD-PL,
2239.0,poly3,237,0.14802300855517386,0.03809596621402784,curve,NTD-PL,
2240.0,poly3,238,0.1480002261698246,0.03811052907197001,curve,NTD-PL,
2241.0,poly3,239,0.14797900021076202,0.03812387066067609,curve,NTD-PL,
2242.0,poly3,240,0.14793825075030326,0.038153855507667214,curve,NTD-PL,
2243.0,poly3,241,0.14791425615549086,0.03816983182929768,curve,NTD-PL,
2244.0,poly3,242,0.14789189398288727,0.03818450808251978,curve,NTD-PL,
2245.0,poly3,243,0.14787110015749932,0.03819795112207344,curve,NTD-PL,
2246.0,poly3,244,0.1478516660630703,0.03821031024513497,curve,NTD-PL,
2247.0,poly3,245,0.14781540855765343,0.03823732185541834,curve,NTD-PL,
2248.0,poly3,246,0.14779359921813012,0.03825195498815863,curve,NTD-PL,
2249.0,poly3,247,0.14777322486042976,0.0382654282667707,curve,NTD-PL,
2250.0,poly3,248,0.1477542169392109,0.03827778639905866,curve,NTD-PL,
2251.0,poly3,249,0.14773639738559724,0.0382891683088284,curve,NTD-PL,
2252.0,poly3,250,0.14770396202802658,0.03831353101509329,curve,NTD-PL,
2253.0,poly3,251,0.14768409729003906,0.03832689730110686,curve,NTD-PL,
2254.0,poly3,252,0.14766548424959183,0.03833922719835243,curve,NTD-PL,
2255.0,poly3,253,0.147648074477911,0.03835055414362271,curve,NTD-PL,
2256.0,poly3,254,0.14763170704245568,0.03836100209839422,curve,NTD-PL,
2257.0,poly3,255,0.14760260581970214,0.03838295864163896,curve,NTD-PL,
2258.0,poly3,256,0.14758445993065833,0.038395141282268674,curve,NTD-PL,
2259.0,poly3,257,0.14756742790341376,0.038406391938715714,curve,NTD-PL,
2260.0,poly3,258,0.14755144640803336,0.03841674338279873,curve,NTD-PL,
2261.0,poly3,259,0.14753637686371804,0.03842630234963921,curve,NTD-PL,
2262.0,poly3,260,0.1475102037191391,0.03844605173481245,curve,NTD-PL,
2263.0,poly3,261,0.14749360904097558,0.038457130459638,curve,NTD-PL,
2264.0,poly3,262,0.14747798815369606,0.03846737086031845,curve,NTD-PL,
2265.0,poly3,263,0.1474632978439331,0.0384768030340387,curve,NTD-PL,
2266.0,poly3,264,0.14744941219687463,0.03848552457780986,curve,NTD-PL,
2267.0,poly3,265,0.14742579758167268,0.03850327105236724,curve,NTD-PL,
2268.0,poly3,266,0.14741057753562928,0.03851332150987889,curve,NTD-PL,
2269.0,poly3,267,0.1473962366580963,0.03852261068625414,curve,NTD-PL,
2270.0,poly3,268,0.14738271459937097,0.03853118400852819,curve,NTD-PL,
2271.0,poly3,269,0.14736990109086037,0.03853911989928499,curve,NTD-PL,
2272.0,poly3,270,0.14734854102134703,0.03855505152236836,curve,NTD-PL,
2273.0,poly3,271,0.14733457639813424,0.03856414893894581,curve,NTD-PL,
2274.0,poly3,272,0.14732138216495513,0.038572560844406294,curve,NTD-PL,
2275.0,poly3,273,0.1473089188337326,0.038580316378130704,curve,NTD-PL,
2276.0,poly3,274,0.14729708284139634,0.038587507022532185,curve,NTD-PL,
2277.0,poly3,275,0.14727771878242493,0.03860178317975425,curve,NTD-PL,
2278.0,poly3,276,0.14726487621665002,0.038609991290915566,curve,NTD-PL,
2279.0,poly3,277,0.14725272059440614,0.038617583642149296,curve,NTD-PL,
2280.0,poly3,278,0.14724121987819672,0.03862458217850139,curve,NTD-PL,
2281.0,poly3,279,0.14723027125000954,0.038631081959590724,curve,NTD-PL,
2282.0,poly3,280,0.1472126767039299,0.038643863872024044,curve,NTD-PL,
2283.0,poly3,281,0.14720084741711617,0.038651239390996565,curve,NTD-PL,
2284.0,poly3,282,0.14718963131308554,0.03865806637469454,curve,NTD-PL,
2285.0,poly3,283,0.1471789963543415,0.03866436543738406,curve,NTD-PL,
2286.0,poly3,284,0.14716885909438132,0.03867021742595057,curve,NTD-PL,
2287.0,poly3,285,0.14715284779667853,0.03868163710666585,curve,NTD-PL,
2288.0,poly3,286,0.147141931951046,0.03868825058758065,curve,NTD-PL,
2289.0,poly3,287,0.14713157266378402,0.038694374474190885,curve,NTD-PL,
2290.0,poly3,288,0.14712173640727996,0.03870002429706603,curve,NTD-PL,
2291.0,poly3,289,0.14711232855916023,0.038705261455269674,curve,NTD-PL,
2292.0,poly3,290,0.14709772020578385,0.03871545311973181,curve,NTD-PL,
2293.0,poly3,291,0.1470876455307007,0.03872137037771736,curve,NTD-PL,
2294.0,poly3,292,0.14707805439829827,0.038726839541988085,curve,NTD-PL,
2295.0,poly3,293,0.14706893414258956,0.038731889792424694,curve,NTD-PL,
2296.0,poly3,294,0.14706020280718804,0.038736574243683874,curve,NTD-PL,
2297.0,poly3,295,0.14704685136675835,0.03874564342797545,curve,NTD-PL,
2298.0,poly3,296,0.14703753292560579,0.03875091828549277,curve,NTD-PL,
2299.0,poly3,297,0.14702864736318588,0.03875578761959532,curve,NTD-PL,
2300.0,poly3,298,0.14702017605304718,0.038760284791135344,curve,NTD-PL,
2301.0,poly3,299,0.14701205268502235,0.03876445185946617,curve,NTD-PL,
2302.0,poly3,300,0.14699983820319176,0.03877250745892414,curve,NTD-PL,
2303.0,poly3,301,0.14699119329452515,0.03877719547753688,curve,NTD-PL,
2304.0,poly3,302,0.14698294922709465,0.038781516419432116,curve,NTD-PL,
2305.0,poly3,303,0.14697507545351982,0.038785503217820164,curve,NTD-PL,
2306.0,poly3,304,0.1469675101339817,0.03878920178606221,curve,NTD-PL,
2307.0,poly3,305,0.14695629775524138,0.03879633490642002,curve,NTD-PL,
2308.0,poly3,306,0.14694828167557716,0.038800486985516636,curve,NTD-PL,
2309.0,poly3,307,0.14694061428308486,0.0388043057990462,curve,NTD-PL,
2310.0,poly3,308,0.14693328291177749,0.03880783192425628,curve,NTD-PL,
2311.0,poly3,309,0.14692622497677804,0.03881109303795633,curve,NTD-PL,
2312.0,poly3,310,0.14691592156887054,0.03881740618722846,curve,NTD-PL,
2313.0,poly3,311,0.14690846726298332,0.038821058994058126,curve,NTD-PL,
2314.0,poly3,312,0.14690132141113282,0.03882442063244408,curve,NTD-PL,
2315.0,poly3,313,0.1468944787979126,0.03882752069773507,curve,NTD-PL,
2316.0,poly3,314,0.14688788577914239,0.038830381910929246,curve,NTD-PL,
2317.0,poly3,315,0.1468783974647522,0.03883595813448943,curve,NTD-PL,
2318.0,poly3,316,0.14687144607305527,0.038839166582618476,curve,NTD-PL,
2319.0,poly3,317,0.1468647874891758,0.038842107260258475,curve,NTD-PL,
2320.0,poly3,318,0.1468583896756172,0.03884481907496182,curve,NTD-PL,
2321.0,poly3,319,0.14685221165418624,0.038847322553590406,curve,NTD-PL,
2322.0,poly3,320,0.14684345871210097,0.038852228399943255,curve,NTD-PL,
2323.0,poly3,321,0.14683697149157524,0.038855029557674295,curve,NTD-PL,
2324.0,poly3,322,0.14683074355125428,0.038857600581603216,curve,NTD-PL,
2325.0,poly3,323,0.1468247577548027,0.0388599632126646,curve,NTD-PL,
2326.0,poly3,324,0.14681896194815636,0.03886213286109761,curve,NTD-PL,
2327.0,poly3,325,0.1468108616769314,0.03886643280654924,curve,NTD-PL,
2328.0,poly3,326,0.14680479243397712,0.03886887244907886,curve,NTD-PL,
2329.0,poly3,327,0.1467989668250084,0.03887110555338733,curve,NTD-PL,
2330.0,poly3,328,0.14679334163665772,0.03887314293318032,curve,NTD-PL,
2331.0,poly3,329,0.1467878982424736,0.03887501696824132,curve,NTD-PL,
2332.0,poly3,330,0.1467803955078125,0.03887878776944676,curve,NTD-PL,
2333.0,poly3,331,0.1467747025191784,0.038880890630297774,curve,NTD-PL,
2334.0,poly3,332,0.14676922485232352,0.03888281441387285,curve,NTD-PL,
2335.0,poly3,333,0.14676394686102867,0.0388845641430024,curve,NTD-PL,
2336.0,poly3,334,0.14675882011651992,0.038886174722441484,curve,NTD-PL,
2337.0,poly3,335,0.1434683084487915,0.03629166509570859,curve,NTD-PL,
2338.0,poly3,336,0.14312959983944892,0.036114347290935114,curve,NTD-PL,
2339.0,poly3,337,0.1427966073155403,0.03591311405128607,curve,NTD-PL,
2340.0,poly3,338,0.14250828549265862,0.035709106701798846,curve,NTD-PL,
2341.0,poly3,339,0.14227757900953292,0.03551940002812753,curve,NTD-PL,
2342.0,poly3,340,0.1412144623696804,0.03510920571059102,curve,NTD-PL,
2343.0,poly3,341,0.14082474187016486,0.03486841666132953,curve,NTD-PL,
2344.0,poly3,342,0.14052382558584214,0.03465381143823387,curve,NTD-PL,
2345.0,poly3,343,0.1403065763413906,0.03447048350879502,curve,NTD-PL,
2346.0,poly3,344,0.1401568241417408,0.03432125306054052,curve,NTD-PL,
2347.0,poly3,345,0.13872461915016174,0.03371822318229964,curve,NTD-PL,
2348.0,poly3,346,0.13835180327296256,0.03349028780206314,curve,NTD-PL,
2349.0,poly3,347,0.13806427717208863,0.03329374959014245,curve,NTD-PL,
2350.0,poly3,348,0.13785683661699294,0.03312798196941751,curve,NTD-PL,
2351.0,poly3,349,0.1377139501273632,0.03299225629243143,curve,NTD-PL,
2352.0,poly3,350,0.13638801947236062,0.03241788763725422,curve,NTD-PL,
2353.0,poly3,351,0.13604013249278069,0.03220983440730181,curve,NTD-PL,
2354.0,poly3,352,0.13577047288417815,0.03202804476435615,curve,NTD-PL,
2355.0,poly3,353,0.13557318598031998,0.03187249342017956,curve,NTD-PL,
2356.0,poly3,354,0.13543302118778228,0.03174324306148167,curve,NTD-PL,
2357.0,poly3,355,0.1342374674975872,0.03125711288662077,curve,NTD-PL,
2358.0,poly3,356,0.13391558602452278,0.031070741257774717,curve,NTD-PL,
2359.0,poly3,357,0.13366269916296006,0.03090667687613704,curve,NTD-PL,
2360.0,poly3,358,0.133473951369524,0.030764262947875005,curve,NTD-PL,
2361.0,poly3,359,0.13333606943488122,0.030642975296931906,curve,NTD-PL,
2362.0,poly3,360,0.13227362409234047,0.0302372754131564,curve,NTD-PL,
2363.0,poly3,361,0.1319760724902153,0.0300711318700103,curve,NTD-PL,
2364.0,poly3,362,0.13173944056034087,0.029922563098632622,curve,NTD-PL,
2365.0,poly3,363,0.13155953362584114,0.02979112895665941,curve,NTD-PL,
2366.0,poly3,364,0.1314246267080307,0.029676657736222096,curve,NTD-PL,
2367.0,poly3,365,0.13047246932983397,0.029339245120344696,curve,NTD-PL,
2368.0,poly3,366,0.13019539937376975,0.02918936392706229,curve,NTD-PL,
2369.0,poly3,367,0.12997265458106994,0.029053368860770607,curve,NTD-PL,
2370.0,poly3,368,0.12980079278349876,0.02893121419267634,curve,NTD-PL,
2371.0,poly3,369,0.12966946065425872,0.02882317283612062,curve,NTD-PL,
2372.0,poly3,370,0.12880372256040573,0.028533911039119616,curve,NTD-PL,
2373.0,poly3,371,0.12854346558451651,0.028396440696165984,curve,NTD-PL,
2374.0,poly3,372,0.1283325344324112,0.028270537490506942,curve,NTD-PL,
2375.0,poly3,373,0.128168036788702,0.028156464568399073,curve,NTD-PL,
2376.0,poly3,374,0.12804051861166954,0.028054691176954995,curve,NTD-PL,
2377.0,poly3,375,0.12724078372120856,0.027796875276983282,curve,NTD-PL,
2378.0,poly3,376,0.12699435353279115,0.02766914909094338,curve,NTD-PL,
2379.0,poly3,377,0.12679324746131898,0.02755147495109969,curve,NTD-PL,
2380.0,poly3,378,0.1266348384320736,0.027444198681288324,curve,NTD-PL,
2381.0,poly3,379,0.12651025205850602,0.027347830213913127,curve,NTD-PL,
2382.0,poly3,380,0.12576368749141692,0.027111583864493933,curve,NTD-PL,
2383.0,poly3,381,0.12552842870354652,0.026991352353229837,curve,NTD-PL,
2384.0,poly3,382,0.12533516362309455,0.02687999210690535,curve,NTD-PL,
2385.0,poly3,383,0.1251814842224121,0.026777895934470608,curve,NTD-PL,
2386.0,poly3,384,0.12505911141633988,0.026685640645403387,curve,NTD-PL,
2387.0,poly3,385,0.12435725852847099,0.026465920792090702,curve,NTD-PL,
2388.0,poly3,386,0.12413126304745674,0.026351557411598232,curve,NTD-PL,
2389.0,poly3,387,0.12394448146224021,0.02624518980106056,curve,NTD-PL,
2390.0,poly3,388,0.1237947478890419,0.02614729989614585,curve,NTD-PL,
2391.0,poly3,389,0.12367430105805396,0.026058527605118325,curve,NTD-PL,
2392.0,poly3,390,0.12300967499613762,0.025851864950634715,curve,NTD-PL,
2393.0,poly3,391,0.12279149442911148,0.025742361147143056,curve,NTD-PL,
2394.0,poly3,392,0.12261028438806534,0.025640297857908872,curve,NTD-PL,
2395.0,poly3,393,0.12246404588222504,0.02554624443328202,curve,NTD-PL,
2396.0,poly3,394,0.12234538793563843,0.025460870521961908,curve,NTD-PL,
2397.0,poly3,395,0.1217117227613926,0.025263749451186004,curve,NTD-PL,
2398.0,poly3,396,0.12150026634335517,0.025158524769558953,curve,NTD-PL,
2399.0,poly3,397,0.12132394462823867,0.025060415566364083,curve,NTD-PL,
2400.0,poly3,398,0.12118085771799088,0.02496996390184051,curve,NTD-PL,
2401.0,poly3,399,0.12106396779417991,0.024887823362257717,curve,NTD-PL,
2402.0,poly3,400,0.12045642286539078,0.02469808509631501,curve,NTD-PL,
2403.0,poly3,401,0.1202508732676506,0.024596724314631394,curve,NTD-PL,
2404.0,poly3,402,0.12007888853549957,0.02450221290493729,curve,NTD-PL,
2405.0,poly3,403,0.11993870064616204,0.02441507598268496,curve,NTD-PL,
2406.0,poly3,404,0.1198234960436821,0.024335911379183416,curve,NTD-PL,
2407.0,poly3,405,0.11923841610550881,0.024153090905247702,curve,NTD-PL,
2408.0,poly3,406,0.11903814896941185,0.024055412391964893,curve,NTD-PL,
2409.0,poly3,407,0.11887014433741569,0.023964327731412705,curve,NTD-PL,
2410.0,poly3,408,0.11873267963528633,0.023880356052866435,curve,NTD-PL,
2411.0,poly3,409,0.11861913651227951,0.023804048296822897,curve,NTD-PL,
2412.0,poly3,410,0.11805379316210747,0.023628293917063167,curve,NTD-PL,
2413.0,poly3,411,0.11785835921764373,0.02353427432107288,curve,NTD-PL,
2414.0,poly3,412,0.1176940381526947,0.023446595617034174,curve,NTD-PL,
2415.0,poly3,413,0.11755913645029067,0.023365737308120547,curve,NTD-PL,
2416.0,poly3,414,0.11744720339775086,0.02329221446256227,curve,NTD-PL,
2417.0,poly3,415,0.11689968034625053,0.023124006892556854,curve,NTD-PL,
2418.0,poly3,416,0.11670873910188675,0.02303372420808286,curve,NTD-PL,
2419.0,poly3,417,0.1165478691458702,0.022949495523174723,curve,NTD-PL,
2420.0,poly3,418,0.11641541048884392,0.02287176747902433,curve,NTD-PL,
2421.0,poly3,419,0.11630501970648766,0.022800998250545965,curve,NTD-PL,
2422.0,poly3,420,0.11577391177415848,0.022640997514272874,curve,NTD-PL,
2423.0,poly3,421,0.11558718159794808,0.02255456338910123,curve,NTD-PL,
2424.0,poly3,422,0.11542958766222,0.022473880199855217,curve,NTD-PL,
2425.0,poly3,423,0.11529944613575935,0.02239933983360724,curve,NTD-PL,
2426.0,poly3,424,0.11519052162766456,0.022331348031061758,curve,NTD-PL,
2427.0,poly3,425,0.11467483192682267,0.022180150240178872,curve,NTD-PL,
2428.0,poly3,426,0.1144921138882637,0.022097723032475293,curve,NTD-PL,
2429.0,poly3,427,0.1143376111984253,0.022020655102982883,curve,NTD-PL,
2430.0,poly3,428,0.1142096534371376,0.02194929554305824,curve,NTD-PL,
2431.0,poly3,429,0.11410208642482758,0.021884003363889452,curve,NTD-PL,
2432.0,poly3,430,0.11360119506716729,0.021742504965353432,curve,NTD-PL,
2433.0,poly3,431,0.11342228874564171,0.021664165537973394,curve,NTD-PL,
2434.0,poly3,432,0.11327072381973266,0.021590723134709378,curve,NTD-PL,
2435.0,poly3,433,0.11314482763409614,0.021522482147868175,curve,NTD-PL,
2436.0,poly3,434,0.11303852051496506,0.021459795080343243,curve,NTD-PL,
2437.0,poly3,435,0.11255186945199966,0.021328845910191543,curve,NTD-PL,
2438.0,poly3,436,0.11237660050392151,0.021254649991284763,curve,NTD-PL,
2439.0,poly3,437,0.11222784221172333,0.021184832026623836,curve,NTD-PL,
2440.0,poly3,438,0.11210390403866768,0.0211196677148504,curve,NTD-PL,
2441.0,poly3,439,0.11199878752231598,0.02105949960806421,curve,NTD-PL,
2442.0,poly3,440,0.11152581721544266,0.020939614870861517,curve,NTD-PL,
2443.0,poly3,441,0.11135403886437416,0.020869577870733406,curve,NTD-PL,
2444.0,poly3,442,0.11120796129107476,0.020803376425352925,curve,NTD-PL,
2445.0,poly3,443,0.11108589991927147,0.02074126830643708,curve,NTD-PL,
2446.0,poly3,444,0.11098194569349289,0.020683615403223953,curve,NTD-PL,
2447.0,poly3,445,0.1105220228433609,0.020574882221431483,curve,NTD-PL,
2448.0,poly3,446,0.11035358458757401,0.020508985663068517,curve,NTD-PL,
2449.0,poly3,447,0.11021009609103202,0.020446387217871304,curve,NTD-PL,
2450.0,poly3,448,0.11008987799286843,0.02038734340960101,curve,NTD-PL,
2451.0,poly3,449,0.10998707562685013,0.020332236215955212,curve,NTD-PL,
2452.0,poly3,450,0.10953949689865113,0.02023443161891555,curve,NTD-PL,
2453.0,poly3,451,0.10937427058815956,0.020172648120423714,curve,NTD-PL,
2454.0,poly3,452,0.10923329368233681,0.020113651403479777,curve,NTD-PL,
2455.0,poly3,453,0.10911486819386482,0.020057671697412453,curve,NTD-PL,
2456.0,poly3,454,0.10901321619749069,0.02000514511280709,curve,NTD-PL,
2457.0,poly3,455,0.10857733488082885,0.0199179133672932,curve,NTD-PL,
2458.0,poly3,456,0.10841521099209786,0.01986020173061465,curve,NTD-PL,
2459.0,poly3,457,0.10827665701508522,0.019804759349597856,curve,NTD-PL,
2460.0,poly3,458,0.10815999060869216,0.019751844621650205,curve,NTD-PL,
2461.0,poly3,459,0.10805948823690414,0.019701914670973444,curve,NTD-PL,
2462.0,poly3,460,0.10763470828533173,0.019624883229032275,curve,NTD-PL,
2463.0,poly3,461,0.10747556984424592,0.019571172369282856,curve,NTD-PL,
2464.0,poly3,462,0.1073393814265728,0.01951926451527533,curve,NTD-PL,
2465.0,poly3,463,0.10722444131970406,0.01946940820399545,curve,NTD-PL,
2466.0,poly3,464,0.10712508037686348,0.019422097616127464,curve,NTD-PL,
2467.0,poly3,465,0.10671087726950645,0.019354836571998966,curve,NTD-PL,
2468.0,poly3,466,0.10655463114380836,0.01930507151484315,curve,NTD-PL,
2469.0,poly3,467,0.1064207449555397,0.019256661789059777,curve,NTD-PL,
2470.0,poly3,468,0.10630750954151154,0.019209856652337376,curve,NTD-PL,
2471.0,poly3,469,0.10620930939912795,0.01916519812955155,curve,NTD-PL,
2472.0,poly3,470,0.10580518692731858,0.01910726129442909,curve,NTD-PL,
2473.0,poly3,471,0.1056517593562603,0.019061374033217258,curve,NTD-PL,
2474.0,poly3,472,0.10552013963460923,0.01901643010899193,curve,NTD-PL,
2475.0,poly3,473,0.10540860369801522,0.018972672776833142,curve,NTD-PL,
2476.0,poly3,474,0.10531158596277237,0.018930689871801392,curve,NTD-PL,
2477.0,poly3,475,0.10491707101464272,0.01888161592508037,curve,NTD-PL,
2478.0,poly3,476,0.1047664001584053,0.018839544261111608,curve,NTD-PL,
2479.0,poly3,477,0.1046370156109333,0.018798026700605847,curve,NTD-PL,
2480.0,poly3,478,0.10452718362212181,0.018757315356398525,curve,NTD-PL,
2481.0,poly3,479,0.10443138778209686,0.01871804069294626,curve,NTD-PL,
2482.0,poly3,480,0.10404605641961098,0.018677362747446635,curve,NTD-PL,
2483.0,poly3,481,0.10389810279011727,0.018639038004690626,curve,NTD-PL,
2484.0,poly3,482,0.10377094149589539,0.01860090573697586,curve,NTD-PL,
2485.0,poly3,483,0.10366283133625984,0.018563230998676086,curve,NTD-PL,
2486.0,poly3,484,0.1035682886838913,0.0185266688544817,curve,NTD-PL,
2487.0,poly3,485,0.103191789239645,0.018493950777126775,curve,NTD-PL,
2488.0,poly3,486,0.10304652154445648,0.018459294628713784,curve,NTD-PL,
2489.0,poly3,487,0.10292157307267188,0.018424494133672215,curve,NTD-PL,
2490.0,poly3,488,0.10281519442796708,0.01838982251176505,curve,NTD-PL,
2491.0,poly3,489,0.10272195413708687,0.018355972470756984,curve,NTD-PL,
2492.0,poly3,490,0.10235397666692733,0.018330787041710504,curve,NTD-PL,
2493.0,poly3,491,0.10221137329936028,0.018299705467111335,curve,NTD-PL,
2494.0,poly3,492,0.10208864361047745,0.018268172462265874,curve,NTD-PL,
2495.0,poly3,493,0.10198402628302575,0.018236459124200913,curve,NTD-PL,
2496.0,poly3,494,0.10189211517572402,0.018205297332526724,curve,NTD-PL,
2497.0,poly3,495,0.10153241008520127,0.01818721305886698,curve,NTD-PL,
2498.0,poly3,496,0.10139245241880417,0.018159606739954964,curve,NTD-PL,
2499.0,poly3,497,0.10127194598317146,0.0181312540231411,curve,NTD-PL,
2500.0,poly3,498,0.10116910785436631,0.018102438619102816,curve,NTD-PL,
2501.0,poly3,499,0.1010785698890686,0.01807391724030998,curve,NTD-PL,
2502.0,poly3,500,0.10016553699970246,0.01841178933394356,curve,NTD-PL,
2503.0,poly3,501,0.09996928945183754,0.01841778682767979,curve,NTD-PL,
2504.0,poly3,502,0.09979444667696953,0.01842638626307851,curve,NTD-PL,
2505.0,poly3,503,0.09965025931596756,0.018431112425819074,curve,NTD-PL,
2506.0,poly3,504,0.09953297227621079,0.018428240318693286,curve,NTD-PL,
2507.0,poly3,505,0.09900687783956527,0.018497782825461086,curve,NTD-PL,
2508.0,poly3,506,0.09882487431168556,0.01850535632426521,curve,NTD-PL,
2509.0,poly3,507,0.0986827254295349,0.01850175380414609,curve,NTD-PL,
2510.0,poly3,508,0.09857229441404343,0.018488220592045215,curve,NTD-PL,
2511.0,poly3,509,0.09847990795969963,0.018467853163942394,curve,NTD-PL,
2512.0,poly3,510,0.09793277382850647,0.01857250964738108,curve,NTD-PL,
2513.0,poly3,511,0.09776599332690239,0.018572631570951577,curve,NTD-PL,
2514.0,poly3,512,0.09762965738773347,0.01856508691294285,curve,NTD-PL,
2515.0,poly3,513,0.09752045348286628,0.018550936626791484,curve,NTD-PL,
2516.0,poly3,514,0.09742958918213844,0.018531887802810752,curve,NTD-PL,
2517.0,poly3,515,0.0969590850174427,0.0186056633990708,curve,NTD-PL,
2518.0,poly3,516,0.0968039095401764,0.018601450123617445,curve,NTD-PL,
2519.0,poly3,517,0.09667653739452362,0.01859138004247797,curve,NTD-PL,
2520.0,poly3,518,0.09657359197735786,0.018575911530445143,curve,NTD-PL,
2521.0,poly3,519,0.09648665189743041,0.018556298975397387,curve,NTD-PL,
2522.0,poly3,520,0.09605304300785064,0.018608781536349234,curve,NTD-PL,
2523.0,poly3,521,0.0959063358604908,0.018601481909482524,curve,NTD-PL,
2524.0,poly3,522,0.09578452929854393,0.018589577091565987,curve,NTD-PL,
2525.0,poly3,523,0.0956848368048668,0.01857349805554211,curve,NTD-PL,
2526.0,poly3,524,0.0955997459590435,0.01855430334536375,curve,NTD-PL,
2527.0,poly3,525,0.095196533203125,0.018595412927151764,curve,NTD-PL,
2528.0,poly3,526,0.09505611956119538,0.018586850183731084,curve,NTD-PL,
2529.0,poly3,527,0.09493891298770904,0.018574490541681372,curve,NTD-PL,
2530.0,poly3,528,0.0948422946035862,0.018558593854440125,curve,NTD-PL,
2531.0,poly3,529,0.09475914314389229,0.018540131028195784,curve,NTD-PL,
2532.0,poly3,530,0.09437956213951111,0.018573048807938936,curve,NTD-PL,
2533.0,poly3,531,0.09424483627080918,0.018563712833908688,curve,NTD-PL,
2534.0,poly3,532,0.09413186982274055,0.018551176407150174,curve,NTD-PL,
2535.0,poly3,533,0.09403815343976021,0.018535737916068912,curve,NTD-PL,
2536.0,poly3,534,0.09395691528916358,0.01851825164120209,curve,NTD-PL,
2537.0,poly3,535,0.09359796866774558,0.018544167436388384,curve,NTD-PL,
2538.0,poly3,536,0.09346830993890762,0.01853451193555459,curve,NTD-PL,
2539.0,poly3,537,0.09335910528898239,0.018522259281312594,curve,NTD-PL,
2540.0,poly3,538,0.09326801225543022,0.01850756880229865,curve,NTD-PL,
2541.0,poly3,539,0.09318868964910507,0.018491108428598555,curve,NTD-PL,
2542.0,poly3,540,0.0928473249077797,0.018511446857946357,curve,NTD-PL,
2543.0,poly3,541,0.09272219836711884,0.01850176581662407,curve,NTD-PL,
2544.0,poly3,542,0.09261657372117042,0.01848983522374343,curve,NTD-PL,
2545.0,poly3,543,0.09252826645970344,0.018475803179767738,curve,NTD-PL,
2546.0,poly3,544,0.0924511805176735,0.01846025082655447,curve,NTD-PL,
2547.0,poly3,545,0.09212383553385735,0.018476965434005,curve,NTD-PL,
2548.0,poly3,546,0.09200292006134987,0.018467452666489224,curve,NTD-PL,
2549.0,poly3,547,0.09190068691968918,0.018456009157432736,curve,NTD-PL,
2550.0,poly3,548,0.091814935952425,0.01844275927328218,curve,NTD-PL,
2551.0,poly3,549,0.09173967987298966,0.018428244247685913,curve,NTD-PL,
2552.0,poly3,550,0.09142515733838082,0.01844221185541286,curve,NTD-PL,
2553.0,poly3,551,0.09130799993872643,0.018433105550675594,curve,NTD-PL,
2554.0,poly3,552,0.09120861068367958,0.01842237389286746,curve,NTD-PL,
2555.0,poly3,553,0.09112482964992523,0.018410134778252766,curve,NTD-PL,
2556.0,poly3,554,0.09105089232325554,0.01839682599451239,curve,NTD-PL,
2557.0,poly3,555,0.09074957221746445,0.018408150015923455,curve,NTD-PL,
2558.0,poly3,556,0.09063582271337509,0.018399585398926204,curve,NTD-PL,
2559.0,poly3,557,0.09053896516561508,0.01838965566182299,curve,NTD-PL,
2560.0,poly3,558,0.09045690968632698,0.018378423550161976,curve,NTD-PL,
2561.0,poly3,559,0.09038415029644967,0.018366235355704197,curve,NTD-PL,
2562.0,poly3,560,0.09009534493088722,0.01837545696722087,curve,NTD-PL,
2563.0,poly3,561,0.0899847574532032,0.018367456664453757,curve,NTD-PL,
2564.0,poly3,562,0.08989028483629227,0.018358268810803813,curve,NTD-PL,
2565.0,poly3,563,0.08980994001030922,0.01834790325853639,curve,NTD-PL,
2566.0,poly3,564,0.08973845317959786,0.018336627365592745,curve,NTD-PL,
2567.0,poly3,565,0.08946078196167946,0.018344646906927744,curve,NTD-PL,
2568.0,poly3,566,0.08935320302844048,0.0183371830025684,curve,NTD-PL,
2569.0,poly3,567,0.08926110044121742,0.018328627442302552,curve,NTD-PL,
2570.0,poly3,568,0.08918255344033241,0.018318973327944972,curve,NTD-PL,
2571.0,poly3,569,0.08911247104406357,0.018308452183001363,curve,NTD-PL,
2572.0,poly3,570,0.08884467259049415,0.018315780451172256,curve,NTD-PL,
2573.0,poly3,571,0.08874000608921051,0.01830878212262878,curve,NTD-PL,
2574.0,poly3,572,0.08865022212266922,0.018300781798172655,curve,NTD-PL,
2575.0,poly3,573,0.08857344463467598,0.018291766020663687,curve,NTD-PL,
2576.0,poly3,574,0.08850470930337906,0.01828193473378668,curve,NTD-PL,
2577.0,poly3,575,0.08824628815054894,0.018288576002184104,curve,NTD-PL,
2578.0,poly3,576,0.08814441934227943,0.018282003072317955,curve,NTD-PL,
2579.0,poly3,577,0.08805684670805931,0.018274510580872767,curve,NTD-PL,
2580.0,poly3,578,0.08798173367977143,0.018266082293131636,curve,NTD-PL,
2581.0,poly3,579,0.08791429921984673,0.018256890540252438,curve,NTD-PL,
2582.0,poly3,580,0.08766497895121575,0.018262781465930262,curve,NTD-PL,
2583.0,poly3,581,0.08756579011678696,0.01825656044096664,curve,NTD-PL,
2584.0,poly3,582,0.0874803714454174,0.018249513096781456,curve,NTD-PL,
2585.0,poly3,583,0.08740690872073173,0.018241591167825182,curve,NTD-PL,
2586.0,poly3,584,0.087340796738863,0.01823294088123116,curve,NTD-PL,
2587.0,poly3,585,0.08710000067949294,0.018238139022883883,curve,NTD-PL,
2588.0,poly3,586,0.08700342029333115,0.018232218212739338,curve,NTD-PL,
2589.0,poly3,587,0.0869201011955738,0.01822553265492465,curve,NTD-PL,
2590.0,poly3,588,0.08684828281402587,0.018218043111214385,curve,NTD-PL,
2591.0,poly3,589,0.08678348138928413,0.018209856650442353,curve,NTD-PL,
2592.0,poly3,590,0.08655071631073952,0.018214383268101767,curve,NTD-PL,
2593.0,poly3,591,0.0864566519856453,0.01820869101260459,curve,NTD-PL,
2594.0,poly3,592,0.08637536242604256,0.0182023124321924,curve,NTD-PL,
2595.0,poly3,593,0.08630513325333596,0.01819519762381955,curve,NTD-PL,
2596.0,poly3,594,0.08624159842729569,0.018187430695751062,curve,NTD-PL,
2597.0,poly3,595,0.08601657524704934,0.01819118125255307,curve,NTD-PL,
2598.0,poly3,596,0.08592494204640388,0.01818566706035378,curve,NTD-PL,
2599.0,poly3,597,0.08584561794996262,0.018179542885908062,curve,NTD-PL,
2600.0,poly3,598,0.08577691242098809,0.01817273613666529,curve,NTD-PL,
2601.0,poly3,599,0.08571461439132691,0.01816532514591756,curve,NTD-PL,
2602.0,poly3,600,0.08549704551696777,0.018168282979784737,curve,NTD-PL,
2603.0,poly3,601,0.08540774658322334,0.018162894726873834,curve,NTD-PL,
2604.0,poly3,602,0.08533031418919564,0.01815696333014384,curve,NTD-PL,
2605.0,poly3,603,0.0852631002664566,0.01815042106678121,curve,NTD-PL,
2606.0,poly3,604,0.08520199581980706,0.018143311086195928,curve,NTD-PL,
2607.0,poly3,605,0.08499155640602112,0.018145429569805815,curve,NTD-PL,
2608.0,poly3,606,0.08490451499819755,0.018140117902913817,curve,NTD-PL,
2609.0,poly3,607,0.08482891246676445,0.01813433285887269,curve,NTD-PL,
2610.0,poly3,608,0.08476313576102257,0.018128007654799275,curve,NTD-PL,
2611.0,poly3,609,0.08470319956541061,0.018121150980477178,curve,NTD-PL,
2612.0,poly3,610,0.08449958264827728,0.018122388703683285,curve,NTD-PL,
2613.0,poly3,611,0.08441471084952354,0.018117111077795917,curve,NTD-PL,
2614.0,poly3,612,0.08434087336063385,0.018111436779885217,curve,NTD-PL,
2615.0,poly3,613,0.08427649363875389,0.0181052810312931,curve,NTD-PL,
2616.0,poly3,614,0.08421768918633461,0.01809864033585479,curve,NTD-PL,
2617.0,poly3,615,0.08402059897780419,0.018098954496324225,curve,NTD-PL,
2618.0,poly3,616,0.08393781632184982,0.01809366630577482,curve,NTD-PL,
2619.0,poly3,617,0.08386568576097489,0.018088063037430234,curve,NTD-PL,
2620.0,poly3,618,0.08380265161395073,0.01808204616745894,curve,NTD-PL,
2621.0,poly3,619,0.08374495133757591,0.018075586080565857,curve,NTD-PL,
2622.0,poly3,620,0.08355411365628243,0.018074939774657135,curve,NTD-PL,
2623.0,poly3,621,0.08347335159778595,0.018069613554475002,curve,NTD-PL,
2624.0,poly3,622,0.08340286687016488,0.01806404361680861,curve,NTD-PL,
2625.0,poly3,623,0.08334114179015159,0.01805812756334552,curve,NTD-PL,
2626.0,poly3,624,0.0832845114171505,0.01805180845426549,curve,NTD-PL,
2627.0,poly3,625,0.08309965059161187,0.01805018664957789,curve,NTD-PL,
2628.0,poly3,626,0.08302083015441894,0.018044787364708086,curve,NTD-PL,
2629.0,poly3,627,0.08295193389058113,0.01803922383213737,curve,NTD-PL,
2630.0,poly3,628,0.08289146572351455,0.018033371175601925,curve,NTD-PL,
2631.0,poly3,629,0.08283587768673897,0.018027162551707908,curve,NTD-PL,
2632.0,poly3,630,0.08265674263238906,0.01802456334965629,curve,NTD-PL,
2633.0,poly3,631,0.08257978931069374,0.018019064816736576,curve,NTD-PL,
2634.0,poly3,632,0.08251242563128472,0.018013481603124486,curve,NTD-PL,
2635.0,poly3,633,0.08245318233966828,0.018007665463300574,curve,NTD-PL,
2636.0,poly3,634,0.08239860013127327,0.018001531294021288,curve,NTD-PL,
2637.0,poly3,635,0.08222493529319763,0.017997944854460702,curve,NTD-PL,
2638.0,poly3,636,0.0821497842669487,0.017992322568885805,curve,NTD-PL,
2639.0,poly3,637,0.08208389803767205,0.017986683563575905,curve,NTD-PL,
2640.0,poly3,638,0.08202584162354469,0.017980881385802467,curve,NTD-PL,
2641.0,poly3,639,0.08197223320603371,0.017974797180490033,curve,NTD-PL,
2642.0,poly3,640,0.081803809851408,0.01797022697371865,curve,NTD-PL,
2643.0,poly3,641,0.08173039108514786,0.01796445441878701,curve,NTD-PL,
2644.0,poly3,642,0.08166593164205552,0.017958746250784047,curve,NTD-PL,
2645.0,poly3,643,0.08160902261734009,0.01795293060924867,curve,NTD-PL,
2646.0,poly3,644,0.08155636936426162,0.017946866696340824,curve,NTD-PL,
2647.0,poly3,645,0.08139294758439064,0.017941313543918962,curve,NTD-PL,
2648.0,poly3,646,0.08132119476795197,0.017935374813895094,curve,NTD-PL,
2649.0,poly3,647,0.08125812336802482,0.017929575471728874,curve,NTD-PL,
2650.0,poly3,648,0.08120232075452805,0.01792372757352798,curve,NTD-PL,
2651.0,poly3,649,0.08115059062838555,0.017917664873305462,curve,NTD-PL,
2652.0,poly3,650,0.08099196031689644,0.01791112767894899,curve,NTD-PL,
2653.0,poly3,651,0.08092182204127311,0.01790501313032107,curve,NTD-PL,
2654.0,poly3,652,0.08086008206009865,0.017899105413625327,curve,NTD-PL,
2655.0,poly3,653,0.08080535046756268,0.017893198271750267,curve,NTD-PL,
2656.0,poly3,654,0.08075451962649823,0.017887108934153576,curve,NTD-PL,
2657.0,poly3,655,0.08060047887265682,0.017879615009778655,curve,NTD-PL,
2658.0,poly3,656,0.08053188472986221,0.017873303152125326,curve,NTD-PL,
2659.0,poly3,657,0.0804714284837246,0.017867261735607844,curve,NTD-PL,
2660.0,poly3,658,0.08041774146258832,0.017861291850081125,curve,NTD-PL,
2661.0,poly3,659,0.08036777712404727,0.017855163810703956,curve,NTD-PL,
2662.0,poly3,660,0.08021813035011291,0.017846710202082137,curve,NTD-PL,
2663.0,poly3,661,0.08015103414654731,0.017840186347725502,curve,NTD-PL,
2664.0,poly3,662,0.08009181767702103,0.017834006308352596,curve,NTD-PL,
2665.0,poly3,663,0.08003914132714271,0.01782795117845575,curve,NTD-PL,
2666.0,poly3,664,0.07999002672731877,0.01782176358676065,curve,NTD-PL,
2667.0,poly3,665,0.07984458133578301,0.017812371275999137,curve,NTD-PL,
2668.0,poly3,666,0.0797789204865694,0.01780562624190611,curve,NTD-PL,
2669.0,poly3,667,0.07972090430557728,0.017799297613508243,curve,NTD-PL,
2670.0,poly3,668,0.07966920807957649,0.017793138574287,curve,NTD-PL,
2671.0,poly3,669,0.07962091080844402,0.01778686906884512,curve,NTD-PL,
2672.0,poly3,670,0.07888234481215477,0.017394204702971802,curve,NTD-PL,
2673.0,poly3,671,0.0787434745579958,0.017346554232713838,curve,NTD-PL,
2674.0,poly3,672,0.07861590683460236,0.017298289440361863,curve,NTD-PL,
2675.0,poly3,673,0.07851410284638405,0.017256738738995442,curve,NTD-PL,
2676.0,poly3,674,0.07843737602233887,0.017225353248547935,curve,NTD-PL,
2677.0,poly3,675,0.07811047732830048,0.017123964138698683,curve,NTD-PL,
2678.0,poly3,676,0.07800019942224026,0.017087438243215656,curve,NTD-PL,
2679.0,poly3,677,0.07791869565844536,0.017063126391925035,curve,NTD-PL,
2680.0,poly3,678,0.07785689905285835,0.017049345286852775,curve,NTD-PL,
2681.0,poly3,679,0.0778032198548317,0.01704299945092608,curve,NTD-PL,
2682.0,poly3,680,0.07746015526354313,0.01694053821238764,curve,NTD-PL,
2683.0,poly3,681,0.0773625299334526,0.01692142729312603,curve,NTD-PL,
2684.0,poly3,682,0.07728157192468643,0.016906947575009965,curve,NTD-PL,
2685.0,poly3,683,0.07721389159560203,0.01689541832007087,curve,NTD-PL,
2686.0,poly3,684,0.07715324461460113,0.01688516687997856,curve,NTD-PL,
2687.0,poly3,685,0.07689886726438999,0.016833832605156113,curve,NTD-PL,
2688.0,poly3,686,0.07680826485157013,0.016817292926868052,curve,NTD-PL,
2689.0,poly3,687,0.07673229984939098,0.01680122893923626,curve,NTD-PL,
2690.0,poly3,688,0.07666799351572991,0.016785544798348977,curve,NTD-PL,
2691.0,poly3,689,0.07660960890352726,0.01677054386070532,curve,NTD-PL,
2692.0,poly3,690,0.07639920078217984,0.01675333985921576,curve,NTD-PL,
2693.0,poly3,691,0.07631750404834747,0.01673917513060875,curve,NTD-PL,
2694.0,poly3,692,0.07624692618846893,0.016724413703688507,curve,NTD-PL,
2695.0,poly3,693,0.0761854887008667,0.016709356946962767,curve,NTD-PL,
2696.0,poly3,694,0.07612916603684425,0.016694837656027684,curve,NTD-PL,
2697.0,poly3,695,0.07595281563699245,0.01669002195809513,curve,NTD-PL,
2698.0,poly3,696,0.07587795443832875,0.016677443240184785,curve,NTD-PL,
2699.0,poly3,697,0.07581210769712925,0.016664021085119607,curve,NTD-PL,
2700.0,poly3,698,0.0757536843419075,0.016650147128193477,curve,NTD-PL,
2701.0,poly3,699,0.0756994727998972,0.01663649242573929,curve,NTD-PL,
2702.0,poly3,700,0.07554596625268459,0.016633623132768106,curve,NTD-PL,
2703.0,poly3,701,0.07547620199620723,0.01662174335645531,curve,NTD-PL,
2704.0,poly3,702,0.07541408874094487,0.016608849500170865,curve,NTD-PL,
2705.0,poly3,703,0.07535826750099658,0.016595202507324002,curve,NTD-PL,
2706.0,poly3,704,0.07530598938465119,0.01658140654015413,curve,NTD-PL,
2707.0,poly3,705,0.07516966387629509,0.016578114832400154,curve,NTD-PL,
2708.0,poly3,706,0.07510407045483589,0.016565948626803932,curve,NTD-PL,
2709.0,poly3,707,0.07504497915506363,0.016552840416299203,curve,NTD-PL,
2710.0,poly3,708,0.07499128058552743,0.016539130100141887,curve,NTD-PL,
2711.0,poly3,709,0.07494066432118415,0.01652539697929847,curve,NTD-PL,
2712.0,poly3,710,0.07481808699667454,0.01652105746998946,curve,NTD-PL,
2713.0,poly3,711,0.07475611306726933,0.016508779444342443,curve,NTD-PL,
2714.0,poly3,712,0.07469981908798218,0.01649576692945499,curve,NTD-PL,
2715.0,poly3,713,0.07464824728667736,0.016482325121391347,curve,NTD-PL,
2716.0,poly3,714,0.07459937296807766,0.016468913171165403,curve,NTD-PL,
2717.0,poly3,715,0.0744872722774744,0.016462170353262744,curve,NTD-PL,
2718.0,poly3,716,0.07442831844091416,0.01644967176878824,curve,NTD-PL,
2719.0,poly3,717,0.07437447309494019,0.0164367029522249,curve,NTD-PL,
2720.0,poly3,718,0.07432487718760968,0.01642352417724347,curve,NTD-PL,
2721.0,poly3,719,0.07427767254412174,0.01641045848240426,curve,NTD-PL,
2722.0,poly3,720,0.07417324744164944,0.01640077083893298,curve,NTD-PL,
2723.0,poly3,721,0.0741168823093176,0.016388063444089666,curve,NTD-PL,
2724.0,poly3,722,0.07406517006456852,0.016375093131831844,curve,NTD-PL,
2725.0,poly3,723,0.07401731982827187,0.016362050576163734,curve,NTD-PL,
2726.0,poly3,724,0.0739716175943613,0.01634913899858378,curve,NTD-PL,
2727.0,poly3,725,0.07387357205152512,0.01633710578336929,curve,NTD-PL,
2728.0,poly3,726,0.07381944097578526,0.016324157991241327,curve,NTD-PL,
2729.0,poly3,727,0.07376956567168236,0.016311122204038773,curve,NTD-PL,
2730.0,poly3,728,0.07372322082519531,0.01629813905343059,curve,NTD-PL,
2731.0,poly3,729,0.07367883548140526,0.016285320806353046,curve,NTD-PL,
2732.0,poly3,730,0.07358623743057251,0.0162716581976719,curve,NTD-PL,
2733.0,poly3,731,0.07353404574096203,0.016258526226553008,curve,NTD-PL,
2734.0,poly3,732,0.0734858326613903,0.016245424818182155,curve,NTD-PL,
2735.0,poly3,733,0.07344090603291989,0.01623244246736386,curve,NTD-PL,
2736.0,poly3,734,0.0733977921307087,0.016219641742195177,curve,NTD-PL,
2737.0,poly3,735,0.07330952286720276,0.016204766460123865,curve,NTD-PL,
2738.0,poly3,736,0.07325907275080681,0.01619146472528799,curve,NTD-PL,
2739.0,poly3,737,0.07321236804127693,0.016178269236107518,curve,NTD-PL,
2740.0,poly3,738,0.07316874489188194,0.016165236561947644,curve,NTD-PL,
2741.0,poly3,739,0.0731267873197794,0.01615239325021996,curve,NTD-PL,
2742.0,poly3,740,0.0730422344058752,0.01613670102536254,curve,NTD-PL,
2743.0,poly3,741,0.0729933388531208,0.016123239707928137,curve,NTD-PL,
2744.0,poly3,742,0.07294796966016293,0.0161099330822365,curve,NTD-PL,
2745.0,poly3,743,0.07290550693869591,0.016096846531255867,curve,NTD-PL,
2746.0,poly3,744,0.07286458797752857,0.016083951143427856,curve,NTD-PL,
2747.0,poly3,745,0.07278339006006718,0.016067632496932088,curve,NTD-PL,
2748.0,poly3,746,0.07273589335381984,0.016054029723279076,curve,NTD-PL,
2749.0,poly3,747,0.07269175313413143,0.01604063960260307,curve,NTD-PL,
2750.0,poly3,748,0.07265035845339299,0.016027489929688728,curve,NTD-PL,
2751.0,poly3,749,0.07261040955781936,0.016014542267900857,curve,NTD-PL,
2752.0,poly3,750,0.07253213934600353,0.015997692737023256,curve,NTD-PL,
2753.0,poly3,751,0.07248591892421245,0.01598396483320162,curve,NTD-PL,
2754.0,poly3,752,0.07244290448725224,0.015970487414229392,curve,NTD-PL,
2755.0,poly3,753,0.0724025022238493,0.01595728356334371,curve,NTD-PL,
2756.0,poly3,754,0.07236345745623111,0.015944282183877972,curve,NTD-PL,
2757.0,poly3,755,0.0722877874970436,0.015926997438526463,curve,NTD-PL,
2758.0,poly3,756,0.07224273942410946,0.015913160695758394,curve,NTD-PL,
2759.0,poly3,757,0.07220076620578766,0.015899620612157463,curve,NTD-PL,
2760.0,poly3,758,0.07216128297150134,0.01588636857000144,curve,NTD-PL,
2761.0,poly3,759,0.07212308049201965,0.015873332222793027,curve,NTD-PL,
2762.0,poly3,760,0.0720497764647007,0.015855642803982186,curve,NTD-PL,
2763.0,poly3,761,0.07200581543147563,0.015841718857655313,curve,NTD-PL,
2764.0,poly3,762,0.07196481116116046,0.01582811550520774,curve,NTD-PL,
2765.0,poly3,763,0.07192619554698468,0.015814834424983812,curve,NTD-PL,
2766.0,poly3,764,0.07188878208398819,0.015801757674296302,curve,NTD-PL,
2767.0,poly3,765,0.07181763388216496,0.015783731322103128,curve,NTD-PL,
2768.0,poly3,766,0.07177468463778496,0.01576972850726108,curve,NTD-PL,
2769.0,poly3,767,0.07173458598554135,0.01575607604344289,curve,NTD-PL,
2770.0,poly3,768,0.0716967798769474,0.015742760581251854,curve,NTD-PL,
2771.0,poly3,769,0.07166010737419129,0.01572964164598521,curve,NTD-PL,
2772.0,poly3,770,0.07159094735980034,0.015711352272249943,curve,NTD-PL,
2773.0,poly3,771,0.0715489462018013,0.015697276536871762,curve,NTD-PL,
2774.0,poly3,772,0.07150969579815865,0.015683585183738153,curve,NTD-PL,
2775.0,poly3,773,0.07147264443337917,0.015670238974631583,curve,NTD-PL,
2776.0,poly3,774,0.07143665999174117,0.01565708613322729,curve,NTD-PL,
2777.0,poly3,775,0.0713693831115961,0.015638569103075862,curve,NTD-PL,
2778.0,poly3,776,0.07132826782763005,0.015624449243926381,curve,NTD-PL,
2779.0,poly3,777,0.07128981128334999,0.015610716490883475,curve,NTD-PL,
2780.0,poly3,778,0.07125347256660461,0.01559734574921868,curve,NTD-PL,
2781.0,poly3,779,0.07121814154088497,0.015584167097932335,curve,NTD-PL,
2782.0,poly3,780,0.07115261778235435,0.01556546604292665,curve,NTD-PL,
2783.0,poly3,781,0.07111233659088612,0.01555129388870287,curve,NTD-PL,
2784.0,poly3,782,0.07107463516294957,0.01553753676553605,curve,NTD-PL,
2785.0,poly3,783,0.07103896886110306,0.015524137236128164,curve,NTD-PL,
2786.0,poly3,784,0.07100425697863103,0.015510927606105705,curve,NTD-PL,
2787.0,poly3,785,0.07094037272036076,0.0154921025645021,curve,NTD-PL,
2788.0,poly3,786,0.07090087458491326,0.015477887283301083,curve,NTD-PL,
2789.0,poly3,787,0.07086388878524304,0.015464110101989878,curve,NTD-PL,
2790.0,poly3,788,0.07082886584103107,0.015450696049184639,curve,NTD-PL,
2791.0,poly3,789,0.07079475037753583,0.015437470226912739,curve,NTD-PL,
2792.0,poly3,790,0.07073239833116532,0.015418528765756213,curve,NTD-PL,
2793.0,poly3,791,0.07069365791976452,0.01540428863224024,curve,NTD-PL,
2794.0,poly3,792,0.07065735049545765,0.0153904997114445,curve,NTD-PL,
2795.0,poly3,793,0.07062294483184814,0.015377083600242,curve,NTD-PL,
2796.0,poly3,794,0.07058938704431057,0.015363835141430375,curve,NTD-PL,
2797.0,poly3,795,0.07052848711609841,0.015344803885220129,curve,NTD-PL,
2798.0,poly3,796,0.07049045935273171,0.015330545008296415,curve,NTD-PL,
2799.0,poly3,797,0.07045479528605939,0.015316746572230866,curve,NTD-PL,
2800.0,poly3,798,0.07042096592485905,0.015303327049848367,curve,NTD-PL,
2801.0,poly3,799,0.07038794718682766,0.015290071521356067,curve,NTD-PL,
2802.0,poly3,800,0.07032843567430973,0.015270976944360365,curve,NTD-PL,
2803.0,poly3,801,0.07029108628630638,0.015256701546818838,curve,NTD-PL,
2804.0,poly3,802,0.07025604136288166,0.015242911001841988,curve,NTD-PL,
2805.0,poly3,803,0.07022276818752289,0.015229497920524946,curve,NTD-PL,
2806.0,poly3,804,0.07019026018679142,0.015216242441986246,curve,NTD-PL,
2807.0,poly3,805,0.07013206630945205,0.015197102654708245,curve,NTD-PL,
2808.0,poly3,806,0.07009536512196064,0.015182830884304312,curve,NTD-PL,
2809.0,poly3,807,0.07006090506911278,0.015169047529616071,curve,NTD-PL,
2810.0,poly3,808,0.07002816498279571,0.01515565346997662,curve,NTD-PL,
2811.0,poly3,809,0.06999614536762237,0.015142397915741013,curve,NTD-PL,
2812.0,poly3,810,0.06993921138346196,0.015123229076154038,curve,NTD-PL,
2813.0,poly3,811,0.06990313231945038,0.015108966902253855,curve,NTD-PL,
2814.0,poly3,812,0.06986923553049565,0.015095202340039976,curve,NTD-PL,
2815.0,poly3,813,0.06983700580894947,0.015081825299563416,curve,NTD-PL,
2816.0,poly3,814,0.06980545669794083,0.015068584467666363,curve,NTD-PL,
2817.0,poly3,815,0.06974971815943717,0.015049402029888694,curve,NTD-PL,
2818.0,poly3,816,0.06971423365175725,0.015035160470474101,curve,NTD-PL,
2819.0,poly3,817,0.06968088038265705,0.01502142147183696,curve,NTD-PL,
2820.0,poly3,818,0.069649139046669,0.015008069045100316,curve,NTD-PL,
2821.0,poly3,819,0.06961804479360581,0.014994852306469388,curve,NTD-PL,
2822.0,poly3,820,0.06956345550715923,0.014975672308678812,curve,NTD-PL,
2823.0,poly3,821,0.06952854171395302,0.014961457068840292,curve,NTD-PL,
2824.0,poly3,822,0.06949570924043655,0.014947753945249201,curve,NTD-PL,
2825.0,poly3,823,0.06946443542838096,0.014934436913181666,curve,NTD-PL,
2826.0,poly3,824,0.06943377442657947,0.014921240231445672,curve,NTD-PL,
2827.0,poly3,825,0.06938028782606125,0.01490209251075354,curve,NTD-PL,
2828.0,poly3,826,0.06934592314064503,0.014887907278643855,curve,NTD-PL,
2829.0,poly3,827,0.06931358911097049,0.014874239200113801,curve,NTD-PL,
2830.0,poly3,828,0.06928277015686035,0.014860965925766438,curve,NTD-PL,
2831.0,poly3,829,0.0692525278776884,0.014847805906923018,curve,NTD-PL,
2832.0,poly3,830,0.06920009851455688,0.014828691397520384,curve,NTD-PL,
2833.0,poly3,831,0.06916626580059529,0.014814548945309017,curve,NTD-PL,
2834.0,poly3,832,0.0691344078630209,0.014800930850687361,curve,NTD-PL,
2835.0,poly3,833,0.069104028865695,0.014787701365624725,curve,NTD-PL,
2836.0,poly3,834,0.06907419227063656,0.014774579297686642,curve,NTD-PL,
2837.0,poly3,835,0.06889546178281307,0.01473218625134857,curve,NTD-PL,
2838.0,poly3,836,0.06884512268006801,0.014715800817009508,curve,NTD-PL,
2839.0,poly3,837,0.06879984065890313,0.01469972682968028,curve,NTD-PL,
2840.0,poly3,838,0.0687627449631691,0.01468429968286958,curve,NTD-PL,
2841.0,poly3,839,0.0687317568808794,0.014669709468154164,curve,NTD-PL,
2842.0,poly3,840,0.06862514540553093,0.014647503667468727,curve,NTD-PL,
2843.0,poly3,841,0.06858336664736271,0.014632106697977366,curve,NTD-PL,
2844.0,poly3,842,0.06854877695441246,0.014617718797475743,curve,NTD-PL,
2845.0,poly3,843,0.06851807571947574,0.014603975371344925,curve,NTD-PL,
2846.0,poly3,844,0.06848791800439358,0.014590486397438597,curve,NTD-PL,
2847.0,poly3,845,0.06838510073721409,0.014566998514873019,curve,NTD-PL,
2848.0,poly3,846,0.06834536753594875,0.014552002828427228,curve,NTD-PL,
2849.0,poly3,847,0.06831029020249843,0.014537766837571063,curve,NTD-PL,
2850.0,poly3,848,0.06827890463173389,0.014523850327241036,curve,NTD-PL,
2851.0,poly3,849,0.06824932061135769,0.014509821520653643,curve,NTD-PL,
2852.0,poly3,850,0.06817247457802296,0.014489942744934805,curve,NTD-PL,
2853.0,poly3,851,0.06813595294952393,0.01447514870191679,curve,NTD-PL,
2854.0,poly3,852,0.06810378767549992,0.0144606790765823,curve,NTD-PL,
2855.0,poly3,853,0.0680746540427208,0.014446431376429054,curve,NTD-PL,
2856.0,poly3,854,0.0680463258177042,0.014432321088493068,curve,NTD-PL,
2857.0,poly3,855,0.06797684878110885,0.014414439131158245,curve,NTD-PL,
2858.0,poly3,856,0.06794249787926673,0.014399688144981973,curve,NTD-PL,
2859.0,poly3,857,0.06791127622127532,0.014385545945952564,curve,NTD-PL,
2860.0,poly3,858,0.06788217090070248,0.014371670694285174,curve,NTD-PL,
2861.0,poly3,859,0.06785367466509343,0.014357758903239306,curve,NTD-PL,
2862.0,poly3,860,0.06779449172317982,0.014338438636638235,curve,NTD-PL,
2863.0,poly3,861,0.0677614938467741,0.014323815250817974,curve,NTD-PL,
2864.0,poly3,862,0.0677310910075903,0.014309954731318105,curve,NTD-PL,
2865.0,poly3,863,0.06770250760018826,0.014296434081180108,curve,NTD-PL,
2866.0,poly3,864,0.0676744271069765,0.014282788402392964,curve,NTD-PL,
2867.0,poly3,865,0.06762092784047127,0.014263296234008859,curve,NTD-PL,
2868.0,poly3,866,0.06758905351161956,0.014248860938300266,curve,NTD-PL,
2869.0,poly3,867,0.06755944639444351,0.014235135762385566,curve,NTD-PL,
2870.0,poly3,868,0.06753132306039333,0.014221699824327591,curve,NTD-PL,
2871.0,poly3,869,0.0675035309046507,0.014208162299944024,curve,NTD-PL,
2872.0,poly3,870,0.06745399422943592,0.014189050072615663,curve,NTD-PL,
2873.0,poly3,871,0.06742297783493996,0.014174759721218082,curve,NTD-PL,
2874.0,poly3,872,0.06739394254982471,0.014161202429170443,curve,NTD-PL,
2875.0,poly3,873,0.06736620664596557,0.014147971346350324,curve,NTD-PL,
2876.0,poly3,874,0.06733873784542084,0.01413465819025742,curve,NTD-PL,
2877.0,poly3,875,0.067292208224535,0.014115481241089871,curve,NTD-PL,
2878.0,poly3,876,0.06726190112531186,0.014101383798595586,curve,NTD-PL,
2879.0,poly3,877,0.06723343245685101,0.014088092530269096,curve,NTD-PL,
2880.0,poly3,878,0.06720613688230515,0.014075105828462834,curve,NTD-PL,
2881.0,poly3,879,0.06717907190322876,0.014061979278999577,curve,NTD-PL,
2882.0,poly3,880,0.0671345416456461,0.014042846589050773,curve,NTD-PL,
2883.0,poly3,881,0.06710485927760601,0.014028918736044891,curve,NTD-PL,
2884.0,poly3,882,0.06707691252231598,0.014015795271687339,curve,NTD-PL,
2885.0,poly3,883,0.06705005280673504,0.014002996584413221,curve,NTD-PL,
2886.0,poly3,884,0.0670233715325594,0.013990040556971594,curve,NTD-PL,
2887.0,poly3,885,0.06698028296232224,0.013971117576607477,curve,NTD-PL,
2888.0,poly3,886,0.06695115193724632,0.01395737981637326,curve,NTD-PL,
2889.0,poly3,887,0.06692367270588875,0.01394444456524446,curve,NTD-PL,
2890.0,poly3,888,0.06689720042049885,0.013931790801297852,curve,NTD-PL,
2891.0,poly3,889,0.06687086597084999,0.013918971996703963,curve,NTD-PL,
2892.0,poly3,890,0.06682906523346901,0.013900385014603462,curve,NTD-PL,
2893.0,poly3,891,0.06680041775107384,0.01388680980589943,curve,NTD-PL,
2894.0,poly3,892,0.06677335314452648,0.013874035866579164,curve,NTD-PL,
2895.0,poly3,893,0.06674725897610187,0.013861562463061545,curve,NTD-PL,
2896.0,poly3,894,0.06672128550708294,0.013848913866305093,curve,NTD-PL,
2897.0,poly3,895,0.06668049953877926,0.013830568126908926,curve,NTD-PL,
2898.0,poly3,896,0.06665231250226497,0.013817189168120114,curve,NTD-PL,
2899.0,poly3,897,0.0666256558150053,0.013804598942063871,curve,NTD-PL,
2900.0,poly3,898,0.06659990847110749,0.013792277360357432,curve,NTD-PL,
2901.0,poly3,899,0.06657425872981548,0.013779783868142454,curve,NTD-PL,
2902.0,poly3,900,0.0665343888103962,0.0137617361505386,curve,NTD-PL,
2903.0,poly3,901,0.06650661118328571,0.013748524999759846,curve,NTD-PL,
2904.0,poly3,902,0.06648032702505588,0.013736107886274588,curve,NTD-PL,
2905.0,poly3,903,0.06645492129027844,0.013723953298173254,curve,NTD-PL,
2906.0,poly3,904,0.0664295893162489,0.01371161086265173,curve,NTD-PL,
2907.0,poly3,905,0.06639051735401154,0.013693833331294264,curve,NTD-PL,
2908.0,poly3,906,0.06636313535273075,0.013680806300615694,curve,NTD-PL,
2909.0,poly3,907,0.06633720621466636,0.01366855515748119,curve,NTD-PL,
2910.0,poly3,908,0.06631211824715137,0.013656556896783443,curve,NTD-PL,
2911.0,poly3,909,0.06628708876669406,0.013644380755634703,curve,NTD-PL,
2912.0,poly3,910,0.06624875403940678,0.013626882235529963,curve,NTD-PL,
2913.0,poly3,911,0.06622173972427844,0.01361403339877249,curve,NTD-PL,
2914.0,poly3,912,0.06619614250957966,0.013601957221345355,curve,NTD-PL,
2915.0,poly3,913,0.06617136709392071,0.013590131947967408,curve,NTD-PL,
2916.0,poly3,914,0.06614663675427437,0.013578126033247255,curve,NTD-PL,
2917.0,poly3,915,0.06610896214842796,0.013560846941681751,curve,NTD-PL,
2918.0,poly3,916,0.06608229875564575,0.013548174890897517,curve,NTD-PL,
2919.0,poly3,917,0.06605703197419643,0.013536281391175893,curve,NTD-PL,
2920.0,poly3,918,0.06603255458176135,0.01352462697132587,curve,NTD-PL,
2921.0,poly3,919,0.06600811146199703,0.013512789487217658,curve,NTD-PL,
2922.0,poly3,920,0.06597104966640473,0.01349575687046616,curve,NTD-PL,
2923.0,poly3,921,0.06594472378492355,0.013483266019863875,curve,NTD-PL,
2924.0,poly3,922,0.0659197736531496,0.013471547310999392,curve,NTD-PL,
2925.0,poly3,923,0.06589558646082878,0.013460066063031673,curve,NTD-PL,
2926.0,poly3,924,0.06587142124772072,0.013448388116638009,curve,NTD-PL,
2927.0,poly3,925,0.0658349335193634,0.013431613781586752,curve,NTD-PL,
2928.0,poly3,926,0.06580894105136395,0.013419307411385284,curve,NTD-PL,
2929.0,poly3,927,0.06578428782522679,0.013407761741298659,curve,NTD-PL,
2930.0,poly3,928,0.06576037667691707,0.013396443359520822,curve,NTD-PL,
2931.0,poly3,929,0.06573648303747177,0.013384935130159247,curve,NTD-PL,
2932.0,poly3,930,0.06570055931806565,0.013368431334638392,curve,NTD-PL,
2933.0,poly3,931,0.06567487642168998,0.01335630186990236,curve,NTD-PL,
2934.0,poly3,932,0.06565051637589932,0.013344935848463411,curve,NTD-PL,
2935.0,poly3,933,0.06562687680125237,0.013333787722996624,curve,NTD-PL,
2936.0,poly3,934,0.0656032420694828,0.013322445651335576,curve,NTD-PL,
2937.0,poly3,935,0.06556784808635711,0.013306203685093698,curve,NTD-PL,
2938.0,poly3,936,0.06554246917366982,0.013294255874953163,curve,NTD-PL,
2939.0,poly3,937,0.06551839336752892,0.013283066717818467,curve,NTD-PL,
2940.0,poly3,938,0.06549501642584801,0.013272084869262159,curve,NTD-PL,
2941.0,poly3,939,0.06547163538634777,0.013260909519564478,curve,NTD-PL,
2942.0,poly3,940,0.06543675325810909,0.013244934171498716,curve,NTD-PL,
2943.0,poly3,941,0.06541167236864567,0.013233174525027674,curve,NTD-PL,
2944.0,poly3,942,0.06538786888122558,0.013222158221106957,curve,NTD-PL,
2945.0,poly3,943,0.0653647504746914,0.01321134622851206,curve,NTD-PL,
2946.0,poly3,944,0.06534161902964115,0.01320034056487329,curve,NTD-PL,
2947.0,poly3,945,0.06530723087489605,0.013184635467545502,curve,NTD-PL,
2948.0,poly3,946,0.06528243534266949,0.013173054333597703,curve,NTD-PL,
2949.0,poly3,947,0.06525890044867992,0.013162214805343402,curve,NTD-PL,
2950.0,poly3,948,0.06523603610694409,0.013151572614824856,curve,NTD-PL,
2951.0,poly3,949,0.0652131475508213,0.01314073312957741,curve,NTD-PL,
2952.0,poly3,950,0.06517923958599567,0.013125294966607694,curve,NTD-PL,
2953.0,poly3,951,0.06515472605824471,0.013113899873859794,curve,NTD-PL,
2954.0,poly3,952,0.06513145007193089,0.013103235283975575,curve,NTD-PL,
2955.0,poly3,953,0.06510882861912251,0.013092762552492318,curve,NTD-PL,
2956.0,poly3,954,0.06508618220686913,0.013082096398624789,curve,NTD-PL,
2957.0,poly3,955,0.06505273133516312,0.01306691982454929,curve,NTD-PL,
2958.0,poly3,956,0.06502849571406841,0.013055711996162327,curve,NTD-PL,
2959.0,poly3,957,0.0650054782629013,0.01304522341041007,curve,NTD-PL,
2960.0,poly3,958,0.06498309671878814,0.013034924550452728,curve,NTD-PL,
2961.0,poly3,959,0.06496068276464939,0.013024420660444047,curve,NTD-PL,
2962.0,poly3,960,0.06492769122123718,0.013009521148670905,curve,NTD-PL,
2963.0,poly3,961,0.06490371935069561,0.012998495093445467,curve,NTD-PL,
2964.0,poly3,962,0.06488095559179782,0.01298818435355749,curve,NTD-PL,
2965.0,poly3,963,0.06485880874097347,0.012978050171768889,curve,NTD-PL,
2966.0,poly3,964,0.06483661979436875,0.01296771560532115,curve,NTD-PL,
2967.0,poly3,965,0.06480407193303109,0.012953093452400756,curve,NTD-PL,
2968.0,poly3,966,0.06478036642074585,0.012942253312612867,curve,NTD-PL,
2969.0,poly3,967,0.0647578440606594,0.012932116708559243,curve,NTD-PL,
2970.0,poly3,968,0.06473592445254325,0.012922148263632036,curve,NTD-PL,
2971.0,poly3,969,0.06471396684646606,0.01291198632317457,curve,NTD-PL,
2972.0,poly3,970,0.064681850746274,0.012897631235197538,curve,NTD-PL,
2973.0,poly3,971,0.06465840302407741,0.012886974014443593,curve,NTD-PL,
2974.0,poly3,972,0.0646361242979765,0.012877022045633972,curve,NTD-PL,
2975.0,poly3,973,0.06461442857980729,0.012867219345397916,curve,NTD-PL,
2976.0,poly3,974,0.06459268890321254,0.012857224276174922,curve,NTD-PL,
2977.0,poly3,975,0.06456100195646286,0.012843140726600387,curve,NTD-PL,
2978.0,poly3,976,0.06453780457377434,0.012832671608616125,curve,NTD-PL,
2979.0,poly3,977,0.0645157542079687,0.012822887752516273,curve,NTD-PL,
2980.0,poly3,978,0.0644942857325077,0.012813254571323228,curve,NTD-PL,
2981.0,poly3,979,0.0644727662205696,0.012803433666303423,curve,NTD-PL,
2982.0,poly3,980,0.0644414909183979,0.012789619228225772,curve,NTD-PL,
2983.0,poly3,981,0.06441854275763034,0.012779332428404464,curve,NTD-PL,
2984.0,poly3,982,0.06439673155546188,0.012769722627410678,curve,NTD-PL,
2985.0,poly3,983,0.06437547244131565,0.012760257449497697,curve,NTD-PL,
2986.0,poly3,984,0.06435416229069232,0.012750599377897485,curve,NTD-PL,
2987.0,poly3,985,0.06432330049574375,0.012737061666830552,curve,NTD-PL,
2988.0,poly3,986,0.06430059447884559,0.012726957119473154,curve,NTD-PL,
2989.0,poly3,987,0.06427900828421115,0.01271752108155354,curve,NTD-PL,
2990.0,poly3,988,0.06425796784460544,0.012708224586967359,curve,NTD-PL,
2991.0,poly3,989,0.06423686556518078,0.012698730285248542,curve,NTD-PL,
2992.0,poly3,990,0.06420640349388122,0.012685469028958967,curve,NTD-PL,
2993.0,poly3,991,0.06418394334614277,0.012675544001433722,curve,NTD-PL,
2994.0,poly3,992,0.06416257992386817,0.012666281594408094,curve,NTD-PL,
2995.0,poly3,993,0.06414174623787403,0.012657143780498486,curve,NTD-PL,
2996.0,poly3,994,0.06412085443735123,0.012647822812102427,curve,NTD-PL,
2997.0,poly3,995,0.06409078761935234,0.01263482754986494,curve,NTD-PL,
2998.0,poly3,996,0.06406856253743172,0.012625089577648643,curve,NTD-PL,
2999.0,poly3,997,0.06404741443693637,0.012615995683537697,curve,NTD-PL,
3000.0,poly3,998,0.06402679011225701,0.01260702629277116,curve,NTD-PL,
3001.0,poly3,999,0.06400609388947487,0.012597867699174911,curve,NTD-PL,
3002.0,poly3,1000,0.06397641934454441,0.012585144184537277,curve,NTD-PL,
3003.0,tanh,0,0.25385702699422835,0.01997608481423682,curve,NTD-PL,
3004.0,tanh,1,0.2538615643978119,0.019975837486554387,curve,NTD-PL,
3005.0,tanh,2,0.25385785698890684,0.019976048314371202,curve,NTD-PL,
3006.0,tanh,3,0.2538582429289818,0.019976034638903843,curve,NTD-PL,
3007.0,tanh,4,0.25385921597480776,0.019975953242035712,curve,NTD-PL,
3008.0,tanh,5,0.2535526677966118,0.0201999256735317,curve,NTD-PL,
3009.0,tanh,6,0.25354756265878675,0.020202205370242168,curve,NTD-PL,
3010.0,tanh,7,0.2535435765981674,0.020204390683149262,curve,NTD-PL,
3011.0,tanh,8,0.2535409390926361,0.020206302965758583,curve,NTD-PL,
3012.0,tanh,9,0.2535391882061958,0.020207896133842756,curve,NTD-PL,
3013.0,tanh,10,0.2535357490181923,0.02020857288697969,curve,NTD-PL,
3014.0,tanh,11,0.2535342738032341,0.02020953881372721,curve,NTD-PL,
3015.0,tanh,12,0.2535331010818481,0.02021026100061031,curve,NTD-PL,
3016.0,tanh,13,0.253532212972641,0.020210830625220864,curve,NTD-PL,
3017.0,tanh,14,0.25353152900934217,0.0202113361097482,curve,NTD-PL,
3018.0,tanh,15,0.25353028178215026,0.020211913038676588,curve,NTD-PL,
3019.0,tanh,16,0.25352962464094164,0.020212383658334908,curve,NTD-PL,
3020.0,tanh,17,0.25352894961833955,0.02021280756293806,curve,NTD-PL,
3021.0,tanh,18,0.25352830439805984,0.020213166633164893,curve,NTD-PL,
3022.0,tanh,19,0.25352773666381834,0.02021348117672022,curve,NTD-PL,
3023.0,tanh,20,0.25352715104818346,0.02021383892329438,curve,NTD-PL,
3024.0,tanh,21,0.25352672934532167,0.020214138841954863,curve,NTD-PL,
3025.0,tanh,22,0.2535263210535049,0.02021441870914703,curve,NTD-PL,
3026.0,tanh,23,0.25352593511343,0.020214690802928672,curve,NTD-PL,
3027.0,tanh,24,0.25352556109428404,0.02021494883283933,curve,NTD-PL,
3028.0,tanh,25,0.2535251289606094,0.020215225919828158,curve,NTD-PL,
3029.0,tanh,26,0.2535247698426247,0.020215443946113458,curve,NTD-PL,
3030.0,tanh,27,0.253524449467659,0.020215642574584063,curve,NTD-PL,
3031.0,tanh,28,0.2535241454839706,0.020215818349465217,curve,NTD-PL,
3032.0,tanh,29,0.25352387875318527,0.020215990497074992,curve,NTD-PL,
3033.0,tanh,30,0.2535235911607742,0.02021615297575202,curve,NTD-PL,
3034.0,tanh,31,0.2535233497619629,0.02021628042408406,curve,NTD-PL,
3035.0,tanh,32,0.2535231292247772,0.020216411591782175,curve,NTD-PL,
3036.0,tanh,33,0.2535229131579399,0.02021654203028607,curve,NTD-PL,
3037.0,tanh,34,0.2535227134823799,0.020216672920750526,curve,NTD-PL,
3038.0,tanh,35,0.253522501885891,0.020216805676312212,curve,NTD-PL,
3039.0,tanh,36,0.2535222977399826,0.0202169382913635,curve,NTD-PL,
3040.0,tanh,37,0.25352211147546766,0.020217070472482338,curve,NTD-PL,
3041.0,tanh,38,0.2535219356417656,0.020217167899809478,curve,NTD-PL,
3042.0,tanh,39,0.25352178066968917,0.020217268969576336,curve,NTD-PL,
3043.0,tanh,40,0.25352163165807723,0.020217349984555114,curve,NTD-PL,
3044.0,tanh,41,0.2535214886069298,0.020217433628902957,curve,NTD-PL,
3045.0,tanh,42,0.25352136343717574,0.020217512249508775,curve,NTD-PL,
3046.0,tanh,43,0.2535212397575378,0.020217584807425994,curve,NTD-PL,
3047.0,tanh,44,0.25352112799882887,0.020217651013000333,curve,NTD-PL,
3048.0,tanh,45,0.2535210087895393,0.02021771971571506,curve,NTD-PL,
3049.0,tanh,46,0.2535208955407143,0.02021778988919659,curve,NTD-PL,
3050.0,tanh,47,0.2535207897424698,0.020217857958210586,curve,NTD-PL,
3051.0,tanh,48,0.25352068394422533,0.020217917400770207,curve,NTD-PL,
3052.0,tanh,49,0.2535205826163292,0.02021797691791923,curve,NTD-PL,
3053.0,tanh,50,0.2535204842686653,0.020218033714547376,curve,NTD-PL,
3054.0,tanh,51,0.25352039039134977,0.020218078377392416,curve,NTD-PL,
3055.0,tanh,52,0.2535203069448471,0.020218134962764686,curve,NTD-PL,
3056.0,tanh,53,0.25352021902799604,0.02021818612976357,curve,NTD-PL,
3057.0,tanh,54,0.25352013260126116,0.020218237918008596,curve,NTD-PL,
3058.0,tanh,55,0.2535200461745262,0.020218282310584614,curve,NTD-PL,
3059.0,tanh,56,0.25351996868848803,0.020218331659907596,curve,NTD-PL,
3060.0,tanh,57,0.25351988822221755,0.020218377861577742,curve,NTD-PL,
3061.0,tanh,58,0.2535198152065277,0.020218423512148788,curve,NTD-PL,
3062.0,tanh,59,0.25351974070072175,0.020218464283076134,curve,NTD-PL,
3063.0,tanh,60,0.25351967066526415,0.020218502093178978,curve,NTD-PL,
3064.0,tanh,61,0.2535196080803871,0.02021854635206358,curve,NTD-PL,
3065.0,tanh,62,0.25351953208446504,0.02021858909402438,curve,NTD-PL,
3066.0,tanh,63,0.25351946204900744,0.020218624546833493,curve,NTD-PL,
3067.0,tanh,64,0.25351940393447875,0.020218665037763518,curve,NTD-PL,
3068.0,tanh,65,0.2535193383693695,0.020218705336190353,curve,NTD-PL,
3069.0,tanh,66,0.2535192757844925,0.02021874817776945,curve,NTD-PL,
3070.0,tanh,67,0.25351921021938323,0.02021878278199491,curve,NTD-PL,
3071.0,tanh,68,0.25351915061473845,0.020218822304227883,curve,NTD-PL,
3072.0,tanh,69,0.2535190925002098,0.02021885511956636,curve,NTD-PL,
3073.0,tanh,70,0.2535190314054489,0.02021889011400455,curve,NTD-PL,
3074.0,tanh,71,0.25351897478103635,0.02021892812279422,curve,NTD-PL,
3075.0,tanh,72,0.2535189136862755,0.02021896311775534,curve,NTD-PL,
3076.0,tanh,73,0.2535188660025597,0.020218993040666936,curve,NTD-PL,
3077.0,tanh,74,0.253518807888031,0.020219031930030936,curve,NTD-PL,
3078.0,tanh,75,0.25351875424385073,0.020219067030714348,curve,NTD-PL,
3079.0,tanh,76,0.2535186976194382,0.020219097342519275,curve,NTD-PL,
3080.0,tanh,77,0.25351864844560623,0.02021912815425314,curve,NTD-PL,
3081.0,tanh,78,0.2535185992717743,0.02021915995000911,curve,NTD-PL,
3082.0,tanh,79,0.253518545627594,0.02021918898619566,curve,NTD-PL,
3083.0,tanh,80,0.25351849645376207,0.020219219963518803,curve,NTD-PL,
3084.0,tanh,81,0.25351844280958175,0.02021924817708599,curve,NTD-PL,
3085.0,tanh,82,0.2535184010863304,0.020219285728830975,curve,NTD-PL,
3086.0,tanh,83,0.2535183548927307,0.02021931413220056,curve,NTD-PL,
3087.0,tanh,84,0.25351830422878263,0.020219338691289154,curve,NTD-PL,
3088.0,tanh,85,0.25351826250553133,0.020219371408164925,curve,NTD-PL,
3089.0,tanh,86,0.25351821482181547,0.020219400446499912,curve,NTD-PL,
3090.0,tanh,87,0.25351817160844803,0.020219431260919497,curve,NTD-PL,
3091.0,tanh,88,0.25351812690496445,0.020219458127946642,curve,NTD-PL,
3092.0,tanh,89,0.25351808220148087,0.020219486293694126,curve,NTD-PL,
3093.0,tanh,90,0.25351803600788114,0.020219506810435797,curve,NTD-PL,
3094.0,tanh,91,0.2535179927945137,0.020219532552012906,curve,NTD-PL,
3095.0,tanh,92,0.2535179555416107,0.020219566396671655,curve,NTD-PL,
3096.0,tanh,93,0.25351791083812714,0.020219586287549583,curve,NTD-PL,
3097.0,tanh,94,0.25351786613464355,0.02021962003593903,curve,NTD-PL,
3098.0,tanh,95,0.25351782739162443,0.020219640673510383,curve,NTD-PL,
3099.0,tanh,96,0.25351778566837313,0.020219665542600906,curve,NTD-PL,
3100.0,tanh,97,0.2535177439451218,0.02021968972495145,curve,NTD-PL,
3101.0,tanh,98,0.25351771116256716,0.020219725354527648,curve,NTD-PL,
3102.0,tanh,99,0.2535176709294319,0.020219741202799135,curve,NTD-PL,
3103.0,tanh,100,0.2535176381468773,0.020219771750891465,curve,NTD-PL,
3104.0,tanh,101,0.2535176008939743,0.020219797381555306,curve,NTD-PL,
3105.0,tanh,102,0.25351755768060685,0.0202198172363028,curve,NTD-PL,
3106.0,tanh,103,0.2535175234079361,0.020219846704982974,curve,NTD-PL,
3107.0,tanh,104,0.25351748019456866,0.020219865060073266,curve,NTD-PL,
3108.0,tanh,105,0.25351745039224627,0.02021989334884817,curve,NTD-PL,
3109.0,tanh,106,0.2535174161195755,0.020219916659604115,curve,NTD-PL,
3110.0,tanh,107,0.2535173788666725,0.020219942641894452,curve,NTD-PL,
3111.0,tanh,108,0.25351734459400177,0.02021996128254055,curve,NTD-PL,
3112.0,tanh,109,0.2535173088312149,0.020219979653671675,curve,NTD-PL,
3113.0,tanh,110,0.25351727306842803,0.02021999944327689,curve,NTD-PL,
3114.0,tanh,111,0.25351724326610564,0.020220027068506737,curve,NTD-PL,
3115.0,tanh,112,0.253517210483551,0.02022005442385546,curve,NTD-PL,
3116.0,tanh,113,0.2535171791911125,0.020220075974933395,curve,NTD-PL,
3117.0,tanh,114,0.253517147898674,0.02022009637699286,curve,NTD-PL,
3118.0,tanh,115,0.2535171121358871,0.02022012220992911,curve,NTD-PL,
3119.0,tanh,116,0.25351708084344865,0.020220142374119284,curve,NTD-PL,
3120.0,tanh,117,0.25351705253124235,0.020220160903422213,curve,NTD-PL,
3121.0,tanh,118,0.25351701825857165,0.02022018531182242,curve,NTD-PL,
3122.0,tanh,119,0.2535169869661331,0.020220205879703242,curve,NTD-PL,
3123.0,tanh,120,0.25351695865392687,0.020220225505680065,curve,NTD-PL,
3124.0,tanh,121,0.2535169258713722,0.020220241461014952,curve,NTD-PL,
3125.0,tanh,122,0.2535168960690498,0.020220267698405146,curve,NTD-PL,
3126.0,tanh,123,0.25351687222719194,0.02022028254347681,curve,NTD-PL,
3127.0,tanh,124,0.2535168379545212,0.020220305952023232,curve,NTD-PL,
3128.0,tanh,125,0.2535168081521988,0.020220324982957356,curve,NTD-PL,
3129.0,tanh,126,0.2535167828202248,0.020220346869517573,curve,NTD-PL,
3130.0,tanh,127,0.25351675003767016,0.02022036462432936,curve,NTD-PL,
3131.0,tanh,128,0.25351672917604445,0.020220380468161634,curve,NTD-PL,
3132.0,tanh,129,0.25351669639348984,0.020220404892619715,curve,NTD-PL,
3133.0,tanh,130,0.2535166710615158,0.02022042112539055,curve,NTD-PL,
3134.0,tanh,131,0.25351664423942566,0.02022044405044695,curve,NTD-PL,
3135.0,tanh,132,0.2535166174173355,0.020220462043970718,curve,NTD-PL,
3136.0,tanh,133,0.2535165920853615,0.020220477612067262,curve,NTD-PL,
3137.0,tanh,134,0.25351656675338746,0.02022049473305112,curve,NTD-PL,
3138.0,tanh,135,0.2535165369510651,0.020220515082479573,curve,NTD-PL,
3139.0,tanh,136,0.25351651310920714,0.020220535344515452,curve,NTD-PL,
3140.0,tanh,137,0.2535164877772331,0.020220555002949947,curve,NTD-PL,
3141.0,tanh,138,0.2535164594650269,0.020220568810811,curve,NTD-PL,
3142.0,tanh,139,0.2535164400935173,0.020220586416673375,curve,NTD-PL,
3143.0,tanh,140,0.2535164147615433,0.02022060715484821,curve,NTD-PL,
3144.0,tanh,141,0.25351638793945314,0.020220624261077336,curve,NTD-PL,
3145.0,tanh,142,0.2535163685679436,0.020220641701588986,curve,NTD-PL,
3146.0,tanh,143,0.2535163402557373,0.020220655025385163,curve,NTD-PL,
3147.0,tanh,144,0.2535163164138794,0.020220675041641406,curve,NTD-PL,
3148.0,tanh,145,0.2535162940621376,0.020220693758366635,curve,NTD-PL,
3149.0,tanh,146,0.25351627320051195,0.02022070651352513,curve,NTD-PL,
3150.0,tanh,147,0.2535162478685379,0.020220722635155307,curve,NTD-PL,
3151.0,tanh,148,0.25351622402668,0.020220738070449325,curve,NTD-PL,
3152.0,tanh,149,0.2535162031650543,0.020220755914644777,curve,NTD-PL,
3153.0,tanh,150,0.2535161793231964,0.020220771095403954,curve,NTD-PL,
3154.0,tanh,151,0.2535161584615707,0.020220788202279894,curve,NTD-PL,
3155.0,tanh,152,0.2535161405801773,0.02022080402493468,curve,NTD-PL,
3156.0,tanh,153,0.25351611375808714,0.020220820966294375,curve,NTD-PL,
3157.0,tanh,154,0.25351609438657763,0.020220836535595567,curve,NTD-PL,
3158.0,tanh,155,0.25351607501506807,0.020220847806952828,curve,NTD-PL,
3159.0,tanh,156,0.25351604670286176,0.020220866905996577,curve,NTD-PL,
3160.0,tanh,157,0.25351603180170057,0.02022087981075753,curve,NTD-PL,
3161.0,tanh,158,0.2535160079598427,0.02022089424627481,curve,NTD-PL,
3162.0,tanh,159,0.25351599156856536,0.020220909015960065,curve,NTD-PL,
3163.0,tanh,160,0.2535159707069397,0.02022092662261232,curve,NTD-PL,
3164.0,tanh,161,0.2535159483551979,0.020220940669937203,curve,NTD-PL,
3165.0,tanh,162,0.2535159304738045,0.02022095585124556,curve,NTD-PL,
3166.0,tanh,163,0.25351591110229493,0.02022097165903494,curve,NTD-PL,
3167.0,tanh,164,0.2535158932209015,0.020220987244225528,curve,NTD-PL,
3168.0,tanh,165,0.2535158768296242,0.020220995194185774,curve,NTD-PL,
3169.0,tanh,166,0.25351585894823075,0.020221010725796414,curve,NTD-PL,
3170.0,tanh,167,0.2535158395767212,0.020221022751765825,curve,NTD-PL,
3171.0,tanh,168,0.25351582020521163,0.02022103980469295,curve,NTD-PL,
3172.0,tanh,169,0.25351580381393435,0.02022105309834689,curve,NTD-PL,
3173.0,tanh,170,0.2531170353293419,0.02040613512344697,curve,NTD-PL,
3174.0,tanh,171,0.2530881121754646,0.020418358046665547,curve,NTD-PL,
3175.0,tanh,172,0.2530668005347252,0.02042918624002292,curve,NTD-PL,
3176.0,tanh,173,0.25305270552635195,0.020437473922395092,curve,NTD-PL,
3177.0,tanh,174,0.2530435025691986,0.020443415930539104,curve,NTD-PL,
3178.0,tanh,175,0.25299707502126695,0.020460455642747784,curve,NTD-PL,
3179.0,tanh,176,0.25298691391944883,0.02046606634404803,curve,NTD-PL,
3180.0,tanh,177,0.2529807433485985,0.020470097981374967,curve,NTD-PL,
3181.0,tanh,178,0.2529770776629448,0.02047312879350626,curve,NTD-PL,
3182.0,tanh,179,0.25297460705041885,0.020475548083675722,curve,NTD-PL,
3183.0,tanh,180,0.25295247286558153,0.02048802410187312,curve,NTD-PL,
3184.0,tanh,181,0.25294808894395826,0.02049145720704485,curve,NTD-PL,
3185.0,tanh,182,0.25294471383094785,0.0204941078645138,curve,NTD-PL,
3186.0,tanh,183,0.2529421016573906,0.020496114798876173,curve,NTD-PL,
3187.0,tanh,184,0.25293991416692735,0.020497598403813887,curve,NTD-PL,
3188.0,tanh,185,0.25293160527944564,0.02050370380564128,curve,NTD-PL,
3189.0,tanh,186,0.25292901396751405,0.020505516474780838,curve,NTD-PL,
3190.0,tanh,187,0.25292690098285675,0.020506909816730635,curve,NTD-PL,
3191.0,tanh,188,0.25292515456676484,0.02050799130615895,curve,NTD-PL,
3192.0,tanh,189,0.25292363911867144,0.020508857078133942,curve,NTD-PL,
3193.0,tanh,190,0.25292003750801084,0.020511938449504254,curve,NTD-PL,
3194.0,tanh,191,0.25291849821805956,0.020512912728325724,curve,NTD-PL,
3195.0,tanh,192,0.252917169034481,0.020513675669022985,curve,NTD-PL,
3196.0,tanh,193,0.25291603356599807,0.020514254101551943,curve,NTD-PL,
3197.0,tanh,194,0.252915033698082,0.020514710908662623,curve,NTD-PL,
3198.0,tanh,195,0.2529134005308151,0.020515816233379097,curve,NTD-PL,
3199.0,tanh,196,0.2529124438762665,0.020516232346873713,curve,NTD-PL,
3200.0,tanh,197,0.2529115617275238,0.020516595594765534,curve,NTD-PL,
3201.0,tanh,198,0.2529107242822647,0.02051693732049957,curve,NTD-PL,
3202.0,tanh,199,0.25290992558002473,0.020517286066442385,curve,NTD-PL,
3203.0,tanh,200,0.2529089480638504,0.020517877458628556,curve,NTD-PL,
3204.0,tanh,201,0.2529081717133522,0.02051833281826103,curve,NTD-PL,
3205.0,tanh,202,0.25290743410587313,0.020518819697391666,curve,NTD-PL,
3206.0,tanh,203,0.25290673673152925,0.020519314556674825,curve,NTD-PL,
3207.0,tanh,204,0.25290607213974,0.02051979712824978,curve,NTD-PL,
3208.0,tanh,205,0.25290538370609283,0.02052031862382224,curve,NTD-PL,
3209.0,tanh,206,0.25290478467941285,0.020520768139741172,curve,NTD-PL,
3210.0,tanh,207,0.25290421694517135,0.02052118913676027,curve,NTD-PL,
3211.0,tanh,208,0.2529036745429039,0.02052157051426927,curve,NTD-PL,
3212.0,tanh,209,0.2529031574726105,0.020521923261890847,curve,NTD-PL,
3213.0,tanh,210,0.252902640402317,0.020522229505779307,curve,NTD-PL,
3214.0,tanh,211,0.2529021739959717,0.02052252748610263,curve,NTD-PL,
3215.0,tanh,212,0.2529017314314842,0.02052279976957827,curve,NTD-PL,
3216.0,tanh,213,0.25290130227804186,0.020523063337617324,curve,NTD-PL,
3217.0,tanh,214,0.2529009014368057,0.020523315525970823,curve,NTD-PL,
3218.0,tanh,215,0.2529004797339439,0.02052355729028557,curve,NTD-PL,
3219.0,tanh,216,0.25290010422468184,0.020523784092873622,curve,NTD-PL,
3220.0,tanh,217,0.2528997465968132,0.020524014610177582,curve,NTD-PL,
3221.0,tanh,218,0.25289940387010573,0.020524234405082224,curve,NTD-PL,
3222.0,tanh,219,0.2528990671038628,0.020524447704537856,curve,NTD-PL,
3223.0,tanh,220,0.25289871245622636,0.020524663991124174,curve,NTD-PL,
3224.0,tanh,221,0.25289839059114455,0.02052487930782011,curve,NTD-PL,
3225.0,tanh,222,0.2528980806469917,0.020525082075953174,curve,NTD-PL,
3226.0,tanh,223,0.25289776623249055,0.020525272244869313,curve,NTD-PL,
3227.0,tanh,224,0.25289746969938276,0.02052545437480053,curve,NTD-PL,
3228.0,tanh,225,0.2528971701860428,0.020525634615013902,curve,NTD-PL,
3229.0,tanh,226,0.25289689302444457,0.020525816588888766,curve,NTD-PL,
3230.0,tanh,227,0.2528966188430786,0.020525987558075245,curve,NTD-PL,
3231.0,tanh,228,0.25289635062217714,0.02052615720771652,curve,NTD-PL,
3232.0,tanh,229,0.2528960943222046,0.020526317740600538,curve,NTD-PL,
3233.0,tanh,230,0.25289584398269654,0.020526474711624432,curve,NTD-PL,
3234.0,tanh,231,0.25289559811353685,0.020526629338549464,curve,NTD-PL,
3235.0,tanh,232,0.25289535969495774,0.020526776202241907,curve,NTD-PL,
3236.0,tanh,233,0.2528951302170753,0.0205269268600214,curve,NTD-PL,
3237.0,tanh,234,0.2528948962688446,0.020527063231069204,curve,NTD-PL,
3238.0,tanh,235,0.2528946816921234,0.020527208936309542,curve,NTD-PL,
3239.0,tanh,236,0.2528944671154022,0.020527338426724842,curve,NTD-PL,
3240.0,tanh,237,0.25289425402879717,0.020527466477930644,curve,NTD-PL,
3241.0,tanh,238,0.2528940439224243,0.02052759126802804,curve,NTD-PL,
3242.0,tanh,239,0.25289384722709657,0.020527718207917833,curve,NTD-PL,
3243.0,tanh,240,0.25289364606142045,0.020527849273978948,curve,NTD-PL,
3244.0,tanh,241,0.252893453836441,0.020527967261422378,curve,NTD-PL,
3245.0,tanh,242,0.2528932631015778,0.02052809140660329,curve,NTD-PL,
3246.0,tanh,243,0.2528930798172951,0.020528202027943816,curve,NTD-PL,
3247.0,tanh,244,0.25289290249347685,0.020528321638128042,curve,NTD-PL,
3248.0,tanh,245,0.25289272218942643,0.02052843082536894,curve,NTD-PL,
3249.0,tanh,246,0.25289254933595656,0.020528538772026764,curve,NTD-PL,
3250.0,tanh,247,0.25289237052202224,0.020528645965641763,curve,NTD-PL,
3251.0,tanh,248,0.2528922110795975,0.020528747798954004,curve,NTD-PL,
3252.0,tanh,249,0.2528920441865921,0.020528848968458482,curve,NTD-PL,
3253.0,tanh,250,0.2528918832540512,0.02052895853595079,curve,NTD-PL,
3254.0,tanh,251,0.2528917208313942,0.02052905760606769,curve,NTD-PL,
3255.0,tanh,252,0.25289156883955,0.020529151231019237,curve,NTD-PL,
3256.0,tanh,253,0.2528914138674736,0.020529249102373002,curve,NTD-PL,
3257.0,tanh,254,0.25289126485586166,0.020529343687364168,curve,NTD-PL,
3258.0,tanh,255,0.25289110988378527,0.020529434150543622,curve,NTD-PL,
3259.0,tanh,256,0.2528909668326378,0.02052952690408597,curve,NTD-PL,
3260.0,tanh,257,0.25289082527160645,0.020529616738661792,curve,NTD-PL,
3261.0,tanh,258,0.2528906837105751,0.020529706140926886,curve,NTD-PL,
3262.0,tanh,259,0.2528905406594276,0.02052978597198173,curve,NTD-PL,
3263.0,tanh,260,0.2528904050588608,0.02052987668647847,curve,NTD-PL,
3264.0,tanh,261,0.25289027094841005,0.020529966185430286,curve,NTD-PL,
3265.0,tanh,262,0.25289014130830767,0.020530046452585427,curve,NTD-PL,
3266.0,tanh,263,0.25289000272750856,0.02053013263566098,curve,NTD-PL,
3267.0,tanh,264,0.252889883518219,0.020530206962156596,curve,NTD-PL,
3268.0,tanh,265,0.25288975089788435,0.020530286872823978,curve,NTD-PL,
3269.0,tanh,266,0.2528896301984787,0.020530371936258587,curve,NTD-PL,
3270.0,tanh,267,0.25288950353860856,0.020530445736218556,curve,NTD-PL,
3271.0,tanh,268,0.25288939028978347,0.020530526209606804,curve,NTD-PL,
3272.0,tanh,269,0.2528892636299133,0.02053060147529351,curve,NTD-PL,
3273.0,tanh,270,0.2528891459107399,0.020530676350156228,curve,NTD-PL,
3274.0,tanh,271,0.25288903415203096,0.02053074967496618,curve,NTD-PL,
3275.0,tanh,272,0.2528889194130898,0.02053081993299736,curve,NTD-PL,
3276.0,tanh,273,0.25288880467414854,0.020530895231922534,curve,NTD-PL,
3277.0,tanh,274,0.25288869738578795,0.020530965006941924,curve,NTD-PL,
3278.0,tanh,275,0.2528885886073112,0.020531035097728613,curve,NTD-PL,
3279.0,tanh,276,0.25288847237825396,0.02053109997461214,curve,NTD-PL,
3280.0,tanh,277,0.2528883695602417,0.02053116453516497,curve,NTD-PL,
3281.0,tanh,278,0.25288826823234556,0.020531242252911686,curve,NTD-PL,
3282.0,tanh,279,0.2528881624341011,0.020531301637633007,curve,NTD-PL,
3283.0,tanh,280,0.2528880536556244,0.02053136682200454,curve,NTD-PL,
3284.0,tanh,281,0.252887961268425,0.020531441629351117,curve,NTD-PL,
3285.0,tanh,282,0.25288785696029664,0.020531501889278096,curve,NTD-PL,
3286.0,tanh,283,0.25288775861263274,0.020531562056794853,curve,NTD-PL,
3287.0,tanh,284,0.25288766622543335,0.020531629775360164,curve,NTD-PL,
3288.0,tanh,285,0.25288756340742113,0.020531689111667344,curve,NTD-PL,
3289.0,tanh,286,0.25288747251033783,0.0205317505293195,curve,NTD-PL,
3290.0,tanh,287,0.2528873771429062,0.02053181066940286,curve,NTD-PL,
3291.0,tanh,288,0.25288728177547454,0.020531859809185326,curve,NTD-PL,
3292.0,tanh,289,0.2528871923685074,0.020531931361939145,curve,NTD-PL,
3293.0,tanh,290,0.25288710445165635,0.02053198791053472,curve,NTD-PL,
3294.0,tanh,291,0.25288701206445696,0.020532049406201756,curve,NTD-PL,
3295.0,tanh,292,0.2528869241476059,0.02053210747392976,curve,NTD-PL,
3296.0,tanh,293,0.25288684368133546,0.02053216281272795,curve,NTD-PL,
3297.0,tanh,294,0.2528867542743683,0.02053221979077873,curve,NTD-PL,
3298.0,tanh,295,0.25288667231798173,0.020532272114101618,curve,NTD-PL,
3299.0,tanh,296,0.25288658440113065,0.020532325011193977,curve,NTD-PL,
3300.0,tanh,297,0.25288650393486023,0.020532383571994064,curve,NTD-PL,
3301.0,tanh,298,0.2528864160180092,0.020532433235382327,curve,NTD-PL,
3302.0,tanh,299,0.2528863430023193,0.020532485006205164,curve,NTD-PL,
3303.0,tanh,300,0.252886264026165,0.020532542572318995,curve,NTD-PL,
3304.0,tanh,301,0.2528861820697784,0.02053259912736054,curve,NTD-PL,
3305.0,tanh,302,0.2528861090540886,0.020532646510093948,curve,NTD-PL,
3306.0,tanh,303,0.2528860330581665,0.020532696439019043,curve,NTD-PL,
3307.0,tanh,304,0.25288594961166383,0.02053274956858078,curve,NTD-PL,
3308.0,tanh,305,0.25288587659597395,0.020532797425917685,curve,NTD-PL,
3309.0,tanh,306,0.2528858035802841,0.02053284703533032,curve,NTD-PL,
3310.0,tanh,307,0.2528857260942459,0.020532898587019,curve,NTD-PL,
3311.0,tanh,308,0.25288565903902055,0.02053294869408795,curve,NTD-PL,
3312.0,tanh,309,0.25288558900356295,0.02053299947145791,curve,NTD-PL,
3313.0,tanh,310,0.25288550853729247,0.020533034428318397,curve,NTD-PL,
3314.0,tanh,311,0.25288544297218324,0.02053309535825428,curve,NTD-PL,
3315.0,tanh,312,0.25288536697626113,0.020533134177564173,curve,NTD-PL,
3316.0,tanh,313,0.252885302901268,0.020533179079344595,curve,NTD-PL,
3317.0,tanh,314,0.2528852388262749,0.020533225439134748,curve,NTD-PL,
3318.0,tanh,315,0.2528851702809334,0.02053327522567002,curve,NTD-PL,
3319.0,tanh,316,0.25288509875535964,0.020533318218895157,curve,NTD-PL,
3320.0,tanh,317,0.25288503617048264,0.020533360243378082,curve,NTD-PL,
3321.0,tanh,318,0.25288496911525726,0.02053340358041289,curve,NTD-PL,
3322.0,tanh,319,0.25288490653038026,0.020533453086107264,curve,NTD-PL,
3323.0,tanh,320,0.25288484543561934,0.020533492282461284,curve,NTD-PL,
3324.0,tanh,321,0.2528847798705101,0.020533536521024708,curve,NTD-PL,
3325.0,tanh,322,0.2528847143054008,0.020533568981775614,curve,NTD-PL,
3326.0,tanh,323,0.25288466215133665,0.02053362289691141,curve,NTD-PL,
3327.0,tanh,324,0.2528845965862274,0.020533658349196147,curve,NTD-PL,
3328.0,tanh,325,0.2528845340013504,0.020533701298860656,curve,NTD-PL,
3329.0,tanh,326,0.2528844729065895,0.020533743336646197,curve,NTD-PL,
3330.0,tanh,327,0.25288441479206086,0.020533784361731006,curve,NTD-PL,
3331.0,tanh,328,0.2528843551874161,0.020533824310244905,curve,NTD-PL,
3332.0,tanh,329,0.25288429409265517,0.020533866869907495,curve,NTD-PL,
3333.0,tanh,330,0.25288424342870713,0.02053390253755586,curve,NTD-PL,
3334.0,tanh,331,0.25288418382406236,0.020533942463971257,curve,NTD-PL,
3335.0,tanh,332,0.2528841316699982,0.020533987880962282,curve,NTD-PL,
3336.0,tanh,333,0.25288407504558563,0.020534020424361896,curve,NTD-PL,
3337.0,tanh,334,0.25288401544094086,0.020534059581381773,curve,NTD-PL,
3338.0,tanh,335,0.20022331923246384,0.015294272362883915,curve,NTD-PL,
3339.0,tanh,336,0.19865253567695618,0.015338537125145485,curve,NTD-PL,
3340.0,tanh,337,0.19687145352363586,0.015389448879365584,curve,NTD-PL,
3341.0,tanh,338,0.19497741311788558,0.01544220730145396,curve,NTD-PL,
3342.0,tanh,339,0.19303254336118697,0.015493529767189726,curve,NTD-PL,
3343.0,tanh,340,0.1907106325030327,0.015545970657463565,curve,NTD-PL,
3344.0,tanh,341,0.18864704072475433,0.015589509297978508,curve,NTD-PL,
3345.0,tanh,342,0.18662406951189042,0.015624345418126564,curve,NTD-PL,
3346.0,tanh,343,0.18465578854084014,0.015648795084257164,curve,NTD-PL,
3347.0,tanh,344,0.18274896442890168,0.015662533654860915,curve,NTD-PL,
3348.0,tanh,345,0.1803365617990494,0.01569107848813576,curve,NTD-PL,
3349.0,tanh,346,0.1784016877412796,0.015694051859295406,curve,NTD-PL,
3350.0,tanh,347,0.1765449106693268,0.015687592187533222,curve,NTD-PL,
3351.0,tanh,348,0.17476833909749984,0.01567233462625329,curve,NTD-PL,
3352.0,tanh,349,0.1730700686573982,0.015649418573200412,curve,NTD-PL,
3353.0,tanh,350,0.17088660150766372,0.015674295433924137,curve,NTD-PL,
3354.0,tanh,351,0.1691823795437813,0.0156572673639069,curve,NTD-PL,
3355.0,tanh,352,0.16755706518888475,0.01563450380413268,curve,NTD-PL,
3356.0,tanh,353,0.1660097897052765,0.015605896473462942,curve,NTD-PL,
3357.0,tanh,354,0.1645369976758957,0.015571664706553585,curve,NTD-PL,
3358.0,tanh,355,0.16263945251703263,0.015602432839508764,curve,NTD-PL,
3359.0,tanh,356,0.16117084622383118,0.01557836833390845,curve,NTD-PL,
3360.0,tanh,357,0.15977472066879272,0.015548149058415358,curve,NTD-PL,
3361.0,tanh,358,0.15845003128051757,0.015511445128951556,curve,NTD-PL,
3362.0,tanh,359,0.15719373822212218,0.015468383125685159,curve,NTD-PL,
3363.0,tanh,360,0.1555907666683197,0.015486511008798486,curve,NTD-PL,
3364.0,tanh,361,0.15435085147619249,0.015450181515421173,curve,NTD-PL,
3365.0,tanh,362,0.15317612886428833,0.015407043042583429,curve,NTD-PL,
3366.0,tanh,363,0.1520650252699852,0.015356971741411218,curve,NTD-PL,
3367.0,tanh,364,0.1510145366191864,0.015300171048613571,curve,NTD-PL,
3368.0,tanh,365,0.14968880861997605,0.015291320586160105,curve,NTD-PL,
3369.0,tanh,366,0.14865977317094803,0.015236172161064635,curve,NTD-PL,
3370.0,tanh,367,0.14768622815608978,0.015174051356155923,curve,NTD-PL,
3371.0,tanh,368,0.14676638394594194,0.015104966778368076,curve,NTD-PL,
3372.0,tanh,369,0.1458974301815033,0.015029085929839795,curve,NTD-PL,
3373.0,tanh,370,0.14480716735124588,0.014985172260268399,curve,NTD-PL,
3374.0,tanh,371,0.14395739436149596,0.01490652672816988,curve,NTD-PL,
3375.0,tanh,372,0.14315300881862641,0.01482145249222477,curve,NTD-PL,
3376.0,tanh,373,0.1423922970890999,0.014730207910716752,curve,NTD-PL,
3377.0,tanh,374,0.14167282730340958,0.014633116958026353,curve,NTD-PL,
3378.0,tanh,375,0.14077270850539209,0.014552430256880087,curve,NTD-PL,
3379.0,tanh,376,0.1400677315890789,0.014449682278430628,curve,NTD-PL,
3380.0,tanh,377,0.1393989197909832,0.014341956672828475,curve,NTD-PL,
3381.0,tanh,378,0.13876477032899856,0.014229749582849123,curve,NTD-PL,
3382.0,tanh,379,0.1381631650030613,0.014113518262907108,curve,NTD-PL,
3383.0,tanh,380,0.13741407915949821,0.013997364005359642,curve,NTD-PL,
3384.0,tanh,381,0.13682233169674873,0.013873961844245466,curve,NTD-PL,
3385.0,tanh,382,0.1362589918076992,0.01374775150382229,curve,NTD-PL,
3386.0,tanh,383,0.13572289198637008,0.013619286664454475,curve,NTD-PL,
3387.0,tanh,384,0.13521239459514617,0.013488930693463172,curve,NTD-PL,
3388.0,tanh,385,0.1345822960138321,0.013344737165124469,curve,NTD-PL,
3389.0,tanh,386,0.1340788222849369,0.013207209047449391,curve,NTD-PL,
3390.0,tanh,387,0.13359799087047577,0.013069082496184693,curve,NTD-PL,
3391.0,tanh,388,0.1331390008330345,0.012930839578047316,curve,NTD-PL,
3392.0,tanh,389,0.13270061686635018,0.012792756674963678,curve,NTD-PL,
3393.0,tanh,390,0.13216616511344909,0.01263337795557155,curve,NTD-PL,
3394.0,tanh,391,0.13173388242721557,0.012489857773447681,curve,NTD-PL,
3395.0,tanh,392,0.13132021054625512,0.012347755826717863,curve,NTD-PL,
3396.0,tanh,393,0.1309245742857456,0.012207475090751119,curve,NTD-PL,
3397.0,tanh,394,0.13054606169462205,0.012069199728844706,curve,NTD-PL,
3398.0,tanh,395,0.13009141385555267,0.011908240779094161,curve,NTD-PL,
3399.0,tanh,396,0.1297192931175232,0.011767654636495118,curve,NTD-PL,
3400.0,tanh,397,0.12936285138130188,0.011630237281799488,curve,NTD-PL,
3401.0,tanh,398,0.12902165949344635,0.011496335476375588,curve,NTD-PL,
3402.0,tanh,399,0.12869499027729034,0.011366044022714291,curve,NTD-PL,
3403.0,tanh,400,0.12830893322825432,0.011216491223189073,curve,NTD-PL,
3404.0,tanh,401,0.1279893212020397,0.011087877934018876,curve,NTD-PL,
3405.0,tanh,402,0.1276830993592739,0.010963853729083322,curve,NTD-PL,
3406.0,tanh,403,0.12738991379737855,0.01084460304341521,curve,NTD-PL,
3407.0,tanh,404,0.12710916474461556,0.010730113374413201,curve,NTD-PL,
3408.0,tanh,405,0.1267830803990364,0.01060282897418017,curve,NTD-PL,
3409.0,tanh,406,0.1265100508928299,0.010493751292511785,curve,NTD-PL,
3410.0,tanh,407,0.12624849677085875,0.010389953037107108,curve,NTD-PL,
3411.0,tanh,408,0.125998093187809,0.010291400928410287,curve,NTD-PL,
3412.0,tanh,409,0.12575831934809684,0.010197961149969032,curve,NTD-PL,
3413.0,tanh,410,0.1254846192896366,0.010098459393412789,curve,NTD-PL,
3414.0,tanh,411,0.1252527192234993,0.010012391564524888,curve,NTD-PL,
3415.0,tanh,412,0.12503050044178962,0.009931288317536454,curve,NTD-PL,
3416.0,tanh,413,0.12481761872768402,0.009854911389273958,curve,NTD-PL,
3417.0,tanh,414,0.12461358457803726,0.009782977440900679,curve,NTD-PL,
3418.0,tanh,415,0.1243839606642723,0.009709451382329959,curve,NTD-PL,
3419.0,tanh,416,0.12418700605630875,0.009644427304388721,curve,NTD-PL,
3420.0,tanh,417,0.1239979088306427,0.009583173672059674,curve,NTD-PL,
3421.0,tanh,418,0.1238163284957409,0.009525402203685073,curve,NTD-PL,
3422.0,tanh,419,0.12364184111356735,0.009470815814774327,curve,NTD-PL,
3423.0,tanh,420,0.12344738394021988,0.009416636178009582,curve,NTD-PL,
3424.0,tanh,421,0.12327858880162239,0.009367178703383054,curve,NTD-PL,
3425.0,tanh,422,0.12311600744724274,0.009320224247197922,curve,NTD-PL,
3426.0,tanh,423,0.12295937761664391,0.009275563297580823,curve,NTD-PL,
3427.0,tanh,424,0.12280837744474411,0.00923299639931751,curve,NTD-PL,
3428.0,tanh,425,0.1226413905620575,0.009191770624360149,curve,NTD-PL,
3429.0,tanh,426,0.1224948838353157,0.009152924737068087,curve,NTD-PL,
3430.0,tanh,427,0.12235338017344474,0.009115772696843338,curve,NTD-PL,
3431.0,tanh,428,0.12221668809652328,0.009080207101486767,curve,NTD-PL,
3432.0,tanh,429,0.12208457663655281,0.009046126626291331,curve,NTD-PL,
3433.0,tanh,430,0.12193951979279519,0.009013943586187772,curve,NTD-PL,
3434.0,tanh,431,0.12181112915277481,0.008982816047344517,curve,NTD-PL,
3435.0,tanh,432,0.1216868706047535,0.008952952213229882,curve,NTD-PL,
3436.0,tanh,433,0.12156659960746766,0.0089242664679462,curve,NTD-PL,
3437.0,tanh,434,0.1214501403272152,0.008896707773616513,curve,NTD-PL,
3438.0,tanh,435,0.12132304310798644,0.008871227650518423,curve,NTD-PL,
3439.0,tanh,436,0.12120971232652664,0.00884606032332544,curve,NTD-PL,
3440.0,tanh,437,0.1210998147726059,0.008821827733861237,curve,NTD-PL,
3441.0,tanh,438,0.12099324315786361,0.008798464847617189,curve,NTD-PL,
3442.0,tanh,439,0.12088984325528145,0.008775925860701415,curve,NTD-PL,
3443.0,tanh,440,0.12077753767371177,0.00875529525829231,curve,NTD-PL,
3444.0,tanh,441,0.1206767052412033,0.008734571882346262,curve,NTD-PL,
3445.0,tanh,442,0.12057871744036674,0.00871449926748224,curve,NTD-PL,
3446.0,tanh,443,0.1204834945499897,0.008695021058869384,curve,NTD-PL,
3447.0,tanh,444,0.1203908920288086,0.008676109325035073,curve,NTD-PL,
3448.0,tanh,445,0.1202907107770443,0.008658785611730507,curve,NTD-PL,
3449.0,tanh,446,0.12020016461610794,0.00864117788145414,curve,NTD-PL,
3450.0,tanh,447,0.12011198475956916,0.008623997454687254,curve,NTD-PL,
3451.0,tanh,448,0.12002609446644782,0.008607219024064014,curve,NTD-PL,
3452.0,tanh,449,0.11994238346815109,0.008590819650877483,curve,NTD-PL,
3453.0,tanh,450,0.11985215395689011,0.008575687643705966,curve,NTD-PL,
3454.0,tanh,451,0.11977010071277619,0.008560229677844164,curve,NTD-PL,
3455.0,tanh,452,0.11969002559781075,0.008545067393198366,curve,NTD-PL,
3456.0,tanh,453,0.11961187347769738,0.008530196265233724,curve,NTD-PL,
3457.0,tanh,454,0.11953554600477219,0.008515591340810794,curve,NTD-PL,
3458.0,tanh,455,0.11945358291268349,0.008501992437967096,curve,NTD-PL,
3459.0,tanh,456,0.11937862262129784,0.008488116190841749,curve,NTD-PL,
3460.0,tanh,457,0.11930533722043038,0.008474464676470771,curve,NTD-PL,
3461.0,tanh,458,0.11923369020223618,0.008461045811042449,curve,NTD-PL,
3462.0,tanh,459,0.11916360557079315,0.00844785092055774,curve,NTD-PL,
3463.0,tanh,460,0.11908861696720123,0.008435459054738153,curve,NTD-PL,
3464.0,tanh,461,0.11901967003941535,0.008422860060160315,curve,NTD-PL,
3465.0,tanh,462,0.11895216926932335,0.008410464121559965,curve,NTD-PL,
3466.0,tanh,463,0.11888607665896415,0.008398273300278893,curve,NTD-PL,
3467.0,tanh,464,0.11882133111357689,0.008386283186839072,curve,NTD-PL,
3468.0,tanh,465,0.11875230297446251,0.008374951051703116,curve,NTD-PL,
3469.0,tanh,466,0.11868853494524956,0.008363490421816068,curve,NTD-PL,
3470.0,tanh,467,0.11862602084875107,0.008352228116411342,curve,NTD-PL,
3471.0,tanh,468,0.11856472864747047,0.008341160323803613,curve,NTD-PL,
3472.0,tanh,469,0.11850461438298225,0.008330285286829824,curve,NTD-PL,
3473.0,tanh,470,0.11844074875116348,0.008319971865279947,curve,NTD-PL,
3474.0,tanh,471,0.11838149279356003,0.008309597967417832,curve,NTD-PL,
3475.0,tanh,472,0.11832333132624626,0.008299415293617723,curve,NTD-PL,
3476.0,tanh,473,0.11826625913381576,0.008289439020601556,curve,NTD-PL,
3477.0,tanh,474,0.11821022108197213,0.008279654794116142,curve,NTD-PL,
3478.0,tanh,475,0.11815089732408524,0.008270365477938914,curve,NTD-PL,
3479.0,tanh,476,0.11809563040733337,0.008261072603058216,curve,NTD-PL,
3480.0,tanh,477,0.11804134249687195,0.008251981448389562,curve,NTD-PL,
3481.0,tanh,478,0.11798802092671394,0.008243091096497308,curve,NTD-PL,
3482.0,tanh,479,0.11793563514947891,0.00823440812121351,curve,NTD-PL,
3483.0,tanh,480,0.11788034811615944,0.008226171664973558,curve,NTD-PL,
3484.0,tanh,481,0.11782866567373276,0.008217973159148753,curve,NTD-PL,
3485.0,tanh,482,0.11777787432074546,0.008209970852534512,curve,NTD-PL,
3486.0,tanh,483,0.11772795915603637,0.008202185544622594,curve,NTD-PL,
3487.0,tanh,484,0.1176788829267025,0.008194609559994308,curve,NTD-PL,
3488.0,tanh,485,0.11762723550200463,0.008187440883467189,curve,NTD-PL,
3489.0,tanh,486,0.11757882386445999,0.008180338596505672,curve,NTD-PL,
3490.0,tanh,487,0.11753122210502624,0.008173446330948719,curve,NTD-PL,
3491.0,tanh,488,0.11748441830277442,0.00816676135517914,curve,NTD-PL,
3492.0,tanh,489,0.11743839606642723,0.008160284379431063,curve,NTD-PL,
3493.0,tanh,490,0.1173900805413723,0.008154182359457016,curve,NTD-PL,
3494.0,tanh,491,0.11734468340873719,0.00814816636511484,curve,NTD-PL,
3495.0,tanh,492,0.11730003133416175,0.008142352807698584,curve,NTD-PL,
3496.0,tanh,493,0.11725611835718155,0.008136744502491026,curve,NTD-PL,
3497.0,tanh,494,0.11721292063593865,0.008131339747226653,curve,NTD-PL,
3498.0,tanh,495,0.11716768741607667,0.008126276295108833,curve,NTD-PL,
3499.0,tanh,496,0.11712509691715241,0.008121313303975955,curve,NTD-PL,
3500.0,tanh,497,0.11708320081233978,0.00811653908770565,curve,NTD-PL,
3501.0,tanh,498,0.11704199165105819,0.00811195905888635,curve,NTD-PL,
3502.0,tanh,499,0.11700144037604332,0.008107565601991534,curve,NTD-PL,
3503.0,tanh,500,0.1165510319173336,0.008165567743610063,curve,NTD-PL,
3504.0,tanh,501,0.11649704724550247,0.008163221432184804,curve,NTD-PL,
3505.0,tanh,502,0.11644067764282226,0.008161498861194265,curve,NTD-PL,
3506.0,tanh,503,0.11638396009802818,0.008160054049105046,curve,NTD-PL,
3507.0,tanh,504,0.11632828935980796,0.008158632216407783,curve,NTD-PL,
3508.0,tanh,505,0.11625929400324822,0.00815884979782523,curve,NTD-PL,
3509.0,tanh,506,0.11620161980390549,0.008157919586792631,curve,NTD-PL,
3510.0,tanh,507,0.11614641100168228,0.008156867855319057,curve,NTD-PL,
3511.0,tanh,508,0.11609379500150681,0.00815570877741502,curve,NTD-PL,
3512.0,tanh,509,0.11604367941617966,0.008154507430236964,curve,NTD-PL,
3513.0,tanh,510,0.11596626043319702,0.00815664051929503,curve,NTD-PL,
3514.0,tanh,511,0.11591224670410157,0.00815636118633723,curve,NTD-PL,
3515.0,tanh,512,0.11586063578724862,0.008156073127494277,curve,NTD-PL,
3516.0,tanh,513,0.11581133902072907,0.008155792765044445,curve,NTD-PL,
3517.0,tanh,514,0.11576419398188591,0.008155513287815318,curve,NTD-PL,
3518.0,tanh,515,0.11569207012653351,0.008157781333062284,curve,NTD-PL,
3519.0,tanh,516,0.11564130261540413,0.008158225584826855,curve,NTD-PL,
3520.0,tanh,517,0.11559257358312607,0.008158654951918932,curve,NTD-PL,
3521.0,tanh,518,0.11554589495062828,0.00815904723031399,curve,NTD-PL,
3522.0,tanh,519,0.11550119072198868,0.008159364666228616,curve,NTD-PL,
3523.0,tanh,520,0.1154358558356762,0.008162001843251783,curve,NTD-PL,
3524.0,tanh,521,0.11538855955004693,0.008162879332265418,curve,NTD-PL,
3525.0,tanh,522,0.11534322425723076,0.008163622905181548,curve,NTD-PL,
3526.0,tanh,523,0.11529984995722771,0.008164191901936449,curve,NTD-PL,
3527.0,tanh,524,0.11525835990905761,0.008164574305055945,curve,NTD-PL,
3528.0,tanh,525,0.11519949063658715,0.008167531019383207,curve,NTD-PL,
3529.0,tanh,526,0.1151560515165329,0.008168416454472766,curve,NTD-PL,
3530.0,tanh,527,0.1151143729686737,0.008169111876801761,curve,NTD-PL,
3531.0,tanh,528,0.11507445201277733,0.008169600295299213,curve,NTD-PL,
3532.0,tanh,529,0.1150362141430378,0.008169877003369711,curve,NTD-PL,
3533.0,tanh,530,0.11498264595866203,0.008173007846999255,curve,NTD-PL,
3534.0,tanh,531,0.11494263634085655,0.008173828300829519,curve,NTD-PL,
3535.0,tanh,532,0.11490419358015061,0.008174435064224793,curve,NTD-PL,
3536.0,tanh,533,0.1148673266172409,0.008174822997901886,curve,NTD-PL,
3537.0,tanh,534,0.11483198776841164,0.008174983908934787,curve,NTD-PL,
3538.0,tanh,535,0.11478256732225418,0.008178174649384707,curve,NTD-PL,
3539.0,tanh,536,0.11474553793668747,0.008178890795565044,curve,NTD-PL,
3540.0,tanh,537,0.11470992863178253,0.008179390724910793,curve,NTD-PL,
3541.0,tanh,538,0.11467575058341026,0.008179658781735715,curve,NTD-PL,
3542.0,tanh,539,0.1146429494023323,0.008179689434396491,curve,NTD-PL,
3543.0,tanh,540,0.11459719985723496,0.008182781804974025,curve,NTD-PL,
3544.0,tanh,541,0.11456282362341881,0.008183355724843626,curve,NTD-PL,
3545.0,tanh,542,0.11452972739934922,0.008183712288197963,curve,NTD-PL,
3546.0,tanh,543,0.11449789777398109,0.008183848481654647,curve,NTD-PL,
3547.0,tanh,544,0.11446726843714713,0.008183773255691446,curve,NTD-PL,
3548.0,tanh,545,0.11442507654428483,0.00818654948860109,curve,NTD-PL,
3549.0,tanh,546,0.11439303755760193,0.00818696946343834,curve,NTD-PL,
3550.0,tanh,547,0.11436210870742798,0.008187195179459504,curve,NTD-PL,
3551.0,tanh,548,0.11433227211236954,0.008187237067638601,curve,NTD-PL,
3552.0,tanh,549,0.11430348008871079,0.008187100005329998,curve,NTD-PL,
3553.0,tanh,550,0.11426466628909111,0.00818936554763738,curve,NTD-PL,
3554.0,tanh,551,0.114234659075737,0.008189625758491945,curve,NTD-PL,
3555.0,tanh,552,0.11420561149716377,0.008189721807950185,curve,NTD-PL,
3556.0,tanh,553,0.1141775168478489,0.008189650916097031,curve,NTD-PL,
3557.0,tanh,554,0.11415034160017967,0.00818943779603586,curve,NTD-PL,
3558.0,tanh,555,0.11411450207233428,0.00819116798407263,curve,NTD-PL,
3559.0,tanh,556,0.11408628448843956,0.008191264106134178,curve,NTD-PL,
3560.0,tanh,557,0.11405891850590706,0.008191225572770704,curve,NTD-PL,
3561.0,tanh,558,0.11403239890933037,0.008191044246578958,curve,NTD-PL,
3562.0,tanh,559,0.11400668919086457,0.00819073924117278,curve,NTD-PL,
3563.0,tanh,560,0.11397333443164825,0.008192028938197959,curve,NTD-PL,
3564.0,tanh,561,0.11394670754671096,0.008191967669619188,curve,NTD-PL,
3565.0,tanh,562,0.11392083838582039,0.008191790596970264,curve,NTD-PL,
3566.0,tanh,563,0.11389573588967324,0.008191492552486412,curve,NTD-PL,
3567.0,tanh,564,0.11387135237455367,0.008191080247331405,curve,NTD-PL,
3568.0,tanh,565,0.1138401284813881,0.008192006044592307,curve,NTD-PL,
3569.0,tanh,566,0.113814926892519,0.008191792387794078,curve,NTD-PL,
3570.0,tanh,567,0.11379041224718094,0.008191479124483926,curve,NTD-PL,
3571.0,tanh,568,0.11376657858490943,0.00819105560343119,curve,NTD-PL,
3572.0,tanh,569,0.11374340057373047,0.008190546916744304,curve,NTD-PL,
3573.0,tanh,570,0.1137140616774559,0.008191145287625148,curve,NTD-PL,
3574.0,tanh,571,0.11369014307856559,0.008190789752790953,curve,NTD-PL,
3575.0,tanh,572,0.11366683840751649,0.008190342401935087,curve,NTD-PL,
3576.0,tanh,573,0.11364415511488915,0.008189810478211223,curve,NTD-PL,
3577.0,tanh,574,0.1136220522224903,0.008189191771152784,curve,NTD-PL,
3578.0,tanh,575,0.11359440162777901,0.00818950253752378,curve,NTD-PL,
3579.0,tanh,576,0.11357163786888122,0.00818901871836332,curve,NTD-PL,
3580.0,tanh,577,0.11354943066835403,0.008188445370702457,curve,NTD-PL,
3581.0,tanh,578,0.11352777779102326,0.008187801009350461,curve,NTD-PL,
3582.0,tanh,579,0.11350666210055352,0.00818709775980991,curve,NTD-PL,
3583.0,tanh,580,0.11348053216934204,0.008187140588179436,curve,NTD-PL,
3584.0,tanh,581,0.11345882192254067,0.008186523484886297,curve,NTD-PL,
3585.0,tanh,582,0.11343760415911674,0.008185843387561878,curve,NTD-PL,
3586.0,tanh,583,0.11341688930988311,0.008185105438574699,curve,NTD-PL,
3587.0,tanh,584,0.11339665651321411,0.008184309736730214,curve,NTD-PL,
3588.0,tanh,585,0.11337191909551621,0.008184109830030767,curve,NTD-PL,
3589.0,tanh,586,0.11335114985704423,0.008183376300591363,curve,NTD-PL,
3590.0,tanh,587,0.11333083808422088,0.008182595291087141,curve,NTD-PL,
3591.0,tanh,588,0.11331098079681397,0.008181759197423005,curve,NTD-PL,
3592.0,tanh,589,0.11329156160354614,0.008180884517327987,curve,NTD-PL,
3593.0,tanh,590,0.11326806917786598,0.008180449104122649,curve,NTD-PL,
3594.0,tanh,591,0.11324817538261414,0.008179621138310092,curve,NTD-PL,
3595.0,tanh,592,0.11322868391871452,0.008178749949066855,curve,NTD-PL,
3596.0,tanh,593,0.11320961490273476,0.008177833554715538,curve,NTD-PL,
3597.0,tanh,594,0.11319094225764274,0.008176877142901695,curve,NTD-PL,
3598.0,tanh,595,0.1131685771048069,0.008176248816270102,curve,NTD-PL,
3599.0,tanh,596,0.11314947679638862,0.008175321150083058,curve,NTD-PL,
3600.0,tanh,597,0.11313074454665184,0.008174359037696805,curve,NTD-PL,
3601.0,tanh,598,0.11311240419745446,0.008173364412189757,curve,NTD-PL,
3602.0,tanh,599,0.1130944199860096,0.008172344199582746,curve,NTD-PL,
3603.0,tanh,600,0.11307307481765747,0.00817153526497009,curve,NTD-PL,
3604.0,tanh,601,0.11305470019578934,0.008170521244050266,curve,NTD-PL,
3605.0,tanh,602,0.11303667873144149,0.008169481548949776,curve,NTD-PL,
3606.0,tanh,603,0.11301900297403336,0.00816842086568913,curve,NTD-PL,
3607.0,tanh,604,0.11300165727734565,0.008167333230178627,curve,NTD-PL,
3608.0,tanh,605,0.11298124641180038,0.008166370078895476,curve,NTD-PL,
3609.0,tanh,606,0.11296354979276657,0.008165278442453358,curve,NTD-PL,
3610.0,tanh,607,0.11294616907835006,0.008164160755170714,curve,NTD-PL,
3611.0,tanh,608,0.1129291109740734,0.008163035953580769,curve,NTD-PL,
3612.0,tanh,609,0.11291236206889152,0.008161898961325636,curve,NTD-PL,
3613.0,tanh,610,0.11289279907941818,0.008160785774744909,curve,NTD-PL,
3614.0,tanh,611,0.11287573054432869,0.008159623392424861,curve,NTD-PL,
3615.0,tanh,612,0.11285895183682441,0.00815844518567247,curve,NTD-PL,
3616.0,tanh,613,0.11284246519207955,0.008157268275077633,curve,NTD-PL,
3617.0,tanh,614,0.11282626613974571,0.008156074882771893,curve,NTD-PL,
3618.0,tanh,615,0.11280749067664146,0.00815484219377377,curve,NTD-PL,
3619.0,tanh,616,0.11279099881649017,0.008153616578499664,curve,NTD-PL,
3620.0,tanh,617,0.11277477741241455,0.008152388510274791,curve,NTD-PL,
3621.0,tanh,618,0.11275882944464684,0.008151157501860537,curve,NTD-PL,
3622.0,tanh,619,0.11274314150214196,0.008149913991291759,curve,NTD-PL,
3623.0,tanh,620,0.11272508949041367,0.00814857544433407,curve,NTD-PL,
3624.0,tanh,621,0.11270913630723953,0.008147295773109403,curve,NTD-PL,
3625.0,tanh,622,0.11269343793392181,0.008146014438027323,curve,NTD-PL,
3626.0,tanh,623,0.11267798840999603,0.008144730853122015,curve,NTD-PL,
3627.0,tanh,624,0.11266277804970741,0.008143457581399073,curve,NTD-PL,
3628.0,tanh,625,0.11264539733529091,0.00814201185034748,curve,NTD-PL,
3629.0,tanh,626,0.11262994781136512,0.008140685947519396,curve,NTD-PL,
3630.0,tanh,627,0.11261473149061203,0.008139359042196193,curve,NTD-PL,
3631.0,tanh,628,0.11259975060820579,0.008138037014808273,curve,NTD-PL,
3632.0,tanh,629,0.11258499026298523,0.008136724039225529,curve,NTD-PL,
3633.0,tanh,630,0.11256823241710663,0.00813520409848291,curve,NTD-PL,
3634.0,tanh,631,0.11255325153470039,0.00813382868878475,curve,NTD-PL,
3635.0,tanh,632,0.11253848895430565,0.008132463374736179,curve,NTD-PL,
3636.0,tanh,633,0.11252394840121269,0.008131107378391941,curve,NTD-PL,
3637.0,tanh,634,0.11250960677862168,0.008129765214966023,curve,NTD-PL,
3638.0,tanh,635,0.11249342113733292,0.008128171633088209,curve,NTD-PL,
3639.0,tanh,636,0.11247888430953026,0.008126758207209232,curve,NTD-PL,
3640.0,tanh,637,0.11246454939246178,0.008125358255401631,curve,NTD-PL,
3641.0,tanh,638,0.11245041936635972,0.008123972276788705,curve,NTD-PL,
3642.0,tanh,639,0.11243647262454033,0.008122598715972257,curve,NTD-PL,
3643.0,tanh,640,0.11242083013057709,0.008120942363361496,curve,NTD-PL,
3644.0,tanh,641,0.11240670680999756,0.008119496928313248,curve,NTD-PL,
3645.0,tanh,642,0.11239277645945549,0.008118067275369449,curve,NTD-PL,
3646.0,tanh,643,0.11237902194261551,0.008116651795979209,curve,NTD-PL,
3647.0,tanh,644,0.11236545890569687,0.008115254088476421,curve,NTD-PL,
3648.0,tanh,645,0.1123503141105175,0.008113550651572692,curve,NTD-PL,
3649.0,tanh,646,0.11233658045530319,0.00811207830648202,curve,NTD-PL,
3650.0,tanh,647,0.11232302337884903,0.00811062293553516,curve,NTD-PL,
3651.0,tanh,648,0.11230964288115501,0.008109190590230405,curve,NTD-PL,
3652.0,tanh,649,0.11229642406105995,0.008107767361738374,curve,NTD-PL,
3653.0,tanh,650,0.11228175088763237,0.008106012086093224,curve,NTD-PL,
3654.0,tanh,651,0.1122683897614479,0.008104521878491025,curve,NTD-PL,
3655.0,tanh,652,0.11225518882274628,0.008103048864648991,curve,NTD-PL,
3656.0,tanh,653,0.1122421532869339,0.00810159182753589,curve,NTD-PL,
3657.0,tanh,654,0.11222926825284958,0.008100156742540433,curve,NTD-PL,
3658.0,tanh,655,0.11221503615379333,0.008098369365716012,curve,NTD-PL,
3659.0,tanh,656,0.11220202296972275,0.008096855031052433,curve,NTD-PL,
3660.0,tanh,657,0.11218915656208991,0.008095364295997328,curve,NTD-PL,
3661.0,tanh,658,0.11217644587159156,0.008093891172591391,curve,NTD-PL,
3662.0,tanh,659,0.11216388717293739,0.00809244699983017,curve,NTD-PL,
3663.0,tanh,660,0.11215005740523339,0.008090622146935622,curve,NTD-PL,
3664.0,tanh,661,0.11213737204670907,0.008089093899638905,curve,NTD-PL,
3665.0,tanh,662,0.1121248260140419,0.008087591904469647,curve,NTD-PL,
3666.0,tanh,663,0.1121124267578125,0.008086103304527758,curve,NTD-PL,
3667.0,tanh,664,0.11210016757249833,0.008084647648198325,curve,NTD-PL,
3668.0,tanh,665,0.112086733430624,0.008082806879528403,curve,NTD-PL,
3669.0,tanh,666,0.1120743490755558,0.008081261458218946,curve,NTD-PL,
3670.0,tanh,667,0.1120621144771576,0.008079751829428257,curve,NTD-PL,
3671.0,tanh,668,0.1120500072836876,0.00807825400271237,curve,NTD-PL,
3672.0,tanh,669,0.11203802973031998,0.008076785416761281,curve,NTD-PL,
3673.0,tanh,670,0.10123388171195984,0.0075968353645720485,curve,NTD-PL,
3674.0,tanh,671,0.10096743926405907,0.0075871445612534,curve,NTD-PL,
3675.0,tanh,672,0.10063615441322327,0.0075830963964287346,curve,NTD-PL,
3676.0,tanh,673,0.10026991516351699,0.007586675334812597,curve,NTD-PL,
3677.0,tanh,674,0.09989033341407776,0.007598341782378909,curve,NTD-PL,
3678.0,tanh,675,0.09936467334628105,0.007588155505878456,curve,NTD-PL,
3679.0,tanh,676,0.09893706515431404,0.007605067198947887,curve,NTD-PL,
3680.0,tanh,677,0.09852678850293159,0.007628164567023616,curve,NTD-PL,
3681.0,tanh,678,0.09813712611794471,0.007655636293837386,curve,NTD-PL,
3682.0,tanh,679,0.09776783958077431,0.007685534530686776,curve,NTD-PL,
3683.0,tanh,680,0.09712355360388755,0.007690060274859758,curve,NTD-PL,
3684.0,tanh,681,0.0967111498117447,0.007719353293989904,curve,NTD-PL,
3685.0,tanh,682,0.09632268399000168,0.007750344658731834,curve,NTD-PL,
3686.0,tanh,683,0.09595824629068375,0.00778204360274849,curve,NTD-PL,
3687.0,tanh,684,0.0956161268055439,0.007813583427625103,curve,NTD-PL,
3688.0,tanh,685,0.09503762945532798,0.007843407086957828,curve,NTD-PL,
3689.0,tanh,686,0.09466883987188339,0.007874734621988058,curve,NTD-PL,
3690.0,tanh,687,0.09432311430573463,0.00790509957484838,curve,NTD-PL,
3691.0,tanh,688,0.09399995058774949,0.007934529667315386,curve,NTD-PL,
3692.0,tanh,689,0.09369774609804153,0.00796324323231655,curve,NTD-PL,
3693.0,tanh,690,0.09321721941232682,0.007997548254151403,curve,NTD-PL,
3694.0,tanh,691,0.09290043190121651,0.008027167839997214,curve,NTD-PL,
3695.0,tanh,692,0.09260427355766296,0.008056256135769426,curve,NTD-PL,
3696.0,tanh,693,0.09232830479741097,0.008084673586291221,curve,NTD-PL,
3697.0,tanh,694,0.09207109212875367,0.008112289049865502,curve,NTD-PL,
3698.0,tanh,695,0.0916754350066185,0.008143089206108435,curve,NTD-PL,
3699.0,tanh,696,0.09141037091612816,0.008169935019702335,curve,NTD-PL,
3700.0,tanh,697,0.09116303026676179,0.008195845692173596,curve,NTD-PL,
3701.0,tanh,698,0.09093275740742683,0.008220917284396211,curve,NTD-PL,
3702.0,tanh,699,0.09071815609931946,0.00824528789166063,curve,NTD-PL,
3703.0,tanh,700,0.09039469361305237,0.00826979733408619,curve,NTD-PL,
3704.0,tanh,701,0.09017524495720863,0.008293095672775613,curve,NTD-PL,
3705.0,tanh,702,0.08997016474604606,0.008315943047102243,curve,NTD-PL,
3706.0,tanh,703,0.08977879285812378,0.00833840555699622,curve,NTD-PL,
3707.0,tanh,704,0.08959993422031402,0.008360544977006288,curve,NTD-PL,
3708.0,tanh,705,0.08933603465557098,0.008379765600867674,curve,NTD-PL,
3709.0,tanh,706,0.08915379792451858,0.008400244379880649,curve,NTD-PL,
3710.0,tanh,707,0.0889829933643341,0.008420379426451241,curve,NTD-PL,
3711.0,tanh,708,0.08882312178611755,0.008440123763435023,curve,NTD-PL,
3712.0,tanh,709,0.08867327868938446,0.008459375783687766,curve,NTD-PL,
3713.0,tanh,710,0.08845663070678711,0.008474317598522576,curve,NTD-PL,
3714.0,tanh,711,0.08830424100160598,0.008491646435540583,curve,NTD-PL,
3715.0,tanh,712,0.0881608821451664,0.00850848079179385,curve,NTD-PL,
3716.0,tanh,713,0.08802611827850342,0.008524750783808236,curve,NTD-PL,
3717.0,tanh,714,0.08789919391274452,0.008540403857620785,curve,NTD-PL,
3718.0,tanh,715,0.08771870508790017,0.008553996208913164,curve,NTD-PL,
3719.0,tanh,716,0.08758950009942054,0.008568270556230047,curve,NTD-PL,
3720.0,tanh,717,0.0874674879014492,0.008581949150718369,curve,NTD-PL,
3721.0,tanh,718,0.087352354824543,0.008595029921277765,curve,NTD-PL,
3722.0,tanh,719,0.08724351897835732,0.00860753102285894,curve,NTD-PL,
3723.0,tanh,720,0.08709177747368813,0.008619777062494451,curve,NTD-PL,
3724.0,tanh,721,0.08698121905326843,0.008631250881733667,curve,NTD-PL,
3725.0,tanh,722,0.08687646761536598,0.008642174499112795,curve,NTD-PL,
3726.0,tanh,723,0.08677725344896317,0.008652600931845692,curve,NTD-PL,
3727.0,tanh,724,0.08668310716748237,0.008662591845206739,curve,NTD-PL,
3728.0,tanh,725,0.08655444309115409,0.008672241342219717,curve,NTD-PL,
3729.0,tanh,726,0.08645883351564407,0.008681336977379245,curve,NTD-PL,
3730.0,tanh,727,0.08636785373091697,0.00869005190481264,curve,NTD-PL,
3731.0,tanh,728,0.08628128692507744,0.008698429853617332,curve,NTD-PL,
3732.0,tanh,729,0.08619876131415367,0.008706500683970112,curve,NTD-PL,
3733.0,tanh,730,0.08608835637569427,0.008713464742455438,curve,NTD-PL,
3734.0,tanh,731,0.086004588752985,0.008720655936882132,curve,NTD-PL,
3735.0,tanh,732,0.08592456132173538,0.008727577947932812,curve,NTD-PL,
3736.0,tanh,733,0.08584811463952065,0.008734266454691062,curve,NTD-PL,
3737.0,tanh,734,0.0857749693095684,0.008740730915727196,curve,NTD-PL,
3738.0,tanh,735,0.08567906245589256,0.008745703826543489,curve,NTD-PL,
3739.0,tanh,736,0.08560490012168884,0.00875136677705651,curve,NTD-PL,
3740.0,tanh,737,0.08553382679820061,0.008756847345156901,curve,NTD-PL,
3741.0,tanh,738,0.08546574041247368,0.00876215731145233,curve,NTD-PL,
3742.0,tanh,739,0.08540041968226433,0.00876730809390038,curve,NTD-PL,
3743.0,tanh,740,0.08531634509563446,0.008770943478732146,curve,NTD-PL,
3744.0,tanh,741,0.08525031507015228,0.008775367274271228,curve,NTD-PL,
3745.0,tanh,742,0.08518694341182709,0.008779630731685363,curve,NTD-PL,
3746.0,tanh,743,0.0851261630654335,0.00878373592255966,curve,NTD-PL,
3747.0,tanh,744,0.08506781905889511,0.008787669290321957,curve,NTD-PL,
3748.0,tanh,745,0.0849938839673996,0.008790137727227058,curve,NTD-PL,
3749.0,tanh,746,0.08493519574403763,0.00879332700671661,curve,NTD-PL,
3750.0,tanh,747,0.0848788671195507,0.008796320658791846,curve,NTD-PL,
3751.0,tanh,748,0.08482486084103584,0.008799121261904456,curve,NTD-PL,
3752.0,tanh,749,0.08477304801344872,0.008801709840396972,curve,NTD-PL,
3753.0,tanh,750,0.08470807000994682,0.008802911142628022,curve,NTD-PL,
3754.0,tanh,751,0.0846561387181282,0.008804728140777967,curve,NTD-PL,
3755.0,tanh,752,0.08460630029439926,0.008806324515403615,curve,NTD-PL,
3756.0,tanh,753,0.0845584973692894,0.008807717929389898,curve,NTD-PL,
3757.0,tanh,754,0.08451259955763817,0.008808901226300845,curve,NTD-PL,
3758.0,tanh,755,0.08445523753762245,0.008808822279946874,curve,NTD-PL,
3759.0,tanh,756,0.08440913856029511,0.00880932308203642,curve,NTD-PL,
3760.0,tanh,757,0.08436477780342103,0.008809656931901933,curve,NTD-PL,
3761.0,tanh,758,0.08432207703590393,0.008809858261745978,curve,NTD-PL,
3762.0,tanh,759,0.08428090661764145,0.008809943192002892,curve,NTD-PL,
3763.0,tanh,760,0.08422964289784432,0.008808811279632942,curve,NTD-PL,
3764.0,tanh,761,0.0841880351305008,0.008808362369144463,curve,NTD-PL,
3765.0,tanh,762,0.08414779901504517,0.00880786474730243,curve,NTD-PL,
3766.0,tanh,763,0.08410886824131011,0.008807323285393083,curve,NTD-PL,
3767.0,tanh,764,0.084071134775877,0.008806756551369874,curve,NTD-PL,
3768.0,tanh,765,0.08402470201253891,0.008804883937059683,curve,NTD-PL,
3769.0,tanh,766,0.083986447006464,0.00880388888348549,curve,NTD-PL,
3770.0,tanh,767,0.0839492991566658,0.008802895701765515,curve,NTD-PL,
3771.0,tanh,768,0.08391323462128639,0.008801912087986795,curve,NTD-PL,
3772.0,tanh,769,0.08387816771864891,0.0088009324311372,curve,NTD-PL,
3773.0,tanh,770,0.08383567184209824,0.008798564094746986,curve,NTD-PL,
3774.0,tanh,771,0.08380014151334762,0.008797179766241336,curve,NTD-PL,
3775.0,tanh,772,0.08376558125019073,0.008795809481540183,curve,NTD-PL,
3776.0,tanh,773,0.0837319627404213,0.008794450871946724,curve,NTD-PL,
3777.0,tanh,774,0.08369922414422035,0.008793099465548527,curve,NTD-PL,
3778.0,tanh,775,0.08366003781557083,0.008790356359116385,curve,NTD-PL,
3779.0,tanh,776,0.08362692221999168,0.008788603262607646,curve,NTD-PL,
3780.0,tanh,777,0.0835946574807167,0.008786865697784977,curve,NTD-PL,
3781.0,tanh,778,0.08356323316693307,0.00878513587904443,curve,NTD-PL,
3782.0,tanh,779,0.08353259265422822,0.008783414266812315,curve,NTD-PL,
3783.0,tanh,780,0.08349625617265702,0.008780361722829639,curve,NTD-PL,
3784.0,tanh,781,0.08346526697278023,0.008778266772375126,curve,NTD-PL,
3785.0,tanh,782,0.08343503549695015,0.008776194132016855,curve,NTD-PL,
3786.0,tanh,783,0.08340553864836693,0.008774141417234467,curve,NTD-PL,
3787.0,tanh,784,0.08337673619389534,0.008772098158296155,curve,NTD-PL,
3788.0,tanh,785,0.08334279879927635,0.008768800692933211,curve,NTD-PL,
3789.0,tanh,786,0.08331364989280701,0.008766428721680666,curve,NTD-PL,
3790.0,tanh,787,0.08328516632318497,0.008764080141900006,curve,NTD-PL,
3791.0,tanh,788,0.08325733244419098,0.008761768882334164,curve,NTD-PL,
3792.0,tanh,789,0.08323010057210922,0.008759478401291092,curve,NTD-PL,
3793.0,tanh,790,0.08319818899035454,0.00875600669949911,curve,NTD-PL,
3794.0,tanh,791,0.0831706166267395,0.008753425363982591,curve,NTD-PL,
3795.0,tanh,792,0.08314362242817878,0.008750878469116243,curve,NTD-PL,
3796.0,tanh,793,0.08311721608042717,0.008748363864347576,curve,NTD-PL,
3797.0,tanh,794,0.08309135213494301,0.008745875255328547,curve,NTD-PL,
3798.0,tanh,795,0.08306117951869965,0.008742300782418326,curve,NTD-PL,
3799.0,tanh,796,0.08303496614098549,0.0087395542213705,curve,NTD-PL,
3800.0,tanh,797,0.08300928696990013,0.008736844347829347,curve,NTD-PL,
3801.0,tanh,798,0.08298412412405014,0.0087341742632105,curve,NTD-PL,
3802.0,tanh,799,0.08295945599675178,0.008731530589026815,curve,NTD-PL,
3803.0,tanh,800,0.08293081670999528,0.008727881084062446,curve,NTD-PL,
3804.0,tanh,801,0.08290581554174423,0.00872500526074944,curve,NTD-PL,
3805.0,tanh,802,0.08288128972053528,0.008722166557215801,curve,NTD-PL,
3806.0,tanh,803,0.08285724148154258,0.00871936951876815,curve,NTD-PL,
3807.0,tanh,804,0.08283364176750183,0.008716594400474858,curve,NTD-PL,
3808.0,tanh,805,0.08280636668205262,0.008712891670617978,curve,NTD-PL,
3809.0,tanh,806,0.08278244137763976,0.008709912124840234,curve,NTD-PL,
3810.0,tanh,807,0.0827589526772499,0.00870697162073194,curve,NTD-PL,
3811.0,tanh,808,0.08273589462041855,0.008704065279845666,curve,NTD-PL,
3812.0,tanh,809,0.08271325081586837,0.008701192318714628,curve,NTD-PL,
3813.0,tanh,810,0.08268719464540482,0.008697459577440895,curve,NTD-PL,
3814.0,tanh,811,0.08266423344612121,0.00869439230469757,curve,NTD-PL,
3815.0,tanh,812,0.08264167457818986,0.008691372648820004,curve,NTD-PL,
3816.0,tanh,813,0.08261950239539147,0.008688387045383588,curve,NTD-PL,
3817.0,tanh,814,0.08259770423173904,0.008685437416042413,curve,NTD-PL,
3818.0,tanh,815,0.08257275298237801,0.008681682742186392,curve,NTD-PL,
3819.0,tanh,816,0.08255065456032754,0.00867856205917064,curve,NTD-PL,
3820.0,tanh,817,0.08252892568707466,0.008675477502727543,curve,NTD-PL,
3821.0,tanh,818,0.08250755369663239,0.008672437733797861,curve,NTD-PL,
3822.0,tanh,819,0.08248652294278144,0.0086694246047307,curve,NTD-PL,
3823.0,tanh,820,0.08246256038546562,0.008665669123025889,curve,NTD-PL,
3824.0,tanh,821,0.08244124501943588,0.008662503754601493,curve,NTD-PL,
3825.0,tanh,822,0.0824202612042427,0.008659375794363591,curve,NTD-PL,
3826.0,tanh,823,0.08239961192011833,0.008656292792275673,curve,NTD-PL,
3827.0,tanh,824,0.08237927332520485,0.008653236128411191,curve,NTD-PL,
3828.0,tanh,825,0.08235620185732842,0.008649489338965156,curve,NTD-PL,
3829.0,tanh,826,0.08233558982610703,0.008646293590342618,curve,NTD-PL,
3830.0,tanh,827,0.08231528550386429,0.008643140426525645,curve,NTD-PL,
3831.0,tanh,828,0.08229529038071633,0.008640025792160692,curve,NTD-PL,
3832.0,tanh,829,0.08227558061480522,0.008636936109546486,curve,NTD-PL,
3833.0,tanh,830,0.0822533205151558,0.008633210358093345,curve,NTD-PL,
3834.0,tanh,831,0.08223334774374962,0.008630003314385792,curve,NTD-PL,
3835.0,tanh,832,0.0822136640548706,0.008626833689431977,curve,NTD-PL,
3836.0,tanh,833,0.0821942575275898,0.008623699182568743,curve,NTD-PL,
3837.0,tanh,834,0.08217512220144271,0.008620595283649276,curve,NTD-PL,
3838.0,tanh,835,0.08099168986082077,0.00786592642542315,curve,NTD-PL,
3839.0,tanh,836,0.08095446825027466,0.007851996550452463,curve,NTD-PL,
3840.0,tanh,837,0.08091175928711891,0.007836052048266845,curve,NTD-PL,
3841.0,tanh,838,0.08086612895131111,0.007819367316561784,curve,NTD-PL,
3842.0,tanh,839,0.0808194860816002,0.007802865833265261,curve,NTD-PL,
3843.0,tanh,840,0.08075949922204018,0.007783201052499208,curve,NTD-PL,
3844.0,tanh,841,0.08070868030190467,0.007767099176968532,curve,NTD-PL,
3845.0,tanh,842,0.08065955489873886,0.007752455258164501,curve,NTD-PL,
3846.0,tanh,843,0.0806125521659851,0.007739403334904206,curve,NTD-PL,
3847.0,tanh,844,0.08056779280304908,0.007727920729411181,curve,NTD-PL,
3848.0,tanh,845,0.08049697950482368,0.007711725961554658,curve,NTD-PL,
3849.0,tanh,846,0.0804481990635395,0.007701261919566765,curve,NTD-PL,
3850.0,tanh,847,0.08040163666009903,0.007691883552743277,curve,NTD-PL,
3851.0,tanh,848,0.08035724088549615,0.0076834155910621305,curve,NTD-PL,
3852.0,tanh,849,0.08031482920050621,0.007675678997478395,curve,NTD-PL,
3853.0,tanh,850,0.08024824410676956,0.007666222619745734,curve,NTD-PL,
3854.0,tanh,851,0.08020213469862938,0.007659152628346177,curve,NTD-PL,
3855.0,tanh,852,0.08015792891383171,0.007652505363426619,curve,NTD-PL,
3856.0,tanh,853,0.08011567294597625,0.007646237979929551,curve,NTD-PL,
3857.0,tanh,854,0.08007528409361839,0.0076403473992091965,curve,NTD-PL,
3858.0,tanh,855,0.08001574650406837,0.007635994879419809,curve,NTD-PL,
3859.0,tanh,856,0.07997304499149323,0.007631311524381467,curve,NTD-PL,
3860.0,tanh,857,0.07993216067552567,0.007626910930394505,curve,NTD-PL,
3861.0,tanh,858,0.07989307567477226,0.007622749303660961,curve,NTD-PL,
3862.0,tanh,859,0.07985568270087243,0.007618784289111421,curve,NTD-PL,
3863.0,tanh,860,0.07980285435914994,0.007617548320854275,curve,NTD-PL,
3864.0,tanh,861,0.07976383939385415,0.0076146642912674305,curve,NTD-PL,
3865.0,tanh,862,0.07972642704844475,0.0076118466483523165,curve,NTD-PL,
3866.0,tanh,863,0.07969057634472847,0.00760904732037405,curve,NTD-PL,
3867.0,tanh,864,0.07965618371963501,0.007606236675986336,curve,NTD-PL,
3868.0,tanh,865,0.07960865199565888,0.007605902635428571,curve,NTD-PL,
3869.0,tanh,866,0.07957284227013588,0.007603750606985617,curve,NTD-PL,
3870.0,tanh,867,0.07953841313719749,0.007601534846594505,curve,NTD-PL,
3871.0,tanh,868,0.07950532957911491,0.007599234248597742,curve,NTD-PL,
3872.0,tanh,869,0.07947349846363068,0.0075968505077983195,curve,NTD-PL,
3873.0,tanh,870,0.07943003550171852,0.007596601383344908,curve,NTD-PL,
3874.0,tanh,871,0.07939694002270699,0.007594757290414559,curve,NTD-PL,
3875.0,tanh,872,0.0793650433421135,0.007592849151153609,curve,NTD-PL,
3876.0,tanh,873,0.07933432906866074,0.007590839171725836,curve,NTD-PL,
3877.0,tanh,874,0.07930470779538154,0.007588715113532122,curve,NTD-PL,
3878.0,tanh,875,0.07926493510603905,0.0075889157966694595,curve,NTD-PL,
3879.0,tanh,876,0.07923419922590255,0.007587346811406393,curve,NTD-PL,
3880.0,tanh,877,0.07920450866222381,0.007585646339462239,curve,NTD-PL,
3881.0,tanh,878,0.07917583882808685,0.007583786040072521,curve,NTD-PL,
3882.0,tanh,879,0.07914812415838242,0.007581765601028362,curve,NTD-PL,
3883.0,tanh,880,0.07911148965358734,0.007582400020566405,curve,NTD-PL,
3884.0,tanh,881,0.0790827602148056,0.007580935444879293,curve,NTD-PL,
3885.0,tanh,882,0.0790549449622631,0.007579305899889832,curve,NTD-PL,
3886.0,tanh,883,0.07902803122997284,0.007577498649937694,curve,NTD-PL,
3887.0,tanh,884,0.07900196313858032,0.007575509970459162,curve,NTD-PL,
3888.0,tanh,885,0.07896778136491775,0.0075764066483251175,curve,NTD-PL,
3889.0,tanh,886,0.07894073501229286,0.007575012271711651,curve,NTD-PL,
3890.0,tanh,887,0.07891450002789498,0.007573447976296494,curve,NTD-PL,
3891.0,tanh,888,0.07888907119631768,0.007571708799392382,curve,NTD-PL,
3892.0,tanh,889,0.07886439189314842,0.007569791893886172,curve,NTD-PL,
3893.0,tanh,890,0.07883216291666031,0.007570854463861444,curve,NTD-PL,
3894.0,tanh,891,0.07880650982260703,0.007569574248954658,curve,NTD-PL,
3895.0,tanh,892,0.0787815771996975,0.007568127972350439,curve,NTD-PL,
3896.0,tanh,893,0.07875736504793167,0.007566517899318586,curve,NTD-PL,
3897.0,tanh,894,0.07873381897807122,0.007564744333521975,curve,NTD-PL,
3898.0,tanh,895,0.07870317101478577,0.007565994557069785,curve,NTD-PL,
3899.0,tanh,896,0.07867863774299622,0.007564890921968862,curve,NTD-PL,
3900.0,tanh,897,0.07865474671125412,0.007563641236227836,curve,NTD-PL,
3901.0,tanh,898,0.07863149419426918,0.0075622409569032455,curve,NTD-PL,
3902.0,tanh,899,0.07860884293913842,0.007560685565013345,curve,NTD-PL,
3903.0,tanh,900,0.0785793974995613,0.007562234319478398,curve,NTD-PL,
3904.0,tanh,901,0.07855571284890175,0.007561401201630317,curve,NTD-PL,
3905.0,tanh,902,0.07853259444236756,0.007560440365960151,curve,NTD-PL,
3906.0,tanh,903,0.07851005122065544,0.007559324940952014,curve,NTD-PL,
3907.0,tanh,904,0.07848804518580436,0.00755807102203012,curve,NTD-PL,
3908.0,tanh,905,0.07845944985747337,0.007560146767209874,curve,NTD-PL,
3909.0,tanh,906,0.07843635082244874,0.007559706877392815,curve,NTD-PL,
3910.0,tanh,907,0.0784137561917305,0.007559143839882513,curve,NTD-PL,
3911.0,tanh,908,0.07839167937636375,0.007558445561943932,curve,NTD-PL,
3912.0,tanh,909,0.07837007641792297,0.007557607245143493,curve,NTD-PL,
3913.0,tanh,910,0.07834199145436287,0.0075604461828477215,curve,NTD-PL,
3914.0,tanh,911,0.07831922620534897,0.007560555270980368,curve,NTD-PL,
3915.0,tanh,912,0.07829690873622894,0.007560553583822589,curve,NTD-PL,
3916.0,tanh,913,0.07827506363391876,0.00756042462190243,curve,NTD-PL,
3917.0,tanh,914,0.0782536506652832,0.007560162058208909,curve,NTD-PL,
3918.0,tanh,915,0.07822574973106385,0.007563958258390026,curve,NTD-PL,
3919.0,tanh,916,0.0782030925154686,0.0075647760036391285,curve,NTD-PL,
3920.0,tanh,917,0.078180842846632,0.007565499907988389,curve,NTD-PL,
3921.0,tanh,918,0.0781590186059475,0.007566099712714092,curve,NTD-PL,
3922.0,tanh,919,0.07813760042190551,0.007566571203773535,curve,NTD-PL,
3923.0,tanh,920,0.07810968458652497,0.007571412798962522,curve,NTD-PL,
3924.0,tanh,921,0.07808696627616882,0.007573072857846355,curve,NTD-PL,
3925.0,tanh,922,0.07806462869048118,0.007574626980658688,curve,NTD-PL,
3926.0,tanh,923,0.07804269269108773,0.007576067266803608,curve,NTD-PL,
3927.0,tanh,924,0.0780211441218853,0.007577380296081841,curve,NTD-PL,
3928.0,tanh,925,0.07799320071935653,0.007583202995750357,curve,NTD-PL,
3929.0,tanh,926,0.07797036096453666,0.007585714621640696,curve,NTD-PL,
3930.0,tanh,927,0.07794789522886277,0.007588126426523603,curve,NTD-PL,
3931.0,tanh,928,0.07792582288384438,0.00759040695486614,curve,NTD-PL,
3932.0,tanh,929,0.07790413349866868,0.00759253919769539,curve,NTD-PL,
3933.0,tanh,930,0.07787631899118423,0.007599089379680057,curve,NTD-PL,
3934.0,tanh,931,0.07785343602299691,0.007602342843029599,curve,NTD-PL,
3935.0,tanh,932,0.07783093005418777,0.007605470592205231,curve,NTD-PL,
3936.0,tanh,933,0.07780882492661476,0.007608443109225951,curve,NTD-PL,
3937.0,tanh,934,0.0777871072292328,0.007611249476959385,curve,NTD-PL,
3938.0,tanh,935,0.07775969207286834,0.007618134039905439,curve,NTD-PL,
3939.0,tanh,936,0.07773693650960922,0.007621893055215077,curve,NTD-PL,
3940.0,tanh,937,0.07771457582712174,0.007625480970394294,curve,NTD-PL,
3941.0,tanh,938,0.07769263088703156,0.007628878452809982,curve,NTD-PL,
3942.0,tanh,939,0.07767108529806137,0.0076320781421587375,curve,NTD-PL,
3943.0,tanh,940,0.07764431089162827,0.0076389120665513585,curve,NTD-PL,
3944.0,tanh,941,0.07762190103530883,0.007642858417203544,curve,NTD-PL,
3945.0,tanh,942,0.07759990617632866,0.0076465989324909405,curve,NTD-PL,
3946.0,tanh,943,0.07757833302021026,0.007650107469077385,curve,NTD-PL,
3947.0,tanh,944,0.07755717560648918,0.0076533939401959815,curve,NTD-PL,
3948.0,tanh,945,0.07753121256828308,0.007659865669922472,curve,NTD-PL,
3949.0,tanh,946,0.0775093287229538,0.00766370646137901,curve,NTD-PL,
3950.0,tanh,947,0.07748787626624107,0.0076672985788244045,curve,NTD-PL,
3951.0,tanh,948,0.07746685817837715,0.007670643807267217,curve,NTD-PL,
3952.0,tanh,949,0.07744625434279442,0.007673737073417262,curve,NTD-PL,
3953.0,tanh,950,0.07742118164896965,0.007679647697337007,curve,NTD-PL,
3954.0,tanh,951,0.07739996686577796,0.007683144219931631,curve,NTD-PL,
3955.0,tanh,952,0.07737917676568032,0.007686380682544112,curve,NTD-PL,
3956.0,tanh,953,0.07735882252454758,0.007689350813160896,curve,NTD-PL,
3957.0,tanh,954,0.07733888179063797,0.0076920585259636146,curve,NTD-PL,
3958.0,tanh,955,0.07731472924351693,0.007697305189035663,curve,NTD-PL,
3959.0,tanh,956,0.07729424983263015,0.007700319058038465,curve,NTD-PL,
3960.0,tanh,957,0.07727419137954712,0.007703061822472753,curve,NTD-PL,
3961.0,tanh,958,0.07725455909967423,0.007705533002848187,curve,NTD-PL,
3962.0,tanh,959,0.07723533660173416,0.007707744202082631,curve,NTD-PL,
3963.0,tanh,960,0.07721212655305862,0.007712285435034247,curve,NTD-PL,
3964.0,tanh,961,0.07719241604208946,0.0077147359628965545,curve,NTD-PL,
3965.0,tanh,962,0.07717311307787895,0.007716924008613007,curve,NTD-PL,
3966.0,tanh,963,0.07715422362089157,0.007718844936209906,curve,NTD-PL,
3967.0,tanh,964,0.07713573798537254,0.007720514550699383,curve,NTD-PL,
3968.0,tanh,965,0.07711349576711654,0.007724333820189639,curve,NTD-PL,
3969.0,tanh,966,0.07709456458687783,0.007726203532881304,curve,NTD-PL,
3970.0,tanh,967,0.07707603573799134,0.007727824387258309,curve,NTD-PL,
3971.0,tanh,968,0.07705789729952812,0.007729189241168154,curve,NTD-PL,
3972.0,tanh,969,0.077040134370327,0.007730313998466038,curve,NTD-PL,
3973.0,tanh,970,0.07701889276504517,0.007733420718778621,curve,NTD-PL,
3974.0,tanh,971,0.07700074389576912,0.007734723848634593,curve,NTD-PL,
3975.0,tanh,972,0.07698296904563903,0.007735787109463961,curve,NTD-PL,
3976.0,tanh,973,0.07696556895971299,0.007736616249268917,curve,NTD-PL,
3977.0,tanh,974,0.07694852203130723,0.007737216466598596,curve,NTD-PL,
3978.0,tanh,975,0.07692828923463821,0.00773963873215817,curve,NTD-PL,
3979.0,tanh,976,0.07691090479493141,0.007740402035079611,curve,NTD-PL,
3980.0,tanh,977,0.07689386457204819,0.007740948287946547,curve,NTD-PL,
3981.0,tanh,978,0.07687716856598854,0.007741280252604708,curve,NTD-PL,
3982.0,tanh,979,0.07686080187559127,0.0077414075683901575,curve,NTD-PL,
3983.0,tanh,980,0.07684155106544495,0.007743180317903134,curve,NTD-PL,
3984.0,tanh,981,0.07682488188147545,0.007743458532245536,curve,NTD-PL,
3985.0,tanh,982,0.07680853605270385,0.007743532939329079,curve,NTD-PL,
3986.0,tanh,983,0.07679250612854957,0.007743418027581601,curve,NTD-PL,
3987.0,tanh,984,0.0767767682671547,0.007743121980420923,curve,NTD-PL,
3988.0,tanh,985,0.07675843015313148,0.007744315984278635,curve,NTD-PL,
3989.0,tanh,986,0.07674242556095123,0.007744152740904294,curve,NTD-PL,
3990.0,tanh,987,0.07672671228647232,0.0077438205048469665,curve,NTD-PL,
3991.0,tanh,988,0.07671128064393998,0.007743312668995811,curve,NTD-PL,
3992.0,tanh,989,0.07669611498713494,0.007742648516941583,curve,NTD-PL,
3993.0,tanh,990,0.07667860463261604,0.0077433283307452505,curve,NTD-PL,
3994.0,tanh,991,0.07666319832205773,0.007742788039276036,curve,NTD-PL,
3995.0,tanh,992,0.07664805129170418,0.007742094007738051,curve,NTD-PL,
3996.0,tanh,993,0.07663316801190376,0.007741254494262615,curve,NTD-PL,
3997.0,tanh,994,0.07661851793527603,0.00774027166968978,curve,NTD-PL,
3998.0,tanh,995,0.07660173401236534,0.007740502516411783,curve,NTD-PL,
3999.0,tanh,996,0.0765868678689003,0.0077396408505932095,curve,NTD-PL,
4000.0,tanh,997,0.07657223716378211,0.007738645340286026,curve,NTD-PL,
4001.0,tanh,998,0.07655783593654633,0.007737515019161717,curve,NTD-PL,
4002.0,tanh,999,0.07654365673661231,0.007736264125207601,curve,NTD-PL,
4003.0,tanh,1000,0.0765275314450264,0.007736107757019093,curve,NTD-PL,
,linear,167,,,transition,NTD-PL,2.0
,linear,333,,,transition,NTD-PL,3.0
,linear,500,,,transition,NTD-PL,4.0
,linear,667,,,transition,NTD-PL,5.0
,linear,833,,,transition,NTD-PL,6.0
,poly3,167,,,transition,NTD-PL,2.0
,poly3,333,,,transition,NTD-PL,3.0
,poly3,500,,,transition,NTD-PL,4.0
,poly3,667,,,transition,NTD-PL,5.0
,poly3,833,,,transition,NTD-PL,6.0
,tanh,167,,,transition,NTD-PL,2.0
,tanh,333,,,transition,NTD-PL,3.0
,tanh,500,,,transition,NTD-PL,4.0
,tanh,667,,,transition,NTD-PL,5.0
,tanh,833,,,transition,NTD-PL,6.0
,exp,167,,,transition,NTD-PL,2.0
,exp,333,,,transition,NTD-PL,3.0
,exp,500,,,transition,NTD-PL,4.0
,exp,667,,,transition,NTD-PL,5.0
,exp,833,,,transition,NTD-PL,6.0
