dataset,item_id,task,protocol,seed,missing_rate,method,rank,target_shape,fit_time_sec,run_dir,observed_rate,mask_seed,RMSE_all,SAM_all,NMSE_dB_all,PSNR_all,SSIM_all,ERGAS_all,RMSE_missing,SAM_missing,NMSE_dB_missing,PSNR_missing,SSIM_missing,ERGAS_missing
cave_hsi,1,structured-missing-completion,block,0,0.5,ntdpl,"(12,12,3)","(128,128)",6.260332899983041,C:\Users\mrkys\workspace\NTD-PL\multirun\neurips-lowrank-core\run\cave_hsi_block_id01_seed0_mr0.5_ntdpl_r12_12_3,0.49395751953125,0.0,0.09082711488008499,16.152228871885875,-7.355148467743752,20.835689594114342,0.8101455801741825,63.11907676750275,0.12628424167633057,19.117351299612,-4.52822089904959,17.973016905126034,0.5538615579892352,84.66235549773467
cave_hsi,1,structured-missing-completion,block,0,0.5,tucker,"(12,12,3)","(128,128)",2.9397070000413805,C:\Users\mrkys\workspace\NTD-PL\multirun\neurips-lowrank-core\benchmark\cave_hsi_block_id01_seed0_mr0.5_tucker_r12_12_3,0.49395751953125,0.0,0.10028917785114623,19.955324420289443,-6.494377624376409,19.974918578496435,0.7752074416264068,69.82116768130236,0.13961636582654702,26.365964039394537,-3.656477909585554,17.10127341483463,0.49296882821789534,93.9146587393723
cave_hsi,2,structured-missing-completion,block,0,0.5,ntdpl,"(12,12,3)","(128,128)",5.928236399893649,C:\Users\mrkys\workspace\NTD-PL\multirun\neurips-lowrank-core\run\cave_hsi_block_id02_seed0_mr0.5_ntdpl_r12_12_3,0.49395751953125,0.0,0.39632558822631836,35.844472490528666,5.438873670894391,8.038958130808885,0.1282568454900408,259.24635660022307,0.5527220368385315,44.09612212013789,7.537526098378895,5.149863771035737,0.029939630813600418,317.8139592279535
cave_hsi,2,structured-missing-completion,block,0,0.5,tucker,"(12,12,3)","(128,128)",2.9151855999371037,C:\Users\mrkys\workspace\NTD-PL\multirun\neurips-lowrank-core\benchmark\cave_hsi_block_id02_seed0_mr0.5_tucker_r12_12_3,0.49395751953125,0.0,0.22117942991808642,45.85892915858652,0.37272602607176764,13.105105313031142,0.3143707628326783,166.51695601866854,0.30073437398167924,59.81318027750782,2.2510515935623028,10.436338582826965,0.10882941754989278,200.15323206572236
cave_hsi,3,structured-missing-completion,block,0,0.5,ntdpl,"(12,12,3)","(128,128)",5.742689199978486,C:\Users\mrkys\workspace\NTD-PL\multirun\neurips-lowrank-core\run\cave_hsi_block_id03_seed0_mr0.5_ntdpl_r12_12_3,0.49395751953125,0.0,0.08333827555179596,15.547412485636503,-4.191235578593254,21.583109857982752,0.6529468230091358,124.60374282935341,0.1130780354142189,19.912972101267222,-2.11783427307585,18.932434681591335,0.3067800170299273,154.52789923068758
cave_hsi,3,structured-missing-completion,block,0,0.5,tucker,"(12,12,3)","(128,128)",2.8963100999826565,C:\Users\mrkys\workspace\NTD-PL\multirun\neurips-lowrank-core\benchmark\cave_hsi_block_id03_seed0_mr0.5_tucker_r12_12_3,0.49395751953125,0.0,0.08692927391799372,18.1317782389521,-3.8248049007894007,21.21667895661083,0.6349681341589746,129.6518866543752,0.11772454561454535,24.76463977700982,-1.7680591242630863,18.582659542865375,0.30333583956744997,160.3754005698733
cave_hsi,4,structured-missing-completion,block,0,0.5,ntdpl,"(12,12,3)","(128,128)",5.903801299980842,C:\Users\mrkys\workspace\NTD-PL\multirun\neurips-lowrank-core\run\cave_hsi_block_id04_seed0_mr0.5_ntdpl_r12_12_3,0.49395751953125,0.0,0.16449305415153503,19.71138809950589,-5.078500810433223,15.677049209326333,0.754099442538994,102.6344751948836,0.23006471991539001,22.04470826072801,-1.6852710905687787,12.762999180143126,0.3593572892814516,150.71854898196156
cave_hsi,4,structured-missing-completion,block,0,0.5,tucker,"(12,12,3)","(128,128)",2.9247537000337616,C:\Users\mrkys\workspace\NTD-PL\multirun\neurips-lowrank-core\benchmark\cave_hsi_block_id04_seed0_mr0.5_tucker_r12_12_3,0.49395751953125,0.0,0.17787739717319567,26.239035345532386,-4.39903652797628,14.997584681559967,0.7110034590832219,110.85980276532761,0.2488319325362046,32.46594341729968,-1.004149490518402,12.081877750172419,0.24261112908680021,162.87193868481623
cave_hsi,5,structured-missing-completion,block,0,0.5,ntdpl,"(12,12,3)","(128,128)",4.996266199974343,C:\Users\mrkys\workspace\NTD-PL\multirun\neurips-lowrank-core\run\cave_hsi_block_id05_seed0_mr0.5_ntdpl_r12_12_3,0.49395751953125,0.0,0.10456115007400513,31.120650035540436,-3.8147384620034797,19.61259283109825,0.595296738222837,129.74627883677198,0.14653807878494263,32.234541248110965,-2.2132658126877303,16.680989985724256,0.2849096237397796,151.60419166929563
cave_hsi,5,structured-missing-completion,block,0,0.5,tucker,"(12,12,3)","(128,128)",3.4754840000532568,C:\Users\mrkys\workspace\NTD-PL\multirun\neurips-lowrank-core\benchmark\cave_hsi_block_id05_seed0_mr0.5_tucker_r12_12_3,0.49395751953125,0.0,0.1133574635653884,39.93832900327329,-3.1131432269181203,18.910997604520215,0.5462160909560305,143.4553386753212,0.15868589208689857,46.84136520259803,-1.5215096005347128,15.989233646523948,0.22157409096949574,168.10038165569327
cave_hsi,6,structured-missing-completion,block,0,0.5,ntdpl,"(12,12,3)","(128,128)",4.5447012999793515,C:\Users\mrkys\workspace\NTD-PL\multirun\neurips-lowrank-core\run\cave_hsi_block_id06_seed0_mr0.5_ntdpl_r12_12_3,0.49395751953125,0.0,0.14435434341430664,15.504588218818903,-4.962437575199899,16.811403382282105,0.6168849519129777,103.0930733915495,0.19342361390590668,20.77288102923215,-2.678476526907313,14.26980985422935,0.3811736342568461,134.21177150616762
cave_hsi,6,structured-missing-completion,block,0,0.5,tucker,"(12,12,3)","(128,128)",2.454855400021188,C:\Users\mrkys\workspace\NTD-PL\multirun\neurips-lowrank-core\benchmark\cave_hsi_block_id06_seed0_mr0.5_tucker_r12_12_3,0.49395751953125,0.0,0.14622450239252627,17.44267756801989,-4.8506318251459035,16.699596957651185,0.638634976371385,101.21245015451483,0.19610338720172407,24.5621581983129,-2.55896443570167,14.15029809805549,0.45318964556414243,131.4119416743293
cave_hsi,7,structured-missing-completion,block,0,0.5,ntdpl,"(12,12,3)","(128,128)",5.480562400072813,C:\Users\mrkys\workspace\NTD-PL\multirun\neurips-lowrank-core\run\cave_hsi_block_id07_seed0_mr0.5_ntdpl_r12_12_3,0.49395751953125,0.0,0.05544499680399895,30.054081706771797,-6.341805180790719,25.122752925527156,0.818625345194337,112.2691416187743,0.07755015790462494,32.001452999868384,-2.743159470781734,22.20834644519274,0.44552333287877166,144.4791579214617
cave_hsi,7,structured-missing-completion,block,0,0.5,tucker,"(12,12,3)","(128,128)",2.317670200020075,C:\Users\mrkys\workspace\NTD-PL\multirun\neurips-lowrank-core\benchmark\cave_hsi_block_id07_seed0_mr0.5_tucker_r12_12_3,0.49395751953125,0.0,0.06517493447258947,35.685154561141275,-4.937440156259303,23.718387936052544,0.757773879838496,132.59150413281608,0.09128055046629108,39.51483490589518,-1.32724806145862,20.792434991483105,0.2780708271823427,171.346873975569
cave_hsi,8,structured-missing-completion,block,0,0.5,ntdpl,"(12,12,3)","(128,128)",6.454155100043863,C:\Users\mrkys\workspace\NTD-PL\multirun\neurips-lowrank-core\run\cave_hsi_block_id08_seed0_mr0.5_ntdpl_r12_12_3,0.49395751953125,0.0,0.13412967324256897,22.509751835823906,-4.237930394969175,17.44950285742594,0.647894152966074,108.71715181861829,0.1860746294260025,22.44486684466561,-2.5735400589308366,14.606256892562818,0.3905282748573747,123.02035715278916
cave_hsi,8,structured-missing-completion,block,0,0.5,tucker,"(12,12,3)","(128,128)",3.2032034000148997,C:\Users\mrkys\workspace\NTD-PL\multirun\neurips-lowrank-core\benchmark\cave_hsi_block_id08_seed0_mr0.5_tucker_r12_12_3,0.49395751953125,0.0,0.16488579767235784,33.859827314258325,-2.44476240560856,15.65633500817154,0.5271523563661497,134.8275835549448,0.22904225892872865,40.43045725060054,-0.768971150314675,12.801687634741024,0.25245195928998426,153.34614325237365
cave_hsi,9,structured-missing-completion,block,0,0.5,ntdpl,"(12,12,3)","(128,128)",5.940493699978106,C:\Users\mrkys\workspace\NTD-PL\multirun\neurips-lowrank-core\run\cave_hsi_block_id09_seed0_mr0.5_ntdpl_r12_12_3,0.49395751953125,0.0,0.11797142028808594,29.949799627854652,-3.100492371339763,18.564463945459106,0.6394520904473722,130.3546770104794,0.16474661231040955,34.668480661476956,-0.8651092073441825,15.663669900006612,0.3499962549388233,174.0743268953583
cave_hsi,9,structured-missing-completion,block,0,0.5,tucker,"(12,12,3)","(128,128)",2.968590199947357,C:\Users\mrkys\workspace\NTD-PL\multirun\neurips-lowrank-core\benchmark\cave_hsi_block_id09_seed0_mr0.5_tucker_r12_12_3,0.49395751953125,0.0,0.12040210358000891,43.424662355480066,-2.923347092386595,18.38731850654571,0.597611159949468,137.16453263566834,0.16787693192589298,55.276729067067365,-0.7016185005696239,15.500179528766635,0.2578460470396839,183.39204217289702
cave_hsi,10,structured-missing-completion,block,0,0.5,ntdpl,"(12,12,3)","(128,128)",5.725492400000803,C:\Users\mrkys\workspace\NTD-PL\multirun\neurips-lowrank-core\run\cave_hsi_block_id10_seed0_mr0.5_ntdpl_r12_12_3,0.49395751953125,0.0,0.10726539045572281,21.823380438549766,-4.872128614901584,19.390808371058334,0.736238575657252,92.85674775623094,0.14898642897605896,23.310334545083144,-2.662703107451714,16.537066046293663,0.5397572947842426,117.90686397084242
cave_hsi,10,structured-missing-completion,block,0,0.5,tucker,"(12,12,3)","(128,128)",2.9227884999709204,C:\Users\mrkys\workspace\NTD-PL\multirun\neurips-lowrank-core\benchmark\cave_hsi_block_id10_seed0_mr0.5_tucker_r12_12_3,0.49395751953125,0.0,0.09922518613685286,25.31941720357504,-5.548882226052688,20.06756155451177,0.7647008501593224,84.85837954114615,0.13723959704168082,29.848114120267947,-3.3760487430361374,17.250411315498773,0.5826935202438562,105.193063232616
cave_hsi,11,structured-missing-completion,block,0,0.5,ntdpl,"(12,12,3)","(128,128)",6.62744950002525,C:\Users\mrkys\workspace\NTD-PL\multirun\neurips-lowrank-core\run\cave_hsi_block_id11_seed0_mr0.5_ntdpl_r12_12_3,0.49395751953125,0.0,0.13120107352733612,21.34314865539376,-5.185469444472723,17.64125157361326,0.666208561439572,77.69457141258118,0.1799960732460022,27.56827641817071,-2.774433033520411,14.894739455775898,0.38338703850748684,101.2856466271614
cave_hsi,11,structured-missing-completion,block,0,0.5,tucker,"(12,12,3)","(128,128)",3.062023999984376,C:\Users\mrkys\workspace\NTD-PL\multirun\neurips-lowrank-core\benchmark\cave_hsi_block_id11_seed0_mr0.5_tucker_r12_12_3,0.49395751953125,0.0,0.1528505206932705,29.228862237951276,-3.8588788975407367,16.314661549771394,0.5994342970066584,88.35298962794437,0.21039586582195077,42.018395238992014,-1.4189495505678031,13.539255962262715,0.33342059424725456,115.5073244112415
cave_hsi,12,structured-missing-completion,block,0,0.5,ntdpl,"(12,12,3)","(128,128)",6.604850000003353,C:\Users\mrkys\workspace\NTD-PL\multirun\neurips-lowrank-core\run\cave_hsi_block_id12_seed0_mr0.5_ntdpl_r12_12_3,0.49395751953125,0.0,0.14560475945472717,13.733816935229827,-8.202422672019612,16.73648825407942,0.8319621748790991,49.62636106517067,0.20350223779678345,15.99714844204494,-5.6011270293205575,13.82861563325629,0.6170535531855015,64.09384948846255
cave_hsi,12,structured-missing-completion,block,0,0.5,tucker,"(12,12,3)","(128,128)",2.694823700003326,C:\Users\mrkys\workspace\NTD-PL\multirun\neurips-lowrank-core\benchmark\cave_hsi_block_id12_seed0_mr0.5_tucker_r12_12_3,0.49395751953125,0.0,0.15734875736993686,16.461223642400554,-7.5286673075715,16.06273364980523,0.8028880256991647,54.8628426086382,0.21952532894623375,19.71332113232474,-4.9428182696409895,13.170307268168248,0.5464862603704638,70.86495028141003
cave_hsi,13,structured-missing-completion,block,0,0.5,ntdpl,"(12,12,3)","(128,128)",6.628729999996722,C:\Users\mrkys\workspace\NTD-PL\multirun\neurips-lowrank-core\run\cave_hsi_block_id13_seed0_mr0.5_ntdpl_r12_12_3,0.49395751953125,0.0,0.13052211701869965,26.188591480997594,-4.703423916011155,17.686317598030165,0.7330504116529313,107.69030622942604,0.18178583681583405,27.900044911660938,-2.1110606321843663,14.80879896341298,0.4505655716642086,140.43374069201437
cave_hsi,13,structured-missing-completion,block,0,0.5,tucker,"(12,12,3)","(128,128)",2.9285274000139907,C:\Users\mrkys\workspace\NTD-PL\multirun\neurips-lowrank-core\benchmark\cave_hsi_block_id13_seed0_mr0.5_tucker_r12_12_3,0.49395751953125,0.0,0.13745606851987524,33.070454599211615,-4.253827928207602,17.236721636378725,0.7042841655555808,113.32732735285991,0.1913694776946207,39.05671429007232,-1.664808302976177,14.36254656899391,0.3951786030483339,148.97114798914905
cave_hsi,14,structured-missing-completion,block,0,0.5,ntdpl,"(12,12,3)","(128,128)",6.630581500008702,C:\Users\mrkys\workspace\NTD-PL\multirun\neurips-lowrank-core\run\cave_hsi_block_id14_seed0_mr0.5_ntdpl_r12_12_3,0.49395751953125,0.0,0.11864624172449112,26.51065181426876,0.009726882788967446,18.514920194879856,0.4494138923447782,174.25646891636296,0.16592258214950562,31.17158690831841,1.6261475013985618,15.601889721471899,0.23562227219020113,204.70187637111673
cave_hsi,14,structured-missing-completion,block,0,0.5,tucker,"(12,12,3)","(128,128)",2.7469207999529317,C:\Users\mrkys\workspace\NTD-PL\multirun\neurips-lowrank-core\benchmark\cave_hsi_block_id14_seed0_mr0.5_tucker_r12_12_3,0.49395751953125,0.0,0.08966782917439324,33.41705096434226,-2.4226196920849907,20.94726688451206,0.5804611454136016,151.2908915550949,0.12469710801129065,41.882836525152776,-0.8548351484248984,18.082872372177732,0.34251573835428933,180.43931976307337
cave_hsi,15,structured-missing-completion,block,0,0.5,ntdpl,"(12,12,3)","(128,128)",6.697569400072098,C:\Users\mrkys\workspace\NTD-PL\multirun\neurips-lowrank-core\run\cave_hsi_block_id15_seed0_mr0.5_ntdpl_r12_12_3,0.49395751953125,0.0,0.0823739618062973,28.488988482545622,-6.192962971175435,21.68420135914381,0.7954820572328533,88.1964377013114,0.11387307941913605,29.174090509645126,-3.5393430705404234,18.871578504062953,0.5476761599706318,117.21559397312478
cave_hsi,15,structured-missing-completion,block,0,0.5,tucker,"(12,12,3)","(128,128)",2.8063820999814197,C:\Users\mrkys\workspace\NTD-PL\multirun\neurips-lowrank-core\benchmark\cave_hsi_block_id15_seed0_mr0.5_tucker_r12_12_3,0.49395751953125,0.0,0.09348650754426799,33.34718340628725,-5.0937829145908005,20.585021284560856,0.7506180753295096,102.61828708406884,0.12945507156555416,37.89304857503428,-2.425383160891639,17.757618617244937,0.48066852038900537,136.83311597147934
cave_hsi,1,structured-missing-completion,block,0,0.5,ntdpl,"(16,16,3)","(128,128)",6.304924300056882,C:\Users\mrkys\workspace\NTD-PL\multirun\neurips-lowrank-core\run\cave_hsi_block_id01_seed0_mr0.5_ntdpl_r16_16_3,0.49395751953125,0.0,0.09330002963542938,15.66197735791122,-7.121823456876295,20.602364878949032,0.7915121995708371,64.91679102533755,0.13013742864131927,18.816743726928447,-4.267159951431932,17.711955084473324,0.4723495631541214,87.3629829451935
cave_hsi,1,structured-missing-completion,block,0,0.5,tucker,"(16,16,3)","(128,128)",3.133073400007561,C:\Users\mrkys\workspace\NTD-PL\multirun\neurips-lowrank-core\benchmark\cave_hsi_block_id01_seed0_mr0.5_tucker_r16_16_3,0.49395751953125,0.0,0.09913599341622621,17.38397739454154,-6.594831787861381,20.075372741981408,0.7683580221195766,69.36703150826385,0.1383507384400004,21.89883428112611,-3.73557486459546,17.180370369844535,0.42669122153026495,93.83744100551245
cave_hsi,2,structured-missing-completion,block,0,0.5,ntdpl,"(16,16,3)","(128,128)",5.832560900016688,C:\Users\mrkys\workspace\NTD-PL\multirun\neurips-lowrank-core\run\cave_hsi_block_id02_seed0_mr0.5_ntdpl_r16_16_3,0.49395751953125,0.0,0.3232247829437256,34.93702994244988,3.6679249389979263,9.809906585983963,0.1868551840652556,237.94164970435273,0.4506094455718994,43.582064232724065,5.763396176963619,6.923993953475895,0.03808586207691006,301.86675425019445
cave_hsi,2,structured-missing-completion,block,0,0.5,tucker,"(16,16,3)","(128,128)",3.7548533000517637,C:\Users\mrkys\workspace\NTD-PL\multirun\neurips-lowrank-core\benchmark\cave_hsi_block_id02_seed0_mr0.5_tucker_r16_16_3,0.49395751953125,0.0,0.21687580238495005,47.02200443811615,0.20205331742946403,13.275778021673442,0.33207790713151425,168.80683143331373,0.2971407786176335,62.6537741332392,2.14663531702911,10.540754859360158,0.10063468016506134,206.8646973270419
cave_hsi,3,structured-missing-completion,block,0,0.5,ntdpl,"(16,16,3)","(128,128)",5.498824100010097,C:\Users\mrkys\workspace\NTD-PL\multirun\neurips-lowrank-core\run\cave_hsi_block_id03_seed0_mr0.5_ntdpl_r16_16_3,0.49395751953125,0.0,0.08454086631536484,15.310836478559096,-4.066791779673436,21.45866612611597,0.6359590997364036,125.97316365034455,0.11494248360395432,20.044198047649076,-1.9757879955884563,18.790388610551474,0.24738458146260683,156.63376429076007
cave_hsi,3,structured-missing-completion,block,0,0.5,tucker,"(16,16,3)","(128,128)",3.459540600073524,C:\Users\mrkys\workspace\NTD-PL\multirun\neurips-lowrank-core\benchmark\cave_hsi_block_id03_seed0_mr0.5_tucker_r16_16_3,0.49395751953125,0.0,0.08842545632428822,17.676079716270962,-3.6765797503299273,21.068453806151357,0.6132006236747981,131.8966188634079,0.12003438275982799,24.27565384461784,-1.5992863097687255,18.413886728371015,0.23528890690344043,163.59622845262004
cave_hsi,4,structured-missing-completion,block,0,0.5,ntdpl,"(16,16,3)","(128,128)",6.186769100022502,C:\Users\mrkys\workspace\NTD-PL\multirun\neurips-lowrank-core\run\cave_hsi_block_id04_seed0_mr0.5_ntdpl_r16_16_3,0.49395751953125,0.0,0.16521258652210236,19.23431066263881,-5.040589206939966,15.639137061274965,0.7396100378947232,103.1968719749077,0.2314530611038208,21.990092312768965,-1.6330134743018474,12.710741341831449,0.2605912568903428,151.78043399361337
cave_hsi,4,structured-missing-completion,block,0,0.5,tucker,"(16,16,3)","(128,128)",3.307115700095892,C:\Users\mrkys\workspace\NTD-PL\multirun\neurips-lowrank-core\benchmark\cave_hsi_block_id04_seed0_mr0.5_tucker_r16_16_3,0.49395751953125,0.0,0.17503055797558784,23.368938251070958,-4.53917430107606,15.137722454659745,0.7104557260476598,108.97971815138865,0.24520266398224866,29.178533084332468,-1.1317680558404872,12.209496315494503,0.18209712208919687,160.30044919372563
cave_hsi,5,structured-missing-completion,block,0,0.5,ntdpl,"(16,16,3)","(128,128)",5.597308399970643,C:\Users\mrkys\workspace\NTD-PL\multirun\neurips-lowrank-core\run\cave_hsi_block_id05_seed0_mr0.5_ntdpl_r16_16_3,0.49395751953125,0.0,0.11119955778121948,31.40965457076057,-3.2800845387659594,19.07793901631657,0.5382952528372479,138.33111110438324,0.15592467784881592,33.004664386340224,-1.6739786517795874,16.1417028112474,0.1959400711412494,161.61230967414218
cave_hsi,5,structured-missing-completion,block,0,0.5,tucker,"(16,16,3)","(128,128)",3.378932600026019,C:\Users\mrkys\workspace\NTD-PL\multirun\neurips-lowrank-core\benchmark\cave_hsi_block_id05_seed0_mr0.5_tucker_r16_16_3,0.49395751953125,0.0,0.11835508558317513,39.16094030204572,-2.7384071462960153,18.536261523898112,0.5094676592863362,152.7000222836281,0.16576031696376833,45.661828955073666,-1.1426645836968916,15.610388629686128,0.14449014426810974,179.65520351650235
cave_hsi,6,structured-missing-completion,block,0,0.5,ntdpl,"(16,16,3)","(128,128)",6.007772799930535,C:\Users\mrkys\workspace\NTD-PL\multirun\neurips-lowrank-core\run\cave_hsi_block_id06_seed0_mr0.5_ntdpl_r16_16_3,0.49395751953125,0.0,0.1603897213935852,16.343478345615907,-4.04750428737951,15.896469613198008,0.5553687324546932,117.99944981778383,0.2189456671476364,23.123222801017185,-1.6019392248008992,13.19327230033198,0.2789669403527903,156.35767575402406
cave_hsi,6,structured-missing-completion,block,0,0.5,tucker,"(16,16,3)","(128,128)",3.2480360999470577,C:\Users\mrkys\workspace\NTD-PL\multirun\neurips-lowrank-core\benchmark\cave_hsi_block_id06_seed0_mr0.5_tucker_r16_16_3,0.49395751953125,0.0,0.15085369866434933,18.89981260989326,-4.57991561210053,16.42888074460581,0.611037724562047,102.62716015123058,0.20487612869865798,28.045624088065548,-2.178839153848236,13.770172816202058,0.38583829052302177,134.67020354297813
cave_hsi,7,structured-missing-completion,block,0,0.5,ntdpl,"(16,16,3)","(128,128)",6.035112099954858,C:\Users\mrkys\workspace\NTD-PL\multirun\neurips-lowrank-core\run\cave_hsi_block_id07_seed0_mr0.5_ntdpl_r16_16_3,0.49395751953125,0.0,0.057252220809459686,29.11550513194801,-6.063205813450351,24.844153565462452,0.809108355636204,116.37221943015687,0.08017107099294662,31.17647461196725,-2.454458871505128,21.919645964275595,0.39409112536995944,150.2777145016754
cave_hsi,7,structured-missing-completion,block,0,0.5,tucker,"(16,16,3)","(128,128)",3.295459600049071,C:\Users\mrkys\workspace\NTD-PL\multirun\neurips-lowrank-core\benchmark\cave_hsi_block_id07_seed0_mr0.5_tucker_r16_16_3,0.49395751953125,0.0,0.06538145717704172,32.99382396185449,-4.909960308015953,23.690908087809195,0.7613919875999341,133.1530041580784,0.0916446345882135,36.23952318489341,-1.29267219179946,20.757859121823948,0.24237423084120202,172.35195943392227
cave_hsi,8,structured-missing-completion,block,0,0.5,ntdpl,"(16,16,3)","(128,128)",5.803482999908738,C:\Users\mrkys\workspace\NTD-PL\multirun\neurips-lowrank-core\run\cave_hsi_block_id08_seed0_mr0.5_ntdpl_r16_16_3,0.49395751953125,0.0,0.13897837698459625,22.461397366327695,-3.9294831272930484,17.14105571544916,0.608320587912439,112.70466753852506,0.19346389174461365,23.805110501646762,-2.23528481283678,14.26800177996149,0.3052169681839824,128.00915758759717
cave_hsi,8,structured-missing-completion,block,0,0.5,tucker,"(16,16,3)","(128,128)",3.1334555000066757,C:\Users\mrkys\workspace\NTD-PL\multirun\neurips-lowrank-core\benchmark\cave_hsi_block_id08_seed0_mr0.5_tucker_r16_16_3,0.49395751953125,0.0,0.16773070880245522,34.39235719566253,-2.296175752648272,15.507748355211252,0.4867489973598066,136.86658204235235,0.2337644051793616,42.79565790127361,-0.591715860755681,12.62443234518203,0.16987337636536295,155.6794953768519
cave_hsi,9,structured-missing-completion,block,0,0.5,ntdpl,"(16,16,3)","(128,128)",5.529421099927276,C:\Users\mrkys\workspace\NTD-PL\multirun\neurips-lowrank-core\run\cave_hsi_block_id09_seed0_mr0.5_ntdpl_r16_16_3,0.49395751953125,0.0,0.1094600185751915,30.19970377431545,-3.75091831348675,19.21488946784614,0.6548842148083885,126.68668761725044,0.15304884314537048,35.79985560732349,-1.5048381612312203,16.30339942587994,0.32082985970302896,170.18432890119809
cave_hsi,9,structured-missing-completion,block,0,0.5,tucker,"(16,16,3)","(128,128)",3.2523205999750644,C:\Users\mrkys\workspace\NTD-PL\multirun\neurips-lowrank-core\benchmark\cave_hsi_block_id09_seed0_mr0.5_tucker_r16_16_3,0.49395751953125,0.0,0.12088107839027107,42.500965943880225,-2.8888620713235893,18.3528334854827,0.5895267050788647,138.30329736696459,0.1689146532122669,53.63836089834809,-0.6480924536576549,15.446653481854666,0.22403153368642076,185.43254564901358
cave_hsi,10,structured-missing-completion,block,0,0.5,ntdpl,"(16,16,3)","(128,128)",5.9093057999853045,C:\Users\mrkys\workspace\NTD-PL\multirun\neurips-lowrank-core\run\cave_hsi_block_id10_seed0_mr0.5_ntdpl_r16_16_3,0.49395751953125,0.0,0.08954118192195892,21.488859257953294,-6.440864570451371,20.95954360786019,0.7820203593910809,75.36175186067842,0.1240810826420784,23.498462943013458,-4.25152573001633,18.12588853926221,0.5679889846849565,93.2666041174824
cave_hsi,10,structured-missing-completion,block,0,0.5,tucker,"(16,16,3)","(128,128)",3.236697499989532,C:\Users\mrkys\workspace\NTD-PL\multirun\neurips-lowrank-core\benchmark\cave_hsi_block_id10_seed0_mr0.5_tucker_r16_16_3,0.49395751953125,0.0,0.09746072372858887,25.06246898123605,-5.704728030293614,20.2234073587527,0.7546516250855819,82.81040928598416,0.13514768695898294,30.213412970435346,-3.509465083823077,17.383827656285714,0.5370651114838512,102.80395779542013
cave_hsi,11,structured-missing-completion,block,0,0.5,ntdpl,"(16,16,3)","(128,128)",6.538660299964249,C:\Users\mrkys\workspace\NTD-PL\multirun\neurips-lowrank-core\run\cave_hsi_block_id11_seed0_mr0.5_ntdpl_r16_16_3,0.49395751953125,0.0,0.13131293654441833,21.160717051196055,-5.178067676834161,17.633850116256422,0.6567806075694842,78.2491369748804,0.18152961134910583,28.292364575524623,-2.7007440347454863,14.821050725638461,0.3340181637710749,102.95045918745649
cave_hsi,11,structured-missing-completion,block,0,0.5,tucker,"(16,16,3)","(128,128)",3.3396618999540806,C:\Users\mrkys\workspace\NTD-PL\multirun\neurips-lowrank-core\benchmark\cave_hsi_block_id11_seed0_mr0.5_tucker_r16_16_3,0.49395751953125,0.0,0.14121974594491735,26.599586817499294,-4.5463088305422605,17.00209148277292,0.629511386563497,84.38857756218503,0.19517430899271238,38.17507981415939,-2.071240579581159,14.191546991276072,0.32926151402733755,110.9680917930084
cave_hsi,12,structured-missing-completion,block,0,0.5,ntdpl,"(16,16,3)","(128,128)",5.279183999984525,C:\Users\mrkys\workspace\NTD-PL\multirun\neurips-lowrank-core\run\cave_hsi_block_id12_seed0_mr0.5_ntdpl_r16_16_3,0.49395751953125,0.0,0.16884151101112366,15.109602682223443,-6.9163485946576495,15.450414957300316,0.7643288961721469,58.089633813869455,0.2364935278892517,19.101991439315636,-4.29612567431993,12.523614473775167,0.4277780137959291,75.78303290858005
cave_hsi,12,structured-missing-completion,block,0,0.5,tucker,"(16,16,3)","(128,128)",3.107001799973659,C:\Users\mrkys\workspace\NTD-PL\multirun\neurips-lowrank-core\benchmark\cave_hsi_block_id12_seed0_mr0.5_tucker_r16_16_3,0.49395751953125,0.0,0.17594910491994178,18.18404942650416,-6.558192420681238,15.092258762914968,0.7413878787410232,62.56376865077381,0.24595951426919285,23.34212216212259,-3.9552384672501177,12.182727465777376,0.35523029774208753,81.36919096607745
cave_hsi,13,structured-missing-completion,block,0,0.5,ntdpl,"(16,16,3)","(128,128)",5.661070500034839,C:\Users\mrkys\workspace\NTD-PL\multirun\neurips-lowrank-core\run\cave_hsi_block_id13_seed0_mr0.5_ntdpl_r16_16_3,0.49395751953125,0.0,0.12483792752027512,26.13791666501477,-5.0901748898793855,18.073068785305612,0.730570631019978,102.74146086537606,0.17422713339328766,28.62708802588512,-2.47994623069638,15.177684577851412,0.38666814672690014,134.95212906550572
cave_hsi,13,structured-missing-completion,block,0,0.5,tucker,"(16,16,3)","(128,128)",2.9611301999539137,C:\Users\mrkys\workspace\NTD-PL\multirun\neurips-lowrank-core\benchmark\cave_hsi_block_id13_seed0_mr0.5_tucker_r16_16_3,0.49395751953125,0.0,0.13593306882197606,31.7687062383499,-4.350603859184695,17.33349756735582,0.6920329829142355,111.82819160093702,0.18974728385890072,37.96531122342983,-1.738750376074247,14.43648864209198,0.32293208849716687,146.9751433883167
cave_hsi,14,structured-missing-completion,block,0,0.5,ntdpl,"(16,16,3)","(128,128)",6.680025300011039,C:\Users\mrkys\workspace\NTD-PL\multirun\neurips-lowrank-core\run\cave_hsi_block_id14_seed0_mr0.5_ntdpl_r16_16_3,0.49395751953125,0.0,0.08637505769729614,28.405960664710598,-2.747585580518267,21.27223309467418,0.5696487439640331,144.664985781733,0.12039536237716675,37.24171584812227,-1.1597672624272297,18.387804575175313,0.2794646014724882,172.96655339690253
cave_hsi,14,structured-missing-completion,block,0,0.5,tucker,"(16,16,3)","(128,128)",3.2541641000425443,C:\Users\mrkys\workspace\NTD-PL\multirun\neurips-lowrank-core\benchmark\cave_hsi_block_id14_seed0_mr0.5_tucker_r16_16_3,0.49395751953125,0.0,0.09063818943360161,33.85737089413155,-2.329128375949246,20.853775568376314,0.5356407684027258,149.7612070256341,0.12634165723601018,43.36242836832498,-0.7410313906597235,17.969068614412556,0.24272750405695184,178.6530516604238
cave_hsi,15,structured-missing-completion,block,0,0.5,ntdpl,"(16,16,3)","(128,128)",4.72207600006368,C:\Users\mrkys\workspace\NTD-PL\multirun\neurips-lowrank-core\run\cave_hsi_block_id15_seed0_mr0.5_ntdpl_r16_16_3,0.49395751953125,0.0,0.0857049748301506,27.91106651745453,-5.848641145847905,21.339879629831323,0.7695526519123524,91.08532692696,0.11901673674583435,29.743767060235566,-3.155603680948814,18.4878387367377,0.4597746969379289,121.54771668586075
cave_hsi,15,structured-missing-completion,block,0,0.5,tucker,"(16,16,3)","(128,128)",3.10744649998378,C:\Users\mrkys\workspace\NTD-PL\multirun\neurips-lowrank-core\benchmark\cave_hsi_block_id15_seed0_mr0.5_tucker_r16_16_3,0.49395751953125,0.0,0.09584077194109582,32.890709796930715,-4.877755569106826,20.368993939076883,0.7223409997369868,103.60387105418467,0.13323270889153768,38.24111764409805,-2.175547382209127,17.507782838562427,0.37723438034288065,138.5230610003633
cave_hsi,1,structured-missing-completion,block,0,0.5,ntdpl,"(20,20,4)","(128,128)",6.56822540005669,C:\Users\mrkys\workspace\NTD-PL\multirun\neurips-lowrank-core\run\cave_hsi_block_id01_seed0_mr0.5_ntdpl_r20_20_4,0.49395751953125,0.0,0.09532971680164337,13.235420880197303,-6.9348926831069075,20.41543375433617,0.7756563516076956,66.27508062311776,0.13338813185691833,17.741871056722783,-4.052860614196836,17.49765595345533,0.3976338033145235,89.48060178298948
cave_hsi,1,structured-missing-completion,block,0,0.5,tucker,"(20,20,4)","(128,128)",3.681499700061977,C:\Users\mrkys\workspace\NTD-PL\multirun\neurips-lowrank-core\benchmark\cave_hsi_block_id01_seed0_mr0.5_tucker_r20_20_4,0.49395751953125,0.0,0.10399377938556455,14.835538783079302,-6.179311809774013,19.65985276389404,0.7373438359531966,72.47394445684218,0.1456096423592478,20.971141602150936,-3.29140179126038,16.736197296509452,0.3110168825951468,98.11082920586949
cave_hsi,2,structured-missing-completion,block,0,0.5,ntdpl,"(20,20,4)","(128,128)",3.5795375999296084,C:\Users\mrkys\workspace\NTD-PL\multirun\neurips-lowrank-core\run\cave_hsi_block_id02_seed0_mr0.5_ntdpl_r20_20_4,0.49395751953125,0.0,0.21350468695163727,33.55064225862802,0.06597970767879614,13.411851684446672,0.3594942668419683,168.99487112118007,0.2961346209049225,42.81760296061722,2.117173992504711,10.570216378269821,0.09005570984075636,211.3396973518635
cave_hsi,2,structured-missing-completion,block,0,0.5,tucker,"(20,20,4)","(128,128)",4.312335500027984,C:\Users\mrkys\workspace\NTD-PL\multirun\neurips-lowrank-core\benchmark\cave_hsi_block_id02_seed0_mr0.5_tucker_r20_20_4,0.49395751953125,0.0,0.21951982381103768,45.919594471880146,0.30730624825078406,13.170525090852125,0.325018305400518,174.66306368771677,0.3030298880646921,62.32291938490819,2.317099484483224,10.370290691906042,0.07300675902631211,216.93976690014355
cave_hsi,3,structured-missing-completion,block,0,0.5,ntdpl,"(20,20,4)","(128,128)",5.8802001000149176,C:\Users\mrkys\workspace\NTD-PL\multirun\neurips-lowrank-core\run\cave_hsi_block_id03_seed0_mr0.5_ntdpl_r20_20_4,0.49395751953125,0.0,0.08298451453447342,13.73815862278628,-4.228184733560145,21.620058618618376,0.6508544275777258,123.27343990641553,0.11505544185638428,18.580819503510764,-1.9672564582799108,18.781856862975882,0.23701980233598607,156.7774174659295
cave_hsi,3,structured-missing-completion,block,0,0.5,tucker,"(20,20,4)","(128,128)",2.8118673000717536,C:\Users\mrkys\workspace\NTD-PL\multirun\neurips-lowrank-core\benchmark\cave_hsi_block_id03_seed0_mr0.5_tucker_r20_20_4,0.49395751953125,0.0,0.08665118213039825,16.672477583482888,-3.8526361059595686,21.244510161780997,0.6313775399155165,128.74616864366797,0.11990162317480568,24.56850897442043,-1.6088983329170348,18.423498751519325,0.22332038891984585,163.48405416860004
cave_hsi,4,structured-missing-completion,block,0,0.5,ntdpl,"(20,20,4)","(128,128)",5.536464000004344,C:\Users\mrkys\workspace\NTD-PL\multirun\neurips-lowrank-core\run\cave_hsi_block_id04_seed0_mr0.5_ntdpl_r20_20_4,0.49395751953125,0.0,0.16566959023475647,18.52455074856483,-5.0165962002489355,15.615144080342034,0.7361971044333552,103.55025972495162,0.23238717019557953,22.53540415697166,-1.5980288296006975,12.675756842749177,0.23419207472093395,152.6098358297421
cave_hsi,4,structured-missing-completion,block,0,0.5,tucker,"(20,20,4)","(128,128)",3.992699099937454,C:\Users\mrkys\workspace\NTD-PL\multirun\neurips-lowrank-core\benchmark\cave_hsi_block_id04_seed0_mr0.5_tucker_r20_20_4,0.49395751953125,0.0,0.17376526066677955,21.760215486155076,-4.602192722775172,15.200740876358857,0.7105631836871801,108.47461493644998,0.24375601891239815,27.951608882293772,-1.1831647751360452,12.260893034790058,0.15331928672194794,159.93762928258218
cave_hsi,5,structured-missing-completion,block,0,0.5,ntdpl,"(20,20,4)","(128,128)",6.728770699934103,C:\Users\mrkys\workspace\NTD-PL\multirun\neurips-lowrank-core\run\cave_hsi_block_id05_seed0_mr0.5_ntdpl_r20_20_4,0.49395751953125,0.0,0.11019067466259003,31.304896704981353,-3.3592487624866014,19.157103524831097,0.5461960219995808,138.5040198458834,0.15466074645519257,33.05390801344395,-1.7446739151602895,16.212397687010856,0.20335012501200878,162.46376632486619
cave_hsi,5,structured-missing-completion,block,0,0.5,tucker,"(20,20,4)","(128,128)",3.753772300085984,C:\Users\mrkys\workspace\NTD-PL\multirun\neurips-lowrank-core\benchmark\cave_hsi_block_id05_seed0_mr0.5_tucker_r20_20_4,0.49395751953125,0.0,0.11941501639342311,38.32355493620836,-2.6609667704933493,18.458821148095446,0.49934297610807216,154.912029810283,0.16755641655095616,45.24625700953123,-1.049054679213452,15.51677872520269,0.11231139295326166,182.9123983616483
cave_hsi,6,structured-missing-completion,block,0,0.5,ntdpl,"(20,20,4)","(128,128)",6.522552200010978,C:\Users\mrkys\workspace\NTD-PL\multirun\neurips-lowrank-core\run\cave_hsi_block_id06_seed0_mr0.5_ntdpl_r20_20_4,0.49395751953125,0.0,0.15963037312030792,16.85618340546173,-4.088724242789051,15.937689593033193,0.5530814827523051,116.2479245842591,0.21949514746665955,25.08867180925677,-1.580167642141379,13.171501072038572,0.2484543840005736,154.8303716518433
cave_hsi,6,structured-missing-completion,block,0,0.5,tucker,"(20,20,4)","(128,128)",3.7654972000746056,C:\Users\mrkys\workspace\NTD-PL\multirun\neurips-lowrank-core\benchmark\cave_hsi_block_id06_seed0_mr0.5_tucker_r20_20_4,0.49395751953125,0.0,0.15057830523709548,19.096854140344504,-4.595786770774837,16.444751903280117,0.610634046079802,101.65807381497123,0.20616287479621775,29.35260238953581,-2.1244571073257728,13.715790769679593,0.36712575784094525,134.37596653972577
cave_hsi,7,structured-missing-completion,block,0,0.5,ntdpl,"(20,20,4)","(128,128)",5.803026500041597,C:\Users\mrkys\workspace\NTD-PL\multirun\neurips-lowrank-core\run\cave_hsi_block_id07_seed0_mr0.5_ntdpl_r20_20_4,0.49395751953125,0.0,0.05708646401762962,22.37873108900858,-6.088389635922633,24.869337140367882,0.8104677595003762,116.10213442069839,0.08007381856441498,25.300092595791824,-2.4650024402422237,21.930189077579463,0.3810572908801561,150.3908132919547
cave_hsi,7,structured-missing-completion,block,0,0.5,tucker,"(20,20,4)","(128,128)",3.729241900029592,C:\Users\mrkys\workspace\NTD-PL\multirun\neurips-lowrank-core\benchmark\cave_hsi_block_id07_seed0_mr0.5_tucker_r20_20_4,0.49395751953125,0.0,0.06536014606536616,24.412956508723624,-4.912791938669504,23.693739718462744,0.7622919573153745,133.46369973319142,0.09175515148168706,30.730643329870656,-1.2822039390646318,20.747390869089124,0.21931585613590318,173.37534843103393
cave_hsi,8,structured-missing-completion,block,0,0.5,ntdpl,"(20,20,4)","(128,128)",6.075956400018185,C:\Users\mrkys\workspace\NTD-PL\multirun\neurips-lowrank-core\run\cave_hsi_block_id08_seed0_mr0.5_ntdpl_r20_20_4,0.49395751953125,0.0,0.14326463639736176,19.522424891998334,-3.6656470862206323,16.877219662432065,0.5754538884992689,116.21445113476017,0.20048508048057556,23.49444934407588,-1.9256423991609848,13.958358782955532,0.23406780043238348,132.46733366513988
cave_hsi,8,structured-missing-completion,block,0,0.5,tucker,"(20,20,4)","(128,128)",3.8274641999742016,C:\Users\mrkys\workspace\NTD-PL\multirun\neurips-lowrank-core\benchmark\cave_hsi_block_id08_seed0_mr0.5_tucker_r20_20_4,0.49395751953125,0.0,0.16029488307923317,30.027079603377352,-2.690034216220903,15.901606818783884,0.5075548667350549,130.4391561406973,0.2241618424094917,40.48562181855509,-0.9560497662161647,12.988766250642511,0.17028019029713004,148.82195741552246
cave_hsi,9,structured-missing-completion,block,0,0.5,ntdpl,"(20,20,4)","(128,128)",6.238459299900569,C:\Users\mrkys\workspace\NTD-PL\multirun\neurips-lowrank-core\run\cave_hsi_block_id09_seed0_mr0.5_ntdpl_r20_20_4,0.49395751953125,0.0,0.10784912109375,29.342216318874446,-3.8796964006807046,19.3436678081671,0.6464363741645711,127.30191680731573,0.1510777622461319,35.42135141034005,-1.617427895218083,16.41598869111984,0.27175328476260774,171.73798223668004
cave_hsi,9,structured-missing-completion,block,0,0.5,tucker,"(20,20,4)","(128,128)",3.854531400022097,C:\Users\mrkys\workspace\NTD-PL\multirun\neurips-lowrank-core\benchmark\cave_hsi_block_id09_seed0_mr0.5_tucker_r20_20_4,0.49395751953125,0.0,0.11837644783306238,39.51796384866098,-3.070722509996222,18.534693924155338,0.599606343571061,134.74856226812676,0.16580925797036805,50.08149698125685,-0.8092634567826986,15.607824484979709,0.2162718659181149,181.16259665983236
cave_hsi,10,structured-missing-completion,block,0,0.5,ntdpl,"(20,20,4)","(128,128)",6.259494400001131,C:\Users\mrkys\workspace\NTD-PL\multirun\neurips-lowrank-core\run\cave_hsi_block_id10_seed0_mr0.5_ntdpl_r20_20_4,0.49395751953125,0.0,0.09131239354610443,16.140727321025953,-6.270726111654854,20.789405404178524,0.7645913425891094,77.5092383162008,0.12744395434856415,21.32095260200447,-4.019252887546181,17.89361532453036,0.508332756820555,97.25923144557179
cave_hsi,10,structured-missing-completion,block,0,0.5,tucker,"(20,20,4)","(128,128)",3.8432706999592483,C:\Users\mrkys\workspace\NTD-PL\multirun\neurips-lowrank-core\benchmark\cave_hsi_block_id10_seed0_mr0.5_tucker_r20_20_4,0.49395751953125,0.0,0.10287046726999585,20.140254054017188,-5.235506420718355,19.754185749177438,0.7160697182179445,87.80196537736657,0.14369997895410105,28.96534409009753,-2.976503336963977,16.850865909426613,0.43699970321026055,111.08985085639019
cave_hsi,11,structured-missing-completion,block,0,0.5,ntdpl,"(20,20,4)","(128,128)",6.479501699912362,C:\Users\mrkys\workspace\NTD-PL\multirun\neurips-lowrank-core\run\cave_hsi_block_id11_seed0_mr0.5_ntdpl_r20_20_4,0.49395751953125,0.0,0.12619324028491974,18.02182264018635,-5.523495805934852,17.97927804165344,0.6686906719839322,74.707713871708,0.175498828291893,26.540244282759918,-2.9942090567844906,15.114515458336848,0.3122278180979673,98.8528595394557
cave_hsi,11,structured-missing-completion,block,0,0.5,tucker,"(20,20,4)","(128,128)",3.804911299957894,C:\Users\mrkys\workspace\NTD-PL\multirun\neurips-lowrank-core\benchmark\cave_hsi_block_id11_seed0_mr0.5_tucker_r20_20_4,0.49395751953125,0.0,0.13460720869216894,22.409747451850784,-4.962850977439705,17.41863362967036,0.641274764512593,79.37779890654224,0.18702198489751592,33.85520399593834,-2.441840349718041,14.562146761412953,0.2975823879482828,104.91349863914033
cave_hsi,12,structured-missing-completion,block,0,0.5,ntdpl,"(20,20,4)","(128,128)",5.802520699915476,C:\Users\mrkys\workspace\NTD-PL\multirun\neurips-lowrank-core\run\cave_hsi_block_id12_seed0_mr0.5_ntdpl_r20_20_4,0.49395751953125,0.0,0.17255999147891998,15.05955127597148,-6.727131746804385,15.261197957156714,0.7471630046422255,59.83765387734527,0.24214422702789307,20.452613682219614,-4.091028703070065,12.318517430885041,0.351843329259849,78.2282153539995
cave_hsi,12,structured-missing-completion,block,0,0.5,tucker,"(20,20,4)","(128,128)",3.8206809998955578,C:\Users\mrkys\workspace\NTD-PL\multirun\neurips-lowrank-core\benchmark\cave_hsi_block_id12_seed0_mr0.5_tucker_r20_20_4,0.49395751953125,0.0,0.184794799781552,18.136029083991946,-6.132138741940897,14.666205084174626,0.7085295420800185,65.68315939358143,0.2591857184327951,25.19815236785021,-3.500289651383444,11.727778649910706,0.23356738942614416,85.95361615703813
cave_hsi,13,structured-missing-completion,block,0,0.5,ntdpl,"(20,20,4)","(128,128)",6.9419546000426635,C:\Users\mrkys\workspace\NTD-PL\multirun\neurips-lowrank-core\run\cave_hsi_block_id13_seed0_mr0.5_ntdpl_r20_20_4,0.49395751953125,0.0,0.1252974271774292,25.064320286390462,-5.058263563178991,18.041157332883284,0.7209928387398078,103.08802799688091,0.17543302476406097,28.186442867376435,-2.420034678805418,15.117773023955971,0.34134521543210306,136.20248196452772
cave_hsi,13,structured-missing-completion,block,0,0.5,tucker,"(20,20,4)","(128,128)",3.848951800027862,C:\Users\mrkys\workspace\NTD-PL\multirun\neurips-lowrank-core\benchmark\cave_hsi_block_id13_seed0_mr0.5_tucker_r20_20_4,0.49395751953125,0.0,0.13379686618491143,30.102274180631696,-4.4881874633331345,17.47108117150426,0.6925481433797999,109.84334159953993,0.18730203712624116,36.35191610113376,-1.8514117168700108,14.549149982887744,0.29089669286534897,145.57789370077688
cave_hsi,14,structured-missing-completion,block,0,0.5,ntdpl,"(20,20,4)","(128,128)",6.7422513999044895,C:\Users\mrkys\workspace\NTD-PL\multirun\neurips-lowrank-core\run\cave_hsi_block_id14_seed0_mr0.5_ntdpl_r20_20_4,0.49395751953125,0.0,0.08245368301868439,18.2492494782317,-3.1511517174882986,21.675799001192463,0.5780170305246486,137.64411554085348,0.11544347554445267,24.88493958746931,-1.524574955279287,18.752611866067486,0.2545696035878507,165.64595001049912
cave_hsi,14,structured-missing-completion,block,0,0.5,tucker,"(20,20,4)","(128,128)",3.8697035999502987,C:\Users\mrkys\workspace\NTD-PL\multirun\neurips-lowrank-core\benchmark\cave_hsi_block_id14_seed0_mr0.5_tucker_r20_20_4,0.49395751953125,0.0,0.08698573904390758,23.89033607751912,-2.686391654558177,21.211038846985243,0.554088931186904,145.55270299830278,0.12172910396534647,35.30515209105312,-1.0640742715584546,18.29211149531129,0.24322967172311621,175.1621899417508
cave_hsi,15,structured-missing-completion,block,0,0.5,ntdpl,"(20,20,4)","(128,128)",7.11491870007012,C:\Users\mrkys\workspace\NTD-PL\multirun\neurips-lowrank-core\run\cave_hsi_block_id15_seed0_mr0.5_ntdpl_r20_20_4,0.49395751953125,0.0,0.08774913847446442,21.802072289121902,-5.643904100166836,21.13514263373571,0.7540843219411109,92.60556263764313,0.12270202487707138,27.460385141447137,-2.890729931297047,18.22296553021475,0.3916075491796966,124.33150478650126
cave_hsi,15,structured-missing-completion,block,0,0.5,tucker,"(20,20,4)","(128,128)",3.914491400006227,C:\Users\mrkys\workspace\NTD-PL\multirun\neurips-lowrank-core\benchmark\cave_hsi_block_id15_seed0_mr0.5_tucker_r20_20_4,0.49395751953125,0.0,0.0964127128100195,26.980450929519392,-4.8260755703916915,20.31731394036175,0.7101948033060825,102.38014955588962,0.13482547683503904,35.295475546023006,-2.0723252451458305,17.40456070149913,0.3090086965432423,137.52853106356147
cave_hsi,1,structured-missing-completion,block,0,0.5,ntdpl,"(24,24,4)","(128,128)",3.6744447000091895,C:\Users\mrkys\workspace\NTD-PL\multirun\neurips-lowrank-core\run\cave_hsi_block_id01_seed0_mr0.5_ntdpl_r24_24_4,0.49395751953125,0.0,0.09599054604768753,13.363136372598671,-6.874890071544165,20.355431110224007,0.768171880218711,66.63249699236665,0.13441357016563416,18.744342039254878,-3.9863420359916493,17.431137186394025,0.3538434523696181,89.94277332677001
cave_hsi,1,structured-missing-completion,block,0,0.5,tucker,"(24,24,4)","(128,128)",4.343244299991056,C:\Users\mrkys\workspace\NTD-PL\multirun\neurips-lowrank-core\benchmark\cave_hsi_block_id01_seed0_mr0.5_tucker_r24_24_4,0.49395751953125,0.0,0.10517328692442922,14.811409218906443,-6.081350107797219,19.561891061917244,0.7251474961688383,73.10503108502137,0.1473635748859054,21.621526566323404,-3.18740152455887,16.632197029807944,0.24653330314408936,98.85412433415762
cave_hsi,2,structured-missing-completion,block,0,0.5,ntdpl,"(24,24,4)","(128,128)",3.735019800020382,C:\Users\mrkys\workspace\NTD-PL\multirun\neurips-lowrank-core\run\cave_hsi_block_id02_seed0_mr0.5_ntdpl_r24_24_4,0.49395751953125,0.0,0.1952420324087143,32.314378168910196,-0.7107024730013374,14.188533821655678,0.41576735816978583,158.31618189457419,0.2712385356426239,41.41973718756639,1.354418484523808,11.332971569635998,0.12529508625123015,199.60934965951424
cave_hsi,2,structured-missing-completion,block,0,0.5,tucker,"(24,24,4)","(128,128)",2.744582600076683,C:\Users\mrkys\workspace\NTD-PL\multirun\neurips-lowrank-core\benchmark\cave_hsi_block_id02_seed0_mr0.5_tucker_r24_24_4,0.49395751953125,0.0,0.21167105521581062,45.83023634150491,-0.00893916413564373,13.486770503238553,0.36257513472711356,171.95280339823933,0.29313340789084097,63.69788824695401,2.0286965168971975,10.658693659492071,0.10767086383991188,215.03648909355883
cave_hsi,3,structured-missing-completion,block,0,0.5,ntdpl,"(24,24,4)","(128,128)",3.7334322999231517,C:\Users\mrkys\workspace\NTD-PL\multirun\neurips-lowrank-core\run\cave_hsi_block_id03_seed0_mr0.5_ntdpl_r24_24_4,0.49395751953125,0.0,0.08366817235946655,14.386400491286384,-4.156919956971413,21.548793817469676,0.6418316173339748,124.40711638347341,0.11607678234577179,20.151160764283215,-1.8904922117929002,18.70509257702124,0.20601649841598577,158.29649798012582
cave_hsi,3,structured-missing-completion,block,0,0.5,tucker,"(24,24,4)","(128,128)",3.0679357999470085,C:\Users\mrkys\workspace\NTD-PL\multirun\neurips-lowrank-core\benchmark\cave_hsi_block_id03_seed0_mr0.5_tucker_r24_24_4,0.49395751953125,0.0,0.08760011366695396,17.60955725344799,-3.7580325502921026,21.149906606113532,0.6167174102566395,130.36805957406565,0.1213062950781365,26.699734737504897,-1.5077328061504158,18.322333224752704,0.16761527916087293,165.61260687028957
cave_hsi,4,structured-missing-completion,block,0,0.5,ntdpl,"(24,24,4)","(128,128)",6.411631800001487,C:\Users\mrkys\workspace\NTD-PL\multirun\neurips-lowrank-core\run\cave_hsi_block_id04_seed0_mr0.5_ntdpl_r24_24_4,0.49395751953125,0.0,0.1618139147758484,18.945467998029233,-5.221134799924191,15.819682727528527,0.7417623858803851,101.16807244851407,0.2270888090133667,23.85371542787263,-1.7983573707159437,12.876085614182362,0.2103235654179049,149.13043829642916
cave_hsi,4,structured-missing-completion,block,0,0.5,tucker,"(24,24,4)","(128,128)",3.0279743999708444,C:\Users\mrkys\workspace\NTD-PL\multirun\neurips-lowrank-core\benchmark\cave_hsi_block_id04_seed0_mr0.5_tucker_r24_24_4,0.49395751953125,0.0,0.17123552611872633,20.584839193081123,-4.729574396986788,15.328122550570473,0.7138401937197293,106.95789330216594,0.24034987057919463,26.683653402850595,-1.305393888128332,12.383122147782348,0.12976791427644205,157.74922685190174
cave_hsi,5,structured-missing-completion,block,0,0.5,ntdpl,"(24,24,4)","(128,128)",6.848783900029957,C:\Users\mrkys\workspace\NTD-PL\multirun\neurips-lowrank-core\run\cave_hsi_block_id05_seed0_mr0.5_ntdpl_r24_24_4,0.49395751953125,0.0,0.11135799437761307,31.456425811996496,-3.267717653130915,19.06557177490481,0.5351282176167992,139.925385076048,0.1563093066215515,33.40873295929904,-1.6525796410299323,16.120303580578067,0.18558313542549573,164.11332507331846
cave_hsi,5,structured-missing-completion,block,0,0.5,tucker,"(24,24,4)","(128,128)",4.450713800033554,C:\Users\mrkys\workspace\NTD-PL\multirun\neurips-lowrank-core\benchmark\cave_hsi_block_id05_seed0_mr0.5_tucker_r24_24_4,0.49395751953125,0.0,0.12053087335146699,37.79674676587791,-2.580179554085103,18.378033931687202,0.489179151546866,158.2210140956942,0.16913505801213327,44.503283252108304,-0.9676032197792144,15.43532726576845,0.08193776183275328,187.38464707452977
cave_hsi,6,structured-missing-completion,block,0,0.5,ntdpl,"(24,24,4)","(128,128)",5.933353800093755,C:\Users\mrkys\workspace\NTD-PL\multirun\neurips-lowrank-core\run\cave_hsi_block_id06_seed0_mr0.5_ntdpl_r24_24_4,0.49395751953125,0.0,0.1544378250837326,16.682103430919554,-4.375961478576796,16.22492685118129,0.5716055151746839,109.80757603463043,0.21326887607574463,25.353894787127338,-1.83011672307276,13.421450130192593,0.255104030596288,146.6662425904865
cave_hsi,6,structured-missing-completion,block,0,0.5,tucker,"(24,24,4)","(128,128)",4.430772299994715,C:\Users\mrkys\workspace\NTD-PL\multirun\neurips-lowrank-core\benchmark\cave_hsi_block_id06_seed0_mr0.5_tucker_r24_24_4,0.49395751953125,0.0,0.15187418546378353,19.854867957831146,-4.5213556329475795,16.37032076545286,0.6001483321505381,100.20126922076558,0.20926899397535156,31.38884985585754,-1.994568607272567,13.585902269626386,0.33291433926471475,133.15208065364362
cave_hsi,7,structured-missing-completion,block,0,0.5,ntdpl,"(24,24,4)","(128,128)",6.034184299991466,C:\Users\mrkys\workspace\NTD-PL\multirun\neurips-lowrank-core\run\cave_hsi_block_id07_seed0_mr0.5_ntdpl_r24_24_4,0.49395751953125,0.0,0.05632215365767479,21.936460495047587,-6.205467014346767,24.986414848372295,0.817204552620916,114.14213801953412,0.07902490347623825,25.843524448680654,-2.579533227537911,22.044720497483148,0.3907778526278854,147.64809388178753
cave_hsi,7,structured-missing-completion,block,0,0.5,tucker,"(24,24,4)","(128,128)",4.183323899982497,C:\Users\mrkys\workspace\NTD-PL\multirun\neurips-lowrank-core\benchmark\cave_hsi_block_id07_seed0_mr0.5_tucker_r24_24_4,0.49395751953125,0.0,0.06534631184904835,23.670740854113394,-4.914630600332159,23.6955783801254,0.762899312002095,133.2350930041542,0.09175592872290107,30.565042641976515,-1.2821303627835745,20.747317292808063,0.18782926937398764,172.9695488873156
cave_hsi,8,structured-missing-completion,block,0,0.5,ntdpl,"(24,24,4)","(128,128)",6.972710000001825,C:\Users\mrkys\workspace\NTD-PL\multirun\neurips-lowrank-core\run\cave_hsi_block_id08_seed0_mr0.5_ntdpl_r24_24_4,0.49395751953125,0.0,0.14245563745498657,19.702587050717263,-3.714834130267451,16.926406747695918,0.5701464116178447,115.6191465260662,0.19951458275318146,24.734682935101844,-1.9677907157568473,14.00050732008777,0.21298749503827136,131.88300291788184
cave_hsi,8,structured-missing-completion,block,0,0.5,tucker,"(24,24,4)","(128,128)",4.372511600027792,C:\Users\mrkys\workspace\NTD-PL\multirun\neurips-lowrank-core\benchmark\cave_hsi_block_id08_seed0_mr0.5_tucker_r24_24_4,0.49395751953125,0.0,0.15638068708849365,29.007608584381323,-2.9047650583568756,16.116337660919857,0.5140895670696399,127.28590773998198,0.2188649634094055,39.479487957809646,-1.163758637419521,13.19647512184587,0.1550222795347657,145.29267990241433
cave_hsi,9,structured-missing-completion,block,0,0.5,ntdpl,"(24,24,4)","(128,128)",7.060362700023688,C:\Users\mrkys\workspace\NTD-PL\multirun\neurips-lowrank-core\run\cave_hsi_block_id09_seed0_mr0.5_ntdpl_r24_24_4,0.49395751953125,0.0,0.10865078866481781,29.516461258068702,-3.8153712377541513,19.27934236736136,0.6346372279497569,128.619826475444,0.15230676531791687,36.43388442829741,-1.5470550034465518,16.345615614969432,0.2341636479927986,173.70138808573654
cave_hsi,9,structured-missing-completion,block,0,0.5,tucker,"(24,24,4)","(128,128)",4.29697969998233,C:\Users\mrkys\workspace\NTD-PL\multirun\neurips-lowrank-core\benchmark\cave_hsi_block_id09_seed0_mr0.5_tucker_r24_24_4,0.49395751953125,0.0,0.11774214378925892,38.89626577125496,-3.1173898066033328,18.581361220762446,0.5946612847005884,136.38468229104882,0.16504192120974087,49.64242450011698,-0.8495535617482175,15.648114589945228,0.18250818391056245,183.8505208398643
cave_hsi,10,structured-missing-completion,block,0,0.5,ntdpl,"(24,24,4)","(128,128)",7.456578399986029,C:\Users\mrkys\workspace\NTD-PL\multirun\neurips-lowrank-core\run\cave_hsi_block_id10_seed0_mr0.5_ntdpl_r24_24_4,0.49395751953125,0.0,0.09516929090023041,16.256370085138165,-5.911383870086075,20.430063157776033,0.7377199697526383,80.13345951667672,0.13303112983703613,22.20125138062083,-3.6465719950526494,17.52093460475572,0.4342244136603902,100.20567466144303
cave_hsi,10,structured-missing-completion,block,0,0.5,tucker,"(24,24,4)","(128,128)",4.330418300000019,C:\Users\mrkys\workspace\NTD-PL\multirun\neurips-lowrank-core\benchmark\cave_hsi_block_id10_seed0_mr0.5_tucker_r24_24_4,0.49395751953125,0.0,0.10770785970593126,20.49863174563384,-4.83637275184512,19.355052080304205,0.6759534641160239,91.42453727457907,0.15064324160986034,30.004029427720432,-2.566644378426302,16.44100695088894,0.31921489850567625,115.38549821936448
cave_hsi,11,structured-missing-completion,block,0,0.5,ntdpl,"(24,24,4)","(128,128)",7.211760499980301,C:\Users\mrkys\workspace\NTD-PL\multirun\neurips-lowrank-core\run\cave_hsi_block_id11_seed0_mr0.5_ntdpl_r24_24_4,0.49395751953125,0.0,0.12433641403913498,17.51604062579225,-5.6522503278578355,18.10803331238595,0.6695715916726475,72.89367075139998,0.17329111695289612,26.236536095214806,-3.1041675817215095,15.22447409960418,0.28704148257893897,96.75114765253878
cave_hsi,11,structured-missing-completion,block,0,0.5,tucker,"(24,24,4)","(128,128)",4.240121199982241,C:\Users\mrkys\workspace\NTD-PL\multirun\neurips-lowrank-core\benchmark\cave_hsi_block_id11_seed0_mr0.5_tucker_r24_24_4,0.49395751953125,0.0,0.12974582287159875,21.139159175811315,-5.282349652506532,17.738132304737192,0.6541990603171507,75.75184369783628,0.18057843213193722,32.099648890617075,-2.746376029269034,14.866682440963945,0.291316037728864,100.365461969125
cave_hsi,12,structured-missing-completion,block,0,0.5,ntdpl,"(24,24,4)","(128,128)",7.510148900095373,C:\Users\mrkys\workspace\NTD-PL\multirun\neurips-lowrank-core\run\cave_hsi_block_id12_seed0_mr0.5_ntdpl_r24_24_4,0.49395751953125,0.0,0.17510059475898743,15.281746064827658,-6.6001809556971125,15.134247351132244,0.7370118331853536,61.076173673002046,0.24575261771678925,20.986306469348733,-3.962547990270087,12.190036755424472,0.312463802505693,79.94209786911924
cave_hsi,12,structured-missing-completion,block,0,0.5,tucker,"(24,24,4)","(128,128)",4.345460299984552,C:\Users\mrkys\workspace\NTD-PL\multirun\neurips-lowrank-core\benchmark\cave_hsi_block_id12_seed0_mr0.5_tucker_r24_24_4,0.49395751953125,0.0,0.1882683842664316,18.538904771620825,-5.970385748292646,14.504452090526375,0.6933193272042582,67.28048427389831,0.26410355670759406,26.21879067494591,-3.3370260028487793,11.564515001376039,0.17147270033663306,88.06169945213298
cave_hsi,13,structured-missing-completion,block,0,0.5,ntdpl,"(24,24,4)","(128,128)",7.312489000032656,C:\Users\mrkys\workspace\NTD-PL\multirun\neurips-lowrank-core\run\cave_hsi_block_id13_seed0_mr0.5_ntdpl_r24_24_4,0.49395751953125,0.0,0.12727637588977814,24.96643707810038,-4.922150835198096,17.905045066400117,0.7086403849713662,104.49269498751367,0.17833064496517181,28.69345380395921,-2.277741900380033,14.975480626897742,0.2943964637430084,138.33272137701005
cave_hsi,13,structured-missing-completion,block,0,0.5,tucker,"(24,24,4)","(128,128)",4.243493499932811,C:\Users\mrkys\workspace\NTD-PL\multirun\neurips-lowrank-core\benchmark\cave_hsi_block_id13_seed0_mr0.5_tucker_r24_24_4,0.49395751953125,0.0,0.1381798731227691,28.94628557747737,-4.208210500281214,17.19110420845234,0.6648626971407199,113.40233377048104,0.19362614232445882,35.19028152935822,-1.5629818748673008,14.260720140885033,0.19619839501513103,150.30634372621466
cave_hsi,14,structured-missing-completion,block,0,0.5,ntdpl,"(24,24,4)","(128,128)",7.351927599986084,C:\Users\mrkys\workspace\NTD-PL\multirun\neurips-lowrank-core\run\cave_hsi_block_id14_seed0_mr0.5_ntdpl_r24_24_4,0.49395751953125,0.0,0.0831611379981041,17.810162799952288,-3.076944498640098,21.601591882681653,0.5621358780533039,139.72643022766317,0.1164928674697876,24.41323851971639,-1.4459761303855745,18.674013356610168,0.219275460905039,168.5069198243227
cave_hsi,14,structured-missing-completion,block,0,0.5,tucker,"(24,24,4)","(128,128)",4.317402200074866,C:\Users\mrkys\workspace\NTD-PL\multirun\neurips-lowrank-core\benchmark\cave_hsi_block_id14_seed0_mr0.5_tucker_r24_24_4,0.49395751953125,0.0,0.08849477234156489,23.027838919902628,-2.537000480682728,21.061647673109796,0.5242050162466463,149.21848696470875,0.12393784753005395,34.310187754725,-0.9078837894071624,18.135921013159997,0.178439999142783,179.99139660637852
cave_hsi,15,structured-missing-completion,block,0,0.5,ntdpl,"(24,24,4)","(128,128)",7.157367900013924,C:\Users\mrkys\workspace\NTD-PL\multirun\neurips-lowrank-core\run\cave_hsi_block_id15_seed0_mr0.5_ntdpl_r24_24_4,0.49395751953125,0.0,0.08869561553001404,20.420239331103282,-5.550718410091745,21.041956849619865,0.7426416720688462,93.21766700553769,0.12412577867507935,26.269941858516297,-2.7905247702841853,18.122760365315806,0.34708544056834234,125.23225434058955
cave_hsi,15,structured-missing-completion,block,0,0.5,tucker,"(24,24,4)","(128,128)",4.321618299931288,C:\Users\mrkys\workspace\NTD-PL\multirun\neurips-lowrank-core\benchmark\cave_hsi_block_id15_seed0_mr0.5_tucker_r24_24_4,0.49395751953125,0.0,0.09684673093953712,26.13559274166589,-4.787062316099544,20.2783006860696,0.6991916622995438,101.81647673639364,0.13552235159115777,34.145537149572725,-2.0275459645807166,17.359781420934016,0.24731747270701587,136.7938494284331
cave_hsi,1,random-missing-completion,random,0,0.5,ntdpl,"(12,12,3)","(128,128)",4.565633099991828,C:\Users\mrkys\workspace\NTD-PL\multirun\neurips-lowrank-core\run\cave_hsi_random_id01_seed0_mr0.5_ntdpl_r12_12_3,0.5002205141129032,0.0,0.023902056738734245,11.79201825046994,-18.950753804017786,32.43129446179316,0.9881811914486734,16.762724471425766,0.024217162281274796,11.114503947570695,-18.830938949009273,32.31753463981339,0.9878640214350227,17.002448032798114
cave_hsi,1,random-missing-completion,random,0,0.5,tucker,"(12,12,3)","(128,128)",0.9865441999863833,C:\Users\mrkys\workspace\NTD-PL\multirun\neurips-lowrank-core\benchmark\cave_hsi_random_id01_seed0_mr0.5_tucker_r12_12_3,0.5002205141129032,0.0,0.02562251504307043,12.616480451738788,-18.34702391029191,31.827564864411933,0.9864141596821527,17.97685963316256,0.025911516770136412,12.02661562363047,-18.243547260666958,31.730143283610058,0.9861047439575902,18.20807677035044
cave_hsi,2,random-missing-completion,random,0,0.5,ntdpl,"(12,12,3)","(128,128)",5.31863340002019,C:\Users\mrkys\workspace\NTD-PL\multirun\neurips-lowrank-core\run\cave_hsi_random_id02_seed0_mr0.5_ntdpl_r12_12_3,0.5002205141129032,0.0,0.10506895184516907,28.161252931767052,-6.092680701345875,19.570512316614057,0.7665379026250455,95.74603161192715,0.10647828131914139,26.872076786789336,-5.954987358780942,19.454779490129148,0.7589912985729915,96.8454161120843
cave_hsi,2,random-missing-completion,random,0,0.5,tucker,"(12,12,3)","(128,128)",1.0086580000352114,C:\Users\mrkys\workspace\NTD-PL\multirun\neurips-lowrank-core\benchmark\cave_hsi_random_id02_seed0_mr0.5_tucker_r12_12_3,0.5002205141129032,0.0,0.11157372868626027,30.60990746953408,-5.5709297204306445,19.048761059533554,0.7291810183675808,98.72102109237154,0.11269813719723863,29.6069986595598,-5.461873008339429,18.96166524813664,0.7224982229398705,99.69218780309802
cave_hsi,3,random-missing-completion,random,0,0.5,ntdpl,"(12,12,3)","(128,128)",4.706594099989161,C:\Users\mrkys\workspace\NTD-PL\multirun\neurips-lowrank-core\run\cave_hsi_random_id03_seed0_mr0.5_ntdpl_r12_12_3,0.5002205141129032,0.0,0.04267093911767006,32.70451312559425,-10.005482159127455,27.397356045454906,0.9271687925685985,54.803195630548714,0.043329887092113495,30.437220246382545,-9.892378477919602,27.264248409818954,0.9251926063314827,55.814835394111604
cave_hsi,3,random-missing-completion,random,0,0.5,tucker,"(12,12,3)","(128,128)",1.0166609000880271,C:\Users\mrkys\workspace\NTD-PL\multirun\neurips-lowrank-core\benchmark\cave_hsi_random_id03_seed0_mr0.5_tucker_r12_12_3,0.5002205141129032,0.0,0.045634407727847624,31.089970181160417,-9.422277577082893,26.81415163290432,0.9154713365645337,61.26667101259715,0.04625686171430688,28.936636402163032,-9.324606552101939,26.696476703418792,0.913476334827491,62.196271018683966
cave_hsi,4,random-missing-completion,random,0,0.5,ntdpl,"(12,12,3)","(128,128)",4.585661999997683,C:\Users\mrkys\workspace\NTD-PL\multirun\neurips-lowrank-core\run\cave_hsi_random_id04_seed0_mr0.5_ntdpl_r12_12_3,0.5002205141129032,0.0,0.04152791202068329,17.533333376101133,-17.0346495597349,27.633197813071305,0.9860240640005244,26.459481290514564,0.04214847832918167,16.707235863877777,-16.88673021091564,27.504361619092247,0.9855543184363681,26.922806527628985
cave_hsi,4,random-missing-completion,random,0,0.5,tucker,"(12,12,3)","(128,128)",0.97091689996887,C:\Users\mrkys\workspace\NTD-PL\multirun\neurips-lowrank-core\benchmark\cave_hsi_random_id04_seed0_mr0.5_tucker_r12_12_3,0.5002205141129032,0.0,0.04498325252522618,22.16863384407711,-16.340434766314118,26.938982919897807,0.983589895844459,28.379160634408017,0.04547923675775537,21.5285517764637,-16.226105133010577,26.84373664691411,0.9831682228969365,28.762472308249613
cave_hsi,5,random-missing-completion,random,0,0.5,ntdpl,"(12,12,3)","(128,128)",4.320297300000675,C:\Users\mrkys\workspace\NTD-PL\multirun\neurips-lowrank-core\run\cave_hsi_random_id05_seed0_mr0.5_ntdpl_r12_12_3,0.5002205141129032,0.0,0.014245408587157726,27.684321425910667,-21.12864733892342,36.92650206350096,0.9953073322706273,28.259249037240643,0.014518346637487411,24.714532974395112,-20.951155400620834,36.76165706373648,0.9951117655879809,28.4230604053564
cave_hsi,5,random-missing-completion,random,0,0.5,tucker,"(12,12,3)","(128,128)",0.9843759998911992,C:\Users\mrkys\workspace\NTD-PL\multirun\neurips-lowrank-core\benchmark\cave_hsi_random_id05_seed0_mr0.5_tucker_r12_12_3,0.5002205141129032,0.0,0.016366002443508776,31.060582132130392,-19.92329338875863,35.72114776636073,0.9937943948735212,31.408173044660288,0.016633078150268148,27.898785673810508,-19.770045865911246,35.580547438976204,0.9935761739855413,31.566816443068372
cave_hsi,6,random-missing-completion,random,0,0.5,ntdpl,"(12,12,3)","(128,128)",4.414092499995604,C:\Users\mrkys\workspace\NTD-PL\multirun\neurips-lowrank-core\run\cave_hsi_random_id06_seed0_mr0.5_ntdpl_r12_12_3,0.5002205141129032,0.0,0.07689099758863449,11.046989913593633,-10.433525071487264,22.282490333945336,0.8768890545663236,50.65402514736331,0.07768970727920532,10.9442258920989,-10.337069950218927,22.19273021997202,0.874138119418793,51.11394167687814
cave_hsi,6,random-missing-completion,random,0,0.5,tucker,"(12,12,3)","(128,128)",0.9929137999424711,C:\Users\mrkys\workspace\NTD-PL\multirun\neurips-lowrank-core\benchmark\cave_hsi_random_id06_seed0_mr0.5_tucker_r12_12_3,0.5002205141129032,0.0,0.07833906684086359,11.351478533502867,-10.271466987204011,22.120432119709292,0.8716473815438303,52.527813100574875,0.07905865111701962,11.285516434914005,-10.185351647528611,22.04101199551808,0.8690744912356749,52.91365170807724
cave_hsi,7,random-missing-completion,random,0,0.5,ntdpl,"(12,12,3)","(128,128)",4.267685299972072,C:\Users\mrkys\workspace\NTD-PL\multirun\neurips-lowrank-core\run\cave_hsi_random_id07_seed0_mr0.5_ntdpl_r12_12_3,0.5002205141129032,0.0,0.014965064823627472,25.839935489058114,-17.717480113967415,36.49842826667915,0.990048578254624,30.452175358695495,0.015336633659899235,24.130055444832898,-17.469562250367687,36.28539912358561,0.9894698242837475,31.296340628594493
cave_hsi,7,random-missing-completion,random,0,0.5,tucker,"(12,12,3)","(128,128)",0.9896906999638304,C:\Users\mrkys\workspace\NTD-PL\multirun\neurips-lowrank-core\benchmark\cave_hsi_random_id07_seed0_mr0.5_tucker_r12_12_3,0.5002205141129032,0.0,0.016147181565944458,28.549301814803286,-17.05711764621643,35.83806542600967,0.9883558106203022,32.71364638400081,0.016511684797352072,26.426635584998575,-16.828335685435846,35.644172210259775,0.987730754800873,33.54555669692906
cave_hsi,8,random-missing-completion,random,0,0.5,ntdpl,"(12,12,3)","(128,128)",4.385202200035565,C:\Users\mrkys\workspace\NTD-PL\multirun\neurips-lowrank-core\run\cave_hsi_random_id08_seed0_mr0.5_ntdpl_r12_12_3,0.5002205141129032,0.0,0.04450025036931038,20.62453435689246,-13.821178712267946,27.032751646291175,0.9689938055803927,35.85665386160171,0.045229487121105194,19.339408208875966,-13.673065423040176,26.891566767590366,0.9679035920261579,36.544491828095346
cave_hsi,8,random-missing-completion,random,0,0.5,tucker,"(12,12,3)","(128,128)",0.9473769000032917,C:\Users\mrkys\workspace\NTD-PL\multirun\neurips-lowrank-core\benchmark\cave_hsi_random_id08_seed0_mr0.5_tucker_r12_12_3,0.5002205141129032,0.0,0.05091405574757553,26.738659257592182,-12.651673522439534,25.86324612500252,0.9592316484773717,41.45344452503896,0.05162587032968171,25.46805200236362,-12.52415061864756,25.742652275256276,0.9580051666730371,42.17402183554238
cave_hsi,9,random-missing-completion,random,0,0.5,ntdpl,"(12,12,3)","(128,128)",4.326260200003162,C:\Users\mrkys\workspace\NTD-PL\multirun\neurips-lowrank-core\run\cave_hsi_random_id09_seed0_mr0.5_ntdpl_r12_12_3,0.5002205141129032,0.0,0.03182022273540497,25.818992421867136,-14.481963605571806,29.945935214725324,0.976610979692922,40.02246612743335,0.03249967098236084,23.524120590372682,-14.313912818150783,29.762421376330952,0.9756949384229058,40.425899863741584
cave_hsi,9,random-missing-completion,random,0,0.5,tucker,"(12,12,3)","(128,128)",1.050740099977702,C:\Users\mrkys\workspace\NTD-PL\multirun\neurips-lowrank-core\benchmark\cave_hsi_random_id09_seed0_mr0.5_tucker_r12_12_3,0.5002205141129032,0.0,0.035073339748223714,33.425751175350186,-13.63648614236778,29.10045755652689,0.9715146899524639,44.19133573758868,0.035723460223499204,31.637193312228735,-13.49242160311798,28.9409296277023,0.9705726593814008,44.56381105547178
cave_hsi,10,random-missing-completion,random,0,0.5,ntdpl,"(12,12,3)","(128,128)",4.480277800001204,C:\Users\mrkys\workspace\NTD-PL\multirun\neurips-lowrank-core\run\cave_hsi_random_id10_seed0_mr0.5_ntdpl_r12_12_3,0.5002205141129032,0.0,0.030082860961556435,19.05329596405607,-15.914937786280463,30.43361703600157,0.9792011988859142,25.614858049969047,0.030553210526704788,17.77971896991635,-15.786128264962771,30.298862985007958,0.9786025274991007,26.021730100009812
cave_hsi,10,random-missing-completion,random,0,0.5,tucker,"(12,12,3)","(128,128)",0.989347800030373,C:\Users\mrkys\workspace\NTD-PL\multirun\neurips-lowrank-core\benchmark\cave_hsi_random_id10_seed0_mr0.5_tucker_r12_12_3,0.5002205141129032,0.0,0.03334989894719903,19.113089613819746,-15.01943022537432,29.5381095538334,0.9743697718535878,28.882731933296807,0.03377793934386862,17.770227972331785,-14.914602263945564,29.427336970305824,0.9737658503207629,29.260978169923074
cave_hsi,11,random-missing-completion,random,0,0.5,ntdpl,"(12,12,3)","(128,128)",4.35125499998685,C:\Users\mrkys\workspace\NTD-PL\multirun\neurips-lowrank-core\run\cave_hsi_random_id11_seed0_mr0.5_ntdpl_r12_12_3,0.5002205141129032,0.0,0.06082836538553238,17.782438592464278,-11.862094638248482,24.317877160508893,0.9298119427925928,38.70244235584997,0.061314333230257034,16.998389176678245,-11.789877091942644,24.248759681843435,0.9285417022933874,38.96098373989136
cave_hsi,11,random-missing-completion,random,0,0.5,tucker,"(12,12,3)","(128,128)",0.9721568999812007,C:\Users\mrkys\workspace\NTD-PL\multirun\neurips-lowrank-core\benchmark\cave_hsi_random_id11_seed0_mr0.5_tucker_r12_12_3,0.5002205141129032,0.0,0.06775654885808524,19.293551108520514,-10.925191800979784,23.380974453210438,0.9115753646383049,43.473727876415765,0.06822527840113982,18.696945841065183,-10.862211125578687,23.321093669311676,0.9102102466356103,43.71475610928
cave_hsi,12,random-missing-completion,random,0,0.5,ntdpl,"(12,12,3)","(128,128)",4.465194899938069,C:\Users\mrkys\workspace\NTD-PL\multirun\neurips-lowrank-core\run\cave_hsi_random_id12_seed0_mr0.5_ntdpl_r12_12_3,0.5002205141129032,0.0,0.022883528843522072,8.995851247364786,-24.2754736200255,32.809540448739924,0.996468390727671,11.30349595402113,0.023051535710692406,8.482433062114756,-24.20913012377726,32.74600268334368,0.996415978459824,11.391229752509801
cave_hsi,12,random-missing-completion,random,0,0.5,tucker,"(12,12,3)","(128,128)",1.012278200010769,C:\Users\mrkys\workspace\NTD-PL\multirun\neurips-lowrank-core\benchmark\cave_hsi_random_id12_seed0_mr0.5_tucker_r12_12_3,0.5002205141129032,0.0,0.029914449634981983,10.734682432258076,-21.94831331543451,30.482379657668236,0.9939536782320247,14.336499006740555,0.030088125789388884,10.11657898515291,-21.8952248719016,30.432097278549573,0.9938829689966031,14.429895478012558
cave_hsi,13,random-missing-completion,random,0,0.5,ntdpl,"(12,12,3)","(128,128)",5.33735470008105,C:\Users\mrkys\workspace\NTD-PL\multirun\neurips-lowrank-core\run\cave_hsi_random_id13_seed0_mr0.5_ntdpl_r12_12_3,0.5002205141129032,0.0,0.03764013573527336,24.08807819671613,-15.504082257835865,28.486976073651725,0.9799696298430802,31.09899920979995,0.03826754167675972,22.487164419661134,-15.379151580089868,28.34338859080496,0.9793850916465118,31.56205040251157
cave_hsi,13,random-missing-completion,random,0,0.5,tucker,"(12,12,3)","(128,128)",1.0272432999918237,C:\Users\mrkys\workspace\NTD-PL\multirun\neurips-lowrank-core\benchmark\cave_hsi_random_id13_seed0_mr0.5_tucker_r12_12_3,0.5002205141129032,0.0,0.04151440407691895,29.944144506403823,-14.653130128307101,27.63602383647823,0.97558498199538,34.27646593781283,0.042146822631558604,28.62282654287343,-14.540466545934468,27.50470320872987,0.9749388566740356,34.72471200144804
cave_hsi,14,random-missing-completion,random,0,0.5,ntdpl,"(12,12,3)","(128,128)",7.271275399951264,C:\Users\mrkys\workspace\NTD-PL\multirun\neurips-lowrank-core\run\cave_hsi_random_id14_seed0_mr0.5_ntdpl_r12_12_3,0.5002205141129032,0.0,0.023755647242069244,28.429194113693285,-13.960015282263969,32.484662473261004,0.9751763518410778,48.52694445134689,0.02422054298222065,26.146884176337345,-13.807922265330198,32.31632300264319,0.9742646910095049,49.048944280888634
cave_hsi,14,random-missing-completion,random,0,0.5,tucker,"(12,12,3)","(128,128)",1.0720835999818519,C:\Users\mrkys\workspace\NTD-PL\multirun\neurips-lowrank-core\benchmark\cave_hsi_random_id14_seed0_mr0.5_tucker_r12_12_3,0.5002205141129032,0.0,0.027067504728889014,27.804030308458515,-12.826388381060859,31.351035573487927,0.9674731901259885,56.70016060407034,0.027460638751030338,25.846178095703035,-12.717386681798192,31.225787300600388,0.9665961064963339,57.27223731744295
cave_hsi,15,random-missing-completion,random,0,0.5,ntdpl,"(12,12,3)","(128,128)",7.895499199978076,C:\Users\mrkys\workspace\NTD-PL\multirun\neurips-lowrank-core\run\cave_hsi_random_id15_seed0_mr0.5_ntdpl_r12_12_3,0.5002205141129032,0.0,0.027162976562976837,25.82511089126602,-15.829214251520916,31.320452638762376,0.98081172673611,28.531812510958186,0.02751280926167965,23.196421500084796,-15.696016389913993,31.209300605643303,0.9802297505121066,28.96212101047465
cave_hsi,15,random-missing-completion,random,0,0.5,tucker,"(12,12,3)","(128,128)",0.9841537000611424,C:\Users\mrkys\workspace\NTD-PL\multirun\neurips-lowrank-core\benchmark\cave_hsi_random_id15_seed0_mr0.5_tucker_r12_12_3,0.5002205141129032,0.0,0.029902581299939883,27.355672543187353,-14.99458803348629,30.485826403456343,0.9766816837658093,31.93086544741872,0.030244464891560335,24.757641564804693,-14.873797147462879,30.387081899243313,0.9760449459780205,32.34577142252422
cave_hsi,1,random-missing-completion,random,0,0.5,ntdpl,"(16,16,3)","(128,128)",7.35275790002197,C:\Users\mrkys\workspace\NTD-PL\multirun\neurips-lowrank-core\run\cave_hsi_random_id01_seed0_mr0.5_ntdpl_r16_16_3,0.5002205141129032,0.0,0.02068217471241951,11.439117273504683,-20.20753470308832,33.68807586228057,0.9911763835128726,14.528224157643251,0.021038930863142014,10.827128841238906,-20.052930936839353,33.53952693680484,0.9908684070056548,14.788952088252211
cave_hsi,1,random-missing-completion,random,0,0.5,tucker,"(16,16,3)","(128,128)",1.0535142999142408,C:\Users\mrkys\workspace\NTD-PL\multirun\neurips-lowrank-core\benchmark\cave_hsi_random_id01_seed0_mr0.5_tucker_r16_16_3,0.5002205141129032,0.0,0.02199619461618186,12.191019743776584,-19.67250797501942,33.153048929139445,0.9900230117584554,15.459807845098839,0.02234830481099897,11.59278877419787,-19.52851225467783,33.01510827762093,0.9897009315684477,15.720430159040061
cave_hsi,2,random-missing-completion,random,0,0.5,ntdpl,"(16,16,3)","(128,128)",7.603491799905896,C:\Users\mrkys\workspace\NTD-PL\multirun\neurips-lowrank-core\run\cave_hsi_random_id02_seed0_mr0.5_ntdpl_r16_16_3,0.5002205141129032,0.0,0.09400294721126556,27.00453997887431,-7.05933916303353,20.537170953899114,0.8214463141559905,87.61409011113595,0.095672108232975,25.756586149707665,-6.884501215501265,20.3842934415048,0.8140693103929149,88.78439983538954
cave_hsi,2,random-missing-completion,random,0,0.5,tucker,"(16,16,3)","(128,128)",0.9909768999787048,C:\Users\mrkys\workspace\NTD-PL\multirun\neurips-lowrank-core\benchmark\cave_hsi_random_id02_seed0_mr0.5_tucker_r16_16_3,0.5002205141129032,0.0,0.10250570309590439,30.87675625756701,-6.307208083953643,19.785039423056553,0.7808705187089359,92.33157149450804,0.10388294982735712,30.000747892046498,-6.169322295783167,19.669114535580377,0.7739812454564475,93.40547471405264
cave_hsi,3,random-missing-completion,random,0,0.5,ntdpl,"(16,16,3)","(128,128)",7.561193299945444,C:\Users\mrkys\workspace\NTD-PL\multirun\neurips-lowrank-core\run\cave_hsi_random_id03_seed0_mr0.5_ntdpl_r16_16_3,0.5002205141129032,0.0,0.04065689817070961,32.2030743146503,-10.425440712516194,27.81731472682692,0.934363369068649,51.099628233531156,0.04151032865047455,29.88029936992576,-10.265005881151446,27.636876098191525,0.9318648019656477,52.3776000586536
cave_hsi,3,random-missing-completion,random,0,0.5,tucker,"(16,16,3)","(128,128)",1.0682616999838501,C:\Users\mrkys\workspace\NTD-PL\multirun\neurips-lowrank-core\benchmark\cave_hsi_random_id03_seed0_mr0.5_tucker_r16_16_3,0.5002205141129032,0.0,0.04375726394808447,31.19292121397078,-9.787122771545775,27.178996827367207,0.9229078240418906,57.663427178572434,0.04460241466446106,28.947730196904274,-9.640962429120028,27.012832580436882,0.92020990575501,58.86093281098267
cave_hsi,4,random-missing-completion,random,0,0.5,ntdpl,"(16,16,3)","(128,128)",7.97091899998486,C:\Users\mrkys\workspace\NTD-PL\multirun\neurips-lowrank-core\run\cave_hsi_random_id04_seed0_mr0.5_ntdpl_r16_16_3,0.5002205141129032,0.0,0.03577830642461777,17.430530563057424,-18.329056150959506,28.92760434870876,0.9896608833279181,22.86681487621061,0.03647059574723244,16.582270524885896,-18.143511388426646,28.761143284288124,0.9892180526840612,23.376135605870157
cave_hsi,4,random-missing-completion,random,0,0.5,tucker,"(16,16,3)","(128,128)",1.039424299960956,C:\Users\mrkys\workspace\NTD-PL\multirun\neurips-lowrank-core\benchmark\cave_hsi_random_id04_seed0_mr0.5_tucker_r16_16_3,0.5002205141129032,0.0,0.03904438609917074,21.465005256946498,-17.57027987161001,28.168828025193697,0.9876783834304141,24.613565973521588,0.0396837674613408,20.863515534285575,-17.410110564235303,28.027742078138836,0.9872261768108058,25.078787473174298
cave_hsi,5,random-missing-completion,random,0,0.5,ntdpl,"(16,16,3)","(128,128)",8.023082899977453,C:\Users\mrkys\workspace\NTD-PL\multirun\neurips-lowrank-core\run\cave_hsi_random_id05_seed0_mr0.5_ntdpl_r16_16_3,0.5002205141129032,0.0,0.013548951596021652,27.535618945500286,-21.56403150782449,37.36188612152962,0.9957568947435694,26.97472594817502,0.013802284374833107,24.542052418438747,-21.39047899597363,37.20098037973646,0.9955843956255902,27.228284003003644
cave_hsi,5,random-missing-completion,random,0,0.5,tucker,"(16,16,3)","(128,128)",1.0304525000974536,C:\Users\mrkys\workspace\NTD-PL\multirun\neurips-lowrank-core\benchmark\cave_hsi_random_id05_seed0_mr0.5_tucker_r16_16_3,0.5002205141129032,0.0,0.015512326316333357,29.81457816971119,-20.38860698322791,36.18646136083,0.9944347776684638,29.64887636995947,0.015771844409050773,26.606927566677463,-20.231848745728456,36.04235031879342,0.9942326191981881,29.918529558990727
cave_hsi,6,random-missing-completion,random,0,0.5,ntdpl,"(16,16,3)","(128,128)",7.926277999999002,C:\Users\mrkys\workspace\NTD-PL\multirun\neurips-lowrank-core\run\cave_hsi_random_id06_seed0_mr0.5_ntdpl_r16_16_3,0.5002205141129032,0.0,0.0715346708893776,10.474396135451503,-11.060703712212076,22.909668464240433,0.8951653403686438,46.59236654564277,0.07252728939056396,10.387143902102768,-10.93431127171819,22.789971247013128,0.8920381139390261,47.186851976676834
cave_hsi,6,random-missing-completion,random,0,0.5,tucker,"(16,16,3)","(128,128)",1.0224819999421015,C:\Users\mrkys\workspace\NTD-PL\multirun\neurips-lowrank-core\benchmark\cave_hsi_random_id06_seed0_mr0.5_tucker_r16_16_3,0.5002205141129032,0.0,0.07351484430676998,10.789423426042124,-10.823534031498772,22.67249916400405,0.888638856727744,48.99145399134852,0.0743796374611125,10.741387081989659,-10.715258507938126,22.570918855927594,0.8857682462160648,49.502966777603085
cave_hsi,7,random-missing-completion,random,0,0.5,ntdpl,"(16,16,3)","(128,128)",6.417594099999405,C:\Users\mrkys\workspace\NTD-PL\multirun\neurips-lowrank-core\run\cave_hsi_random_id07_seed0_mr0.5_ntdpl_r16_16_3,0.5002205141129032,0.0,0.012686045840382576,25.557209915859772,-19.15252686037247,37.933474498554574,0.9928689797018116,26.08631294304495,0.01306919939815998,23.841821885184235,-18.859183637202385,37.67502028727553,0.9923760524117416,26.942795425621473
cave_hsi,7,random-missing-completion,random,0,0.5,tucker,"(16,16,3)","(128,128)",1.0253891999600455,C:\Users\mrkys\workspace\NTD-PL\multirun\neurips-lowrank-core\benchmark\cave_hsi_random_id07_seed0_mr0.5_tucker_r16_16_3,0.5002205141129032,0.0,0.013735915134414,28.376002503127136,-18.461900241636396,37.24284802142964,0.9916079042336015,28.018653431348326,0.014133456663238259,26.300275169552528,-18.179195643473914,36.99503216829783,0.9910509770652502,28.9266205192863
cave_hsi,8,random-missing-completion,random,0,0.5,ntdpl,"(16,16,3)","(128,128)",7.209144200081937,C:\Users\mrkys\workspace\NTD-PL\multirun\neurips-lowrank-core\run\cave_hsi_random_id08_seed0_mr0.5_ntdpl_r16_16_3,0.5002205141129032,0.0,0.03866332024335861,20.024184353094693,-15.04244448180113,28.254017382883617,0.9767711025299208,31.108019445350717,0.03944970294833183,18.769705354568444,-14.86062342231769,28.07912503559033,0.9757675727892785,31.81262819412612
cave_hsi,8,random-missing-completion,random,0,0.5,tucker,"(16,16,3)","(128,128)",1.0467255000257865,C:\Users\mrkys\workspace\NTD-PL\multirun\neurips-lowrank-core\benchmark\cave_hsi_random_id08_seed0_mr0.5_tucker_r16_16_3,0.5002205141129032,0.0,0.04516285629848278,26.31192486906028,-13.692799380986756,26.904371983549737,0.9681893051391275,36.906790624448796,0.045937674944123603,25.106343966281354,-13.538118136350626,26.756619792959345,0.9670253405734612,37.653908651497034
cave_hsi,9,random-missing-completion,random,0,0.5,ntdpl,"(16,16,3)","(128,128)",7.143406399991363,C:\Users\mrkys\workspace\NTD-PL\multirun\neurips-lowrank-core\run\cave_hsi_random_id09_seed0_mr0.5_ntdpl_r16_16_3,0.5002205141129032,0.0,0.02756437472999096,25.201292432040155,-15.729065538705878,31.193036675761515,0.9825433032200909,35.45945347933616,0.028338195756077766,22.951579956241208,-15.504047783001749,30.952555462414217,0.9816119253173751,35.95763550749517
cave_hsi,9,random-missing-completion,random,0,0.5,tucker,"(16,16,3)","(128,128)",1.0295154000632465,C:\Users\mrkys\workspace\NTD-PL\multirun\neurips-lowrank-core\benchmark\cave_hsi_random_id09_seed0_mr0.5_tucker_r16_16_3,0.5002205141129032,0.0,0.03085604457705336,32.66581997457753,-14.749223520357148,30.213194934516263,0.9780681067778871,39.808862153468105,0.03160631643305513,30.849497400281024,-14.556014299064504,30.00452232364882,0.977072214030107,40.26296317010455
cave_hsi,10,random-missing-completion,random,0,0.5,ntdpl,"(16,16,3)","(128,128)",7.309166899998672,C:\Users\mrkys\workspace\NTD-PL\multirun\neurips-lowrank-core\run\cave_hsi_random_id10_seed0_mr0.5_ntdpl_r16_16_3,0.5002205141129032,0.0,0.02628222294151783,18.17099213399732,-17.08807904174487,31.606758252485392,0.9841982641872793,22.305578431560875,0.02678549475967884,16.910453970295183,-16.92927226674279,31.44200686837104,0.9836289075238555,22.72763578198441
cave_hsi,10,random-missing-completion,random,0,0.5,tucker,"(16,16,3)","(128,128)",1.0008599000284448,C:\Users\mrkys\workspace\NTD-PL\multirun\neurips-lowrank-core\benchmark\cave_hsi_random_id10_seed0_mr0.5_tucker_r16_16_3,0.5002205141129032,0.0,0.028938886214995626,18.21398089989094,-16.251684427511304,30.77036375597039,0.9808215356968726,25.035737706998066,0.02938765621582679,16.91338776961276,-16.12396627931416,30.636700985674416,0.9802702028912362,25.4225038098024
cave_hsi,11,random-missing-completion,random,0,0.5,ntdpl,"(16,16,3)","(128,128)",7.881668500020169,C:\Users\mrkys\workspace\NTD-PL\multirun\neurips-lowrank-core\run\cave_hsi_random_id11_seed0_mr0.5_ntdpl_r16_16_3,0.5002205141129032,0.0,0.050109002739191055,15.60166319073045,-13.545902548963532,26.00168485754796,0.9534359367401526,31.786328589851102,0.05069216340780258,14.86396754251139,-13.442300737024029,25.901183603410395,0.9522649389633489,32.11119274985367
cave_hsi,11,random-missing-completion,random,0,0.5,tucker,"(16,16,3)","(128,128)",1.0026953000342473,C:\Users\mrkys\workspace\NTD-PL\multirun\neurips-lowrank-core\benchmark\cave_hsi_random_id11_seed0_mr0.5_tucker_r16_16_3,0.5002205141129032,0.0,0.05487346381912705,16.935623658633425,-12.756969840566143,25.212752492796803,0.9436458488635748,35.24394506123212,0.05545934061842393,16.343349561404885,-12.661623421348045,25.120505965081037,0.9423514042250611,35.564373697119244
cave_hsi,12,random-missing-completion,random,0,0.5,ntdpl,"(16,16,3)","(128,128)",7.925782199949026,C:\Users\mrkys\workspace\NTD-PL\multirun\neurips-lowrank-core\run\cave_hsi_random_id12_seed0_mr0.5_ntdpl_r16_16_3,0.5002205141129032,0.0,0.0219156164675951,8.888525289329703,-24.650860113337547,33.18492627547854,0.9967616519210809,10.95212737808332,0.022104399278759956,8.378462446298226,-24.573553135899328,33.11042559459685,0.9967051041406063,11.052770832703544
cave_hsi,12,random-missing-completion,random,0,0.5,tucker,"(16,16,3)","(128,128)",1.0045395999914035,C:\Users\mrkys\workspace\NTD-PL\multirun\neurips-lowrank-core\benchmark\cave_hsi_random_id12_seed0_mr0.5_tucker_r16_16_3,0.5002205141129032,0.0,0.029072436550700527,10.522642813029808,-22.196305030489807,30.730371372723532,0.994289657878236,14.019177057856917,0.029298667541965355,9.896624256799686,-22.126170198099416,30.66304260474739,0.9941999699543725,14.137898947320087
cave_hsi,13,random-missing-completion,random,0,0.5,ntdpl,"(16,16,3)","(128,128)",7.334491000045091,C:\Users\mrkys\workspace\NTD-PL\multirun\neurips-lowrank-core\run\cave_hsi_random_id13_seed0_mr0.5_ntdpl_r16_16_3,0.5002205141129032,0.0,0.031124159693717957,23.607857520298424,-17.155153567616896,30.138047435254993,0.9863886916842701,25.74027119562194,0.031748462468385696,21.99978956798821,-17.001308915710734,29.965545873585654,0.9858975934017727,26.20826204018412
cave_hsi,13,random-missing-completion,random,0,0.5,tucker,"(16,16,3)","(128,128)",1.0138171000871807,C:\Users\mrkys\workspace\NTD-PL\multirun\neurips-lowrank-core\benchmark\cave_hsi_random_id13_seed0_mr0.5_tucker_r16_16_3,0.5002205141129032,0.0,0.03454646664105751,27.978955359458524,-16.24903359149585,29.231927299666975,0.9832064987869483,28.593739355890712,0.035164158571491445,26.580876811366547,-16.11375874076592,29.077995403561324,0.9826719066602156,29.049273801541965
cave_hsi,14,random-missing-completion,random,0,0.5,ntdpl,"(16,16,3)","(128,128)",7.619779699947685,C:\Users\mrkys\workspace\NTD-PL\multirun\neurips-lowrank-core\run\cave_hsi_random_id14_seed0_mr0.5_ntdpl_r16_16_3,0.5002205141129032,0.0,0.020734598860144615,24.832553148488493,-15.141439806582612,33.666087263743464,0.9811933093763158,42.743343300981394,0.021144408732652664,22.8920954541678,-14.987688258594808,33.49608869431448,0.98049626357816,43.208336340949316
cave_hsi,14,random-missing-completion,random,0,0.5,tucker,"(16,16,3)","(128,128)",1.0637509999796748,C:\Users\mrkys\workspace\NTD-PL\multirun\neurips-lowrank-core\benchmark\cave_hsi_random_id14_seed0_mr0.5_tucker_r16_16_3,0.5002205141129032,0.0,0.022831484510939137,26.44433082531213,-14.304669799889167,32.82931699231624,0.9770699714787306,47.551953484447424,0.023202812926104974,24.569616725225156,-14.180786610766445,32.689187229568645,0.9763841039543173,47.9788388401127
cave_hsi,15,random-missing-completion,random,0,0.5,ntdpl,"(16,16,3)","(128,128)",7.104767499957234,C:\Users\mrkys\workspace\NTD-PL\multirun\neurips-lowrank-core\run\cave_hsi_random_id15_seed0_mr0.5_ntdpl_r16_16_3,0.5002205141129032,0.0,0.024098949506878853,22.176805849245802,-16.86879952080524,32.36003785813733,0.9849528109894006,25.421485373754937,0.024460749700665474,19.73677864051221,-16.71731969145984,32.23060489583821,0.9844279658724542,25.84166698502691
cave_hsi,15,random-missing-completion,random,0,0.5,tucker,"(16,16,3)","(128,128)",1.002295900019817,C:\Users\mrkys\workspace\NTD-PL\multirun\neurips-lowrank-core\benchmark\cave_hsi_random_id15_seed0_mr0.5_tucker_r16_16_3,0.5002205141129032,0.0,0.02653874748740655,24.1510975463387,-16.031153185719255,31.522391555689314,0.9817133338099562,28.46032786124728,0.02687673063970918,21.990515299152783,-15.899186472107871,31.4124712238883,0.9811633963694629,28.874696942374033
cave_hsi,1,random-missing-completion,random,0,0.5,ntdpl,"(20,20,4)","(128,128)",7.39735889993608,C:\Users\mrkys\workspace\NTD-PL\multirun\neurips-lowrank-core\run\cave_hsi_random_id01_seed0_mr0.5_ntdpl_r20_20_4,0.5002205141129032,0.0,0.016921745613217354,9.166318993104857,-21.950556107373078,35.43109698215512,0.9941097223427531,11.880898550419417,0.017317593097686768,8.77718853477441,-21.743653078749258,35.23024893229972,0.9938298697160609,12.169922981163316
cave_hsi,1,random-missing-completion,random,0,0.5,tucker,"(20,20,4)","(128,128)",1.1063283999683335,C:\Users\mrkys\workspace\NTD-PL\multirun\neurips-lowrank-core\benchmark\cave_hsi_random_id01_seed0_mr0.5_tucker_r20_20_4,0.5002205141129032,0.0,0.018013364477523143,9.719616974708932,-21.407562315799545,34.88810326991957,0.9933277685137486,12.680265146573626,0.018408844044523698,9.46965349877971,-21.21287360713555,34.699469630078646,0.993030502701175,12.972716173024356
cave_hsi,2,random-missing-completion,random,0,0.5,ntdpl,"(20,20,4)","(128,128)",4.972113800002262,C:\Users\mrkys\workspace\NTD-PL\multirun\neurips-lowrank-core\run\cave_hsi_random_id02_seed0_mr0.5_ntdpl_r20_20_4,0.5002205141129032,0.0,0.08385737240314484,25.587533670824833,-8.051343637272453,21.529175171738643,0.8628508274166775,78.9166992256567,0.08566267043352127,24.37585754065767,-7.844375704774334,21.34416800835856,0.8561270622589346,80.29309519582874
cave_hsi,2,random-missing-completion,random,0,0.5,tucker,"(20,20,4)","(128,128)",1.0785358999855816,C:\Users\mrkys\workspace\NTD-PL\multirun\neurips-lowrank-core\benchmark\cave_hsi_random_id02_seed0_mr0.5_tucker_r20_20_4,0.5002205141129032,0.0,0.09361308078825589,29.698119925221917,-7.095437900400827,20.573269239503738,0.823791517340764,85.39940350114236,0.09516807758996207,28.987908271532465,-6.930381828529422,20.430174068326636,0.8171754919072444,86.63631316920242
cave_hsi,3,random-missing-completion,random,0,0.5,ntdpl,"(20,20,4)","(128,128)",4.970196400070563,C:\Users\mrkys\workspace\NTD-PL\multirun\neurips-lowrank-core\run\cave_hsi_random_id03_seed0_mr0.5_ntdpl_r20_20_4,0.5002205141129032,0.0,0.030242811888456345,12.48012422218936,-12.995682767485754,30.38755687105549,0.9647261584047883,42.99763888200731,0.03152689337730408,12.261354101709102,-12.65450618466261,30.026375799101423,0.9618258310644451,44.82028231445571
cave_hsi,3,random-missing-completion,random,0,0.5,tucker,"(20,20,4)","(128,128)",1.0773353000404313,C:\Users\mrkys\workspace\NTD-PL\multirun\neurips-lowrank-core\benchmark\cave_hsi_random_id03_seed0_mr0.5_tucker_r20_20_4,0.5002205141129032,0.0,0.033944002371696425,11.479051309242134,-11.992864962116833,29.384739017938266,0.9551600773288228,49.40855249149553,0.03506320528767827,11.246229902027444,-11.731097560405356,29.102967711722208,0.9523494117340796,50.96838976448297
cave_hsi,4,random-missing-completion,random,0,0.5,ntdpl,"(20,20,4)","(128,128)",4.4362150999950245,C:\Users\mrkys\workspace\NTD-PL\multirun\neurips-lowrank-core\run\cave_hsi_random_id04_seed0_mr0.5_ntdpl_r20_20_4,0.5002205141129032,0.0,0.030653445050120354,16.07263567090914,-19.67186585069727,30.270414141887056,0.9924305731297005,19.512687779356032,0.03141096979379654,15.25582280453026,-19.44074134631942,30.05837297179891,0.9920227558420323,20.04275269746656
cave_hsi,4,random-missing-completion,random,0,0.5,tucker,"(20,20,4)","(128,128)",1.0983713999157771,C:\Users\mrkys\workspace\NTD-PL\multirun\neurips-lowrank-core\benchmark\cave_hsi_random_id04_seed0_mr0.5_tucker_r20_20_4,0.5002205141129032,0.0,0.033843368248311856,18.092292920282077,-18.811980256204127,29.410528409787812,0.9907618924221601,21.261714574692224,0.03462179502803006,17.575825417194046,-18.59537686836566,29.213008382269194,0.9902970103179443,21.80451720781861
cave_hsi,5,random-missing-completion,random,0,0.5,ntdpl,"(20,20,4)","(128,128)",4.6118903999449685,C:\Users\mrkys\workspace\NTD-PL\multirun\neurips-lowrank-core\run\cave_hsi_random_id05_seed0_mr0.5_ntdpl_r20_20_4,0.5002205141129032,0.0,0.00988102052360773,26.877464035021372,-24.30610954927654,40.10396404825116,0.9977469480670709,23.500939932847807,0.010029627941548824,23.858453797719047,-24.163802167021757,39.97430355659163,0.9976718969041377,23.748708165445763
cave_hsi,5,random-missing-completion,random,0,0.5,tucker,"(20,20,4)","(128,128)",1.0865357000147924,C:\Users\mrkys\workspace\NTD-PL\multirun\neurips-lowrank-core\benchmark\cave_hsi_random_id05_seed0_mr0.5_tucker_r20_20_4,0.5002205141129032,0.0,0.011189503850738624,28.600309684829426,-23.225929020809435,39.02378339841153,0.9971106914081258,25.881598437298305,0.011376069071560331,25.51066306725117,-23.069654021340696,38.88015559440566,0.9970059261827823,26.196854392334707
cave_hsi,6,random-missing-completion,random,0,0.5,ntdpl,"(20,20,4)","(128,128)",4.901527100009844,C:\Users\mrkys\workspace\NTD-PL\multirun\neurips-lowrank-core\run\cave_hsi_random_id06_seed0_mr0.5_ntdpl_r20_20_4,0.5002205141129032,0.0,0.06637518107891083,9.808155349146542,-11.710920620669453,23.55988544073429,0.9110354654762615,42.67736580042022,0.06770391762256622,9.73456366062554,-11.532063671093018,23.387724753099096,0.9072128000189611,43.481019647625104
cave_hsi,6,random-missing-completion,random,0,0.5,tucker,"(20,20,4)","(128,128)",1.0904937000013888,C:\Users\mrkys\workspace\NTD-PL\multirun\neurips-lowrank-core\benchmark\cave_hsi_random_id06_seed0_mr0.5_tucker_r20_20_4,0.5002205141129032,0.0,0.06911964454676314,10.123032672825175,-11.35900494583732,23.2079700783426,0.9028535251789791,45.97539324273161,0.07029893793626185,10.117660378305322,-11.205364375484638,23.061024723474112,0.899269709978313,46.68775351781829
cave_hsi,7,random-missing-completion,random,0,0.5,ntdpl,"(20,20,4)","(128,128)",4.425552399945445,C:\Users\mrkys\workspace\NTD-PL\multirun\neurips-lowrank-core\run\cave_hsi_random_id07_seed0_mr0.5_ntdpl_r20_20_4,0.5002205141129032,0.0,0.010467215441167355,22.917141351904288,-20.82242926573531,39.603376964759356,0.995156002036089,21.25060827825027,0.01086478866636753,21.324862902871665,-20.463737717018002,39.27957433161499,0.9947433221384009,22.130399937629885
cave_hsi,7,random-missing-completion,random,0,0.5,tucker,"(20,20,4)","(128,128)",1.0646184999495745,C:\Users\mrkys\workspace\NTD-PL\multirun\neurips-lowrank-core\benchmark\cave_hsi_random_id07_seed0_mr0.5_tucker_r20_20_4,0.5002205141129032,0.0,0.011237334136744841,22.18832779329159,-20.205786328323118,38.98673410811636,0.9944085762702214,22.630054823017844,0.01165976193119592,21.039529278109757,-19.850369813240093,38.666206338064015,0.993937610458507,23.578264076219504
cave_hsi,8,random-missing-completion,random,0,0.5,ntdpl,"(20,20,4)","(128,128)",5.557356599951163,C:\Users\mrkys\workspace\NTD-PL\multirun\neurips-lowrank-core\run\cave_hsi_random_id08_seed0_mr0.5_ntdpl_r20_20_4,0.5002205141129032,0.0,0.029860399663448334,14.56138695521158,-17.2865147801894,30.49808719930727,0.9862752806384059,24.61554849333165,0.030713219195604324,13.637543223972935,-17.034991226514077,30.25349287332158,0.9854547319038635,25.326399171659386
cave_hsi,8,random-missing-completion,random,0,0.5,tucker,"(20,20,4)","(128,128)",1.032698499970138,C:\Users\mrkys\workspace\NTD-PL\multirun\neurips-lowrank-core\benchmark\cave_hsi_random_id08_seed0_mr0.5_tucker_r20_20_4,0.5002205141129032,0.0,0.036983967667893934,19.860231134924813,-15.42815738220737,28.63972998477035,0.9788350757019662,30.32160793787384,0.037822129038993124,19.21313911756254,-15.226578903521869,28.445080560130585,0.977826878950453,31.0893409445616
cave_hsi,9,random-missing-completion,random,0,0.5,ntdpl,"(20,20,4)","(128,128)",4.554890000028536,C:\Users\mrkys\workspace\NTD-PL\multirun\neurips-lowrank-core\run\cave_hsi_random_id09_seed0_mr0.5_ntdpl_r20_20_4,0.5002205141129032,0.0,0.02363014966249466,24.122806926685957,-17.066699036195477,32.530670333465594,0.9872239382317582,30.42074575345216,0.02444036304950714,21.97472904180004,-16.78933896758919,32.23784701539222,0.9863738109485511,31.04096450977633
cave_hsi,9,random-missing-completion,random,0,0.5,tucker,"(20,20,4)","(128,128)",1.0871302000014111,C:\Users\mrkys\workspace\NTD-PL\multirun\neurips-lowrank-core\benchmark\cave_hsi_random_id09_seed0_mr0.5_tucker_r20_20_4,0.5002205141129032,0.0,0.026430350026306438,30.93531846308882,-16.093970292191308,31.557941706350423,0.983980772270621,33.930077348101115,0.0272322738268736,29.255205037895582,-15.849813868237742,31.29832189282206,0.9830425631589148,34.53778816864605
cave_hsi,10,random-missing-completion,random,0,0.5,ntdpl,"(20,20,4)","(128,128)",7.208931799978018,C:\Users\mrkys\workspace\NTD-PL\multirun\neurips-lowrank-core\run\cave_hsi_random_id10_seed0_mr0.5_ntdpl_r20_20_4,0.5002205141129032,0.0,0.02002924121916294,10.32878729563394,-19.448030450169572,33.966709978296244,0.9908787190395775,17.28615483994315,0.020574791356921196,9.555592661961175,-19.220556210281575,33.733290799619915,0.9903981250532526,17.72862151180438
cave_hsi,10,random-missing-completion,random,0,0.5,tucker,"(20,20,4)","(128,128)",1.0639036999782547,C:\Users\mrkys\workspace\NTD-PL\multirun\neurips-lowrank-core\benchmark\cave_hsi_random_id10_seed0_mr0.5_tucker_r20_20_4,0.5002205141129032,0.0,0.02278367150074686,11.24218968180212,-18.328846466290354,32.84752579474944,0.9881899872750626,19.92996727984097,0.023352848723775264,10.57974488091601,-18.120467972853408,32.63320267921367,0.9876221032293347,20.395896805240852
cave_hsi,11,random-missing-completion,random,0,0.5,ntdpl,"(20,20,4)","(128,128)",7.294240100076422,C:\Users\mrkys\workspace\NTD-PL\multirun\neurips-lowrank-core\run\cave_hsi_random_id11_seed0_mr0.5_ntdpl_r20_20_4,0.5002205141129032,0.0,0.039696354418992996,11.579994450419248,-15.56920462928544,28.02498763400196,0.9712852573632476,24.871254193924152,0.040400758385658264,11.138366727405,-15.413327128732423,27.87220969985714,0.9702099608842568,25.267896031270954
cave_hsi,11,random-missing-completion,random,0,0.5,tucker,"(20,20,4)","(128,128)",1.0314082000404596,C:\Users\mrkys\workspace\NTD-PL\multirun\neurips-lowrank-core\benchmark\cave_hsi_random_id11_seed0_mr0.5_tucker_r20_20_4,0.5002205141129032,0.0,0.04408776578667243,13.272185102455191,-14.657855530510302,27.11363818274096,0.9643759254282911,27.783063129210213,0.04476714953874652,13.040711132438354,-14.521928608135358,26.980811151868345,0.9632134443185283,28.185589701821783
cave_hsi,12,random-missing-completion,random,0,0.5,ntdpl,"(20,20,4)","(128,128)",6.818357999902219,C:\Users\mrkys\workspace\NTD-PL\multirun\neurips-lowrank-core\run\cave_hsi_random_id12_seed0_mr0.5_ntdpl_r20_20_4,0.5002205141129032,0.0,0.014555642381310463,7.264995573591276,-28.205306117810668,36.739372445093124,0.9985741728087659,7.367695526333158,0.014745218679308891,6.823189736280446,-28.09010320253057,36.62697559170833,0.9985367363527471,7.461806008425653
cave_hsi,12,random-missing-completion,random,0,0.5,tucker,"(20,20,4)","(128,128)",1.0451466999948025,C:\Users\mrkys\workspace\NTD-PL\multirun\neurips-lowrank-core\benchmark\cave_hsi_random_id12_seed0_mr0.5_tucker_r20_20_4,0.5002205141129032,0.0,0.018762186230996195,8.441879688011548,-26.00026480980716,34.53433115204089,0.997630745235133,9.433661681963084,0.01900708102150655,7.913454926062579,-25.884819073601935,34.421691480249905,0.9975684508461614,9.562784678215367
cave_hsi,13,random-missing-completion,random,0,0.5,ntdpl,"(20,20,4)","(128,128)",7.731305500026792,C:\Users\mrkys\workspace\NTD-PL\multirun\neurips-lowrank-core\run\cave_hsi_random_id13_seed0_mr0.5_ntdpl_r20_20_4,0.5002205141129032,0.0,0.02504555881023407,22.127871229419675,-19.042492114716477,32.02538528393546,0.991227946019348,20.63501573369289,0.025701820850372314,20.629552937648768,-18.83648527550009,31.80072231656068,0.9908023120396081,21.14543239916919
cave_hsi,13,random-missing-completion,random,0,0.5,tucker,"(20,20,4)","(128,128)",1.0693795999977738,C:\Users\mrkys\workspace\NTD-PL\multirun\neurips-lowrank-core\benchmark\cave_hsi_random_id13_seed0_mr0.5_tucker_r20_20_4,0.5002205141129032,0.0,0.028065295170078237,25.8117783884109,-18.053714008452737,31.036607716623866,0.9889731854435816,23.166640074049567,0.028717324707515788,24.542031313346126,-17.872883761510398,30.8371204243058,0.9885023823556933,23.665746185062506
cave_hsi,14,random-missing-completion,random,0,0.5,ntdpl,"(20,20,4)","(128,128)",6.628891499945894,C:\Users\mrkys\workspace\NTD-PL\multirun\neurips-lowrank-core\run\cave_hsi_random_id14_seed0_mr0.5_ntdpl_r20_20_4,0.5002205141129032,0.0,0.015234453603625298,12.076295620197367,-17.81881531253027,36.34346243396381,0.9899406163028672,30.774767373897628,0.01575995795428753,11.50422843383469,-17.540498100385836,36.04889862685249,0.9892684721732801,31.47673875708704
cave_hsi,14,random-missing-completion,random,0,0.5,tucker,"(20,20,4)","(128,128)",1.0859051999868825,C:\Users\mrkys\workspace\NTD-PL\multirun\neurips-lowrank-core\benchmark\cave_hsi_random_id14_seed0_mr0.5_tucker_r20_20_4,0.5002205141129032,0.0,0.017281536161889384,13.581178775014319,-16.723705918581715,35.24835311100878,0.9870254936644751,34.724830184383784,0.01774067588048312,13.293329897618829,-16.512196151810446,35.02059677061264,0.9863716314710701,35.344127470311335
cave_hsi,15,random-missing-completion,random,0,0.5,ntdpl,"(20,20,4)","(128,128)",8.115399400005117,C:\Users\mrkys\workspace\NTD-PL\multirun\neurips-lowrank-core\run\cave_hsi_random_id15_seed0_mr0.5_ntdpl_r20_20_4,0.5002205141129032,0.0,0.016379384323954582,15.017699685560075,-20.22280964289811,35.714048223929545,0.9931030300978896,17.54358920645909,0.016728203743696213,13.34457814281298,-20.017729295565665,35.5310144178691,0.9927737646689717,17.93501166115555
cave_hsi,15,random-missing-completion,random,0,0.5,tucker,"(20,20,4)","(128,128)",1.0595813000109047,C:\Users\mrkys\workspace\NTD-PL\multirun\neurips-lowrank-core\benchmark\cave_hsi_random_id15_seed0_mr0.5_tucker_r20_20_4,0.5002205141129032,0.0,0.018649869233532613,18.55394202676789,-19.09524580939244,34.5864841793625,0.9910513742277333,20.167357818392322,0.01899937826158563,16.95174835112421,-18.911927462826725,34.42521221460715,0.990671594310033,20.583472432335295
cave_hsi,1,random-missing-completion,random,0,0.5,ntdpl,"(24,24,4)","(128,128)",7.48592380003538,C:\Users\mrkys\workspace\NTD-PL\multirun\neurips-lowrank-core\run\cave_hsi_random_id01_seed0_mr0.5_ntdpl_r24_24_4,0.5002205141129032,0.0,0.015426448546350002,8.758007931520904,-22.754139581127447,36.23468049471064,0.9951092874421071,10.830859582397707,0.015817267820239067,8.395726452076651,-22.53077432520194,36.017370285801356,0.994857319550875,11.11346481180442
cave_hsi,1,random-missing-completion,random,0,0.5,tucker,"(24,24,4)","(128,128)",1.0928154001012444,C:\Users\mrkys\workspace\NTD-PL\multirun\neurips-lowrank-core\benchmark\cave_hsi_random_id01_seed0_mr0.5_tucker_r24_24_4,0.5002205141129032,0.0,0.016330259021504485,9.400598538926008,-22.25959757929364,35.74013853341367,0.9945223042397523,11.499268559230845,0.016745312826425843,9.169180916578398,-22.03553867316533,35.52213469610843,0.9942390808955524,11.800733541715157
cave_hsi,2,random-missing-completion,random,0,0.5,ntdpl,"(24,24,4)","(128,128)",7.828260999987833,C:\Users\mrkys\workspace\NTD-PL\multirun\neurips-lowrank-core\run\cave_hsi_random_id02_seed0_mr0.5_ntdpl_r24_24_4,0.5002205141129032,0.0,0.07635515183210373,24.656526901978513,-8.865402038421522,22.343233653209484,0.8889941889641959,71.88017411297676,0.07860353589057922,23.47942433022591,-8.591365919950007,22.09115843997147,0.8817757650435236,73.7872268205142
cave_hsi,2,random-missing-completion,random,0,0.5,tucker,"(24,24,4)","(128,128)",1.1245567000005394,C:\Users\mrkys\workspace\NTD-PL\multirun\neurips-lowrank-core\benchmark\cave_hsi_random_id02_seed0_mr0.5_tucker_r24_24_4,0.5002205141129032,0.0,0.08699024942794828,29.41355167204719,-7.732757138858935,21.210588477961846,0.8514086751901516,80.09915314920734,0.08884682849133169,28.7676037534644,-7.527369166514749,21.02716140631196,0.8443677411406049,81.64782888310819
cave_hsi,3,random-missing-completion,random,0,0.5,ntdpl,"(24,24,4)","(128,128)",7.946893400046974,C:\Users\mrkys\workspace\NTD-PL\multirun\neurips-lowrank-core\run\cave_hsi_random_id03_seed0_mr0.5_ntdpl_r24_24_4,0.5002205141129032,0.0,0.029466994106769562,12.146761922821234,-13.22140912624034,30.613283455216585,0.9665713999130691,41.86770031666764,0.030912799760699272,11.968159865167761,-12.825362993408975,30.197233299081468,0.9633488465262594,43.882221404163
cave_hsi,3,random-missing-completion,random,0,0.5,tucker,"(24,24,4)","(128,128)",1.1180884999921545,C:\Users\mrkys\workspace\NTD-PL\multirun\neurips-lowrank-core\benchmark\cave_hsi_random_id03_seed0_mr0.5_tucker_r24_24_4,0.5002205141129032,0.0,0.03300630731740006,11.173798732623567,-12.23618716395424,29.628061219775667,0.9577101682779969,48.078447933446505,0.034315076768897786,10.997647924074801,-11.918430352255772,29.290300503572624,0.9544556919566335,49.862308453197926
cave_hsi,4,random-missing-completion,random,0,0.5,ntdpl,"(24,24,4)","(128,128)",8.126474000047892,C:\Users\mrkys\workspace\NTD-PL\multirun\neurips-lowrank-core\run\cave_hsi_random_id04_seed0_mr0.5_ntdpl_r24_24_4,0.5002205141129032,0.0,0.026933075860142708,15.308693462186639,-20.795732814913144,31.394280701890604,0.9941671811185895,17.14278543737439,0.02770119532942772,14.52720421290769,-20.53239859141682,31.150030158117307,0.9938083707769317,17.67405035864396
cave_hsi,4,random-missing-completion,random,0,0.5,tucker,"(24,24,4)","(128,128)",1.1064824999775738,C:\Users\mrkys\workspace\NTD-PL\multirun\neurips-lowrank-core\benchmark\cave_hsi_random_id04_seed0_mr0.5_tucker_r24_24_4,0.5002205141129032,0.0,0.029706649822356393,17.007475675499684,-19.944378309301594,30.542926462885283,0.9928973492601375,18.662550902669306,0.030499618088641073,16.532150513222955,-19.69648046180612,30.31411197570966,0.9924860307970435,19.20775121516669
cave_hsi,5,random-missing-completion,random,0,0.5,ntdpl,"(24,24,4)","(128,128)",7.863717300002463,C:\Users\mrkys\workspace\NTD-PL\multirun\neurips-lowrank-core\run\cave_hsi_random_id05_seed0_mr0.5_ntdpl_r24_24_4,0.5002205141129032,0.0,0.009774565696716309,26.835447507504064,-24.400195987689056,40.198050156171675,0.9977952449938028,23.325679464149864,0.009953697212040424,23.825600434050358,-24.229809891964425,40.04031159267123,0.9977068917792111,23.59497870996788
cave_hsi,5,random-missing-completion,random,0,0.5,tucker,"(24,24,4)","(128,128)",1.2497986999806017,C:\Users\mrkys\workspace\NTD-PL\multirun\neurips-lowrank-core\benchmark\cave_hsi_random_id05_seed0_mr0.5_tucker_r24_24_4,0.5002205141129032,0.0,0.011048886589366601,28.424312262836857,-23.335775306241814,39.133629683843914,0.9971828997808596,25.560520607426636,0.011306675107386602,25.302639775168714,-23.12280016539528,38.93330173846024,0.9970421233847541,25.945569093386716
cave_hsi,6,random-missing-completion,random,0,0.5,ntdpl,"(24,24,4)","(128,128)",8.270134799997322,C:\Users\mrkys\workspace\NTD-PL\multirun\neurips-lowrank-core\run\cave_hsi_random_id06_seed0_mr0.5_ntdpl_r24_24_4,0.5002205141129032,0.0,0.062075916677713394,9.373804613130726,-12.292572196004844,24.141537164306904,0.9230635380556446,39.400883972830165,0.06352599710226059,9.303000788766266,-12.085309627132617,23.940970072210696,0.9192509445903746,40.26243828074579
cave_hsi,6,random-missing-completion,random,0,0.5,tucker,"(24,24,4)","(128,128)",1.1269157000351697,C:\Users\mrkys\workspace\NTD-PL\multirun\neurips-lowrank-core\benchmark\cave_hsi_random_id06_seed0_mr0.5_tucker_r24_24_4,0.5002205141129032,0.0,0.06520512104471246,9.732305542432995,-11.865400758340172,23.714365890845453,0.9144774804323244,43.045927223358,0.06648788191792121,9.727196414080545,-11.689489692038482,23.545150040027956,0.9108647720938604,43.80744023111311
cave_hsi,7,random-missing-completion,random,0,0.5,ntdpl,"(24,24,4)","(128,128)",8.300716800033115,C:\Users\mrkys\workspace\NTD-PL\multirun\neurips-lowrank-core\run\cave_hsi_random_id07_seed0_mr0.5_ntdpl_r24_24_4,0.5002205141129032,0.0,0.009374238550662994,22.06477951927105,-21.78033209194821,40.56127984210405,0.9961180900344863,19.169141699832515,0.009769449010491371,20.562771587302322,-21.386761673290046,40.202598168662064,0.9957533635082364,20.050861555016876
cave_hsi,7,random-missing-completion,random,0,0.5,tucker,"(24,24,4)","(128,128)",1.1686754999682307,C:\Users\mrkys\workspace\NTD-PL\multirun\neurips-lowrank-core\benchmark\cave_hsi_random_id07_seed0_mr0.5_tucker_r24_24_4,0.5002205141129032,0.0,0.009877939979466867,21.017242535175683,-21.325724560909237,40.106672340702474,0.9956841544094758,20.029119953589316,0.010310698450876938,20.13308102691567,-20.918401763904306,39.734238288728235,0.9952644688309332,20.996666328786493
cave_hsi,8,random-missing-completion,random,0,0.5,ntdpl,"(24,24,4)","(128,128)",8.246435299981385,C:\Users\mrkys\workspace\NTD-PL\multirun\neurips-lowrank-core\run\cave_hsi_random_id08_seed0_mr0.5_ntdpl_r24_24_4,0.5002205141129032,0.0,0.026381459087133408,13.910754953097559,-18.362451334747114,31.5740238374927,0.989320710591274,21.917900240283892,0.027269484475255013,13.044544022299178,-18.06795953053333,31.286461333915096,0.9885713899695181,22.626995186959483
cave_hsi,8,random-missing-completion,random,0,0.5,tucker,"(24,24,4)","(128,128)",1.1392273999517784,C:\Users\mrkys\workspace\NTD-PL\multirun\neurips-lowrank-core\benchmark\cave_hsi_random_id08_seed0_mr0.5_tucker_r24_24_4,0.5002205141129032,0.0,0.03319459226862413,19.545599280339523,-16.367080626480842,29.578653229043823,0.9830193702724508,27.342600790747838,0.034072324137033816,18.967758887229984,-16.13346317102814,29.35196482763686,0.982081026941514,28.10499292350508
cave_hsi,9,random-missing-completion,random,0,0.5,ntdpl,"(24,24,4)","(128,128)",7.574747700011358,C:\Users\mrkys\workspace\NTD-PL\multirun\neurips-lowrank-core\run\cave_hsi_random_id09_seed0_mr0.5_ntdpl_r24_24_4,0.5002205141129032,0.0,0.021030057221651077,23.77685350188351,-18.07921964583182,33.54319106568442,0.9899069394957438,27.535305645142916,0.02188127115368843,21.65701091241739,-17.750041171046163,33.19854933865012,0.9891060519946271,28.191865324270154
cave_hsi,9,random-missing-completion,random,0,0.5,tucker,"(24,24,4)","(128,128)",1.1333054000278935,C:\Users\mrkys\workspace\NTD-PL\multirun\neurips-lowrank-core\benchmark\cave_hsi_random_id09_seed0_mr0.5_tucker_r24_24_4,0.5002205141129032,0.0,0.02377024719436505,30.80832330601557,-17.015354623477123,32.479326037636234,0.9870763325712378,30.92224918340053,0.024636289438959163,29.136966555038565,-16.719986020449298,32.16849404503361,0.9861593784773262,31.615198824427644
cave_hsi,10,random-missing-completion,random,0,0.5,ntdpl,"(24,24,4)","(128,128)",6.95181350002531,C:\Users\mrkys\workspace\NTD-PL\multirun\neurips-lowrank-core\run\cave_hsi_random_id10_seed0_mr0.5_ntdpl_r24_24_4,0.5002205141129032,0.0,0.017970010638237,9.786793302124753,-20.390354076057502,34.909033670991775,0.9926707906614359,15.495115147993243,0.018597615882754326,9.051972897053815,-20.098119594239435,34.610854194459414,0.992168920524871,15.988932053658033
cave_hsi,10,random-missing-completion,random,0,0.5,tucker,"(24,24,4)","(128,128)",1.107494099996984,C:\Users\mrkys\workspace\NTD-PL\multirun\neurips-lowrank-core\benchmark\cave_hsi_random_id10_seed0_mr0.5_tucker_r24_24_4,0.5002205141129032,0.0,0.020129856216227246,10.938026017693728,-19.40450721522049,33.92318654367958,0.9908031914885316,17.599128798264733,0.020814478548569087,10.293291760302223,-19.119954588334164,33.63268929469442,0.9901916676562083,18.1446644154437
cave_hsi,11,random-missing-completion,random,0,0.5,ntdpl,"(24,24,4)","(128,128)",7.820835300022736,C:\Users\mrkys\workspace\NTD-PL\multirun\neurips-lowrank-core\run\cave_hsi_random_id11_seed0_mr0.5_ntdpl_r24_24_4,0.5002205141129032,0.0,0.0344930924475193,10.672543075950568,-16.78957496179691,29.24535732665568,0.9784686682130238,21.6969453033993,0.03517633303999901,10.26922825651589,-16.616106340769697,29.074988798919648,0.9775728872699466,22.06948024836676
cave_hsi,11,random-missing-completion,random,0,0.5,tucker,"(24,24,4)","(128,128)",1.0619105000514537,C:\Users\mrkys\workspace\NTD-PL\multirun\neurips-lowrank-core\benchmark\cave_hsi_random_id11_seed0_mr0.5_tucker_r24_24_4,0.5002205141129032,0.0,0.03850448009327146,12.278860536109034,-15.83399207365676,28.289774725887415,0.9730555081515082,24.348298105452905,0.039167620994223974,12.083032857943,-15.682573582347114,28.141456126080104,0.972079253690594,24.725652705356605
cave_hsi,12,random-missing-completion,random,0,0.5,ntdpl,"(24,24,4)","(128,128)",7.922624800004996,C:\Users\mrkys\workspace\NTD-PL\multirun\neurips-lowrank-core\run\cave_hsi_random_id12_seed0_mr0.5_ntdpl_r24_24_4,0.5002205141129032,0.0,0.014417778700590134,7.2413148953670445,-28.287966694949517,36.822033118147765,0.9986010575643194,7.30494334414545,0.014636133797466755,6.801680653859605,-28.154600043655343,36.69147250450847,0.9985582527950797,7.411834308869181
cave_hsi,12,random-missing-completion,random,0,0.5,tucker,"(24,24,4)","(128,128)",1.0751100999768823,C:\Users\mrkys\workspace\NTD-PL\multirun\neurips-lowrank-core\benchmark\cave_hsi_random_id12_seed0_mr0.5_tucker_r24_24_4,0.5002205141129032,0.0,0.018643652428905595,8.377259353762152,-26.055313700913402,34.58938004314713,0.9976605434287751,9.369894618711188,0.018955819897027604,7.851474367112216,-25.908276118758188,34.44514852540617,0.9975813711285607,9.528950833267265
cave_hsi,13,random-missing-completion,random,0,0.5,ntdpl,"(24,24,4)","(128,128)",7.108306200010702,C:\Users\mrkys\workspace\NTD-PL\multirun\neurips-lowrank-core\run\cave_hsi_random_id13_seed0_mr0.5_ntdpl_r24_24_4,0.5002205141129032,0.0,0.022157898172736168,21.736713946325622,-20.106535164658762,33.089429252890085,0.9931472430527295,18.21603708340869,0.022853940725326538,20.256534079094255,-19.856541319928024,32.820777880470295,0.9927419452655466,18.75453836790677
cave_hsi,13,random-missing-completion,random,0,0.5,tucker,"(24,24,4)","(128,128)",1.1061218000249937,C:\Users\mrkys\workspace\NTD-PL\multirun\neurips-lowrank-core\benchmark\cave_hsi_random_id13_seed0_mr0.5_tucker_r24_24_4,0.5002205141129032,0.0,0.024836585350033857,25.07425845417108,-19.115268556404402,32.098162264575535,0.9913836182703943,20.472154703415946,0.025515295398358034,23.88306186258576,-18.89975132406359,31.863987986858998,0.9909446277747824,20.998291910703877
cave_hsi,14,random-missing-completion,random,0,0.5,ntdpl,"(24,24,4)","(128,128)",6.600085099926218,C:\Users\mrkys\workspace\NTD-PL\multirun\neurips-lowrank-core\run\cave_hsi_random_id14_seed0_mr0.5_ntdpl_r24_24_4,0.5002205141129032,0.0,0.01355151366442442,11.292174029655701,-18.8355964343511,37.3602434545996,0.9920551015829954,27.393247839951478,0.01409654039889574,10.778417958927239,-18.50934833971082,37.01774911145251,0.9914288028940583,28.123209332059197
cave_hsi,14,random-missing-completion,random,0,0.5,tucker,"(24,24,4)","(128,128)",1.1576097999932244,C:\Users\mrkys\workspace\NTD-PL\multirun\neurips-lowrank-core\benchmark\cave_hsi_random_id14_seed0_mr0.5_tucker_r24_24_4,0.5002205141129032,0.0,0.015281051703214416,12.758938750960713,-17.79228790447504,36.31693509690211,0.989881841275806,30.888549146469686,0.01578332044043066,12.548228033317933,-17.52763190403491,36.036032522837104,0.9892382603169684,31.574998440817232
cave_hsi,15,random-missing-completion,random,0,0.5,ntdpl,"(24,24,4)","(128,128)",6.356205399963073,C:\Users\mrkys\workspace\NTD-PL\multirun\neurips-lowrank-core\run\cave_hsi_random_id15_seed0_mr0.5_ntdpl_r24_24_4,0.5002205141129032,0.0,0.014970040880143642,14.480118266546114,-21.00430201810859,36.49554085959159,0.9942451953440009,15.990171421502719,0.015326418913900852,12.838756770046173,-20.77790125355207,36.29118599470527,0.9939409404716346,16.366305214406662
cave_hsi,15,random-missing-completion,random,0,0.5,tucker,"(24,24,4)","(128,128)",1.1888197999214754,C:\Users\mrkys\workspace\NTD-PL\multirun\neurips-lowrank-core\benchmark\cave_hsi_random_id15_seed0_mr0.5_tucker_r24_24_4,0.5002205141129032,0.0,0.016890020358336352,18.160656854579678,-19.95615816909194,35.44739653906199,0.9926715825710365,18.145961914459686,0.017241189394659847,16.599128274083867,-19.755370796032718,35.26865554781315,0.9923298621141269,18.532273514774875
