dataset,item_id,task,protocol,seed,missing_rate,method,rank,target_shape,fit_time_sec,run_dir,observed_rate,mask_seed,RMSE_all,SAM_all,NMSE_dB_all,PSNR_all,SSIM_all,ERGAS_all,RMSE_missing,SAM_missing,NMSE_dB_missing,PSNR_missing,SSIM_missing,ERGAS_missing
cave_hsi,1,structured-missing-completion,block,0,0.3,ntdpl,"(12,12,3)","(128,128)",7.457174799987115,C:\Users\mrkys\workspace\NTD-PL\multirun\neurips-lowrank-core\run\cave_hsi_block_id01_seed0_mr0.3_ntdpl_r12_12_3,0.6973876953125,0.0,0.08304388076066971,14.226874175711707,-8.133306123284905,21.613847526539057,0.8477489462455979,58.30258485061447,0.14747440814971924,19.325641724266433,-3.866137061532855,16.62566708950446,0.5112990712774891,94.19998805639923
cave_hsi,1,structured-missing-completion,block,0,0.3,softimpute,"(12,12,3)","(128,128)",40.04194050002843,C:\Users\mrkys\workspace\NTD-PL\multirun\neurips-lowrank-core\benchmark\cave_hsi_block_id01_seed0_mr0.3_softimpute_r12_12_3,0.6973876953125,0.0,0.09420063346624374,3.9839275458940424,-7.038382786611415,20.518923943067904,0.7908209234485386,64.92622745127198,0.17124208807945251,13.165120248388819,-2.5682593235711932,15.32778977442856,0.22491737310367516,105.85368970167856
cave_hsi,1,structured-missing-completion,block,0,0.3,tucker,"(12,12,3)","(128,128)",4.676913799950853,C:\Users\mrkys\workspace\NTD-PL\multirun\neurips-lowrank-core\benchmark\cave_hsi_block_id01_seed0_mr0.3_tucker_r12_12_3,0.6973876953125,0.0,0.09128607732396063,18.337614173696224,-7.311368139762204,20.791909093882232,0.8215952242210071,64.18547126341147,0.16253923059403655,31.84662867865417,-3.021305827398646,15.780836007642002,0.4670711388197271,104.16588783601173
cave_hsi,2,structured-missing-completion,block,0,0.3,ntdpl,"(12,12,3)","(128,128)",7.950125199975446,C:\Users\mrkys\workspace\NTD-PL\multirun\neurips-lowrank-core\run\cave_hsi_block_id02_seed0_mr0.3_ntdpl_r12_12_3,0.6973876953125,0.0,0.23529654741287231,31.415467147154416,0.9101422979898172,12.567689273601129,0.3635401325444461,171.14855660708437,0.4065912067890167,39.62781588901423,4.841263873981846,7.816840628693175,0.08614937416076265,264.0197182588583
cave_hsi,2,structured-missing-completion,block,0,0.3,softimpute,"(12,12,3)","(128,128)",63.55741519993171,C:\Users\mrkys\workspace\NTD-PL\multirun\neurips-lowrank-core\benchmark\cave_hsi_block_id02_seed0_mr0.3_softimpute_r12_12_3,0.6973876953125,0.0,0.10414332896471024,10.270507559759793,-6.169539809201503,19.64737131070906,0.775584176795561,80.10406411846166,0.18931636214256287,33.93949034258888,-1.7981325683877896,14.456237142069721,0.15103701220252896,133.91337734315343
cave_hsi,2,structured-missing-completion,block,0,0.3,tucker,"(12,12,3)","(128,128)",4.74798720004037,C:\Users\mrkys\workspace\NTD-PL\multirun\neurips-lowrank-core\benchmark\cave_hsi_block_id02_seed0_mr0.3_tucker_r12_12_3,0.6973876953125,0.0,0.17368543279882276,37.74433995234474,-1.7269007571691932,15.204732096272103,0.4952229777009499,135.72795869834732,0.2801534809273563,53.098592539988736,1.6060249849227897,11.052079540447913,0.17053713668291237,189.37943918028077
cave_hsi,3,structured-missing-completion,block,0,0.3,ntdpl,"(12,12,3)","(128,128)",7.883942999993451,C:\Users\mrkys\workspace\NTD-PL\multirun\neurips-lowrank-core\run\cave_hsi_block_id03_seed0_mr0.3_ntdpl_r12_12_3,0.6973876953125,0.0,0.06346212327480316,18.770935604098824,-6.55783427546524,23.949708760158508,0.8320769408952551,94.00843342473655,0.0996439978480339,22.961007373014034,-2.1163574172678317,20.030976755147716,0.41700870065018086,146.12354924814753
cave_hsi,3,structured-missing-completion,block,0,0.3,softimpute,"(12,12,3)","(128,128)",77.49278929992579,C:\Users\mrkys\workspace\NTD-PL\multirun\neurips-lowrank-core\benchmark\cave_hsi_block_id03_seed0_mr0.3_softimpute_r12_12_3,0.6973876953125,0.0,0.04815543815493584,4.334137795512188,-8.955219194027345,26.347093490382537,0.898719443748995,70.15555815604505,0.08753909915685654,14.32241043747374,-3.241339270804029,21.155959321743193,0.4249365768770154,126.20353987756927
cave_hsi,3,structured-missing-completion,block,0,0.3,tucker,"(12,12,3)","(128,128)",4.46412080002483,C:\Users\mrkys\workspace\NTD-PL\multirun\neurips-lowrank-core\benchmark\cave_hsi_block_id03_seed0_mr0.3_tucker_r12_12_3,0.6973876953125,0.0,0.07459241530623212,19.791910964851816,-5.154232547034617,22.54610660285605,0.7793271793154485,110.36075389896098,0.11964065997007876,29.743634472499423,-0.5278046064048678,18.442423998977397,0.34504867636004877,177.06686266726442
cave_hsi,4,structured-missing-completion,block,0,0.3,ntdpl,"(12,12,3)","(128,128)",7.334053799975663,C:\Users\mrkys\workspace\NTD-PL\multirun\neurips-lowrank-core\run\cave_hsi_block_id04_seed0_mr0.3_ntdpl_r12_12_3,0.6973876953125,0.0,0.12003475427627563,18.365321080381083,-7.8153117527035345,18.413859769092465,0.8812953233118401,74.86421223791507,0.21221382915973663,20.901824144610906,-2.04754714618355,13.464526074693692,0.5261800487740778,147.6660237584009
cave_hsi,4,structured-missing-completion,block,0,0.3,softimpute,"(12,12,3)","(128,128)",31.992088999948464,C:\Users\mrkys\workspace\NTD-PL\multirun\neurips-lowrank-core\benchmark\cave_hsi_block_id04_seed0_mr0.3_softimpute_r12_12_3,0.6973876953125,0.0,0.08328253030776978,4.3123834149382745,-10.99037388694592,21.588921882137694,0.9342971971875212,52.13985066669808,0.15139468014240265,14.250521784453635,-4.9808081770457076,16.39778771349835,0.5934871372459141,105.7927224078557
cave_hsi,4,structured-missing-completion,block,0,0.3,tucker,"(12,12,3)","(128,128)",4.5332488000858575,C:\Users\mrkys\workspace\NTD-PL\multirun\neurips-lowrank-core\benchmark\cave_hsi_block_id04_seed0_mr0.3_tucker_r12_12_3,0.6973876953125,0.0,0.13392055810303374,25.801616798838246,-6.864506835618576,17.463054989202263,0.8511685536203796,83.43932767433907,0.23713753671496338,35.94751036289581,-1.0830146492323973,12.49999391428853,0.39129385324354515,164.92295088650042
cave_hsi,5,structured-missing-completion,block,0,0.3,ntdpl,"(12,12,3)","(128,128)",7.716480899951421,C:\Users\mrkys\workspace\NTD-PL\multirun\neurips-lowrank-core\run\cave_hsi_block_id05_seed0_mr0.3_ntdpl_r12_12_3,0.6973876953125,0.0,0.07948829978704453,29.72006728604041,-6.196081161175563,21.993935518152107,0.8108994148454076,91.26662195244228,0.14309996366500854,35.469188320825594,-2.1235352451038123,16.887209480630222,0.2892092444807641,152.93312376591874
cave_hsi,5,structured-missing-completion,block,0,0.3,softimpute,"(12,12,3)","(128,128)",36.3318720998941,C:\Users\mrkys\workspace\NTD-PL\multirun\neurips-lowrank-core\benchmark\cave_hsi_block_id05_seed0_mr0.3_softimpute_r12_12_3,0.6973876953125,0.0,0.0591675229370594,4.468010074630682,-8.760477906507555,24.55833257477262,0.8922100513677604,78.59325595094741,0.10755734890699387,14.764799200268188,-4.603523723043107,19.367198406133276,0.5464122999642836,141.82192472475305
cave_hsi,5,structured-missing-completion,block,0,0.3,tucker,"(12,12,3)","(128,128)",4.467954799998552,C:\Users\mrkys\workspace\NTD-PL\multirun\neurips-lowrank-core\benchmark\cave_hsi_block_id05_seed0_mr0.3_tucker_r12_12_3,0.6973876953125,0.0,0.08546997612991027,35.29936509714051,-5.565873969013573,21.363728346615673,0.7906321856898372,107.8056399818587,0.15353524729308482,46.44587441751618,-1.5121637423780288,16.275838143455882,0.26513239088466883,193.34747184290953
cave_hsi,6,structured-missing-completion,block,0,0.3,ntdpl,"(12,12,3)","(128,128)",7.439210499986075,C:\Users\mrkys\workspace\NTD-PL\multirun\neurips-lowrank-core\run\cave_hsi_block_id06_seed0_mr0.3_ntdpl_r12_12_3,0.6973876953125,0.0,0.13582274317741394,13.45214309726424,-5.4915848079998595,17.340550073110357,0.6777820408977313,102.27999192845918,0.22371423244476318,20.47701644637217,-1.4013807765427786,13.006128034627544,0.3524179084971748,169.03847642901496
cave_hsi,6,structured-missing-completion,block,0,0.3,softimpute,"(12,12,3)","(128,128)",29.273202699958347,C:\Users\mrkys\workspace\NTD-PL\multirun\neurips-lowrank-core\benchmark\cave_hsi_block_id06_seed0_mr0.3_softimpute_r12_12_3,0.6973876953125,0.0,0.08186478912830353,4.382145575716254,-9.88909186236546,21.738056739222493,0.8669733302614103,48.365939616673934,0.14881744980812073,14.481054915022138,-4.942175801820607,16.546922570583153,0.4925611254152014,85.70679297697026
cave_hsi,6,structured-missing-completion,block,0,0.3,tucker,"(12,12,3)","(128,128)",4.481986499973573,C:\Users\mrkys\workspace\NTD-PL\multirun\neurips-lowrank-core\benchmark\cave_hsi_block_id06_seed0_mr0.3_tucker_r12_12_3,0.6973876953125,0.0,0.1267264995363225,14.275168559528794,-6.093686090103235,17.942651222608514,0.7182742570466041,90.30469504159797,0.20428797994199624,22.777256587048786,-2.1903966498463996,13.795143719571962,0.46011718979169663,144.81605550287816
cave_hsi,7,structured-missing-completion,block,0,0.3,ntdpl,"(12,12,3)","(128,128)",7.062008400098421,C:\Users\mrkys\workspace\NTD-PL\multirun\neurips-lowrank-core\run\cave_hsi_block_id07_seed0_mr0.3_ntdpl_r12_12_3,0.6973876953125,0.0,0.03547246381640434,27.63630786104087,-10.221225080978517,29.002172788800685,0.9402783687365108,70.58384160231734,0.06209973618388176,30.374648880227195,-3.8997206855186044,24.1382048200208,0.6801037600629268,129.2224541571102
cave_hsi,7,structured-missing-completion,block,0,0.3,softimpute,"(12,12,3)","(128,128)",33.399457100080326,C:\Users\mrkys\workspace\NTD-PL\multirun\neurips-lowrank-core\benchmark\cave_hsi_block_id07_seed0_mr0.3_softimpute_r12_12_3,0.6973876953125,0.0,0.03630850091576576,5.421053037951623,-10.018886249838816,28.799834061151138,0.9245016957796065,72.84590937059463,0.06600320339202881,17.914185193198723,-3.370215386116416,23.608699892511797,0.4371054736710077,140.05544631825845
cave_hsi,7,structured-missing-completion,block,0,0.3,tucker,"(12,12,3)","(128,128)",4.52465569996275,C:\Users\mrkys\workspace\NTD-PL\multirun\neurips-lowrank-core\benchmark\cave_hsi_block_id07_seed0_mr0.3_tucker_r12_12_3,0.6973876953125,0.0,0.044410893937358795,34.22569656849278,-8.269261918564023,27.050209698357264,0.9089366972314886,86.74320677653185,0.07881092569266399,42.85879766229374,-1.8297872579889483,22.068271427082436,0.5601723727514083,159.63501842858133
cave_hsi,8,structured-missing-completion,block,0,0.3,ntdpl,"(12,12,3)","(128,128)",7.582516600028612,C:\Users\mrkys\workspace\NTD-PL\multirun\neurips-lowrank-core\run\cave_hsi_block_id08_seed0_mr0.3_ntdpl_r12_12_3,0.6973876953125,0.0,0.12211453914642334,22.581039115662477,-5.053080150212754,18.264652522289992,0.7249576685610513,99.24964825104284,0.2153632640838623,21.354375074625338,-2.4381471995406128,13.336567318249264,0.3664007829173134,118.15245257544365
cave_hsi,8,structured-missing-completion,block,0,0.3,softimpute,"(12,12,3)","(128,128)",61.18287659995258,C:\Users\mrkys\workspace\NTD-PL\multirun\neurips-lowrank-core\benchmark\cave_hsi_block_id08_seed0_mr0.3_softimpute_r12_12_3,0.6973876953125,0.0,0.11526861786842346,4.602301611035155,-5.554205920970793,18.765777989694627,0.7258311529778292,94.09284418589539,0.20954042673110962,15.208573391311514,-2.676223779812571,13.574643821055286,0.2798623558357697,115.41289568219855
cave_hsi,8,structured-missing-completion,block,0,0.3,tucker,"(12,12,3)","(128,128)",4.441272199968807,C:\Users\mrkys\workspace\NTD-PL\multirun\neurips-lowrank-core\benchmark\cave_hsi_block_id08_seed0_mr0.3_tucker_r12_12_3,0.6973876953125,0.0,0.15388665400840845,34.36374097463098,-3.0444082616044144,16.255980864167398,0.608697048720356,125.50177581473659,0.2726196582816349,47.49782327577825,-0.39043651903918697,11.288856618198848,0.2309666341988642,149.84790485165686
cave_hsi,9,structured-missing-completion,block,0,0.3,ntdpl,"(12,12,3)","(128,128)",7.826565600000322,C:\Users\mrkys\workspace\NTD-PL\multirun\neurips-lowrank-core\run\cave_hsi_block_id09_seed0_mr0.3_ntdpl_r12_12_3,0.6973876953125,0.0,0.08006864041090012,27.68158855285004,-6.4667796493253435,21.93075091298606,0.8516612268895767,86.07891527113493,0.14032840728759766,33.978049462880584,-1.3211808458453782,17.057088339044498,0.5214764448799974,163.8064620896893
cave_hsi,9,structured-missing-completion,block,0,0.3,softimpute,"(12,12,3)","(128,128)",52.8304388000397,C:\Users\mrkys\workspace\NTD-PL\multirun\neurips-lowrank-core\benchmark\cave_hsi_block_id09_seed0_mr0.3_softimpute_r12_12_3,0.6973876953125,0.0,0.05816207081079483,7.67799408856098,-9.2432310156774,24.707202427777904,0.9097690816503374,74.86561673283757,0.1057296022772789,25.372378456934296,-3.780160773746707,19.51606825913856,0.532585952614842,148.32399101795698
cave_hsi,9,structured-missing-completion,block,0,0.3,tucker,"(12,12,3)","(128,128)",4.492933299974538,C:\Users\mrkys\workspace\NTD-PL\multirun\neurips-lowrank-core\benchmark\cave_hsi_block_id09_seed0_mr0.3_tucker_r12_12_3,0.6973876953125,0.0,0.08860619487997089,38.39260030349985,-5.586746855066954,21.05071826922607,0.8192286512934341,99.45400161106512,0.15534664838414558,53.27005889483307,-0.43805482724639,16.173962244893765,0.42566820755652224,190.3701925460551
cave_hsi,10,structured-missing-completion,block,0,0.3,ntdpl,"(12,12,3)","(128,128)",7.652834100066684,C:\Users\mrkys\workspace\NTD-PL\multirun\neurips-lowrank-core\run\cave_hsi_block_id10_seed0_mr0.3_ntdpl_r12_12_3,0.6973876953125,0.0,0.24750441312789917,19.46181191133735,2.390338278536912,12.128341080732932,0.3949691780596166,199.3326529760525,0.4480263590812683,19.07678059085005,7.172277586555832,6.9739293602131704,0.14808823065931914,343.930081896372
cave_hsi,10,structured-missing-completion,block,0,0.3,softimpute,"(12,12,3)","(128,128)",40.44608790008351,C:\Users\mrkys\workspace\NTD-PL\multirun\neurips-lowrank-core\benchmark\cave_hsi_block_id10_seed0_mr0.3_softimpute_r12_12_3,0.6973876953125,0.0,0.05921314284205437,4.236535712627105,-10.03295844192154,24.551637910397584,0.9072208404456645,50.927765481997746,0.10764028131961823,13.999878646697741,-5.214297218032585,19.36050374175824,0.5988167585624835,87.19727232904496
cave_hsi,10,structured-missing-completion,block,0,0.3,tucker,"(12,12,3)","(128,128)",4.313361500040628,C:\Users\mrkys\workspace\NTD-PL\multirun\neurips-lowrank-core\benchmark\cave_hsi_block_id10_seed0_mr0.3_tucker_r12_12_3,0.6973876953125,0.0,0.06969040072645644,21.125541434356535,-8.617861436304837,23.13654076476392,0.8937153376101858,60.15147408445806,0.11834411489352772,23.921579898774542,-4.390860318840353,18.53706668250792,0.7310464158057651,96.63132443329431
cave_hsi,11,structured-missing-completion,block,0,0.3,ntdpl,"(12,12,3)","(128,128)",8.03808540001046,C:\Users\mrkys\workspace\NTD-PL\multirun\neurips-lowrank-core\run\cave_hsi_block_id11_seed0_mr0.3_ntdpl_r12_12_3,0.6973876953125,0.0,0.15460680425167084,20.288194082320295,-3.7596456331592427,16.215427941869965,0.6310235540476136,86.55471819581547,0.27039071917533875,28.722872401504493,0.4311183392660176,11.36016373091168,0.2415636941743883,137.2519078044137
cave_hsi,11,structured-missing-completion,block,0,0.3,softimpute,"(12,12,3)","(128,128)",47.00292399991304,C:\Users\mrkys\workspace\NTD-PL\multirun\neurips-lowrank-core\benchmark\cave_hsi_block_id11_seed0_mr0.3_softimpute_r12_12_3,0.6973876953125,0.0,0.10137610137462616,7.417547527860103,-7.425505758221831,19.881288709826638,0.7923520466822007,60.077455505686274,0.1842859834432602,24.511717636889685,-2.8988716662146286,14.690154541187297,0.23387193809681267,98.85830068318154
cave_hsi,11,structured-missing-completion,block,0,0.3,tucker,"(12,12,3)","(128,128)",4.755103300092742,C:\Users\mrkys\workspace\NTD-PL\multirun\neurips-lowrank-core\benchmark\cave_hsi_block_id11_seed0_mr0.3_tucker_r12_12_3,0.6973876953125,0.0,0.1475069940380131,26.57078438647527,-4.167965090624233,16.623747742854892,0.658542230523639,87.97302777260775,0.25508311043849496,46.730157882290335,-0.07508335783537214,11.866365918842378,0.31986208573863756,136.56433816266832
cave_hsi,12,structured-missing-completion,block,0,0.3,ntdpl,"(12,12,3)","(128,128)",7.844864099984989,C:\Users\mrkys\workspace\NTD-PL\multirun\neurips-lowrank-core\run\cave_hsi_block_id12_seed0_mr0.3_ntdpl_r12_12_3,0.6973876953125,0.0,0.13171172142028809,12.148253109859027,-9.073444861593421,17.60751165928973,0.869894263166595,47.12826350452961,0.23700174689292908,17.657067165799482,-4.579756539233141,12.504968943667551,0.4896297193433678,73.19577557722667
cave_hsi,12,structured-missing-completion,block,0,0.3,softimpute,"(12,12,3)","(128,128)",32.46990949998144,C:\Users\mrkys\workspace\NTD-PL\multirun\neurips-lowrank-core\benchmark\cave_hsi_block_id12_seed0_mr0.3_softimpute_r12_12_3,0.6973876953125,0.0,0.10660361498594284,2.781259279306655,-10.910495216177303,19.44456160185434,0.9136951904127323,42.277148946756746,0.1937887817621231,9.190832855842265,-6.328214927497782,14.253427433214998,0.6694395339855027,65.84704985720408
cave_hsi,12,structured-missing-completion,block,0,0.3,tucker,"(12,12,3)","(128,128)",4.795364400022663,C:\Users\mrkys\workspace\NTD-PL\multirun\neurips-lowrank-core\benchmark\cave_hsi_block_id12_seed0_mr0.3_tucker_r12_12_3,0.6973876953125,0.0,0.13565160862859196,14.745342727532012,-8.81743469332542,17.35150103555915,0.862546476830183,48.42182402600784,0.24251397076838016,21.6134183609617,-4.380052353090794,12.305264749247085,0.47673291477953256,74.45656488623995
cave_hsi,13,structured-missing-completion,block,0,0.3,ntdpl,"(12,12,3)","(128,128)",7.448451100033708,C:\Users\mrkys\workspace\NTD-PL\multirun\neurips-lowrank-core\run\cave_hsi_block_id13_seed0_mr0.3_ntdpl_r12_12_3,0.6973876953125,0.0,0.10613586753606796,26.33600861325777,-6.499862763491318,19.482756752078572,0.8447118061807392,85.4288487463771,0.1865091472864151,30.94326822847556,-1.0497497477875621,14.585997337496927,0.4827374379033679,163.6644660708168
cave_hsi,13,structured-missing-completion,block,0,0.3,softimpute,"(12,12,3)","(128,128)",51.02731400006451,C:\Users\mrkys\workspace\NTD-PL\multirun\neurips-lowrank-core\benchmark\cave_hsi_block_id13_seed0_mr0.3_softimpute_r12_12_3,0.6973876953125,0.0,0.08130080252885818,6.087767623587192,-8.81520966294451,21.7981033435387,0.8909624743112647,66.71947963543722,0.14779220521450043,20.117382404669936,-3.0707220053682747,16.606969174899355,0.3828044683121091,128.5440501735729
cave_hsi,13,structured-missing-completion,block,0,0.3,tucker,"(12,12,3)","(128,128)",5.028743400005624,C:\Users\mrkys\workspace\NTD-PL\multirun\neurips-lowrank-core\benchmark\cave_hsi_block_id13_seed0_mr0.3_tucker_r12_12_3,0.6973876953125,0.0,0.10804947498539133,33.9608898753297,-6.34465307225652,19.327546780427646,0.8372093352027792,89.09045842867909,0.18910552713851844,48.06031811616556,-0.9296680495915254,14.465915549944299,0.44955753214604194,167.37799263523067
cave_hsi,14,structured-missing-completion,block,0,0.3,ntdpl,"(12,12,3)","(128,128)",7.287882799981162,C:\Users\mrkys\workspace\NTD-PL\multirun\neurips-lowrank-core\run\cave_hsi_block_id14_seed0_mr0.3_ntdpl_r12_12_3,0.6973876953125,0.0,0.13407322764396667,28.576745845433294,1.0714888093789392,17.453157658261645,0.5148489253038602,219.90527662932317,0.24153244495391846,34.58260669290728,5.724344503708657,12.34049009178355,0.1945921895208712,380.3250217389582
cave_hsi,14,structured-missing-completion,block,0,0.3,softimpute,"(12,12,3)","(128,128)",51.57309159997385,C:\Users\mrkys\workspace\NTD-PL\multirun\neurips-lowrank-core\benchmark\cave_hsi_block_id14_seed0_mr0.3_softimpute_r12_12_3,0.6973876953125,0.0,0.05292462930083275,6.226311837213673,-7.002196595039612,25.52684358492877,0.8452585345644242,96.7519186522278,0.09620874375104904,20.575209832795966,-2.270874664782672,20.33570941628943,0.2899847256545732,167.30107423481172
cave_hsi,14,structured-missing-completion,block,0,0.3,tucker,"(12,12,3)","(128,128)",4.882838299963623,C:\Users\mrkys\workspace\NTD-PL\multirun\neurips-lowrank-core\benchmark\cave_hsi_block_id14_seed0_mr0.3_tucker_r12_12_3,0.6973876953125,0.0,0.06495287043934861,31.223552249573792,-5.223385838445516,23.748033030872584,0.8207515676297775,118.06694667823439,0.11236323663000868,43.09944760965465,-0.9226802936868305,18.98751518821524,0.552358785002786,191.62927038315772
cave_hsi,15,structured-missing-completion,block,0,0.3,ntdpl,"(12,12,3)","(128,128)",9.101847300073132,C:\Users\mrkys\workspace\NTD-PL\multirun\neurips-lowrank-core\run\cave_hsi_block_id15_seed0_mr0.3_ntdpl_r12_12_3,0.6973876953125,0.0,0.05748116225004196,27.28310400069085,-9.318250673586801,24.80948924978492,0.9106463494477106,62.889684742096584,0.09737333655357361,30.930119058276304,-4.3205353200877425,20.231199071814167,0.6885215334737347,116.35178130115911
cave_hsi,15,structured-missing-completion,block,0,0.3,softimpute,"(12,12,3)","(128,128)",36.01916190003976,C:\Users\mrkys\workspace\NTD-PL\multirun\neurips-lowrank-core\benchmark\cave_hsi_block_id15_seed0_mr0.3_softimpute_r12_12_3,0.6973876953125,0.0,0.0536341667175293,5.4061345231856635,-9.919930490355434,25.411169577788435,0.9142062646559802,57.502932481505745,0.0974985659122467,17.864886110099732,-4.309371568499336,20.220035409149094,0.5405377683861083,113.31249693868308
cave_hsi,15,structured-missing-completion,block,0,0.3,tucker,"(12,12,3)","(128,128)",4.59074289991986,C:\Users\mrkys\workspace\NTD-PL\multirun\neurips-lowrank-core\benchmark\cave_hsi_block_id15_seed0_mr0.3_tucker_r12_12_3,0.6973876953125,0.0,0.06730110405713748,31.21947287668296,-7.9483178546174,23.439556224587456,0.8815538851171651,74.0487932079394,0.11504398332205074,41.19374720874049,-2.87205810996834,18.78272179081686,0.6196931445863693,137.97210061593958
cave_hsi,1,structured-missing-completion,block,1,0.3,ntdpl,"(12,12,3)","(128,128)",8.289458600105718,C:\Users\mrkys\workspace\NTD-PL\multirun\neurips-lowrank-core\run\cave_hsi_block_id01_seed1_mr0.3_ntdpl_r12_12_3,0.69580078125,1.0,0.08230535686016083,12.980207692022105,-8.210897212207769,21.691438038762204,0.8425590917162317,58.32760748398979,0.14565910398960114,14.943068927466806,-4.462142249564003,16.73324776934458,0.5029048842396907,82.75964667249916
cave_hsi,1,structured-missing-completion,block,1,0.3,softimpute,"(12,12,3)","(128,128)",44.480183199979365,C:\Users\mrkys\workspace\NTD-PL\multirun\neurips-lowrank-core\benchmark\cave_hsi_block_id01_seed1_mr0.3_softimpute_r12_12_3,0.69580078125,1.0,0.0984560176730156,3.997035231428086,-6.654613375122205,20.135154419146208,0.7654058816442396,69.64948046585532,0.17851029336452484,13.139530996333022,-2.6956290545727963,14.966735362699977,0.23101385025084403,101.33159001222596
cave_hsi,1,structured-missing-completion,block,1,0.3,tucker,"(12,12,3)","(128,128)",4.584551800042391,C:\Users\mrkys\workspace\NTD-PL\multirun\neurips-lowrank-core\benchmark\cave_hsi_block_id01_seed1_mr0.3_tucker_r12_12_3,0.69580078125,1.0,0.08913329021602025,16.844509709668955,-7.51866028346274,20.999201237582767,0.8199941212897199,63.02817919436564,0.15775282470160276,24.46252491510208,-3.7693516070590753,16.04045711187168,0.46720182537353877,89.62249727051224
cave_hsi,2,structured-missing-completion,block,1,0.3,ntdpl,"(12,12,3)","(128,128)",8.917600300046615,C:\Users\mrkys\workspace\NTD-PL\multirun\neurips-lowrank-core\run\cave_hsi_block_id02_seed1_mr0.3_ntdpl_r12_12_3,0.69580078125,1.0,0.2510589361190796,32.39784052508769,1.4733452299596852,12.004486058189002,0.3237187472987067,177.1367276758761,0.4352177679538727,44.05718100845625,5.594375856589445,7.225867454220406,0.05001444093030727,262.4459831929676
cave_hsi,2,structured-missing-completion,block,1,0.3,softimpute,"(12,12,3)","(128,128)",125.81193179998081,C:\Users\mrkys\workspace\NTD-PL\multirun\neurips-lowrank-core\benchmark\cave_hsi_block_id02_seed1_mr0.3_softimpute_r12_12_3,0.69580078125,1.0,0.10124070942401886,10.374129290623515,-6.415064945401109,19.892895907736733,0.7895446938807887,82.51439795149503,0.18355919420719147,34.10307615695874,-1.9042332215944735,14.724476851290495,0.17325309607543013,131.39903598346564
cave_hsi,2,structured-missing-completion,block,1,0.3,tucker,"(12,12,3)","(128,128)",4.7472270000725985,C:\Users\mrkys\workspace\NTD-PL\multirun\neurips-lowrank-core\benchmark\cave_hsi_block_id02_seed1_mr0.3_tucker_r12_12_3,0.69580078125,1.0,0.194070579650779,39.66664161337807,-0.7629746006056232,14.240805939708531,0.4332503755635521,148.1304168777226,0.3207741381647832,60.38000306397852,2.9442306542939356,9.876013063685177,0.10373962591478242,207.60374635457129
cave_hsi,3,structured-missing-completion,block,1,0.3,ntdpl,"(12,12,3)","(128,128)",8.3208328000037,C:\Users\mrkys\workspace\NTD-PL\multirun\neurips-lowrank-core\run\cave_hsi_block_id03_seed1_mr0.3_ntdpl_r12_12_3,0.69580078125,1.0,0.06762117892503738,33.677341731011346,-6.0064715779922295,23.39834598678894,0.81787066261189,95.07584784000035,0.10627499222755432,34.541133931163095,-0.45638155386324847,19.47137865212993,0.2509265388956159,161.09974590760385
cave_hsi,3,structured-missing-completion,block,1,0.3,softimpute,"(12,12,3)","(128,128)",60.22214199998416,C:\Users\mrkys\workspace\NTD-PL\multirun\neurips-lowrank-core\benchmark\cave_hsi_block_id03_seed1_mr0.3_softimpute_r12_12_3,0.69580078125,1.0,0.04565220698714256,4.431715829143165,-9.41889068290951,26.81076471729702,0.9088579262324633,67.85635035368658,0.08277186006307602,14.568464952442246,-2.6273482271506388,21.642345660850786,0.3291266240256063,127.73968563541705
cave_hsi,3,structured-missing-completion,block,1,0.3,tucker,"(12,12,3)","(128,128)",4.706493000034243,C:\Users\mrkys\workspace\NTD-PL\multirun\neurips-lowrank-core\benchmark\cave_hsi_block_id03_seed1_mr0.3_tucker_r12_12_3,0.69580078125,1.0,0.07641403590324469,35.93745341498217,-4.94466318223126,22.33653723805269,0.770663275115583,110.93144515186464,0.12094275791911274,42.974819216555844,0.6665944703231347,18.34840264359184,0.14735061800931623,189.05799031827385
cave_hsi,4,structured-missing-completion,block,1,0.3,ntdpl,"(12,12,3)","(128,128)",8.929136199993081,C:\Users\mrkys\workspace\NTD-PL\multirun\neurips-lowrank-core\run\cave_hsi_block_id04_seed1_mr0.3_ntdpl_r12_12_3,0.69580078125,1.0,0.13409994542598724,18.24613162268217,-6.852879720966271,17.451427577188188,0.8341397639483927,84.02949870272025,0.2390129715204239,19.757858070588682,-2.944700151073042,12.431570683737442,0.4605549391407877,114.69708267128202
cave_hsi,4,structured-missing-completion,block,1,0.3,softimpute,"(12,12,3)","(128,128)",47.436367199989036,C:\Users\mrkys\workspace\NTD-PL\multirun\neurips-lowrank-core\benchmark\cave_hsi_block_id04_seed1_mr0.3_softimpute_r12_12_3,0.69580078125,1.0,0.11757805198431015,4.328632148483617,-7.994926755724596,18.59347482465648,0.8555938174991101,73.58336130049385,0.21318036317825317,14.229595964055386,-3.93818577224501,13.42505576821024,0.4572663498982044,102.1015809134832
cave_hsi,4,structured-missing-completion,block,1,0.3,tucker,"(12,12,3)","(128,128)",4.856339600053616,C:\Users\mrkys\workspace\NTD-PL\multirun\neurips-lowrank-core\benchmark\cave_hsi_block_id04_seed1_mr0.3_tucker_r12_12_3,0.69580078125,1.0,0.16248180154444725,26.75801149321692,-5.185357331677414,15.783905485261101,0.7596933791346064,101.58958151646189,0.2906239199728371,41.46211670145761,-1.2465026171044356,10.733372874077867,0.2702248317914342,139.23620479188804
cave_hsi,5,structured-missing-completion,block,1,0.3,ntdpl,"(12,12,3)","(128,128)",7.698982500005513,C:\Users\mrkys\workspace\NTD-PL\multirun\neurips-lowrank-core\run\cave_hsi_block_id05_seed1_mr0.3_ntdpl_r12_12_3,0.69580078125,1.0,0.06417696923017502,29.826064273826887,-8.054561845105763,23.85241608890106,0.8846135282516393,78.37128943018786,0.11447703093290329,31.431199255517598,-3.20029906096498,18.82563283542131,0.4733735860987069,128.88617262881291
cave_hsi,5,structured-missing-completion,block,1,0.3,softimpute,"(12,12,3)","(128,128)",34.35568329994567,C:\Users\mrkys\workspace\NTD-PL\multirun\neurips-lowrank-core\benchmark\cave_hsi_block_id05_seed1_mr0.3_softimpute_r12_12_3,0.69580078125,1.0,0.046260569244623184,5.721287654126279,-10.897926285011277,26.695780343410224,0.9363763936071979,58.39642225872252,0.08387488126754761,18.807699504357547,-5.902027249129647,21.527361286963988,0.6728054367176941,99.89439133812972
cave_hsi,5,structured-missing-completion,block,1,0.3,tucker,"(12,12,3)","(128,128)",5.004613899975084,C:\Users\mrkys\workspace\NTD-PL\multirun\neurips-lowrank-core\benchmark\cave_hsi_block_id05_seed1_mr0.3_tucker_r12_12_3,0.69580078125,1.0,0.07406225525126106,36.407132947294,-6.81020697224354,22.608061349845634,0.8510668702203239,98.79666433353768,0.13225305869086726,42.40345087329911,-1.946551544883833,17.571885500077936,0.37040361177665876,169.32662860110707
cave_hsi,6,structured-missing-completion,block,1,0.3,ntdpl,"(12,12,3)","(128,128)",9.20759630005341,C:\Users\mrkys\workspace\NTD-PL\multirun\neurips-lowrank-core\run\cave_hsi_block_id06_seed1_mr0.3_ntdpl_r12_12_3,0.69580078125,1.0,0.11354288458824158,12.87428217386218,-7.047836372503924,18.896801650248236,0.7555687707126677,81.46197730203828,0.17658676207065582,18.342011175907466,-3.3581963899499097,15.06083669569545,0.5026013072748606,128.83463245730792
cave_hsi,6,structured-missing-completion,block,1,0.3,softimpute,"(12,12,3)","(128,128)",26.836997199920006,C:\Users\mrkys\workspace\NTD-PL\multirun\neurips-lowrank-core\benchmark\cave_hsi_block_id06_seed1_mr0.3_softimpute_r12_12_3,0.69580078125,1.0,0.08147947490215302,4.48376689387973,-9.930070705978471,21.779035562905044,0.8681052035128404,48.52182496020832,0.14773015677928925,14.73957342302318,-4.9079765943170965,16.61061650645881,0.4847658646626553,86.61045008230529
cave_hsi,6,structured-missing-completion,block,1,0.3,tucker,"(12,12,3)","(128,128)",4.9069188999710605,C:\Users\mrkys\workspace\NTD-PL\multirun\neurips-lowrank-core\benchmark\cave_hsi_block_id06_seed1_mr0.3_tucker_r12_12_3,0.69580078125,1.0,0.12332324657134858,14.191239790913542,-6.3301358812313815,18.17910101373666,0.7288545789385865,87.0014496303092,0.19553571857718163,22.091363826745912,-2.472837631073976,14.175477965970046,0.4855251830169673,138.42324011529993
cave_hsi,7,structured-missing-completion,block,1,0.3,ntdpl,"(12,12,3)","(128,128)",7.860966800013557,C:\Users\mrkys\workspace\NTD-PL\multirun\neurips-lowrank-core\run\cave_hsi_block_id07_seed1_mr0.3_ntdpl_r12_12_3,0.69580078125,1.0,0.02608780562877655,26.98080433148894,-12.890300960130405,31.671248671765994,0.9689415018113737,51.82756343907155,0.04255276545882225,29.93211457223055,-3.5390483472056102,27.421444308936543,0.6599735284196943,142.61025858587416
cave_hsi,7,structured-missing-completion,block,1,0.3,softimpute,"(12,12,3)","(128,128)",33.91376659995876,C:\Users\mrkys\workspace\NTD-PL\multirun\neurips-lowrank-core\benchmark\cave_hsi_block_id07_seed1_mr0.3_softimpute_r12_12_3,0.69580078125,1.0,0.025630034506320953,5.62358491625594,-13.044068030203652,31.825015716320447,0.9660260813925765,50.29614964343867,0.04646972939372063,18.486519363077768,-2.774201103341559,26.65659665987421,0.44906500564873775,155.47641689940514
cave_hsi,7,structured-missing-completion,block,1,0.3,tucker,"(12,12,3)","(128,128)",1.384847000008449,C:\Users\mrkys\workspace\NTD-PL\multirun\neurips-lowrank-core\benchmark\cave_hsi_block_id07_seed1_mr0.3_tucker_r12_12_3,0.69580078125,1.0,0.032221068825157254,31.97605098084877,-11.056253368704818,29.83720114849806,0.9497007844636508,64.81025605822374,0.05344233246428052,32.09318619314423,-1.5598957607316306,25.44229191100182,0.43962163003616656,186.24141735335743
cave_hsi,8,structured-missing-completion,block,1,0.3,ntdpl,"(12,12,3)","(128,128)",7.937949899933301,C:\Users\mrkys\workspace\NTD-PL\multirun\neurips-lowrank-core\run\cave_hsi_block_id08_seed1_mr0.3_ntdpl_r12_12_3,0.69580078125,1.0,0.09195473790168762,21.478232242601727,-7.516945086017516,20.72851741527178,0.8670888672684515,74.14492639282912,0.1560811549425125,23.0394279270308,-2.2841771631643617,16.132990082351952,0.5000093417324836,127.45721583363505
cave_hsi,8,structured-missing-completion,block,1,0.3,softimpute,"(12,12,3)","(128,128)",37.096336400019936,C:\Users\mrkys\workspace\NTD-PL\multirun\neurips-lowrank-core\benchmark\cave_hsi_block_id08_seed1_mr0.3_softimpute_r12_12_3,0.69580078125,1.0,0.08382565528154373,5.102084242011697,-8.320888391150532,21.53246111393653,0.8728747855091628,67.63463980257075,0.15198400616645813,16.772180074490716,-2.515228841362893,16.3640420574903,0.2724189614432423,123.66919112216861
cave_hsi,8,structured-missing-completion,block,1,0.3,tucker,"(12,12,3)","(128,128)",4.599185099941678,C:\Users\mrkys\workspace\NTD-PL\multirun\neurips-lowrank-core\benchmark\cave_hsi_block_id08_seed1_mr0.3_tucker_r12_12_3,0.69580078125,1.0,0.11414480315094631,30.701560239196425,-5.639304527998168,18.850877130561148,0.8053852248067686,92.63081472302073,0.19569330710296826,38.757400210617384,-0.3196673774555647,14.16848054743824,0.36683937215467904,161.12338810436603
cave_hsi,9,structured-missing-completion,block,1,0.3,ntdpl,"(12,12,3)","(128,128)",8.939554100041278,C:\Users\mrkys\workspace\NTD-PL\multirun\neurips-lowrank-core\run\cave_hsi_block_id09_seed1_mr0.3_ntdpl_r12_12_3,0.69580078125,1.0,0.08198356628417969,28.04894863074478,-6.26149272222187,21.72546416775367,0.8519863426355954,84.65828945246552,0.14338110387325287,31.684687374839523,0.05889480382571374,16.870161565795488,0.44888428599604846,176.50919640571647
cave_hsi,9,structured-missing-completion,block,1,0.3,softimpute,"(12,12,3)","(128,128)",37.1833256999962,C:\Users\mrkys\workspace\NTD-PL\multirun\neurips-lowrank-core\benchmark\cave_hsi_block_id09_seed1_mr0.3_softimpute_r12_12_3,0.69580078125,1.0,0.05278392881155014,7.581986644804161,-10.085994055379313,25.549965245533702,0.9252308966096001,60.778956036253895,0.09570237249135971,24.924411398179714,-3.4524894686293046,20.38154618908747,0.45793479562946543,133.44861535852536
cave_hsi,9,structured-missing-completion,block,1,0.3,tucker,"(12,12,3)","(128,128)",4.592828699969687,C:\Users\mrkys\workspace\NTD-PL\multirun\neurips-lowrank-core\benchmark\cave_hsi_block_id09_seed1_mr0.3_tucker_r12_12_3,0.69580078125,1.0,0.08665157317408184,40.12600705008485,-5.7804995496036735,21.24447096376279,0.8318941953629585,97.2161473668055,0.1509026493881084,53.834096797012236,0.5029937727768462,16.426062705543842,0.35575825085821755,203.37732096602116
cave_hsi,10,structured-missing-completion,block,1,0.3,ntdpl,"(12,12,3)","(128,128)",7.938764899969101,C:\Users\mrkys\workspace\NTD-PL\multirun\neurips-lowrank-core\run\cave_hsi_block_id10_seed1_mr0.3_ntdpl_r12_12_3,0.69580078125,1.0,0.6506299376487732,19.621516562731976,10.785359992528825,3.733319385858396,0.08972344445479151,509.7527278117572,1.1789262294769287,21.427480895485274,16.358142787746473,-1.4297332164143368,0.02428200515256498,963.8739340132452
cave_hsi,10,structured-missing-completion,block,1,0.3,softimpute,"(12,12,3)","(128,128)",31.182143099955283,C:\Users\mrkys\workspace\NTD-PL\multirun\neurips-lowrank-core\benchmark\cave_hsi_block_id10_seed1_mr0.3_softimpute_r12_12_3,0.69580078125,1.0,0.05152919143438339,4.092018846721503,-11.240254310908348,25.758933565388965,0.9313504416581436,45.075843790684964,0.09342740476131439,13.45177246321349,-5.6621049165935355,20.59051450894273,0.6429850943588303,85.6202619883263
cave_hsi,10,structured-missing-completion,block,1,0.3,tucker,"(12,12,3)","(128,128)",4.541630499996245,C:\Users\mrkys\workspace\NTD-PL\multirun\neurips-lowrank-core\benchmark\cave_hsi_block_id10_seed1_mr0.3_tucker_r12_12_3,0.69580078125,1.0,0.07869280841869633,21.05123179243994,-7.562619774495962,22.081299102955043,0.8719786121913718,68.93187028244381,0.13530854857600408,25.41177400429828,-2.4450856956261915,17.373495290204787,0.6682300225822864,124.19166732522766
cave_hsi,11,structured-missing-completion,block,1,0.3,ntdpl,"(12,12,3)","(128,128)",9.343564800103195,C:\Users\mrkys\workspace\NTD-PL\multirun\neurips-lowrank-core\run\cave_hsi_block_id11_seed1_mr0.3_ntdpl_r12_12_3,0.69580078125,1.0,0.11947005987167358,19.123825189413285,-5.999035649251358,18.45481837132632,0.7441941649230731,70.6228685227934,0.20389188826084137,24.872071848148565,-2.49229036582906,13.812001051155182,0.4190519888145642,104.10534919532081
cave_hsi,11,structured-missing-completion,block,1,0.3,softimpute,"(12,12,3)","(128,128)",45.52170259994455,C:\Users\mrkys\workspace\NTD-PL\multirun\neurips-lowrank-core\benchmark\cave_hsi_block_id11_seed1_mr0.3_softimpute_r12_12_3,0.69580078125,1.0,0.10903628915548325,6.538826034200371,-6.792796347998289,19.248578956695713,0.7557619473528918,63.16509082062956,0.19769331812858582,21.49520929412823,-2.7604491640320217,14.080159900249477,0.21767377059899717,99.27387709939921
cave_hsi,11,structured-missing-completion,block,1,0.3,tucker,"(12,12,3)","(128,128)",4.358038399950601,C:\Users\mrkys\workspace\NTD-PL\multirun\neurips-lowrank-core\benchmark\cave_hsi_block_id11_seed1_mr0.3_tucker_r12_12_3,0.69580078125,1.0,0.13463511095838426,22.98507443999606,-4.961050695773878,17.416833348004534,0.6926354748520798,80.29149267142967,0.23107043880701694,34.55478178917166,-1.4054016549118389,12.725112218428656,0.36198463975630263,119.25700568917294
cave_hsi,12,structured-missing-completion,block,1,0.3,ntdpl,"(12,12,3)","(128,128)",7.534296300029382,C:\Users\mrkys\workspace\NTD-PL\multirun\neurips-lowrank-core\run\cave_hsi_block_id12_seed1_mr0.3_ntdpl_r12_12_3,0.69580078125,1.0,0.1264474242925644,12.924745853029698,-9.427734244360732,17.961800407045693,0.8795609335047164,41.83713461032395,0.2265918105840683,19.77856488463074,-4.554983677099187,12.895115459491924,0.46770787061002234,69.22038295589705
cave_hsi,12,structured-missing-completion,block,1,0.3,softimpute,"(12,12,3)","(128,128)",28.6781781000318,C:\Users\mrkys\workspace\NTD-PL\multirun\neurips-lowrank-core\benchmark\cave_hsi_block_id12_seed1_mr0.3_softimpute_r12_12_3,0.69580078125,1.0,0.11171521246433258,2.6888240660065934,-10.503687170717093,19.037753380442474,0.906734480689017,43.05262396906559,0.2025504857301712,8.839023056785807,-5.52920186456282,13.869334323996242,0.6074131835970268,75.05202844280008
cave_hsi,12,structured-missing-completion,block,1,0.3,tucker,"(12,12,3)","(128,128)",1.6923769999993965,C:\Users\mrkys\workspace\NTD-PL\multirun\neurips-lowrank-core\benchmark\cave_hsi_block_id12_seed1_mr0.3_tucker_r12_12_3,0.69580078125,1.0,0.13531561725281394,16.52898566310948,-8.838975198791024,17.37304154102475,0.858818514188113,47.76406774324679,0.24075832627289,25.701133066231964,-4.028241624367158,12.368373690146043,0.3101138955487186,79.22331619963225
cave_hsi,13,structured-missing-completion,block,1,0.3,ntdpl,"(12,12,3)","(128,128)",9.320973300025798,C:\Users\mrkys\workspace\NTD-PL\multirun\neurips-lowrank-core\run\cave_hsi_block_id13_seed1_mr0.3_ntdpl_r12_12_3,0.69580078125,1.0,0.13110114634037018,26.780163715557382,-4.664976338911085,17.647870120518846,0.693933122441956,106.56809633068873,0.23428866267204285,28.81716681167315,-2.243381451993704,12.604974859053543,0.31435040030771805,121.00981073322966
cave_hsi,13,structured-missing-completion,block,1,0.3,softimpute,"(12,12,3)","(128,128)",70.66505080007482,C:\Users\mrkys\workspace\NTD-PL\multirun\neurips-lowrank-core\benchmark\cave_hsi_block_id13_seed1_mr0.3_softimpute_r12_12_3,0.69580078125,1.0,0.13150261342525482,6.595869340814194,-4.638418308419165,17.62131163116559,0.6586599062627503,106.66891638582132,0.23842696845531464,21.682728818168105,-2.0912997514831213,12.452892574719357,0.19550674369828608,122.27871477058407
cave_hsi,13,structured-missing-completion,block,1,0.3,tucker,"(12,12,3)","(128,128)",4.6428886000067,C:\Users\mrkys\workspace\NTD-PL\multirun\neurips-lowrank-core\benchmark\cave_hsi_block_id13_seed1_mr0.3_tucker_r12_12_3,0.69580078125,1.0,0.14924256593530583,36.524587163834724,-3.5392521462106883,16.522145854381815,0.6235903967568533,121.63684365846909,0.2670188656008165,52.061829101580884,-1.1075679417207995,11.469161069570752,0.23193907265572428,139.07698211569593
cave_hsi,14,structured-missing-completion,block,1,0.3,ntdpl,"(12,12,3)","(128,128)",7.496771099977195,C:\Users\mrkys\workspace\NTD-PL\multirun\neurips-lowrank-core\run\cave_hsi_block_id14_seed1_mr0.3_ntdpl_r12_12_3,0.69580078125,1.0,0.13790583610534668,30.853718040108063,1.3163001150819318,17.208346843460625,0.5137244073203804,230.71259941650922,0.24822165071964264,35.34895185863743,7.401203292181288,12.10320712915915,0.1353968309095393,453.75014821083715
cave_hsi,14,structured-missing-completion,block,1,0.3,softimpute,"(12,12,3)","(128,128)",143.8092243000865,C:\Users\mrkys\workspace\NTD-PL\multirun\neurips-lowrank-core\benchmark\cave_hsi_block_id14_seed1_mr0.3_softimpute_r12_12_3,0.69580078125,1.0,0.04276295378804207,7.049651647079326,-8.853999057455274,27.37864613469656,0.9051575427210967,69.01111485673131,0.07753336429595947,23.174456228906575,-2.705817262146268,22.210227078250323,0.3982219313274544,136.41879216158495
cave_hsi,14,structured-missing-completion,block,1,0.3,tucker,"(12,12,3)","(128,128)",4.679231400019489,C:\Users\mrkys\workspace\NTD-PL\multirun\neurips-lowrank-core\benchmark\cave_hsi_block_id14_seed1_mr0.3_tucker_r12_12_3,0.69580078125,1.0,0.07014810972364977,32.575628441204216,-4.555033355210217,23.079680547637285,0.8044133030132115,138.68230098638492,0.12295518293955031,44.313176298012664,1.2993468168825872,18.20506319379533,0.4066061745831792,275.6519822397482
cave_hsi,15,structured-missing-completion,block,1,0.3,ntdpl,"(12,12,3)","(128,128)",8.042581399902701,C:\Users\mrkys\workspace\NTD-PL\multirun\neurips-lowrank-core\run\cave_hsi_block_id15_seed1_mr0.3_ntdpl_r12_12_3,0.69580078125,1.0,0.08279725909233093,27.64291240064751,-6.148442467356467,21.639680944423446,0.7920056667457045,89.41034927192953,0.14603042602539062,28.60573701155516,-2.9399300744851233,16.711133309553617,0.4209123195807137,110.528847141191
cave_hsi,15,structured-missing-completion,block,1,0.3,softimpute,"(12,12,3)","(128,128)",47.5943905999884,C:\Users\mrkys\workspace\NTD-PL\multirun\neurips-lowrank-core\benchmark\cave_hsi_block_id15_seed1_mr0.3_softimpute_r12_12_3,0.69580078125,1.0,0.07921493798494339,5.007578337207638,-6.53261991150568,22.02385822571943,0.7899679237866165,85.93938120367136,0.14362433552742004,16.46150897625832,-3.0842361173753794,16.855439169273197,0.3432825771302,109.45050744191282
cave_hsi,15,structured-missing-completion,block,1,0.3,tucker,"(12,12,3)","(128,128)",4.7880877000279725,C:\Users\mrkys\workspace\NTD-PL\multirun\neurips-lowrank-core\benchmark\cave_hsi_block_id15_seed1_mr0.3_tucker_r12_12_3,0.69580078125,1.0,0.09168540556485186,24.554399461845954,-5.262757421991973,20.75399579196203,0.7578838936688035,101.17930188138673,0.16221362280867196,35.2929708132187,-2.0270506549936558,15.798253525037397,0.38513359053791607,125.05430245939775
cave_hsi,1,structured-missing-completion,block,2,0.3,ntdpl,"(12,12,3)","(128,128)",8.38529069989454,C:\Users\mrkys\workspace\NTD-PL\multirun\neurips-lowrank-core\run\cave_hsi_block_id01_seed2_mr0.3_ntdpl_r12_12_3,0.6966552734375,2.0,0.06625573337078094,13.012591122800455,-10.094989844946,23.575530907759244,0.9054458305932405,45.898402262742856,0.11598088592290878,15.133758770499712,-5.439803774244125,18.712271879120788,0.6680315576488863,74.72599503766114
cave_hsi,1,structured-missing-completion,block,2,0.3,softimpute,"(12,12,3)","(128,128)",43.24286350002512,C:\Users\mrkys\workspace\NTD-PL\multirun\neurips-lowrank-core\benchmark\cave_hsi_block_id01_seed2_mr0.3_softimpute_r12_12_3,0.6966552734375,2.0,0.07113020867109299,3.779192889167535,-9.478377591590586,22.958918714843627,0.8831985890610828,49.303127703489174,0.1291474550962448,12.458409158011863,-4.5058151529459645,17.77828320921958,0.4869929275485568,83.13192056311999
cave_hsi,1,structured-missing-completion,block,2,0.3,tucker,"(12,12,3)","(128,128)",4.644327000016347,C:\Users\mrkys\workspace\NTD-PL\multirun\neurips-lowrank-core\benchmark\cave_hsi_block_id01_seed2_mr0.3_tucker_r12_12_3,0.6966552734375,2.0,0.07560728804284843,16.350569034277065,-8.948185833147392,22.428726787267415,0.8814094489017945,52.10432267723035,0.13321790077775383,24.304510463439517,-4.236280004797614,17.5087482830954,0.6181733685258646,85.48167845450652
cave_hsi,2,structured-missing-completion,block,2,0.3,ntdpl,"(12,12,3)","(128,128)",7.8966515000211075,C:\Users\mrkys\workspace\NTD-PL\multirun\neurips-lowrank-core\run\cave_hsi_block_id02_seed2_mr0.3_ntdpl_r12_12_3,0.6966552734375,2.0,0.427577942609787,32.037092443873235,6.0981372234862485,7.379694519801669,0.14425112714825442,294.17036634063766,0.7652206420898438,40.57847609987214,10.204899630835861,2.3242668981122723,0.021739272553331395,466.4078638347519
cave_hsi,2,structured-missing-completion,block,2,0.3,softimpute,"(12,12,3)","(128,128)",97.44645279995166,C:\Users\mrkys\workspace\NTD-PL\multirun\neurips-lowrank-core\benchmark\cave_hsi_block_id02_seed2_mr0.3_softimpute_r12_12_3,0.6966552734375,2.0,0.1041468158364296,10.398340268969587,-6.1692483533845905,19.647079849918203,0.7738077748957325,80.94492949849985,0.18909402191638947,34.27895456839633,-1.937277863104577,14.466444344294157,0.15766901254453108,127.77927863034881
cave_hsi,2,structured-missing-completion,block,2,0.3,tucker,"(12,12,3)","(128,128)",4.865767499897629,C:\Users\mrkys\workspace\NTD-PL\multirun\neurips-lowrank-core\benchmark\cave_hsi_block_id02_seed2_mr0.3_tucker_r12_12_3,0.6966552734375,2.0,0.19042683685979844,39.629283186440304,-0.9276055909776987,14.405436930080606,0.45103751212294113,147.62098615949483,0.3146121774311238,55.78681168593548,2.4846769411179492,10.04448943026297,0.1428988802596728,204.14961699487222
cave_hsi,3,structured-missing-completion,block,2,0.3,ntdpl,"(12,12,3)","(128,128)",8.029316199943423,C:\Users\mrkys\workspace\NTD-PL\multirun\neurips-lowrank-core\run\cave_hsi_block_id03_seed2_mr0.3_ntdpl_r12_12_3,0.6966552734375,2.0,0.17655400931835175,33.74130278833361,2.329425585590921,15.062448665487329,0.3921969217671679,236.92737687678206,0.3156532347202301,34.88863936196353,8.076880318619978,10.015795611227292,0.0577445980517491,407.69932817422233
cave_hsi,3,structured-missing-completion,block,2,0.3,softimpute,"(12,12,3)","(128,128)",54.994913100032136,C:\Users\mrkys\workspace\NTD-PL\multirun\neurips-lowrank-core\benchmark\cave_hsi_block_id03_seed2_mr0.3_softimpute_r12_12_3,0.6966552734375,2.0,0.05036694556474686,4.251173217018529,-8.565213668638783,25.957087520748612,0.8886686540628607,72.21443905283981,0.09144866466522217,14.01432982489307,-2.6837768635729886,20.776452015124566,0.3429119942172833,131.04755819202254
cave_hsi,3,structured-missing-completion,block,2,0.3,tucker,"(12,12,3)","(128,128)",5.047665599966422,C:\Users\mrkys\workspace\NTD-PL\multirun\neurips-lowrank-core\benchmark\cave_hsi_block_id03_seed2_mr0.3_tucker_r12_12_3,0.6966552734375,2.0,0.07790786116341648,35.71028218333065,-4.776500311229898,22.168374367051328,0.7659051328898657,109.57393003222322,0.12715859256305675,41.647277190975885,0.1795899917366076,17.91308575315737,0.29725965278356925,190.55476234895968
cave_hsi,4,structured-missing-completion,block,2,0.3,ntdpl,"(12,12,3)","(128,128)",7.498481299960986,C:\Users\mrkys\workspace\NTD-PL\multirun\neurips-lowrank-core\run\cave_hsi_block_id04_seed2_mr0.3_ntdpl_r12_12_3,0.6966552734375,2.0,0.1197056993842125,18.239576508345095,-7.839155056198159,18.43770338087394,0.8824213521395903,74.54046075234658,0.21227453649044037,21.33374876457787,-2.076677236978701,13.462042212931124,0.5239607237606493,142.06574413268956
cave_hsi,4,structured-missing-completion,block,2,0.3,softimpute,"(12,12,3)","(128,128)",32.17553190002218,C:\Users\mrkys\workspace\NTD-PL\multirun\neurips-lowrank-core\benchmark\cave_hsi_block_id04_seed2_mr0.3_softimpute_r12_12_3,0.6966552734375,2.0,0.08746030181646347,4.555160825778534,-10.565232669978553,21.16378079719579,0.9279376921600787,54.651723833134746,0.15879715979099274,15.016449128943586,-4.597780325716084,15.983145291571743,0.565167903751866,106.85137866138272
cave_hsi,4,structured-missing-completion,block,2,0.3,tucker,"(12,12,3)","(128,128)",4.7622581999748945,C:\Users\mrkys\workspace\NTD-PL\multirun\neurips-lowrank-core\benchmark\cave_hsi_block_id04_seed2_mr0.3_tucker_r12_12_3,0.6966552734375,2.0,0.13941890686613226,25.118454220897103,-6.515018381098827,17.113566534682512,0.8437865777166731,86.5186332215821,0.24807352604987892,37.35055013821958,-0.7230267199934415,12.108391607254363,0.4050074692152147,165.52605605615253
cave_hsi,5,structured-missing-completion,block,2,0.3,ntdpl,"(12,12,3)","(128,128)",7.454681199975312,C:\Users\mrkys\workspace\NTD-PL\multirun\neurips-lowrank-core\run\cave_hsi_block_id05_seed2_mr0.3_ntdpl_r12_12_3,0.6966552734375,2.0,0.06541545689105988,29.363991851412067,-7.888538396484975,23.686392616810224,0.8769234964178931,67.9268956869857,0.11687038093805313,27.635528687048033,-3.7921266416058885,18.645910622209875,0.5416297009139234,93.45827067667648
cave_hsi,5,structured-missing-completion,block,2,0.3,softimpute,"(12,12,3)","(128,128)",29.737978799967095,C:\Users\mrkys\workspace\NTD-PL\multirun\neurips-lowrank-core\benchmark\cave_hsi_block_id05_seed2_mr0.3_softimpute_r12_12_3,0.6966552734375,2.0,0.045895930379629135,4.271994074134287,-10.966661968104486,26.764516353079827,0.9345667929646874,55.58589400518484,0.08333087712526321,14.082967442465447,-6.73009643254712,21.58388084745578,0.7258453270467263,83.54331261593315
cave_hsi,5,structured-missing-completion,block,2,0.3,tucker,"(12,12,3)","(128,128)",4.7271691999631,C:\Users\mrkys\workspace\NTD-PL\multirun\neurips-lowrank-core\benchmark\cave_hsi_block_id05_seed2_mr0.3_tucker_r12_12_3,0.6966552734375,2.0,0.07747802441327199,35.325453345225085,-6.418574857283275,22.216429234885375,0.8301545927427768,83.85309515532981,0.13873500852845072,39.974186395454666,-2.302494636644296,17.156278696015658,0.40132787834482814,118.91683165013094
cave_hsi,6,structured-missing-completion,block,2,0.3,ntdpl,"(12,12,3)","(128,128)",7.271988899912685,C:\Users\mrkys\workspace\NTD-PL\multirun\neurips-lowrank-core\run\cave_hsi_block_id06_seed2_mr0.3_ntdpl_r12_12_3,0.6966552734375,2.0,0.11109212040901184,12.93421526575378,-7.237369844666588,19.086335072988064,0.7625849149625731,78.8764202169706,0.17514637112617493,19.17519254966688,-3.709270194967713,15.131977426972409,0.48905834120301317,118.98175610116435
cave_hsi,6,structured-missing-completion,block,2,0.3,softimpute,"(12,12,3)","(128,128)",27.185362899908796,C:\Users\mrkys\workspace\NTD-PL\multirun\neurips-lowrank-core\benchmark\cave_hsi_block_id06_seed2_mr0.3_softimpute_r12_12_3,0.6966552734375,2.0,0.08218684047460556,4.388945430949036,-9.85498897282582,21.703954234939697,0.8653875201315941,48.35487727171143,0.14922241866588593,14.468506868565274,-5.100611444255181,16.52331872931565,0.5055437836377352,81.8973918264711
cave_hsi,6,structured-missing-completion,block,2,0.3,tucker,"(12,12,3)","(128,128)",4.303439000039361,C:\Users\mrkys\workspace\NTD-PL\multirun\neurips-lowrank-core\benchmark\cave_hsi_block_id06_seed2_mr0.3_tucker_r12_12_3,0.6966552734375,2.0,0.1235794540888034,15.589077180230836,-6.312109419683032,18.16107455218831,0.7252046989848471,86.99740061404401,0.19971127654941714,27.233670429954504,-2.5692412910571507,13.991948246409509,0.4544329921226368,133.00429264346906
cave_hsi,7,structured-missing-completion,block,2,0.3,ntdpl,"(12,12,3)","(128,128)",8.34225649992004,C:\Users\mrkys\workspace\NTD-PL\multirun\neurips-lowrank-core\run\cave_hsi_block_id07_seed2_mr0.3_ntdpl_r12_12_3,0.6966552734375,2.0,0.033663030713796616,28.146698417040508,-10.675988006008359,29.45693562604978,0.9472278954055036,64.90753071670053,0.058593638241291046,33.062204398191334,-1.78690999688484,24.642990702587923,0.4496577400484287,162.2501445439009
cave_hsi,7,structured-missing-completion,block,2,0.3,softimpute,"(12,12,3)","(128,128)",45.272366799996234,C:\Users\mrkys\workspace\NTD-PL\multirun\neurips-lowrank-core\benchmark\cave_hsi_block_id07_seed2_mr0.3_softimpute_r12_12_3,0.6966552734375,2.0,0.02982219122350216,5.5297203345239865,-11.72826134923194,30.509209138143724,0.9545921348936798,56.94609152050229,0.05414661765098572,18.229162007750098,-2.4724926084221446,25.328573632519674,0.42215403112316785,148.23992284687358
cave_hsi,7,structured-missing-completion,block,2,0.3,tucker,"(12,12,3)","(128,128)",1.4598464999580756,C:\Users\mrkys\workspace\NTD-PL\multirun\neurips-lowrank-core\benchmark\cave_hsi_block_id07_seed2_mr0.3_tucker_r12_12_3,0.6966552734375,2.0,0.03544739996722216,30.675584169032657,-10.227364508132133,29.008312287925374,0.9416511418119745,68.95340122328291,0.061291705457327136,33.561881305427114,-1.39588485777821,24.251965882502088,0.36888562263895736,175.40168383597597
cave_hsi,8,structured-missing-completion,block,2,0.3,ntdpl,"(12,12,3)","(128,128)",7.344478200073354,C:\Users\mrkys\workspace\NTD-PL\multirun\neurips-lowrank-core\run\cave_hsi_block_id08_seed2_mr0.3_ntdpl_r12_12_3,0.6966552734375,2.0,0.09065799415111542,21.963571456920853,-7.640305345076406,20.85187838882099,0.8641420102230155,73.29168843419697,0.15587878227233887,25.037113758373863,-3.0621021161820967,16.144259868720606,0.4980572831935207,113.3977171787416
cave_hsi,8,structured-missing-completion,block,2,0.3,softimpute,"(12,12,3)","(128,128)",42.32391789997928,C:\Users\mrkys\workspace\NTD-PL\multirun\neurips-lowrank-core\benchmark\cave_hsi_block_id08_seed2_mr0.3_softimpute_r12_12_3,0.6966552734375,2.0,0.08282766491174698,5.028840008231195,-8.424919293751804,21.636491520093454,0.8738284842653363,66.7938569486858,0.15038593113422394,16.57797022304717,-3.373698082736554,16.455856014469408,0.39603832171341874,109.22967433236906
cave_hsi,8,structured-missing-completion,block,2,0.3,tucker,"(12,12,3)","(128,128)",4.631045300047845,C:\Users\mrkys\workspace\NTD-PL\multirun\neurips-lowrank-core\benchmark\cave_hsi_block_id08_seed2_mr0.3_tucker_r12_12_3,0.6966552734375,2.0,0.11749874433853713,32.77047731990431,-5.387762887368436,18.599335489931416,0.783515487403831,95.39381033227541,0.20426316801237113,45.08262364133274,-0.7140409729175592,13.796198734023763,0.32173661381619,149.23444376578922
cave_hsi,9,structured-missing-completion,block,2,0.3,ntdpl,"(12,12,3)","(128,128)",7.2797508999938145,C:\Users\mrkys\workspace\NTD-PL\multirun\neurips-lowrank-core\run\cave_hsi_block_id09_seed2_mr0.3_ntdpl_r12_12_3,0.6966552734375,2.0,0.08805225789546967,27.77658207007283,-5.641218568732667,21.105189769610746,0.8172418168718217,95.83176877906797,0.1561174839735031,27.531710667008433,-1.366828376667696,16.130969360189113,0.4543090356813703,135.81967198278255
cave_hsi,9,structured-missing-completion,block,2,0.3,softimpute,"(12,12,3)","(128,128)",41.48531100002583,C:\Users\mrkys\workspace\NTD-PL\multirun\neurips-lowrank-core\benchmark\cave_hsi_block_id09_seed2_mr0.3_softimpute_r12_12_3,0.6966552734375,2.0,0.06615608185529709,5.677678107825443,-8.12463313193467,23.588604633365563,0.8719566553873168,77.69227857616727,0.12011618912220001,18.716916563851115,-3.643828178571985,18.407969127741517,0.4534136836935349,113.94485987643301
cave_hsi,9,structured-missing-completion,block,2,0.3,tucker,"(12,12,3)","(128,128)",4.574961900012568,C:\Users\mrkys\workspace\NTD-PL\multirun\neurips-lowrank-core\benchmark\cave_hsi_block_id09_seed2_mr0.3_tucker_r12_12_3,0.6966552734375,2.0,0.0965414373173037,41.24759115156772,-4.841753378945448,20.305724793104567,0.7726145254793712,109.57752870920613,0.17105254031293585,54.00026962403974,-0.5732684148006236,15.337409433881426,0.3293449925352216,155.59779248869484
cave_hsi,10,structured-missing-completion,block,2,0.3,ntdpl,"(12,12,3)","(128,128)",8.361848499975167,C:\Users\mrkys\workspace\NTD-PL\multirun\neurips-lowrank-core\run\cave_hsi_block_id10_seed2_mr0.3_ntdpl_r12_12_3,0.6966552734375,2.0,0.247590109705925,19.360324115880807,2.393344833036862,12.12533428860324,0.39272196434341716,208.13234375118927,0.44786959886550903,17.589301898929463,7.1500545288751605,6.976968589100173,0.1397137162433072,344.37220062066507
cave_hsi,10,structured-missing-completion,block,2,0.3,softimpute,"(12,12,3)","(128,128)",32.566762699978426,C:\Users\mrkys\workspace\NTD-PL\multirun\neurips-lowrank-core\benchmark\cave_hsi_block_id10_seed2_mr0.3_softimpute_r12_12_3,0.6966552734375,2.0,0.060089293867349625,4.204030974875574,-9.90537858438725,24.42405839668706,0.9047303473457606,52.158137494113355,0.10910103470087051,13.858921655900957,-5.116399425548359,19.243422891063013,0.5884370932870839,86.9670435419394
cave_hsi,10,structured-missing-completion,block,2,0.3,tucker,"(12,12,3)","(128,128)",4.520892600063235,C:\Users\mrkys\workspace\NTD-PL\multirun\neurips-lowrank-core\benchmark\cave_hsi_block_id10_seed2_mr0.3_tucker_r12_12_3,0.6966552734375,2.0,0.07439067978177066,22.044669239305254,-8.05095012538161,22.569629453840694,0.8792965997906705,65.076204710606,0.1283241085663391,26.388672609217558,-3.7068117006597734,17.8338348797137,0.6820896844233544,105.4681797086394
cave_hsi,11,structured-missing-completion,block,2,0.3,ntdpl,"(12,12,3)","(128,128)",7.807128400076181,C:\Users\mrkys\workspace\NTD-PL\multirun\neurips-lowrank-core\run\cave_hsi_block_id11_seed2_mr0.3_ntdpl_r12_12_3,0.6966552734375,2.0,0.11828150600194931,19.749624713882874,-6.085880675178491,18.541663181775746,0.7519046126216549,68.43190277108955,0.2012118548154831,27.137157822212398,-1.8870079792938128,13.92692880825933,0.4005545902565497,110.16879861827557
cave_hsi,11,structured-missing-completion,block,2,0.3,softimpute,"(12,12,3)","(128,128)",43.618556900066324,C:\Users\mrkys\workspace\NTD-PL\multirun\neurips-lowrank-core\benchmark\cave_hsi_block_id11_seed2_mr0.3_softimpute_r12_12_3,0.6966552734375,2.0,0.09674379229545593,7.064216066542812,-7.831754937031217,20.28753789546323,0.8121801457204462,56.38540008721803,0.17565272748470306,23.287749174604446,-3.066981612038573,15.106902389839188,0.26047297249774365,98.33423055481212
cave_hsi,11,structured-missing-completion,block,2,0.3,tucker,"(12,12,3)","(128,128)",5.0388765999814495,C:\Users\mrkys\workspace\NTD-PL\multirun\neurips-lowrank-core\benchmark\cave_hsi_block_id11_seed2_mr0.3_tucker_r12_12_3,0.6966552734375,2.0,0.1441119242436935,25.823277706144257,-4.370219005745851,16.826001657976512,0.6675441398968543,82.41407205400786,0.2483796583061814,43.9389910689578,-0.057758763769269965,12.097679494154029,0.30826529365744054,134.02858153040444
cave_hsi,12,structured-missing-completion,block,2,0.3,ntdpl,"(12,12,3)","(128,128)",6.645073499996215,C:\Users\mrkys\workspace\NTD-PL\multirun\neurips-lowrank-core\run\cave_hsi_block_id12_seed2_mr0.3_ntdpl_r12_12_3,0.6966552734375,2.0,0.1278965175151825,11.902459699826647,-9.328759350684296,17.862825821388565,0.87619862559876,42.72938587765927,0.2297487109899521,16.808324138036422,-5.371645835656662,12.774937784015721,0.5804592077249019,61.64179896501531
cave_hsi,12,structured-missing-completion,block,2,0.3,softimpute,"(12,12,3)","(128,128)",26.713677900028415,C:\Users\mrkys\workspace\NTD-PL\multirun\neurips-lowrank-core\benchmark\cave_hsi_block_id12_seed2_mr0.3_softimpute_r12_12_3,0.6966552734375,2.0,0.11250319331884384,2.285678203437315,-10.442636566739235,18.9767029298157,0.9019014168653298,41.74373939393955,0.2042662650346756,7.534919324358434,-6.39277525627287,13.796067424191655,0.6711091416729291,64.02372227366997
cave_hsi,12,structured-missing-completion,block,2,0.3,tucker,"(12,12,3)","(128,128)",4.267489899997599,C:\Users\mrkys\workspace\NTD-PL\multirun\neurips-lowrank-core\benchmark\cave_hsi_block_id12_seed2_mr0.3_tucker_r12_12_3,0.6966552734375,2.0,0.12958579249521732,14.666091151228379,-9.214785876945504,17.74885221917923,0.8747551862908798,45.83024819946847,0.23090250283734887,20.344067170760464,-5.328134989317373,12.731427191586429,0.5805024341575652,66.4685571668568
cave_hsi,13,structured-missing-completion,block,2,0.3,ntdpl,"(12,12,3)","(128,128)",9.10341460001655,C:\Users\mrkys\workspace\NTD-PL\multirun\neurips-lowrank-core\run\cave_hsi_block_id13_seed2_mr0.3_ntdpl_r12_12_3,0.6966552734375,2.0,0.17876127362251282,26.529600653191284,-1.9716375175421281,14.954531689547654,0.6123535070529138,137.86593712719832,0.32211828231811523,24.952828306150675,1.068671996505516,9.839692495497394,0.2441881281922561,158.0168496532183
cave_hsi,13,structured-missing-completion,block,2,0.3,softimpute,"(12,12,3)","(128,128)",57.700644400087185,C:\Users\mrkys\workspace\NTD-PL\multirun\neurips-lowrank-core\benchmark\cave_hsi_block_id13_seed2_mr0.3_softimpute_r12_12_3,0.6966552734375,2.0,0.10973604023456573,5.221820962513285,-6.210120372458081,19.193013957433116,0.7714795465165675,89.40621427992838,0.19924208521842957,17.21414725857502,-3.1040139009167045,14.01237845180907,0.33325949601575866,105.01249512847156
cave_hsi,13,structured-missing-completion,block,2,0.3,tucker,"(12,12,3)","(128,128)",4.455849100020714,C:\Users\mrkys\workspace\NTD-PL\multirun\neurips-lowrank-core\benchmark\cave_hsi_block_id13_seed2_mr0.3_tucker_r12_12_3,0.6966552734375,2.0,0.13288636403766715,34.70737780755263,-4.547497918576428,17.530391626747555,0.7230028220282894,108.60530772991082,0.23723058980739686,41.84434946198712,-1.5882217984661176,12.496586227909388,0.33559175707067,125.33945795165451
cave_hsi,14,structured-missing-completion,block,2,0.3,ntdpl,"(12,12,3)","(128,128)",8.52911900007166,C:\Users\mrkys\workspace\NTD-PL\multirun\neurips-lowrank-core\run\cave_hsi_block_id14_seed2_mr0.3_ntdpl_r12_12_3,0.6966552734375,2.0,0.1622939109802246,32.05184808589754,2.7306919153336198,15.793954872814357,0.42420807683359874,358.9621609867045,0.2932097017765045,35.29732075851502,7.606783009284694,10.656432976780108,0.1312607739204616,718.9839138391719
cave_hsi,14,structured-missing-completion,block,2,0.3,softimpute,"(12,12,3)","(128,128)",66.05671989999246,C:\Users\mrkys\workspace\NTD-PL\multirun\neurips-lowrank-core\benchmark\cave_hsi_block_id14_seed2_mr0.3_softimpute_r12_12_3,0.6966552734375,2.0,0.04848416894674301,6.773219942810844,-7.763353977177886,26.28800103306293,0.8732030442812313,75.47403780479483,0.08803020417690277,22.32845730014495,-2.84414981871314,21.10736552743888,0.3963908001347451,131.63712309376663
cave_hsi,14,structured-missing-completion,block,2,0.3,tucker,"(12,12,3)","(128,128)",4.632962399977259,C:\Users\mrkys\workspace\NTD-PL\multirun\neurips-lowrank-core\benchmark\cave_hsi_block_id14_seed2_mr0.3_tucker_r12_12_3,0.6966552734375,2.0,0.07073117809694207,33.356851430948495,-4.483134972732947,23.007782165160013,0.7943930869898944,136.4859240496078,0.12425406072129563,44.91855679923388,0.14942777064435703,18.11378818548877,0.4634819624953904,252.6748245570749
cave_hsi,15,structured-missing-completion,block,2,0.3,ntdpl,"(12,12,3)","(128,128)",8.48708740004804,C:\Users\mrkys\workspace\NTD-PL\multirun\neurips-lowrank-core\run\cave_hsi_block_id15_seed2_mr0.3_ntdpl_r12_12_3,0.6966552734375,2.0,0.07163643091917038,26.060463729371524,-7.406083035225778,22.897321559387933,0.8607977173220596,77.54120467085328,0.12521961331367493,28.959990289630777,-3.2853215216483056,18.04655272130046,0.5930966939372682,118.12260057657811
cave_hsi,15,structured-missing-completion,block,2,0.3,softimpute,"(12,12,3)","(128,128)",38.89780239993706,C:\Users\mrkys\workspace\NTD-PL\multirun\neurips-lowrank-core\benchmark\cave_hsi_block_id15_seed2_mr0.3_softimpute_r12_12_3,0.6966552734375,2.0,0.06249735504388809,5.2411033443024015,-8.591528747692369,24.082767324057265,0.8781401936989544,68.0703713961242,0.11347322911024094,17.277713159028433,-4.14090072712948,18.90213181843322,0.5065063880440583,108.74014064193966
cave_hsi,15,structured-missing-completion,block,2,0.3,tucker,"(12,12,3)","(128,128)",4.3295190000208095,C:\Users\mrkys\workspace\NTD-PL\multirun\neurips-lowrank-core\benchmark\cave_hsi_block_id15_seed2_mr0.3_tucker_r12_12_3,0.6966552734375,2.0,0.0763998531064496,28.1338575726932,-6.846911158809258,22.338149528779315,0.8452216469818639,85.73682683105984,0.133615817209624,38.44602874013857,-2.721611387081256,17.482842555734425,0.5701512697222025,131.53291092436496
cave_hsi,1,structured-missing-completion,block,0,0.5,ntdpl,"(12,12,3)","(128,128)",6.260332899983041,C:\Users\mrkys\workspace\NTD-PL\multirun\neurips-lowrank-core\run\cave_hsi_block_id01_seed0_mr0.5_ntdpl_r12_12_3,0.49395751953125,0.0,0.09082711488008499,16.152228871885875,-7.355148467743752,20.835689594114342,0.8101455801741825,63.11907676750275,0.12628424167633057,19.117351299612,-4.52822089904959,17.973016905126034,0.5538615579892352,84.66235549773467
cave_hsi,1,structured-missing-completion,block,0,0.5,softimpute,"(12,12,3)","(128,128)",98.84096589998808,C:\Users\mrkys\workspace\NTD-PL\multirun\neurips-lowrank-core\benchmark\cave_hsi_block_id01_seed0_mr0.5_softimpute_r12_12_3,0.49395751953125,0.0,0.11228477209806442,7.2744540053517355,-5.51304200058768,18.99358313181153,0.6863068853519019,77.33817157405683,0.15784373879432678,14.37518422896381,-2.590657386747937,16.03545289030398,0.21848643797195433,104.31459056072032
cave_hsi,1,structured-missing-completion,block,0,0.5,tucker,"(12,12,3)","(128,128)",2.9397070000413805,C:\Users\mrkys\workspace\NTD-PL\multirun\neurips-lowrank-core\benchmark\cave_hsi_block_id01_seed0_mr0.5_tucker_r12_12_3,0.49395751953125,0.0,0.10028917785114623,19.955324420289443,-6.494377624376409,19.974918578496435,0.7752074416264068,69.82116768130236,0.13961636582654702,26.365964039394537,-3.656477909585554,17.10127341483463,0.49296882821789534,93.9146587393723
cave_hsi,2,structured-missing-completion,block,0,0.5,ntdpl,"(12,12,3)","(128,128)",5.928236399893649,C:\Users\mrkys\workspace\NTD-PL\multirun\neurips-lowrank-core\run\cave_hsi_block_id02_seed0_mr0.5_ntdpl_r12_12_3,0.49395751953125,0.0,0.39632558822631836,35.844472490528666,5.438873670894391,8.038958130808885,0.1282568454900408,259.24635660022307,0.5527220368385315,44.09612212013789,7.537526098378895,5.149863771035737,0.029939630813600418,317.8139592279535
cave_hsi,2,structured-missing-completion,block,0,0.5,softimpute,"(12,12,3)","(128,128)",183.5530521000037,C:\Users\mrkys\workspace\NTD-PL\multirun\neurips-lowrank-core\benchmark\cave_hsi_block_id02_seed0_mr0.5_softimpute_r12_12_3,0.49395751953125,0.0,0.13772332668304443,17.114808717046046,-3.7420185473456034,17.219849888997068,0.553012499106221,107.48549469141608,0.19360385835170746,33.82089302872821,-1.5743295121139451,14.26171964748952,0.11455917232039366,136.5806797587472
cave_hsi,2,structured-missing-completion,block,0,0.5,tucker,"(12,12,3)","(128,128)",2.9151855999371037,C:\Users\mrkys\workspace\NTD-PL\multirun\neurips-lowrank-core\benchmark\cave_hsi_block_id02_seed0_mr0.5_tucker_r12_12_3,0.49395751953125,0.0,0.22117942991808642,45.85892915858652,0.37272602607176764,13.105105313031142,0.3143707628326783,166.51695601866854,0.30073437398167924,59.81318027750782,2.2510515935623028,10.436338582826965,0.10882941754989278,200.15323206572236
cave_hsi,3,structured-missing-completion,block,0,0.5,ntdpl,"(12,12,3)","(128,128)",5.742689199978486,C:\Users\mrkys\workspace\NTD-PL\multirun\neurips-lowrank-core\run\cave_hsi_block_id03_seed0_mr0.5_ntdpl_r12_12_3,0.49395751953125,0.0,0.08333827555179596,15.547412485636503,-4.191235578593254,21.583109857982752,0.6529468230091358,124.60374282935341,0.1130780354142189,19.912972101267222,-2.11783427307585,18.932434681591335,0.3067800170299273,154.52789923068758
cave_hsi,3,structured-missing-completion,block,0,0.5,softimpute,"(12,12,3)","(128,128)",74.35552869993262,C:\Users\mrkys\workspace\NTD-PL\multirun\neurips-lowrank-core\benchmark\cave_hsi_block_id03_seed0_mr0.5_softimpute_r12_12_3,0.49395751953125,0.0,0.08000796288251877,7.363851852754998,-4.545461707198612,21.93733557114257,0.6627079651714806,118.13934853829791,0.11247078329324722,14.551844991211071,-2.164604809442735,18.979205329635022,0.2637472717746663,152.22495197063682
cave_hsi,3,structured-missing-completion,block,0,0.5,tucker,"(12,12,3)","(128,128)",2.8963100999826565,C:\Users\mrkys\workspace\NTD-PL\multirun\neurips-lowrank-core\benchmark\cave_hsi_block_id03_seed0_mr0.5_tucker_r12_12_3,0.49395751953125,0.0,0.08692927391799372,18.1317782389521,-3.8248049007894007,21.21667895661083,0.6349681341589746,129.6518866543752,0.11772454561454535,24.76463977700982,-1.7680591242630863,18.582659542865375,0.30333583956744997,160.3754005698733
cave_hsi,4,structured-missing-completion,block,0,0.5,ntdpl,"(12,12,3)","(128,128)",5.903801299980842,C:\Users\mrkys\workspace\NTD-PL\multirun\neurips-lowrank-core\run\cave_hsi_block_id04_seed0_mr0.5_ntdpl_r12_12_3,0.49395751953125,0.0,0.16449305415153503,19.71138809950589,-5.078500810433223,15.677049209326333,0.754099442538994,102.6344751948836,0.23006471991539001,22.04470826072801,-1.6852710905687787,12.762999180143126,0.3593572892814516,150.71854898196156
cave_hsi,4,structured-missing-completion,block,0,0.5,softimpute,"(12,12,3)","(128,128)",47.34387830004562,C:\Users\mrkys\workspace\NTD-PL\multirun\neurips-lowrank-core\benchmark\cave_hsi_block_id04_seed0_mr0.5_softimpute_r12_12_3,0.49395751953125,0.0,0.12095841765403748,7.668380235249753,-7.748730042187638,18.347278275879084,0.8420099722298345,75.70549515062496,0.1700366735458374,15.153629203037333,-4.3114196252747865,15.389148034371535,0.5268201988299552,111.44514180071596
cave_hsi,4,structured-missing-completion,block,0,0.5,tucker,"(12,12,3)","(128,128)",2.9247537000337616,C:\Users\mrkys\workspace\NTD-PL\multirun\neurips-lowrank-core\benchmark\cave_hsi_block_id04_seed0_mr0.5_tucker_r12_12_3,0.49395751953125,0.0,0.17787739717319567,26.239035345532386,-4.39903652797628,14.997584681559967,0.7110034590832219,110.85980276532761,0.2488319325362046,32.46594341729968,-1.004149490518402,12.081877750172419,0.24261112908680021,162.87193868481623
cave_hsi,5,structured-missing-completion,block,0,0.5,ntdpl,"(12,12,3)","(128,128)",4.996266199974343,C:\Users\mrkys\workspace\NTD-PL\multirun\neurips-lowrank-core\run\cave_hsi_block_id05_seed0_mr0.5_ntdpl_r12_12_3,0.49395751953125,0.0,0.10456115007400513,31.120650035540436,-3.8147384620034797,19.61259283109825,0.595296738222837,129.74627883677198,0.14653807878494263,32.234541248110965,-2.2132658126877303,16.680989985724256,0.2849096237397796,151.60419166929563
cave_hsi,5,structured-missing-completion,block,0,0.5,softimpute,"(12,12,3)","(128,128)",61.03030809992924,C:\Users\mrkys\workspace\NTD-PL\multirun\neurips-lowrank-core\benchmark\cave_hsi_block_id05_seed0_mr0.5_softimpute_r12_12_3,0.49395751953125,0.0,0.08554467558860779,7.661146177335989,-5.558285906177828,21.356140203902445,0.7119341799145068,122.48739531213262,0.12025399506092072,15.13933386770903,-3.930285772331372,18.398009962394898,0.4607216231386216,147.10510407840994
cave_hsi,5,structured-missing-completion,block,0,0.5,tucker,"(12,12,3)","(128,128)",3.4754840000532568,C:\Users\mrkys\workspace\NTD-PL\multirun\neurips-lowrank-core\benchmark\cave_hsi_block_id05_seed0_mr0.5_tucker_r12_12_3,0.49395751953125,0.0,0.1133574635653884,39.93832900327329,-3.1131432269181203,18.910997604520215,0.5462160909560305,143.4553386753212,0.15868589208689857,46.84136520259803,-1.5215096005347128,15.989233646523948,0.22157409096949574,168.10038165569327
cave_hsi,6,structured-missing-completion,block,0,0.5,ntdpl,"(12,12,3)","(128,128)",4.5447012999793515,C:\Users\mrkys\workspace\NTD-PL\multirun\neurips-lowrank-core\run\cave_hsi_block_id06_seed0_mr0.5_ntdpl_r12_12_3,0.49395751953125,0.0,0.14435434341430664,15.504588218818903,-4.962437575199899,16.811403382282105,0.6168849519129777,103.0930733915495,0.19342361390590668,20.77288102923215,-2.678476526907313,14.26980985422935,0.3811736342568461,134.21177150616762
cave_hsi,6,structured-missing-completion,block,0,0.5,softimpute,"(12,12,3)","(128,128)",33.409255099948496,C:\Users\mrkys\workspace\NTD-PL\multirun\neurips-lowrank-core\benchmark\cave_hsi_block_id06_seed0_mr0.5_softimpute_r12_12_3,0.49395751953125,0.0,0.11213385313749313,7.3397145589096064,-7.156299955211826,19.005264880335254,0.7384422525993426,65.15754323772998,0.15763159096240997,14.504146822860834,-4.455800867631023,16.047134638827703,0.44096511790812476,88.26595856734906
cave_hsi,6,structured-missing-completion,block,0,0.5,tucker,"(12,12,3)","(128,128)",2.454855400021188,C:\Users\mrkys\workspace\NTD-PL\multirun\neurips-lowrank-core\benchmark\cave_hsi_block_id06_seed0_mr0.5_tucker_r12_12_3,0.49395751953125,0.0,0.14622450239252627,17.44267756801989,-4.8506318251459035,16.699596957651185,0.638634976371385,101.21245015451483,0.19610338720172407,24.5621581983129,-2.55896443570167,14.15029809805549,0.45318964556414243,131.4119416743293
cave_hsi,7,structured-missing-completion,block,0,0.5,ntdpl,"(12,12,3)","(128,128)",5.480562400072813,C:\Users\mrkys\workspace\NTD-PL\multirun\neurips-lowrank-core\run\cave_hsi_block_id07_seed0_mr0.5_ntdpl_r12_12_3,0.49395751953125,0.0,0.05544499680399895,30.054081706771797,-6.341805180790719,25.122752925527156,0.818625345194337,112.2691416187743,0.07755015790462494,32.001452999868384,-2.743159470781734,22.20834644519274,0.44552333287877166,144.4791579214617
cave_hsi,7,structured-missing-completion,block,0,0.5,softimpute,"(12,12,3)","(128,128)",53.997764700092375,C:\Users\mrkys\workspace\NTD-PL\multirun\neurips-lowrank-core\benchmark\cave_hsi_block_id07_seed0_mr0.5_softimpute_r12_12_3,0.49395751953125,0.0,0.06138657033443451,8.594102937831796,-5.4575848033217405,24.2385329710007,0.7245311054243971,124.42386148493219,0.08629385381937027,16.982967140595942,-1.815215802899005,21.280402729493154,0.2174406115333779,161.2261412009035
cave_hsi,7,structured-missing-completion,block,0,0.5,tucker,"(12,12,3)","(128,128)",2.317670200020075,C:\Users\mrkys\workspace\NTD-PL\multirun\neurips-lowrank-core\benchmark\cave_hsi_block_id07_seed0_mr0.5_tucker_r12_12_3,0.49395751953125,0.0,0.06517493447258947,35.685154561141275,-4.937440156259303,23.718387936052544,0.757773879838496,132.59150413281608,0.09128055046629108,39.51483490589518,-1.32724806145862,20.792434991483105,0.2780708271823427,171.346873975569
cave_hsi,8,structured-missing-completion,block,0,0.5,ntdpl,"(12,12,3)","(128,128)",6.454155100043863,C:\Users\mrkys\workspace\NTD-PL\multirun\neurips-lowrank-core\run\cave_hsi_block_id08_seed0_mr0.5_ntdpl_r12_12_3,0.49395751953125,0.0,0.13412967324256897,22.509751835823906,-4.237930394969175,17.44950285742594,0.647894152966074,108.71715181861829,0.1860746294260025,22.44486684466561,-2.5735400589308366,14.606256892562818,0.3905282748573747,123.02035715278916
cave_hsi,8,structured-missing-completion,block,0,0.5,softimpute,"(12,12,3)","(128,128)",75.6533999000676,C:\Users\mrkys\workspace\NTD-PL\multirun\neurips-lowrank-core\benchmark\cave_hsi_block_id08_seed0_mr0.5_softimpute_r12_12_3,0.49395751953125,0.0,0.13626225292682648,8.298759701668807,-4.100916600729281,17.31248890577541,0.5782911368955925,110.2344502716968,0.19154995679855347,16.399333860546616,-2.3216421326347665,14.354358664267862,0.23728365689287273,126.14474803936506
cave_hsi,8,structured-missing-completion,block,0,0.5,tucker,"(12,12,3)","(128,128)",3.2032034000148997,C:\Users\mrkys\workspace\NTD-PL\multirun\neurips-lowrank-core\benchmark\cave_hsi_block_id08_seed0_mr0.5_tucker_r12_12_3,0.49395751953125,0.0,0.16488579767235784,33.859827314258325,-2.44476240560856,15.65633500817154,0.5271523563661497,134.8275835549448,0.22904225892872865,40.43045725060054,-0.768971150314675,12.801687634741024,0.25245195928998426,153.34614325237365
cave_hsi,9,structured-missing-completion,block,0,0.5,ntdpl,"(12,12,3)","(128,128)",5.940493699978106,C:\Users\mrkys\workspace\NTD-PL\multirun\neurips-lowrank-core\run\cave_hsi_block_id09_seed0_mr0.5_ntdpl_r12_12_3,0.49395751953125,0.0,0.11797142028808594,29.949799627854652,-3.100492371339763,18.564463945459106,0.6394520904473722,130.3546770104794,0.16474661231040955,34.668480661476956,-0.8651092073441825,15.663669900006612,0.3499962549388233,174.0743268953583
cave_hsi,9,structured-missing-completion,block,0,0.5,softimpute,"(12,12,3)","(128,128)",70.70904569991399,C:\Users\mrkys\workspace\NTD-PL\multirun\neurips-lowrank-core\benchmark\cave_hsi_block_id09_seed0_mr0.5_softimpute_r12_12_3,0.49395751953125,0.0,0.09120862931013107,11.674723612461566,-5.335310375534363,20.79928176023351,0.7252390284925662,108.72589982716991,0.12821605801582336,23.070639213352106,-3.042590525315001,17.84115151872596,0.39883756424278455,147.57140354042923
cave_hsi,9,structured-missing-completion,block,0,0.5,tucker,"(12,12,3)","(128,128)",2.968590199947357,C:\Users\mrkys\workspace\NTD-PL\multirun\neurips-lowrank-core\benchmark\cave_hsi_block_id09_seed0_mr0.5_tucker_r12_12_3,0.49395751953125,0.0,0.12040210358000891,43.424662355480066,-2.923347092386595,18.38731850654571,0.597611159949468,137.16453263566834,0.16787693192589298,55.276729067067365,-0.7016185005696239,15.500179528766635,0.2578460470396839,183.39204217289702
cave_hsi,10,structured-missing-completion,block,0,0.5,ntdpl,"(12,12,3)","(128,128)",5.725492400000803,C:\Users\mrkys\workspace\NTD-PL\multirun\neurips-lowrank-core\run\cave_hsi_block_id10_seed0_mr0.5_ntdpl_r12_12_3,0.49395751953125,0.0,0.10726539045572281,21.823380438549766,-4.872128614901584,19.390808371058334,0.736238575657252,92.85674775623094,0.14898642897605896,23.310334545083144,-2.662703107451714,16.537066046293663,0.5397572947842426,117.90686397084242
cave_hsi,10,structured-missing-completion,block,0,0.5,softimpute,"(12,12,3)","(128,128)",53.25249779992737,C:\Users\mrkys\workspace\NTD-PL\multirun\neurips-lowrank-core\benchmark\cave_hsi_block_id10_seed0_mr0.5_softimpute_r12_12_3,0.49395751953125,0.0,0.0901966467499733,7.748871143019552,-6.377512883799161,20.89619204455786,0.7516964524740941,77.27421453226155,0.1267934888601303,15.312688798660849,-4.063698699234927,17.93806180305031,0.46821188578320744,97.74912300160041
cave_hsi,10,structured-missing-completion,block,0,0.5,tucker,"(12,12,3)","(128,128)",2.9227884999709204,C:\Users\mrkys\workspace\NTD-PL\multirun\neurips-lowrank-core\benchmark\cave_hsi_block_id10_seed0_mr0.5_tucker_r12_12_3,0.49395751953125,0.0,0.09922518613685286,25.31941720357504,-5.548882226052688,20.06756155451177,0.7647008501593224,84.85837954114615,0.13723959704168082,29.848114120267947,-3.3760487430361374,17.250411315498773,0.5826935202438562,105.193063232616
cave_hsi,11,structured-missing-completion,block,0,0.5,ntdpl,"(12,12,3)","(128,128)",6.62744950002525,C:\Users\mrkys\workspace\NTD-PL\multirun\neurips-lowrank-core\run\cave_hsi_block_id11_seed0_mr0.5_ntdpl_r12_12_3,0.49395751953125,0.0,0.13120107352733612,21.34314865539376,-5.185469444472723,17.64125157361326,0.666208561439572,77.69457141258118,0.1799960732460022,27.56827641817071,-2.774433033520411,14.894739455775898,0.38338703850748684,101.2856466271614
cave_hsi,11,structured-missing-completion,block,0,0.5,softimpute,"(12,12,3)","(128,128)",61.672310299938545,C:\Users\mrkys\workspace\NTD-PL\multirun\neurips-lowrank-core\benchmark\cave_hsi_block_id11_seed0_mr0.5_softimpute_r12_12_3,0.49395751953125,0.0,0.13265909254550934,12.418746480037612,-5.089477085823864,17.545259726647384,0.6224383994912663,78.01176538678267,0.18648482859134674,24.540916709985915,-2.46682340667498,14.587129485139837,0.18727034749154564,104.58395911392806
cave_hsi,11,structured-missing-completion,block,0,0.5,tucker,"(12,12,3)","(128,128)",3.062023999984376,C:\Users\mrkys\workspace\NTD-PL\multirun\neurips-lowrank-core\benchmark\cave_hsi_block_id11_seed0_mr0.5_tucker_r12_12_3,0.49395751953125,0.0,0.1528505206932705,29.228862237951276,-3.8588788975407367,16.314661549771394,0.5994342970066584,88.35298962794437,0.21039586582195077,42.018395238992014,-1.4189495505678031,13.539255962262715,0.33342059424725456,115.5073244112415
cave_hsi,12,structured-missing-completion,block,0,0.5,ntdpl,"(12,12,3)","(128,128)",6.604850000003353,C:\Users\mrkys\workspace\NTD-PL\multirun\neurips-lowrank-core\run\cave_hsi_block_id12_seed0_mr0.5_ntdpl_r12_12_3,0.49395751953125,0.0,0.14560475945472717,13.733816935229827,-8.202422672019612,16.73648825407942,0.8319621748790991,49.62636106517067,0.20350223779678345,15.99714844204494,-5.6011270293205575,13.82861563325629,0.6170535531855015,64.09384948846255
cave_hsi,12,structured-missing-completion,block,0,0.5,softimpute,"(12,12,3)","(128,128)",37.16154669993557,C:\Users\mrkys\workspace\NTD-PL\multirun\neurips-lowrank-core\benchmark\cave_hsi_block_id12_seed0_mr0.5_softimpute_r12_12_3,0.49395751953125,0.0,0.1513196974992752,6.249299310637602,-7.868024233451472,16.402090473315553,0.811962050152995,56.88972500307189,0.21271689236164093,12.349356895833825,-5.216471390568885,13.443960231808003,0.5740930629812963,74.29909952653287
cave_hsi,12,structured-missing-completion,block,0,0.5,tucker,"(12,12,3)","(128,128)",2.694823700003326,C:\Users\mrkys\workspace\NTD-PL\multirun\neurips-lowrank-core\benchmark\cave_hsi_block_id12_seed0_mr0.5_tucker_r12_12_3,0.49395751953125,0.0,0.15734875736993686,16.461223642400554,-7.5286673075715,16.06273364980523,0.8028880256991647,54.8628426086382,0.21952532894623375,19.71332113232474,-4.9428182696409895,13.170307268168248,0.5464862603704638,70.86495028141003
cave_hsi,13,structured-missing-completion,block,0,0.5,ntdpl,"(12,12,3)","(128,128)",6.628729999996722,C:\Users\mrkys\workspace\NTD-PL\multirun\neurips-lowrank-core\run\cave_hsi_block_id13_seed0_mr0.5_ntdpl_r12_12_3,0.49395751953125,0.0,0.13052211701869965,26.188591480997594,-4.703423916011155,17.686317598030165,0.7330504116529313,107.69030622942604,0.18178583681583405,27.900044911660938,-2.1110606321843663,14.80879896341298,0.4505655716642086,140.43374069201437
cave_hsi,13,structured-missing-completion,block,0,0.5,softimpute,"(12,12,3)","(128,128)",78.66096959996503,C:\Users\mrkys\workspace\NTD-PL\multirun\neurips-lowrank-core\benchmark\cave_hsi_block_id13_seed0_mr0.5_softimpute_r12_12_3,0.49395751953125,0.0,0.1283218413591385,10.560313751387785,-4.851094633937515,17.83398894939391,0.6746069788405508,105.64463781853048,0.18038776516914368,20.86843306109481,-2.1781203945103997,14.875858707886362,0.2362199323280561,139.59026483771808
cave_hsi,13,structured-missing-completion,block,0,0.5,tucker,"(12,12,3)","(128,128)",2.9285274000139907,C:\Users\mrkys\workspace\NTD-PL\multirun\neurips-lowrank-core\benchmark\cave_hsi_block_id13_seed0_mr0.5_tucker_r12_12_3,0.49395751953125,0.0,0.13745606851987524,33.070454599211615,-4.253827928207602,17.236721636378725,0.7042841655555808,113.32732735285991,0.1913694776946207,39.05671429007232,-1.664808302976177,14.36254656899391,0.3951786030483339,148.97114798914905
cave_hsi,14,structured-missing-completion,block,0,0.5,ntdpl,"(12,12,3)","(128,128)",6.630581500008702,C:\Users\mrkys\workspace\NTD-PL\multirun\neurips-lowrank-core\run\cave_hsi_block_id14_seed0_mr0.5_ntdpl_r12_12_3,0.49395751953125,0.0,0.11864624172449112,26.51065181426876,0.009726882788967446,18.514920194879856,0.4494138923447782,174.25646891636296,0.16592258214950562,31.17158690831841,1.6261475013985618,15.601889721471899,0.23562227219020113,204.70187637111673
cave_hsi,14,structured-missing-completion,block,0,0.5,softimpute,"(12,12,3)","(128,128)",209.60360209993087,C:\Users\mrkys\workspace\NTD-PL\multirun\neurips-lowrank-core\benchmark\cave_hsi_block_id14_seed0_mr0.5_softimpute_r12_12_3,0.49395751953125,0.0,0.08565904945135117,10.722142352004422,-2.8198878646440417,21.344534877076086,0.5005744385078607,146.26801158602578,0.12041477113962173,21.188225586785087,-1.1583674289402148,18.38640463556854,0.1308519973558817,177.6106600679492
cave_hsi,14,structured-missing-completion,block,0,0.5,tucker,"(12,12,3)","(128,128)",2.7469207999529317,C:\Users\mrkys\workspace\NTD-PL\multirun\neurips-lowrank-core\benchmark\cave_hsi_block_id14_seed0_mr0.5_tucker_r12_12_3,0.49395751953125,0.0,0.08966782917439324,33.41705096434226,-2.4226196920849907,20.94726688451206,0.5804611454136016,151.2908915550949,0.12469710801129065,41.882836525152776,-0.8548351484248984,18.082872372177732,0.34251573835428933,180.43931976307337
cave_hsi,15,structured-missing-completion,block,0,0.5,ntdpl,"(12,12,3)","(128,128)",6.697569400072098,C:\Users\mrkys\workspace\NTD-PL\multirun\neurips-lowrank-core\run\cave_hsi_block_id15_seed0_mr0.5_ntdpl_r12_12_3,0.49395751953125,0.0,0.0823739618062973,28.488988482545622,-6.192962971175435,21.68420135914381,0.7954820572328533,88.1964377013114,0.11387307941913605,29.174090509645126,-3.5393430705404234,18.871578504062953,0.5476761599706318,117.21559397312478
cave_hsi,15,structured-missing-completion,block,0,0.5,softimpute,"(12,12,3)","(128,128)",69.50446920003742,C:\Users\mrkys\workspace\NTD-PL\multirun\neurips-lowrank-core\benchmark\cave_hsi_block_id15_seed0_mr0.5_softimpute_r12_12_3,0.49395751953125,0.0,0.0818808451294899,9.57753751628416,-6.245115521971567,21.736353812487334,0.7680038731618057,87.92235020700136,0.115103580057621,18.926350595869604,-3.445988123112447,18.778223570979787,0.42677937265058197,118.753879915256
cave_hsi,15,structured-missing-completion,block,0,0.5,tucker,"(12,12,3)","(128,128)",2.8063820999814197,C:\Users\mrkys\workspace\NTD-PL\multirun\neurips-lowrank-core\benchmark\cave_hsi_block_id15_seed0_mr0.5_tucker_r12_12_3,0.49395751953125,0.0,0.09348650754426799,33.34718340628725,-5.0937829145908005,20.585021284560856,0.7506180753295096,102.61828708406884,0.12945507156555416,37.89304857503428,-2.425383160891639,17.757618617244937,0.48066852038900537,136.83311597147934
cave_hsi,1,structured-missing-completion,block,1,0.5,ntdpl,"(12,12,3)","(128,128)",4.648693300085142,C:\Users\mrkys\workspace\NTD-PL\multirun\neurips-lowrank-core\run\cave_hsi_block_id01_seed1_mr0.5_ntdpl_r12_12_3,0.49615478515625,1.0,0.09812777489423752,14.172017342309982,-6.683619959960254,20.164161208119236,0.7623901974366363,69.32654041863728,0.13691723346710205,16.5164106562532,-4.276089232805532,17.2708374711815,0.4762190993882415,86.60689851652502
cave_hsi,1,structured-missing-completion,block,1,0.5,softimpute,"(12,12,3)","(128,128)",73.15121769998223,C:\Users\mrkys\workspace\NTD-PL\multirun\neurips-lowrank-core\benchmark\cave_hsi_block_id01_seed1_mr0.5_softimpute_r12_12_3,0.49615478515625,1.0,0.12256883084774017,7.367066462585131,-4.75185821668021,18.23239885524957,0.6141237850728486,86.29986763810255,0.17267580330371857,14.621685641468352,-2.2606220095026193,15.255370238280326,0.17085518837545483,109.08758545475715
cave_hsi,1,structured-missing-completion,block,1,0.5,tucker,"(12,12,3)","(128,128)",2.7160483000334352,C:\Users\mrkys\workspace\NTD-PL\multirun\neurips-lowrank-core\benchmark\cave_hsi_block_id01_seed1_mr0.5_tucker_r12_12_3,0.49615478515625,1.0,0.10446403046648778,17.19441528574322,-6.140123487469272,19.620664441589298,0.7368335506347568,73.59170802932331,0.14575002103122314,21.447123813842452,-3.7330791784038997,16.72782747803509,0.43560243455289666,92.10932233519397
cave_hsi,2,structured-missing-completion,block,1,0.5,ntdpl,"(12,12,3)","(128,128)",5.280219699954614,C:\Users\mrkys\workspace\NTD-PL\multirun\neurips-lowrank-core\run\cave_hsi_block_id02_seed1_mr0.5_ntdpl_r12_12_3,0.49615478515625,1.0,0.41734981536865234,35.66175566727744,5.8878356648333385,7.589995984960761,0.11575589212882041,281.5221261147728,0.5835630297660828,43.6518687628412,8.239520304801646,4.678244304828242,0.01437609979359856,352.5660287245091
cave_hsi,2,structured-missing-completion,block,1,0.5,softimpute,"(12,12,3)","(128,128)",208.82238889997825,C:\Users\mrkys\workspace\NTD-PL\multirun\neurips-lowrank-core\benchmark\cave_hsi_block_id02_seed1_mr0.5_softimpute_r12_12_3,0.49615478515625,1.0,0.13546183705329895,17.816550933470342,-3.8858295969813144,17.36366095521816,0.5763243551187829,107.69754830170505,0.19083954393863678,35.361159119497636,-1.4688676345965992,14.386632338248917,0.10201720508273647,135.962451297838
cave_hsi,2,structured-missing-completion,block,1,0.5,tucker,"(12,12,3)","(128,128)",2.747929900069721,C:\Users\mrkys\workspace\NTD-PL\multirun\neurips-lowrank-core\benchmark\cave_hsi_block_id02_seed1_mr0.5_tucker_r12_12_3,0.49615478515625,1.0,0.2201132737535488,46.570363014726134,0.33075600153729834,13.14707533756561,0.3255390049470435,166.79648345648238,0.29942094004268494,61.43646868745054,2.4434078829183576,10.474356609787094,0.08950685694138591,200.10235772503898
cave_hsi,3,structured-missing-completion,block,1,0.5,ntdpl,"(12,12,3)","(128,128)",4.3639955999096856,C:\Users\mrkys\workspace\NTD-PL\multirun\neurips-lowrank-core\run\cave_hsi_block_id03_seed1_mr0.5_ntdpl_r12_12_3,0.49615478515625,1.0,0.06352126598358154,33.507322232513474,-6.54974331954266,23.941617434037695,0.8213593422673953,90.02917587401032,0.07981875538825989,33.437423974969896,-2.7184694399710567,21.95790125823968,0.33717779045885077,130.10583031799305
cave_hsi,3,structured-missing-completion,block,1,0.5,softimpute,"(12,12,3)","(128,128)",207.488245000015,C:\Users\mrkys\workspace\NTD-PL\multirun\neurips-lowrank-core\benchmark\cave_hsi_block_id03_seed1_mr0.5_softimpute_r12_12_3,0.49615478515625,1.0,0.05663023516535759,8.092258324210722,-7.547158456716549,24.939032299605973,0.8477988211462874,82.4666553348065,0.07978106290102005,16.061000414305763,-2.72257293322961,21.96200368263673,0.34883535606834,130.6079254852821
cave_hsi,3,structured-missing-completion,block,1,0.5,tucker,"(12,12,3)","(128,128)",0.9004605000372976,C:\Users\mrkys\workspace\NTD-PL\multirun\neurips-lowrank-core\benchmark\cave_hsi_block_id03_seed1_mr0.5_tucker_r12_12_3,0.49615478515625,1.0,0.06734297531868397,33.75861262798881,-6.0422799383789325,23.434153994200365,0.7964880917919027,97.0644410955008,0.08313069252613152,33.742902005006165,-2.365340828635814,21.6047720312409,0.2829421668885406,137.9512675133225
cave_hsi,4,structured-missing-completion,block,1,0.5,ntdpl,"(12,12,3)","(128,128)",5.054452499956824,C:\Users\mrkys\workspace\NTD-PL\multirun\neurips-lowrank-core\run\cave_hsi_block_id04_seed1_mr0.5_ntdpl_r12_12_3,0.49615478515625,1.0,0.16890154778957367,19.652819847211866,-4.848779612450588,15.447327819467622,0.7019371599555021,105.56798197512029,0.2368086874485016,21.79135082222523,-2.50049021767081,12.51204723080023,0.3564598569595976,126.5271924775526
cave_hsi,4,structured-missing-completion,block,1,0.5,softimpute,"(12,12,3)","(128,128)",105.20967859996017,C:\Users\mrkys\workspace\NTD-PL\multirun\neurips-lowrank-core\benchmark\cave_hsi_block_id04_seed1_mr0.5_softimpute_r12_12_3,0.49615478515625,1.0,0.15197597444057465,7.632386362141249,-5.765953461416288,16.364501293601545,0.7260406873184765,95.08999914013812,0.2141047716140747,15.14827572306724,-3.3759159272304995,13.387472676632303,0.39089663985944884,114.58657069363525
cave_hsi,4,structured-missing-completion,block,1,0.5,tucker,"(12,12,3)","(128,128)",2.514147400041111,C:\Users\mrkys\workspace\NTD-PL\multirun\neurips-lowrank-core\benchmark\cave_hsi_block_id04_seed1_mr0.5_tucker_r12_12_3,0.49615478515625,1.0,0.18372097228333611,26.700989983434226,-4.118277144138441,14.716825297722128,0.6584125806931778,114.74336968534917,0.2576211132471557,34.061221795178625,-1.7688140670209105,11.78037094806218,0.28625831575099053,137.51955487573179
cave_hsi,5,structured-missing-completion,block,1,0.5,ntdpl,"(12,12,3)","(128,128)",5.199482000083663,C:\Users\mrkys\workspace\NTD-PL\multirun\neurips-lowrank-core\run\cave_hsi_block_id05_seed1_mr0.5_ntdpl_r12_12_3,0.49615478515625,1.0,0.09466206282377243,33.510477375227616,-4.678626276361271,20.476480552289132,0.6983842672332081,112.3978374311481,0.1327299177646637,35.85795191734459,-2.070563683805178,17.540624411953793,0.284499223360383,135.3870055621334
cave_hsi,5,structured-missing-completion,block,1,0.5,softimpute,"(12,12,3)","(128,128)",58.51483290002216,C:\Users\mrkys\workspace\NTD-PL\multirun\neurips-lowrank-core\benchmark\cave_hsi_block_id05_seed1_mr0.5_softimpute_r12_12_3,0.49615478515625,1.0,0.08591631054878235,10.562963379112007,-5.520633127144027,21.318487522146327,0.734152047032952,105.48894019033546,0.121039479970932,20.964698989826363,-2.8713987315908076,18.34145890517708,0.35774343769904465,127.80603257100887
cave_hsi,5,structured-missing-completion,block,1,0.5,tucker,"(12,12,3)","(128,128)",3.017092699999921,C:\Users\mrkys\workspace\NTD-PL\multirun\neurips-lowrank-core\benchmark\cave_hsi_block_id05_seed1_mr0.5_tucker_r12_12_3,0.49615478515625,1.0,0.1013869123128025,40.03682720789311,-4.0825076816573125,19.880362059259408,0.6707904953974845,130.67983634316298,0.14212931032850587,45.0284356975239,-1.4762666622832457,16.946327026770216,0.22658766310934786,164.71281022384107
cave_hsi,6,structured-missing-completion,block,1,0.5,ntdpl,"(12,12,3)","(128,128)",5.845171399996616,C:\Users\mrkys\workspace\NTD-PL\multirun\neurips-lowrank-core\run\cave_hsi_block_id06_seed1_mr0.5_ntdpl_r12_12_3,0.49615478515625,1.0,0.1454651653766632,15.582223669312892,-4.895854765920788,16.744820196411258,0.610723351851686,105.83032883679746,0.19531571865081787,21.11182489785699,-2.564271446289437,14.185256183565713,0.3732527675087268,142.30126328458257
cave_hsi,6,structured-missing-completion,block,1,0.5,softimpute,"(12,12,3)","(128,128)",36.58816370007116,C:\Users\mrkys\workspace\NTD-PL\multirun\neurips-lowrank-core\benchmark\cave_hsi_block_id06_seed1_mr0.5_softimpute_r12_12_3,0.49615478515625,1.0,0.11192816495895386,7.3405780693376474,-7.172247260762326,19.021212342665095,0.736581301463223,63.73061418298055,0.15768516063690186,14.569113152734971,-4.423199110874819,16.044183725695852,0.4261824817011543,88.50406185920522
cave_hsi,6,structured-missing-completion,block,1,0.5,tucker,"(12,12,3)","(128,128)",3.031516700051725,C:\Users\mrkys\workspace\NTD-PL\multirun\neurips-lowrank-core\benchmark\cave_hsi_block_id06_seed1_mr0.5_tucker_r12_12_3,0.49615478515625,1.0,0.14713672429548552,18.516747397739486,-4.796613205151273,16.645578337656552,0.6296293413931474,102.60520757066512,0.19740043383160805,26.713237178009088,-2.4720531522948903,14.093037944121319,0.440094042675215,136.90575335887232
cave_hsi,7,structured-missing-completion,block,1,0.5,ntdpl,"(12,12,3)","(128,128)",5.012434000032954,C:\Users\mrkys\workspace\NTD-PL\multirun\neurips-lowrank-core\run\cave_hsi_block_id07_seed1_mr0.5_ntdpl_r12_12_3,0.49615478515625,1.0,0.07177204638719559,30.440219398305963,-4.099945726836825,22.8808932832986,0.6765211159575781,148.82716292433165,0.1006850004196167,34.52142520809222,-1.7907557989009448,19.9407045393199,0.2987620390148365,191.91075992923365
cave_hsi,7,structured-missing-completion,block,1,0.5,softimpute,"(12,12,3)","(128,128)",61.30680120002944,C:\Users\mrkys\workspace\NTD-PL\multirun\neurips-lowrank-core\benchmark\cave_hsi_block_id07_seed1_mr0.5_softimpute_r12_12_3,0.49615478515625,1.0,0.07857384532690048,8.2780597417587,-3.3134923042160676,22.09444017760013,0.5681871061766015,164.3074929430084,0.11069535464048386,16.42976727337743,-0.9674630864443186,19.117411560630885,0.10091505833505908,213.40191725593414
cave_hsi,7,structured-missing-completion,block,1,0.5,tucker,"(12,12,3)","(128,128)",2.786716900067404,C:\Users\mrkys\workspace\NTD-PL\multirun\neurips-lowrank-core\benchmark\cave_hsi_block_id07_seed1_mr0.5_tucker_r12_12_3,0.49615478515625,1.0,0.080279220951438,34.76256715959737,-3.1269892334177944,21.907937013211036,0.6138498158064466,166.79949637790008,0.11271281674515007,39.731964709789246,-0.8105850703056863,18.960533937248275,0.18624171744779955,215.37006663590782
cave_hsi,8,structured-missing-completion,block,1,0.5,ntdpl,"(12,12,3)","(128,128)",5.637038400047459,C:\Users\mrkys\workspace\NTD-PL\multirun\neurips-lowrank-core\run\cave_hsi_block_id08_seed1_mr0.5_ntdpl_r12_12_3,0.49615478515625,1.0,0.12060316652059555,22.62333754398084,-5.161253127423711,18.372825613206263,0.7527792945881752,97.01138423488102,0.1667688637971878,25.64064583614268,-2.1587735330948514,15.557700546630443,0.4037833990477168,128.43945807376178
cave_hsi,8,structured-missing-completion,block,1,0.5,softimpute,"(12,12,3)","(128,128)",55.56813400005922,C:\Users\mrkys\workspace\NTD-PL\multirun\neurips-lowrank-core\benchmark\cave_hsi_block_id08_seed1_mr0.5_softimpute_r12_12_3,0.49615478515625,1.0,0.11851553618907928,10.128225558970396,-5.3129217699128155,18.52449396920146,0.7067751996043438,95.20184812464541,0.16696549952030182,20.101858951128197,-2.148538567138178,15.547465352232212,0.22004002201340445,127.6844652046383
cave_hsi,8,structured-missing-completion,block,1,0.5,tucker,"(12,12,3)","(128,128)",2.8283994999947026,C:\Users\mrkys\workspace\NTD-PL\multirun\neurips-lowrank-core\benchmark\cave_hsi_block_id08_seed1_mr0.5_tucker_r12_12_3,0.49615478515625,1.0,0.14429348189025,33.255604109753286,-3.6034931308038227,16.815065733366804,0.6710037523104788,117.4321094336182,0.19978655431574038,41.33359605916678,-0.5897480349907114,13.988674865040673,0.2943100982610141,156.05277257642652
cave_hsi,9,structured-missing-completion,block,1,0.5,ntdpl,"(12,12,3)","(128,128)",5.133627200033516,C:\Users\mrkys\workspace\NTD-PL\multirun\neurips-lowrank-core\run\cave_hsi_block_id09_seed1_mr0.5_ntdpl_r12_12_3,0.49615478515625,1.0,0.09194513410329819,29.987564476771535,-5.265453785942169,20.72942534382787,0.7923951784407057,97.48620961413847,0.12788963317871094,32.06092156640802,-1.5290436285502282,17.863293106530254,0.4463333684982557,149.14076257086242
cave_hsi,9,structured-missing-completion,block,1,0.5,softimpute,"(12,12,3)","(128,128)",58.66280509997159,C:\Users\mrkys\workspace\NTD-PL\multirun\neurips-lowrank-core\benchmark\cave_hsi_block_id09_seed1_mr0.5_softimpute_r12_12_3,0.49615478515625,1.0,0.07741747796535492,12.079549024671012,-6.759247832220958,22.22321951792001,0.8173625654308541,89.12385822667004,0.10906627029180527,23.974721895558208,-2.911940902028234,19.24619090095077,0.39681712333718533,138.34127745042503
cave_hsi,9,structured-missing-completion,block,1,0.5,tucker,"(12,12,3)","(128,128)",2.5402338999556378,C:\Users\mrkys\workspace\NTD-PL\multirun\neurips-lowrank-core\benchmark\cave_hsi_block_id09_seed1_mr0.5_tucker_r12_12_3,0.49615478515625,1.0,0.0962810461242356,41.35972157105235,-4.865212578310597,20.32918399246971,0.770464907615598,106.4001168293888,0.133743177663263,48.352600442350905,-1.1403174580172302,17.474567248380243,0.39725758732270866,163.77150725976261
cave_hsi,10,structured-missing-completion,block,1,0.5,ntdpl,"(12,12,3)","(128,128)",4.003310599946417,C:\Users\mrkys\workspace\NTD-PL\multirun\neurips-lowrank-core\run\cave_hsi_block_id10_seed1_mr0.5_ntdpl_r12_12_3,0.49615478515625,1.0,0.08848685771226883,22.072358217167604,-6.543745057323508,21.062424353919525,0.8007535379007844,76.7483221905155,0.12243250012397766,24.496768052880437,-4.0778739142197225,18.24206494326714,0.5935113048130798,97.68433680226892
cave_hsi,10,structured-missing-completion,block,1,0.5,softimpute,"(12,12,3)","(128,128)",57.00000480003655,C:\Users\mrkys\workspace\NTD-PL\multirun\neurips-lowrank-core\benchmark\cave_hsi_block_id10_seed1_mr0.5_softimpute_r12_12_3,0.49615478515625,1.0,0.09657561033964157,8.55613691219022,-5.783971540667974,20.30265086510612,0.7221659692044611,83.81683285453367,0.13605637848377228,16.981677185129048,-3.1614309513215106,17.325622248136877,0.3623253528624103,108.63683872180509
cave_hsi,10,structured-missing-completion,block,1,0.5,tucker,"(12,12,3)","(128,128)",3.0859253000235185,C:\Users\mrkys\workspace\NTD-PL\multirun\neurips-lowrank-core\benchmark\cave_hsi_block_id10_seed1_mr0.5_tucker_r12_12_3,0.49615478515625,1.0,0.0995608369187148,27.13516640221438,-5.519549898014314,20.038229226473398,0.7610757409677532,86.34994246923951,0.1379542787761686,33.625163882376086,-3.041105061180047,17.205296498830183,0.5403978431287985,109.94217261439611
cave_hsi,11,structured-missing-completion,block,1,0.5,ntdpl,"(12,12,3)","(128,128)",4.085390499909408,C:\Users\mrkys\workspace\NTD-PL\multirun\neurips-lowrank-core\run\cave_hsi_block_id11_seed1_mr0.5_ntdpl_r12_12_3,0.49615478515625,1.0,0.14336863160133362,21.596450767196288,-4.415134613954908,16.870916713770058,0.5975575659759177,87.89604101721675,0.19803550839424133,26.67253967742322,-2.44472433056343,14.065138509351247,0.32181180829607176,110.99147162225059
cave_hsi,11,structured-missing-completion,block,1,0.5,softimpute,"(12,12,3)","(128,128)",97.30150330008473,C:\Users\mrkys\workspace\NTD-PL\multirun\neurips-lowrank-core\benchmark\cave_hsi_block_id11_seed1_mr0.5_softimpute_r12_12_3,0.49615478515625,1.0,0.1450691521167755,11.776357594510634,-4.312716354158657,16.768498640231797,0.5343281281793302,83.7262239710654,0.20437440276145935,23.372966803076682,-2.171055410647357,13.791470023262558,0.1387779571685051,106.06946454787393
cave_hsi,11,structured-missing-completion,block,1,0.5,tucker,"(12,12,3)","(128,128)",2.630434099934064,C:\Users\mrkys\workspace\NTD-PL\multirun\neurips-lowrank-core\benchmark\cave_hsi_block_id11_seed1_mr0.5_tucker_r12_12_3,0.49615478515625,1.0,0.15915409273173098,27.982650919838918,-3.5078611235076425,15.963643775738301,0.5470763245111566,94.37018034744156,0.22001995952296804,38.10213341302442,-1.5303436390655842,13.150758391056463,0.28944093457861103,117.87190316965494
cave_hsi,12,structured-missing-completion,block,1,0.5,ntdpl,"(12,12,3)","(128,128)",4.109928099904209,C:\Users\mrkys\workspace\NTD-PL\multirun\neurips-lowrank-core\run\cave_hsi_block_id12_seed1_mr0.5_ntdpl_r12_12_3,0.49615478515625,1.0,0.16049672663211823,14.054838151311241,-7.35661049106761,15.890676817318841,0.7903808642321324,53.66674565835871,0.2250993549823761,17.051475633220413,-4.857678329242595,12.95251503532308,0.5214087110274456,68.03514170887824
cave_hsi,12,structured-missing-completion,block,1,0.5,softimpute,"(12,12,3)","(128,128)",44.062666599988006,C:\Users\mrkys\workspace\NTD-PL\multirun\neurips-lowrank-core\benchmark\cave_hsi_block_id12_seed1_mr0.5_softimpute_r12_12_3,0.49615478515625,1.0,0.16804394125938416,5.638314391558527,-6.957476596261385,15.491543090409266,0.7664354917794248,59.770836841756235,0.23674143850803375,11.190568282318333,-4.419677577894377,12.514514473440022,0.48727262383189074,77.05742616718074
cave_hsi,12,structured-missing-completion,block,1,0.5,tucker,"(12,12,3)","(128,128)",2.350516200065613,C:\Users\mrkys\workspace\NTD-PL\multirun\neurips-lowrank-core\benchmark\cave_hsi_block_id12_seed1_mr0.5_tucker_r12_12_3,0.49615478515625,1.0,0.17037084618648785,18.017714077523543,-6.838028049102829,15.372094391336557,0.7630462224024246,59.438304676014944,0.23853248730605922,23.196044996200285,-4.35421255772105,12.449049263554313,0.4529963156556385,75.64341861542216
cave_hsi,13,structured-missing-completion,block,1,0.5,ntdpl,"(12,12,3)","(128,128)",4.12360940000508,C:\Users\mrkys\workspace\NTD-PL\multirun\neurips-lowrank-core\run\cave_hsi_block_id13_seed1_mr0.5_ntdpl_r12_12_3,0.49615478515625,1.0,0.1603860706090927,27.57645706113787,-2.91377346413031,15.89666765947208,0.4580831210176517,130.67078223121524,0.22523023188114166,27.94180328090814,-1.8415070269438556,12.947466696283323,0.1996289165196209,129.98578421427246
cave_hsi,13,structured-missing-completion,block,1,0.5,softimpute,"(12,12,3)","(128,128)",155.97980170010123,C:\Users\mrkys\workspace\NTD-PL\multirun\neurips-lowrank-core\benchmark\cave_hsi_block_id13_seed1_mr0.5_softimpute_r12_12_3,0.49615478515625,1.0,0.17175830900669098,11.038439037992202,-2.31875105291265,15.301644511804142,0.34965624173500676,139.80374589469935,0.24197427928447723,21.90839287289797,-1.218656839826707,12.324615894834901,0.08605929649341591,139.58986042626537
cave_hsi,13,structured-missing-completion,block,1,0.5,tucker,"(12,12,3)","(128,128)",2.3101277999812737,C:\Users\mrkys\workspace\NTD-PL\multirun\neurips-lowrank-core\benchmark\cave_hsi_block_id13_seed1_mr0.5_tucker_r12_12_3,0.49615478515625,1.0,0.1699968656160501,35.9024289798395,-2.4082880122872523,15.391181720458377,0.4115166657995826,138.9987254700933,0.23873527938979364,43.47800673047826,-1.3357086434540475,12.441667957345476,0.15360333047726418,138.43470055038736
cave_hsi,14,structured-missing-completion,block,1,0.5,ntdpl,"(12,12,3)","(128,128)",3.7240480000618845,C:\Users\mrkys\workspace\NTD-PL\multirun\neurips-lowrank-core\run\cave_hsi_block_id14_seed1_mr0.5_ntdpl_r12_12_3,0.49615478515625,1.0,0.6930540204048157,33.451806258760335,15.339989391694289,3.1846578467507163,0.033317652299435854,1949.1880513886126,0.9762298464775085,36.711453234991914,18.72793668395925,0.20895839839551303,0.008148922469085976,2916.2184510546767
cave_hsi,14,structured-missing-completion,block,1,0.5,softimpute,"(12,12,3)","(128,128)",181.6366507000057,C:\Users\mrkys\workspace\NTD-PL\multirun\neurips-lowrank-core\benchmark\cave_hsi_block_id14_seed1_mr0.5_softimpute_r12_12_3,0.49615478515625,1.0,0.062355365604162216,12.43445833868783,-5.577876145415878,24.10252326289669,0.7615799689632612,102.84215629151402,0.08784666657447815,24.679123374423778,-2.188599782018904,21.125494645927443,0.30819108891771996,145.34685105745214
cave_hsi,14,structured-missing-completion,block,1,0.5,tucker,"(12,12,3)","(128,128)",2.280828900053166,C:\Users\mrkys\workspace\NTD-PL\multirun\neurips-lowrank-core\benchmark\cave_hsi_block_id14_seed1_mr0.5_tucker_r12_12_3,0.49615478515625,1.0,0.07909224791879894,36.68637673754268,-3.5126744273977244,22.03732161982479,0.7193746685199391,145.30625145882843,0.10998102003535258,44.99874396739629,-0.2367502139212974,19.17364513413196,0.37135298235435377,205.66734165442392
cave_hsi,15,structured-missing-completion,block,1,0.5,ntdpl,"(12,12,3)","(128,128)",3.6278899000026286,C:\Users\mrkys\workspace\NTD-PL\multirun\neurips-lowrank-core\run\cave_hsi_block_id15_seed1_mr0.5_ntdpl_r12_12_3,0.49615478515625,1.0,0.10137183964252472,28.561567773704027,-4.390414837410054,19.88165331452696,0.6508807975605763,104.78481906249115,0.1414620280265808,30.174402929856942,-2.6370955859821037,16.98720206479335,0.36593311445223936,117.92814206859723
cave_hsi,15,structured-missing-completion,block,1,0.5,softimpute,"(12,12,3)","(128,128)",132.49810209998395,C:\Users\mrkys\workspace\NTD-PL\multirun\neurips-lowrank-core\benchmark\cave_hsi_block_id15_seed1_mr0.5_softimpute_r12_12_3,0.49615478515625,1.0,0.10291159152984619,9.190434154705793,-4.259475408099104,19.750713694154637,0.5977474359430571,107.14210863427265,0.14498256146907806,18.24059009867275,-2.423578324658669,16.773685077185394,0.25733803859341914,122.20087681156204
cave_hsi,15,structured-missing-completion,block,1,0.5,tucker,"(12,12,3)","(128,128)",2.3139490000903606,C:\Users\mrkys\workspace\NTD-PL\multirun\neurips-lowrank-core\benchmark\cave_hsi_block_id15_seed1_mr0.5_tucker_r12_12_3,0.49615478515625,1.0,0.11306988820665614,32.824977093653466,-3.441822374467423,18.933060744437476,0.5872212534691755,119.87121028684831,0.1578982723210231,39.93894668551982,-1.6823457560081567,16.03245243790265,0.2879194713707985,135.20650682357268
cave_hsi,1,structured-missing-completion,block,2,0.5,ntdpl,"(12,12,3)","(128,128)",3.3218597000231966,C:\Users\mrkys\workspace\NTD-PL\multirun\neurips-lowrank-core\run\cave_hsi_block_id01_seed2_mr0.5_ntdpl_r12_12_3,0.49884033203125,2.0,0.10816667973995209,16.247026520546875,-5.837589128901968,19.318130042060787,0.7081848718292233,75.97031885590188,0.15179860591888428,19.9269908843809,-3.5544856331185133,16.3746443760199,0.39402497730445424,95.60371016526015
cave_hsi,1,structured-missing-completion,block,2,0.5,softimpute,"(12,12,3)","(128,128)",57.89611710002646,C:\Users\mrkys\workspace\NTD-PL\multirun\neurips-lowrank-core\benchmark\cave_hsi_block_id01_seed2_mr0.5_softimpute_r12_12_3,0.49884033203125,2.0,0.11672311276197433,6.807243182235499,-5.176321823334222,18.656862920820995,0.6443002100059426,81.2099484172585,0.16488032042980194,13.582982621381946,-2.836465066426102,15.656624049161485,0.2681630011731799,102.89712513292295
cave_hsi,1,structured-missing-completion,block,2,0.5,tucker,"(12,12,3)","(128,128)",2.3527436999138445,C:\Users\mrkys\workspace\NTD-PL\multirun\neurips-lowrank-core\benchmark\cave_hsi_block_id01_seed2_mr0.5_tucker_r12_12_3,0.49884033203125,2.0,0.11541386932885772,19.043050653109148,-5.2742990200818065,18.754839974201833,0.6796140704065667,80.93907770257005,0.1620184124901405,24.718349723403307,-2.9885536944611997,15.808712550076603,0.3616697026772737,101.9326909732563
cave_hsi,2,structured-missing-completion,block,2,0.5,ntdpl,"(12,12,3)","(128,128)",4.0792513999622315,C:\Users\mrkys\workspace\NTD-PL\multirun\neurips-lowrank-core\run\cave_hsi_block_id02_seed2_mr0.5_ntdpl_r12_12_3,0.49884033203125,2.0,0.2839864492416382,36.137587070004486,2.543783352454891,10.934047953002281,0.22964352887878023,200.03176421201746,0.3954719305038452,43.09605883292357,4.524036260866998,8.057686570103712,0.05639673884753167,236.22622784251809
cave_hsi,2,structured-missing-completion,block,2,0.5,softimpute,"(12,12,3)","(128,128)",207.0530438000569,C:\Users\mrkys\workspace\NTD-PL\multirun\neurips-lowrank-core\benchmark\cave_hsi_block_id02_seed2_mr0.5_softimpute_r12_12_3,0.49884033203125,2.0,0.13876383006572723,16.947919760512235,-3.6766432034543683,17.15447436719417,0.5450649646891081,108.91480094795803,0.19601450860500336,33.81740535195164,-1.572512862800735,14.154235495534664,0.1101179004186954,131.64800708020312
cave_hsi,2,structured-missing-completion,block,2,0.5,tucker,"(12,12,3)","(128,128)",2.340478800004348,C:\Users\mrkys\workspace\NTD-PL\multirun\neurips-lowrank-core\benchmark\cave_hsi_block_id02_seed2_mr0.5_tucker_r12_12_3,0.49884033203125,2.0,0.21651818419388918,46.24400944451327,0.1877188645237626,13.290112474579146,0.33260664643060733,166.2896027417316,0.2960526042106923,57.77355052271004,2.0091005893863665,10.572622286345988,0.11085784219546539,192.56152194658586
cave_hsi,3,structured-missing-completion,block,2,0.5,ntdpl,"(12,12,3)","(128,128)",4.001425799913704,C:\Users\mrkys\workspace\NTD-PL\multirun\neurips-lowrank-core\run\cave_hsi_block_id03_seed2_mr0.5_ntdpl_r12_12_3,0.49884033203125,2.0,0.08238120377063751,21.43516784698661,-4.291562991902508,21.68343709462393,0.6709168597768984,123.19955889463134,0.11201117187738419,23.75169818372522,-2.0254343085169344,19.01477358446722,0.29297910675693534,149.4617578881114
cave_hsi,3,structured-missing-completion,block,2,0.5,softimpute,"(12,12,3)","(128,128)",104.27265860000625,C:\Users\mrkys\workspace\NTD-PL\multirun\neurips-lowrank-core\benchmark\cave_hsi_block_id03_seed2_mr0.5_softimpute_r12_12_3,0.49884033203125,2.0,0.07816340029239655,7.879529427210857,-4.748057260602586,22.139931242573248,0.6799408565351762,117.15422698033116,0.11041177064180374,15.722592637876877,-2.150353428814112,19.13969237091374,0.25094464875576383,146.95172161230929
cave_hsi,3,structured-missing-completion,block,2,0.5,tucker,"(12,12,3)","(128,128)",2.307423899997957,C:\Users\mrkys\workspace\NTD-PL\multirun\neurips-lowrank-core\benchmark\cave_hsi_block_id03_seed2_mr0.5_tucker_r12_12_3,0.49884033203125,2.0,0.08868249812619135,26.10213736287701,-3.651367576227373,21.043241632048804,0.6309667133726211,131.6881365311572,0.12014343890834218,30.21002154432398,-1.4166598596181,18.405998824909595,0.2509062566152954,159.08906459992102
cave_hsi,4,structured-missing-completion,block,2,0.5,ntdpl,"(12,12,3)","(128,128)",5.280031400034204,C:\Users\mrkys\workspace\NTD-PL\multirun\neurips-lowrank-core\run\cave_hsi_block_id04_seed2_mr0.5_ntdpl_r12_12_3,0.49884033203125,2.0,0.1599942445755005,19.210626394683125,-5.319364957700125,15.917913412037217,0.758577427658129,99.94675947273367,0.2250204086303711,21.531071729339345,-2.059552978048235,12.955561440049499,0.3519838810517806,140.12441806089876
cave_hsi,4,structured-missing-completion,block,2,0.5,softimpute,"(12,12,3)","(128,128)",55.63407639996149,C:\Users\mrkys\workspace\NTD-PL\multirun\neurips-lowrank-core\benchmark\cave_hsi_block_id04_seed2_mr0.5_softimpute_r12_12_3,0.49884033203125,2.0,0.12690980732440948,7.855501428575344,-7.33154831794049,17.930096312596497,0.8215069495355432,79.24200233731402,0.17926980555057526,15.674647834138394,-4.033848710751279,14.929857440936988,0.4836357219951479,111.55980845507226
cave_hsi,4,structured-missing-completion,block,2,0.5,tucker,"(12,12,3)","(128,128)",2.257487599970773,C:\Users\mrkys\workspace\NTD-PL\multirun\neurips-lowrank-core\benchmark\cave_hsi_block_id04_seed2_mr0.5_tucker_r12_12_3,0.49884033203125,2.0,0.1734293682786196,25.446532871117753,-4.618999003061871,15.217547156645558,0.7201157119134863,108.14731971125921,0.24396828008281868,32.46110395922004,-1.35732424630947,12.253332709331934,0.26421575322608104,151.64121768961436
cave_hsi,5,structured-missing-completion,block,2,0.5,ntdpl,"(12,12,3)","(128,128)",6.828214199980721,C:\Users\mrkys\workspace\NTD-PL\multirun\neurips-lowrank-core\run\cave_hsi_block_id05_seed2_mr0.5_ntdpl_r12_12_3,0.49884033203125,2.0,0.10624035447835922,33.38481863524773,-3.6763556111497793,19.474210193050652,0.5923439528837506,107.97812119609537,0.14955256879329681,33.427409641677656,-1.9700045939607551,16.50412283859531,0.2611631446757603,121.9753679605645
cave_hsi,5,structured-missing-completion,block,2,0.5,softimpute,"(12,12,3)","(128,128)",66.5757160000503,C:\Users\mrkys\workspace\NTD-PL\multirun\neurips-lowrank-core\benchmark\cave_hsi_block_id05_seed2_mr0.5_softimpute_r12_12_3,0.49884033203125,2.0,0.0913907140493393,8.427756440369016,-4.984103970910233,20.78195844333557,0.6765879832545829,98.58086350117394,0.1290963739156723,16.816509502045317,-3.2476010249235916,17.78171957167606,0.39066467108429637,115.96478192240423
cave_hsi,5,structured-missing-completion,block,2,0.5,tucker,"(12,12,3)","(128,128)",3.1233163001015782,C:\Users\mrkys\workspace\NTD-PL\multirun\neurips-lowrank-core\benchmark\cave_hsi_block_id05_seed2_mr0.5_tucker_r12_12_3,0.49884033203125,2.0,0.11327748242821056,41.07003922141871,-3.119273855682793,18.917128233284892,0.5504885787382071,122.6557659075262,0.15942830749691914,45.647590183681174,-1.4145729018304365,15.948691287628229,0.20050656183893678,142.238254201593
cave_hsi,6,structured-missing-completion,block,2,0.5,ntdpl,"(12,12,3)","(128,128)",6.513761000009254,C:\Users\mrkys\workspace\NTD-PL\multirun\neurips-lowrank-core\run\cave_hsi_block_id06_seed2_mr0.5_ntdpl_r12_12_3,0.49884033203125,2.0,0.19386257231235504,16.47263945189426,-2.4011549653732627,14.250120738095976,0.45495911747410855,149.4096973308508,0.26777273416519165,23.093744160144688,-0.11218315713882189,11.444673275433729,0.21451616688967287,194.44505941657513
cave_hsi,6,structured-missing-completion,block,2,0.5,softimpute,"(12,12,3)","(128,128)",37.11837039992679,C:\Users\mrkys\workspace\NTD-PL\multirun\neurips-lowrank-core\benchmark\cave_hsi_block_id06_seed2_mr0.5_softimpute_r12_12_3,0.49884033203125,2.0,0.11646340787410736,7.371142282616512,-6.827244653951524,18.676209841751877,0.7125675305433785,65.45416300556221,0.1645134687423706,14.70817113395876,-4.343480576257182,15.67597097009237,0.4215287279465101,86.45440335561231
cave_hsi,6,structured-missing-completion,block,2,0.5,tucker,"(12,12,3)","(128,128)",2.7208940000273287,C:\Users\mrkys\workspace\NTD-PL\multirun\neurips-lowrank-core\benchmark\cave_hsi_block_id06_seed2_mr0.5_tucker_r12_12_3,0.49884033203125,2.0,0.1482456962410569,17.8524400648963,-4.731392985404979,16.580358117910258,0.6247716075378148,101.55806562548868,0.20129742013694488,25.84834215783636,-2.5907459559993433,13.923235821399153,0.43322733775975636,129.40854347238326
cave_hsi,7,structured-missing-completion,block,2,0.5,ntdpl,"(12,12,3)","(128,128)",6.612135500065051,C:\Users\mrkys\workspace\NTD-PL\multirun\neurips-lowrank-core\run\cave_hsi_block_id07_seed2_mr0.5_ntdpl_r12_12_3,0.49884033203125,2.0,0.04782940819859505,30.809343231184783,-7.625152395502319,26.406099842028663,0.8866657112560885,93.6096296666821,0.06705073267221451,35.46048141625786,-2.178530330037956,23.471929010236735,0.4501583644353154,156.9055749969036
cave_hsi,7,structured-missing-completion,block,2,0.5,softimpute,"(12,12,3)","(128,128)",72.64399449992925,C:\Users\mrkys\workspace\NTD-PL\multirun\neurips-lowrank-core\benchmark\cave_hsi_block_id07_seed2_mr0.5_softimpute_r12_12_3,0.49884033203125,2.0,0.0494125634431839,9.285989703058453,-7.342304332437308,26.12325200498466,0.8422094794097276,95.16816435606644,0.0697990283370018,18.529004175862017,-1.8296141255015428,23.123013133325156,0.2643593020946232,157.23961642947268
cave_hsi,7,structured-missing-completion,block,2,0.5,tucker,"(12,12,3)","(128,128)",2.4261138000292704,C:\Users\mrkys\workspace\NTD-PL\multirun\neurips-lowrank-core\benchmark\cave_hsi_block_id07_seed2_mr0.5_tucker_r12_12_3,0.49884033203125,2.0,0.0526426726824139,32.61193606655904,-6.792293611979955,25.573241391773198,0.8659342907944724,103.54007450514595,0.07387975353187504,37.14419686073115,-1.3360924419861808,22.629491241334673,0.3680144453206781,174.5973458418249
cave_hsi,8,structured-missing-completion,block,2,0.5,ntdpl,"(12,12,3)","(128,128)",6.532379800104536,C:\Users\mrkys\workspace\NTD-PL\multirun\neurips-lowrank-core\run\cave_hsi_block_id08_seed2_mr0.5_ntdpl_r12_12_3,0.49884033203125,2.0,0.12319698929786682,23.222138593889916,-4.976425813804111,18.187997889155522,0.7384080972557021,100.34427614174407,0.17166540026664734,26.45202880197331,-2.1698052233959966,15.306344865786405,0.4062089018579947,134.59458822569994
cave_hsi,8,structured-missing-completion,block,2,0.5,softimpute,"(12,12,3)","(128,128)",57.89417709992267,C:\Users\mrkys\workspace\NTD-PL\multirun\neurips-lowrank-core\benchmark\cave_hsi_block_id08_seed2_mr0.5_softimpute_r12_12_3,0.49884033203125,2.0,0.11964508146047592,10.720571504079444,-5.23053061855196,18.44210312018367,0.7018369840701402,95.86551156887688,0.169007807970047,21.39152862905432,-2.3053247896728943,15.441864248524162,0.24884769330284073,128.73753736044037
cave_hsi,8,structured-missing-completion,block,2,0.5,tucker,"(12,12,3)","(128,128)",2.4771549999713898,C:\Users\mrkys\workspace\NTD-PL\multirun\neurips-lowrank-core\benchmark\cave_hsi_block_id08_seed2_mr0.5_tucker_r12_12_3,0.49884033203125,2.0,0.1476553606112848,32.92130953903893,-3.403443025442883,16.615015628005864,0.6485552693547788,120.63837977555096,0.20606556665631595,41.720980305293516,-0.5833519298180357,13.719891446366494,0.27746863223388446,161.83242899706866
cave_hsi,9,structured-missing-completion,block,2,0.5,ntdpl,"(12,12,3)","(128,128)",6.618806099984795,C:\Users\mrkys\workspace\NTD-PL\multirun\neurips-lowrank-core\run\cave_hsi_block_id09_seed2_mr0.5_ntdpl_r12_12_3,0.49884033203125,2.0,0.10628457367420197,29.401010302754486,-4.006623694762286,19.470595265806814,0.6585936616409064,117.06648526275285,0.14946602284908295,29.3909263338209,-1.8312629735662758,16.50915010786203,0.31131264544702975,135.45137755758714
cave_hsi,9,structured-missing-completion,block,2,0.5,softimpute,"(12,12,3)","(128,128)",102.64932709990535,C:\Users\mrkys\workspace\NTD-PL\multirun\neurips-lowrank-core\benchmark\cave_hsi_block_id09_seed2_mr0.5_softimpute_r12_12_3,0.49884033203125,2.0,0.0973714292049408,10.544056970871253,-4.7673975960921195,20.23136869024019,0.667045244055574,108.35169954374632,0.13754458725452423,21.03931645201799,-2.5532430083728688,17.231129818580683,0.30287196186530146,126.37151252219046
cave_hsi,9,structured-missing-completion,block,2,0.5,tucker,"(12,12,3)","(128,128)",2.662914099986665,C:\Users\mrkys\workspace\NTD-PL\multirun\neurips-lowrank-core\benchmark\cave_hsi_block_id09_seed2_mr0.5_tucker_r12_12_3,0.49884033203125,2.0,0.11470452772270703,41.52903158094696,-3.344417363617161,18.808388777776276,0.6112225187668846,126.2767885903624,0.1611999558205392,46.80324683516683,-1.1748142999228819,15.852701631127085,0.2515740785060737,145.89202043625323
cave_hsi,10,structured-missing-completion,block,2,0.5,ntdpl,"(12,12,3)","(128,128)",6.4401597999967635,C:\Users\mrkys\workspace\NTD-PL\multirun\neurips-lowrank-core\run\cave_hsi_block_id10_seed2_mr0.5_ntdpl_r12_12_3,0.49884033203125,2.0,0.10198931396007538,22.54831854467122,-5.310227068740553,19.828906045680753,0.7217209622115357,88.33390521192563,0.14235548675060272,23.445350388563266,-3.2947632604202797,16.932515814259833,0.46680935119836237,103.81206375628769
cave_hsi,10,structured-missing-completion,block,2,0.5,softimpute,"(12,12,3)","(128,128)",56.0823129999917,C:\Users\mrkys\workspace\NTD-PL\multirun\neurips-lowrank-core\benchmark\cave_hsi_block_id10_seed2_mr0.5_softimpute_r12_12_3,0.49884033203125,2.0,0.1014157310128212,8.12964410114464,-5.359213883397408,19.877892898058214,0.6828643959255265,87.72749883861098,0.1432574838399887,16.221664461581998,-3.2399010530933796,16.87765402639871,0.36248669004537243,104.14355611066992
cave_hsi,10,structured-missing-completion,block,2,0.5,tucker,"(12,12,3)","(128,128)",2.505496000056155,C:\Users\mrkys\workspace\NTD-PL\multirun\neurips-lowrank-core\benchmark\cave_hsi_block_id10_seed2_mr0.5_tucker_r12_12_3,0.49884033203125,2.0,0.11193902530266213,26.79356571395567,-4.501690251271649,19.020369579730733,0.6870733000460856,96.95596318043236,0.15629580237042004,31.69810121868815,-2.4833009694393713,16.121053713044752,0.4409727098199635,114.10876154798706
cave_hsi,11,structured-missing-completion,block,2,0.5,ntdpl,"(12,12,3)","(128,128)",6.608615200035274,C:\Users\mrkys\workspace\NTD-PL\multirun\neurips-lowrank-core\run\cave_hsi_block_id11_seed2_mr0.5_ntdpl_r12_12_3,0.49884033203125,2.0,0.1374020129442215,22.753728449754064,-4.78435530530897,17.240138288315073,0.6601936514868102,80.93369667336444,0.18920113146305084,29.076568604894586,-2.0935464899955503,14.461524751053767,0.38261887567488245,110.54862347704872
cave_hsi,11,structured-missing-completion,block,2,0.5,softimpute,"(12,12,3)","(128,128)",77.08667940006126,C:\Users\mrkys\workspace\NTD-PL\multirun\neurips-lowrank-core\benchmark\cave_hsi_block_id11_seed2_mr0.5_softimpute_r12_12_3,0.49884033203125,2.0,0.12587419152259827,12.864663032807005,-5.545482875802828,18.001265423917978,0.6633833826845936,73.02199759100445,0.17780692875385284,25.669788965333808,-2.633048298234149,15.001026552258471,0.20212175824912282,102.68836294020116
cave_hsi,11,structured-missing-completion,block,2,0.5,tucker,"(12,12,3)","(128,128)",2.4780462000053376,C:\Users\mrkys\workspace\NTD-PL\multirun\neurips-lowrank-core\benchmark\cave_hsi_block_id11_seed2_mr0.5_tucker_r12_12_3,0.49884033203125,2.0,0.15423862257723278,29.77606179966307,-3.7803545852895337,16.236137237520193,0.6176110977518889,91.83266980601704,0.2129359726408755,42.1683972051856,-1.0670407380014613,13.435019284175375,0.3665038280144363,125.87319468089477
cave_hsi,12,structured-missing-completion,block,2,0.5,ntdpl,"(12,12,3)","(128,128)",6.449858700041659,C:\Users\mrkys\workspace\NTD-PL\multirun\neurips-lowrank-core\run\cave_hsi_block_id12_seed2_mr0.5_ntdpl_r12_12_3,0.49884033203125,2.0,0.18982985615730286,16.28353162119076,-5.898643195757147,14.432710073322637,0.6977892815225724,61.98314713287021,0.2674328684806824,21.82411507306431,-3.760040621026751,11.455704838079443,0.3903420916397153,75.7217056915946
cave_hsi,12,structured-missing-completion,block,2,0.5,softimpute,"(12,12,3)","(128,128)",43.796507099992596,C:\Users\mrkys\workspace\NTD-PL\multirun\neurips-lowrank-core\benchmark\cave_hsi_block_id12_seed2_mr0.5_softimpute_r12_12_3,0.49884033203125,2.0,0.17402489483356476,6.046529915689457,-6.653705840896398,15.18777187036305,0.742015170134146,59.98134321321358,0.245823472738266,12.065076632790095,-4.491869216166938,12.187532998703542,0.4930378472864303,75.66492526270616
cave_hsi,12,structured-missing-completion,block,2,0.5,tucker,"(12,12,3)","(128,128)",2.548888999968767,C:\Users\mrkys\workspace\NTD-PL\multirun\neurips-lowrank-core\benchmark\cave_hsi_block_id12_seed2_mr0.5_tucker_r12_12_3,0.49884033203125,2.0,0.1867509215113351,20.099740468594312,-6.040678587905046,14.574744930138774,0.7048031473888544,63.420822860397486,0.2623280328170672,26.442356385933035,-3.9274421747600936,11.623105949744769,0.3868203889960758,78.40519976626452
cave_hsi,13,structured-missing-completion,block,2,0.5,ntdpl,"(12,12,3)","(128,128)",6.700624100049026,C:\Users\mrkys\workspace\NTD-PL\multirun\neurips-lowrank-core\run\cave_hsi_block_id13_seed2_mr0.5_ntdpl_r12_12_3,0.49884033203125,2.0,0.16916252672672272,28.266740503299904,-2.451022854605343,15.433916534159378,0.4884078024815402,138.7282841585027,0.23820628225803375,26.88816402325813,-1.2215427533179168,12.46093563567278,0.23275769133148597,137.47083886139936
cave_hsi,13,structured-missing-completion,block,2,0.5,softimpute,"(12,12,3)","(128,128)",253.90655770001467,C:\Users\mrkys\workspace\NTD-PL\multirun\neurips-lowrank-core\benchmark\cave_hsi_block_id13_seed2_mr0.5_softimpute_r12_12_3,0.49884033203125,2.0,0.16777436435222626,10.682600159937008,-2.5225942790042577,15.505488114290007,0.3811883131306831,137.1574348166109,0.23699410259723663,21.315761662800938,-1.2658564884156296,12.505249242630498,0.09267613737666942,136.18074488690579
cave_hsi,13,structured-missing-completion,block,2,0.5,tucker,"(12,12,3)","(128,128)",2.6309328000061214,C:\Users\mrkys\workspace\NTD-PL\multirun\neurips-lowrank-core\benchmark\cave_hsi_block_id13_seed2_mr0.5_tucker_r12_12_3,0.49884033203125,2.0,0.1707291482479824,37.35761426905996,-2.3709528182655415,15.353846526436667,0.4494554076032199,139.86387880752892,0.2402465583250141,41.96943693966424,-1.1474635899657046,12.386856502837544,0.1747905421109433,138.2904719622583
cave_hsi,14,structured-missing-completion,block,2,0.5,ntdpl,"(12,12,3)","(128,128)",6.403808900038712,C:\Users\mrkys\workspace\NTD-PL\multirun\neurips-lowrank-core\run\cave_hsi_block_id14_seed2_mr0.5_ntdpl_r12_12_3,0.49884033203125,2.0,0.07941838353872299,33.412884104614136,-3.476931848221157,22.001578897194296,0.6796495041099467,130.50008219488555,0.110959492623806,35.622310536375096,-1.0475183313479968,19.09671088242868,0.3447562470565895,168.53013579672552
cave_hsi,14,structured-missing-completion,block,2,0.5,softimpute,"(12,12,3)","(128,128)",254.9977168000769,C:\Users\mrkys\workspace\NTD-PL\multirun\neurips-lowrank-core\benchmark\cave_hsi_block_id14_seed2_mr0.5_softimpute_r12_12_3,0.49884033203125,2.0,0.07167466729879379,10.982726502125164,-4.368039345409099,22.89268646378856,0.6694263299029459,115.01142701543037,0.1012459397315979,21.91462538785346,-1.8432549737984603,19.892447592129056,0.24330466307677318,149.82307339618418
cave_hsi,14,structured-missing-completion,block,2,0.5,tucker,"(12,12,3)","(128,128)",2.5311246000928804,C:\Users\mrkys\workspace\NTD-PL\multirun\neurips-lowrank-core\benchmark\cave_hsi_block_id14_seed2_mr0.5_tucker_r12_12_3,0.49884033203125,2.0,0.0863872023257387,36.982457771617405,-2.746364617944005,21.27101181037107,0.6305954285235258,144.679849406635,0.12079243867012326,44.855279461285804,-0.31001257957835404,18.359205014069218,0.27913230969976377,187.62930288574773
cave_hsi,15,structured-missing-completion,block,2,0.5,ntdpl,"(12,12,3)","(128,128)",6.5844404000090435,C:\Users\mrkys\workspace\NTD-PL\multirun\neurips-lowrank-core\run\cave_hsi_block_id15_seed2_mr0.5_ntdpl_r12_12_3,0.49884033203125,2.0,0.10336926579475403,24.898042811091408,-4.22093274338929,19.712171116443876,0.6490786199670993,107.98583382296813,0.14477336406707764,28.93359901799636,-2.239823955845238,16.78622695787562,0.3295241639327901,127.42564752117312
cave_hsi,15,structured-missing-completion,block,2,0.5,softimpute,"(12,12,3)","(128,128)",97.24210429994855,C:\Users\mrkys\workspace\NTD-PL\multirun\neurips-lowrank-core\benchmark\cave_hsi_block_id15_seed2_mr0.5_softimpute_r12_12_3,0.49884033203125,2.0,0.09352236986160278,8.603546049689346,-5.090451535455884,20.581690036497065,0.6781455571139468,98.59871467991603,0.13210749626159668,17.167275175596615,-3.0350479466237372,17.581451164837564,0.35656966594056305,117.80637644116278
cave_hsi,15,structured-missing-completion,block,2,0.5,tucker,"(12,12,3)","(128,128)",2.4203763999976218,C:\Users\mrkys\workspace\NTD-PL\multirun\neurips-lowrank-core\benchmark\cave_hsi_block_id15_seed2_mr0.5_tucker_r12_12_3,0.49884033203125,2.0,0.10918745727718593,30.64489592970493,-3.7453065820997407,19.236544952069796,0.6215489757763032,114.7358446392861,0.15286379725351198,39.237886974177385,-1.767503951968257,16.313907128206335,0.3098771479524886,135.43498649299266
cave_hsi,1,structured-missing-completion,block,0,0.7,ntdpl,"(12,12,3)","(128,128)",7.522080799913965,C:\Users\mrkys\workspace\NTD-PL\multirun\neurips-lowrank-core\run\cave_hsi_block_id01_seed0_mr0.7_ntdpl_r12_12_3,0.2977294921875,0.0,0.12800195813179016,18.842815675663427,-4.37512632932659,17.855667192972156,0.5467780194942,89.04046800246194,0.1524287909269333,21.11604349715543,-3.3719447097647546,16.338659520657348,0.32931081261267137,95.5841281268495
cave_hsi,1,structured-missing-completion,block,0,0.7,softimpute,"(12,12,3)","(128,128)",191.23195319995284,C:\Users\mrkys\workspace\NTD-PL\multirun\neurips-lowrank-core\benchmark\cave_hsi_block_id01_seed0_mr0.7_softimpute_r12_12_3,0.2977294921875,0.0,0.15161855518817902,11.241213803522035,-2.904411724762262,16.384952896468903,0.370534036345338,104.7091838288202,0.180925652384758,16.00695686886887,-1.883281709486295,14.849997200406339,0.15120328032460406,112.60204168370052
cave_hsi,1,structured-missing-completion,block,0,0.7,tucker,"(12,12,3)","(128,128)",4.441044499981217,C:\Users\mrkys\workspace\NTD-PL\multirun\neurips-lowrank-core\benchmark\cave_hsi_block_id01_seed0_mr0.7_tucker_r12_12_3,0.2977294921875,0.0,0.13337977525829645,22.103816814010443,-4.017659419729453,17.49820037384948,0.5136468932294954,92.91297831367133,0.1588267634974839,25.55239315091664,-3.014810863180589,15.981526277483574,0.28629327816300626,99.75336690742083
cave_hsi,2,structured-missing-completion,block,0,0.7,ntdpl,"(12,12,3)","(128,128)",7.75864440004807,C:\Users\mrkys\workspace\NTD-PL\multirun\neurips-lowrank-core\run\cave_hsi_block_id02_seed0_mr0.7_ntdpl_r12_12_3,0.2977294921875,0.0,0.3708769381046295,37.78212199548077,4.8624278369543745,8.61540363272031,0.10578710181066835,272.2372566020032,0.4414682686328888,42.160235477929184,5.856294221555695,7.102010592037079,0.032534394651264585,298.24000727469803
cave_hsi,2,structured-missing-completion,block,0,0.7,softimpute,"(12,12,3)","(128,128)",253.39165949996095,C:\Users\mrkys\workspace\NTD-PL\multirun\neurips-lowrank-core\benchmark\cave_hsi_block_id02_seed0_mr0.7_softimpute_r12_12_3,0.2977294921875,0.0,0.16569826006889343,25.622178309353565,-2.135810010216391,15.613641273884454,0.302671824296665,129.50846014612873,0.19772687554359436,36.48477040451253,-1.120380954084224,14.07868557782189,0.06741614489113618,141.4845343300415
cave_hsi,2,structured-missing-completion,block,0,0.7,tucker,"(12,12,3)","(128,128)",4.2599358999868855,C:\Users\mrkys\workspace\NTD-PL\multirun\neurips-lowrank-core\benchmark\cave_hsi_block_id02_seed0_mr0.7_tucker_r12_12_3,0.2977294921875,0.0,0.22358568407004165,51.257889568870795,0.4667111938356897,13.011120145267219,0.2296703952292787,173.33019820536975,0.2641661654583833,59.312250149630984,1.3958484588270195,11.562456156511532,0.07799031526312632,186.58418360720825
cave_hsi,3,structured-missing-completion,block,0,0.7,ntdpl,"(12,12,3)","(128,128)",7.142973600071855,C:\Users\mrkys\workspace\NTD-PL\multirun\neurips-lowrank-core\run\cave_hsi_block_id03_seed0_mr0.7_ntdpl_r12_12_3,0.2977294921875,0.0,0.09535172581672668,16.31612711854737,-3.0215547326356553,20.413428317704188,0.49794444924049713,140.06288501913536,0.11290758103132248,19.004864919478113,-1.7622984875475205,18.945538033501364,0.20451006206415626,160.09616912730831
cave_hsi,3,structured-missing-completion,block,0,0.7,softimpute,"(12,12,3)","(128,128)",254.53403550002258,C:\Users\mrkys\workspace\NTD-PL\multirun\neurips-lowrank-core\benchmark\cave_hsi_block_id03_seed0_mr0.7_softimpute_r12_12_3,0.2977294921875,0.0,0.0957721695303917,10.761933570220052,-2.9833397058148696,20.375213771102132,0.4647299812039695,138.62411895923427,0.1142844408750534,15.324484480895745,-1.657018655944863,18.84025807503957,0.18602541524307,159.4991837549185
cave_hsi,3,structured-missing-completion,block,0,0.7,tucker,"(12,12,3)","(128,128)",4.480437399935909,C:\Users\mrkys\workspace\NTD-PL\multirun\neurips-lowrank-core\benchmark\cave_hsi_block_id03_seed0_mr0.7_tucker_r12_12_3,0.2977294921875,0.0,0.09629490472226464,18.57080517062562,-2.936059788302165,20.327933844123596,0.5004270714348836,142.25599182187142,0.11379709416501241,22.518849240712033,-1.6941373930221464,18.87737655217798,0.21818164418209812,162.37396914038175
cave_hsi,4,structured-missing-completion,block,0,0.7,ntdpl,"(12,12,3)","(128,128)",7.376429499941878,C:\Users\mrkys\workspace\NTD-PL\multirun\neurips-lowrank-core\run\cave_hsi_block_id04_seed0_mr0.7_ntdpl_r12_12_3,0.2977294921875,0.0,0.1925048977136612,21.959221135850747,-3.712615855811308,14.311163867448215,0.5963389329080844,120.4339317918943,0.2294512540102005,23.985660811148655,-2.096093444535777,12.78619112474672,0.29910122618519036,141.8083001271069
cave_hsi,4,structured-missing-completion,block,0,0.7,softimpute,"(12,12,3)","(128,128)",92.32208080007695,C:\Users\mrkys\workspace\NTD-PL\multirun\neurips-lowrank-core\benchmark\cave_hsi_block_id04_seed0_mr0.7_softimpute_r12_12_3,0.2977294921875,0.0,0.17127183079719543,10.427813835346761,-4.727732694391344,15.326281095586234,0.6188961898023392,107.15978643507715,0.20437780022621155,14.84871376877998,-3.1012279576565054,13.791325399523672,0.3531761568378343,126.27455410135893
cave_hsi,4,structured-missing-completion,block,0,0.7,tucker,"(12,12,3)","(128,128)",4.631266599986702,C:\Users\mrkys\workspace\NTD-PL\multirun\neurips-lowrank-core\benchmark\cave_hsi_block_id04_seed0_mr0.7_tucker_r12_12_3,0.2977294921875,0.0,0.203090321402355,25.042218942206908,-3.247667308571993,13.84621546215568,0.554967285348455,126.86537959525164,0.24206321234361577,28.25233987064371,-1.6313267088730559,12.321424152523402,0.21714299285511193,149.37807185720297
cave_hsi,5,structured-missing-completion,block,0,0.7,ntdpl,"(12,12,3)","(128,128)",7.2660694000078365,C:\Users\mrkys\workspace\NTD-PL\multirun\neurips-lowrank-core\run\cave_hsi_block_id05_seed0_mr0.7_ntdpl_r12_12_3,0.2977294921875,0.0,0.12614621222019196,35.66293062097991,-2.184660894121398,17.982515653567443,0.3711220593971888,150.579786880696,0.1503368467092514,36.87680848984124,-1.3612143233992344,16.458690974316283,0.17038591060487726,163.5098158501969
cave_hsi,5,structured-missing-completion,block,0,0.7,softimpute,"(12,12,3)","(128,128)",154.34585509996396,C:\Users\mrkys\workspace\NTD-PL\multirun\neurips-lowrank-core\benchmark\cave_hsi_block_id05_seed0_mr0.7_softimpute_r12_12_3,0.2977294921875,0.0,0.11706694215536118,13.754826772840676,-2.8334602823545096,18.631314424440372,0.40587821758414144,149.30946027494164,0.13969539105892181,19.586222901792166,-1.998882030431484,17.09635872837781,0.21144997746078334,163.86725298623267
cave_hsi,5,structured-missing-completion,block,0,0.7,tucker,"(12,12,3)","(128,128)",4.39660710003227,C:\Users\mrkys\workspace\NTD-PL\multirun\neurips-lowrank-core\benchmark\cave_hsi_block_id05_seed0_mr0.7_tucker_r12_12_3,0.2977294921875,0.0,0.12872122202610214,41.20661410339194,-2.009142539939273,17.80699691754137,0.3761201263861938,162.43860487292142,0.15336686175689979,44.053333733157075,-1.1878925306608192,16.285369380209108,0.1635587661240349,177.51460582449315
cave_hsi,6,structured-missing-completion,block,0,0.7,ntdpl,"(12,12,3)","(128,128)",6.941275699995458,C:\Users\mrkys\workspace\NTD-PL\multirun\neurips-lowrank-core\run\cave_hsi_block_id06_seed0_mr0.7_ntdpl_r12_12_3,0.2977294921875,0.0,0.1665424406528473,21.976614414571998,-3.7205359821399124,15.569501388156233,0.4480690511544285,109.82876013753085,0.19632908701896667,27.13610472503598,-2.630733595093704,14.140306776872247,0.2677887017822114,123.17817542712741
cave_hsi,6,structured-missing-completion,block,0,0.7,softimpute,"(12,12,3)","(128,128)",64.41909520002082,C:\Users\mrkys\workspace\NTD-PL\multirun\neurips-lowrank-core\benchmark\cave_hsi_block_id06_seed0_mr0.7_softimpute_r12_12_3,0.2977294921875,0.0,0.1471959799528122,10.58757229588492,-4.793116223979817,16.642081417271587,0.5257897483848543,83.33632669478403,0.17564821243286133,15.07620226566262,-3.597552081819212,15.107125721209023,0.3368965583221595,94.68270811899508
cave_hsi,6,structured-missing-completion,block,0,0.7,tucker,"(12,12,3)","(128,128)",5.002472099964507,C:\Users\mrkys\workspace\NTD-PL\multirun\neurips-lowrank-core\benchmark\cave_hsi_block_id06_seed0_mr0.7_tucker_r12_12_3,0.2977294921875,0.0,0.16623755751202132,25.20693870330551,-3.736451881957887,15.585417014463168,0.4793302346261782,106.8131066819526,0.19591703006787065,31.786529869605832,-2.6489828312867134,14.158556227216835,0.328046925872883,119.67200379778859
cave_hsi,7,structured-missing-completion,block,0,0.7,ntdpl,"(12,12,3)","(128,128)",6.55185069993604,C:\Users\mrkys\workspace\NTD-PL\multirun\neurips-lowrank-core\run\cave_hsi_block_id07_seed0_mr0.7_ntdpl_r12_12_3,0.2977294921875,0.0,0.07643179595470428,30.89429661754048,-3.5535708600833074,22.334518382581507,0.6251165155696873,158.52789636239262,0.09109066426753998,33.06951056417448,-1.6890122364559592,20.81052254717747,0.29001844373983665,184.0430831421944
cave_hsi,7,structured-missing-completion,block,0,0.7,softimpute,"(12,12,3)","(128,128)",349.2078369000228,C:\Users\mrkys\workspace\NTD-PL\multirun\neurips-lowrank-core\benchmark\cave_hsi_block_id07_seed0_mr0.7_softimpute_r12_12_3,0.2977294921875,0.0,0.08375946432352066,12.618944338546209,-2.758374807972064,21.539322328300713,0.432549279078932,173.89625982190174,0.09994974732398987,17.968780013962963,-0.8828561367071869,20.004366632238153,0.08911139910544429,202.23310653865707
cave_hsi,7,structured-missing-completion,block,0,0.7,tucker,"(12,12,3)","(128,128)",4.941940800053999,C:\Users\mrkys\workspace\NTD-PL\multirun\neurips-lowrank-core\benchmark\cave_hsi_block_id07_seed0_mr0.7_tucker_r12_12_3,0.2977294921875,0.0,0.08125065827320331,33.41612628818871,-3.022514455924101,21.80346223571734,0.5902180573630426,168.33124091511732,0.09684580063232243,35.14414639632194,-1.15687403895615,20.278384122903542,0.2087604185612074,195.3799564348846
cave_hsi,8,structured-missing-completion,block,0,0.7,ntdpl,"(12,12,3)","(128,128)",7.480215799994767,C:\Users\mrkys\workspace\NTD-PL\multirun\neurips-lowrank-core\run\cave_hsi_block_id08_seed0_mr0.7_ntdpl_r12_12_3,0.2977294921875,0.0,0.16320540010929108,27.637910484313405,-2.5337371203484182,15.745309697926261,0.38707762465396867,132.39439937970297,0.19412977993488312,29.350214025209738,-1.8168678456312,14.238156866912634,0.20385716459165834,137.94946136936989
cave_hsi,8,structured-missing-completion,block,0,0.7,softimpute,"(12,12,3)","(128,128)",371.39249050000217,C:\Users\mrkys\workspace\NTD-PL\multirun\neurips-lowrank-core\benchmark\cave_hsi_block_id08_seed0_mr0.7_softimpute_r12_12_3,0.2977294921875,0.0,0.17538399994373322,14.202816540311792,-1.908628262432663,15.120200826618666,0.25514448675306084,142.56439447127667,0.20928482711315155,20.22413915018566,-1.163955935176621,13.585245130556105,0.08373204943501115,149.11750191612492
cave_hsi,8,structured-missing-completion,block,0,0.7,tucker,"(12,12,3)","(128,128)",4.781539599993266,C:\Users\mrkys\workspace\NTD-PL\multirun\neurips-lowrank-core\benchmark\cave_hsi_block_id08_seed0_mr0.7_tucker_r12_12_3,0.2977294921875,0.0,0.1766071236584071,37.91022718701278,-1.8482630498494008,15.059835652412382,0.3265625812041312,143.51949318822145,0.21002446522388946,42.1766831936646,-1.133313123172062,13.554602248858439,0.14451036934316322,149.4827011185909
cave_hsi,9,structured-missing-completion,block,0,0.7,ntdpl,"(12,12,3)","(128,128)",7.3644006999675184,C:\Users\mrkys\workspace\NTD-PL\multirun\neurips-lowrank-core\run\cave_hsi_block_id09_seed0_mr0.7_ntdpl_r12_12_3,0.2977294921875,0.0,0.12241927534341812,32.760698076781935,-2.7790325157887903,18.243004282865165,0.5117880677376778,142.52288608924474,0.14582449197769165,34.71670705928142,-1.5056750472281957,16.723390511870203,0.2599453941228864,167.05455863886817
cave_hsi,9,structured-missing-completion,block,0,0.7,softimpute,"(12,12,3)","(128,128)",207.90819500002544,C:\Users\mrkys\workspace\NTD-PL\multirun\neurips-lowrank-core\benchmark\cave_hsi_block_id09_seed0_mr0.7_softimpute_r12_12_3,0.2977294921875,0.0,0.1167442798614502,17.25491494700301,-3.1913166335805894,18.65528801112078,0.486224358731469,134.8944399394764,0.13931035995483398,24.570182973019588,-1.9026170168152798,17.120332315058217,0.22070187878053377,158.4388918456263
cave_hsi,9,structured-missing-completion,block,0,0.7,tucker,"(12,12,3)","(128,128)",4.549126000027172,C:\Users\mrkys\workspace\NTD-PL\multirun\neurips-lowrank-core\benchmark\cave_hsi_block_id09_seed0_mr0.7_tucker_r12_12_3,0.2977294921875,0.0,0.12639653986605473,42.36482782057112,-2.5013248818577867,17.965296296016902,0.4974357596079583,147.46376855150177,0.1504774398199173,45.79995120503053,-1.2328569258856823,16.450572127136148,0.24186437656390133,172.7961120812263
cave_hsi,10,structured-missing-completion,block,0,0.7,ntdpl,"(12,12,3)","(128,128)",5.889383799978532,C:\Users\mrkys\workspace\NTD-PL\multirun\neurips-lowrank-core\run\cave_hsi_block_id10_seed0_mr0.7_ntdpl_r12_12_3,0.2977294921875,0.0,0.11520640552043915,25.545310679552266,-4.25178790108114,18.77046742278405,0.6036263836160648,99.83440708424556,0.13683396577835083,27.373482181209056,-3.1490184475424208,17.276121554067323,0.4177629105133979,108.90058753293847
cave_hsi,10,structured-missing-completion,block,0,0.7,softimpute,"(12,12,3)","(128,128)",312.1092980999965,C:\Users\mrkys\workspace\NTD-PL\multirun\neurips-lowrank-core\benchmark\cave_hsi_block_id10_seed0_mr0.7_softimpute_r12_12_3,0.2977294921875,0.0,0.12294594198465347,11.605732545824306,-3.687036758769082,18.205716172666065,0.49040051677470875,105.9883209889553,0.14671076834201813,16.526014327752367,-2.543657660252207,16.6707604766035,0.26431360187075925,116.14485680233658
cave_hsi,10,structured-missing-completion,block,0,0.7,tucker,"(12,12,3)","(128,128)",4.771002099965699,C:\Users\mrkys\workspace\NTD-PL\multirun\neurips-lowrank-core\benchmark\cave_hsi_block_id10_seed0_mr0.7_tucker_r12_12_3,0.2977294921875,0.0,0.12026185585843531,29.94294850461873,-3.8787626412949856,18.39744196975407,0.5823153651641323,104.43733807980968,0.14280480604441068,33.35712100329968,-2.778040421460217,16.905143525784517,0.3961719345226791,113.90853950267446
cave_hsi,11,structured-missing-completion,block,0,0.7,ntdpl,"(12,12,3)","(128,128)",5.652229400002398,C:\Users\mrkys\workspace\NTD-PL\multirun\neurips-lowrank-core\run\cave_hsi_block_id11_seed0_mr0.7_ntdpl_r12_12_3,0.2977294921875,0.0,0.15477615594863892,25.561004447266235,-3.750136169758952,16.205918842941188,0.47747045812120376,91.51620052898498,0.1835525929927826,29.869134342718468,-2.64482501408569,14.72478935640325,0.27051549993187235,103.56134472367398
cave_hsi,11,structured-missing-completion,block,0,0.7,softimpute,"(12,12,3)","(128,128)",216.92729469994083,C:\Users\mrkys\workspace\NTD-PL\multirun\neurips-lowrank-core\benchmark\cave_hsi_block_id11_seed0_mr0.7_softimpute_r12_12_3,0.2977294921875,0.0,0.16479921340942383,17.882720555886205,-3.205114677364957,15.660897639324157,0.37686846604575375,95.42168641612865,0.1966540664434433,25.46414848498672,-2.045977068165264,14.125941943261594,0.13502601737018582,108.54108768861434
cave_hsi,11,structured-missing-completion,block,0,0.7,tucker,"(12,12,3)","(128,128)",4.275780499912798,C:\Users\mrkys\workspace\NTD-PL\multirun\neurips-lowrank-core\benchmark\cave_hsi_block_id11_seed0_mr0.7_tucker_r12_12_3,0.2977294921875,0.0,0.16108472533223286,30.903868143240906,-3.4031301295067404,15.8589127817374,0.4595934327101675,93.94574247372356,0.19096182010547755,37.258608938492216,-2.301104679434411,14.381069092217247,0.26310513026196325,106.1111530929367
cave_hsi,12,structured-missing-completion,block,0,0.7,ntdpl,"(12,12,3)","(128,128)",6.398514900007285,C:\Users\mrkys\workspace\NTD-PL\multirun\neurips-lowrank-core\run\cave_hsi_block_id12_seed0_mr0.7_ntdpl_r12_12_3,0.2977294921875,0.0,0.2488320767879486,20.779660394530666,-3.5478064743616917,12.081872649539083,0.42376697814707326,84.57440084407327,0.29666224122047424,23.701556525443713,-2.7121660540591335,10.5547541118619,0.21570464686339066,88.8805249991818
cave_hsi,12,structured-missing-completion,block,0,0.7,softimpute,"(12,12,3)","(128,128)",186.98339219996706,C:\Users\mrkys\workspace\NTD-PL\multirun\neurips-lowrank-core\benchmark\cave_hsi_block_id12_seed0_mr0.7_softimpute_r12_12_3,0.2977294921875,0.0,0.238280788064003,11.19960054950996,-3.9241530936086475,12.458219479632637,0.4734513416784401,86.04245149826114,0.2843392491340637,15.94770157090006,-3.0806755960784935,10.923263783570075,0.31179551243389547,91.48692549576415
cave_hsi,12,structured-missing-completion,block,0,0.7,tucker,"(12,12,3)","(128,128)",3.6428154999157414,C:\Users\mrkys\workspace\NTD-PL\multirun\neurips-lowrank-core\benchmark\cave_hsi_block_id12_seed0_mr0.7_tucker_r12_12_3,0.2977294921875,0.0,0.23982022643268328,23.388146206227027,-3.8682174838723333,12.402283826106062,0.45866207821283983,82.54803926712837,0.2857202697211162,26.402786274804125,-3.0385906475609508,10.881178971430298,0.24987851658330068,86.79178029697633
cave_hsi,13,structured-missing-completion,block,0,0.7,ntdpl,"(12,12,3)","(128,128)",6.601779300021008,C:\Users\mrkys\workspace\NTD-PL\multirun\neurips-lowrank-core\run\cave_hsi_block_id13_seed0_mr0.7_ntdpl_r12_12_3,0.2977294921875,0.0,0.1666136085987091,31.892295755902747,-2.5828969967916255,15.565790650853737,0.43666481306416494,136.90177009187238,0.19852012395858765,33.39892513953542,-1.6145846240590656,14.043908941140188,0.2088526630079274,146.32691279842098
cave_hsi,13,structured-missing-completion,block,0,0.7,softimpute,"(12,12,3)","(128,128)",380.774301599944,C:\Users\mrkys\workspace\NTD-PL\multirun\neurips-lowrank-core\benchmark\cave_hsi_block_id13_seed0_mr0.7_softimpute_r12_12_3,0.2977294921875,0.0,0.16984812915325165,14.405228240261645,-2.415891133583487,15.398784953136566,0.349567479527512,139.90417307858135,0.2026788890361786,20.512363833602475,-1.4345052325472996,13.863829257074006,0.12960456387594338,149.47428911423674
cave_hsi,13,structured-missing-completion,block,0,0.7,tucker,"(12,12,3)","(128,128)",3.3834297000430524,C:\Users\mrkys\workspace\NTD-PL\multirun\neurips-lowrank-core\benchmark\cave_hsi_block_id13_seed0_mr0.7_tucker_r12_12_3,0.2977294921875,0.0,0.17141458933321338,35.890226483896484,-2.336150640521009,15.319044348692136,0.41224785952308046,140.83071265766645,0.20423842639900086,39.0879437518189,-1.3679263618461188,13.797250886213153,0.17659647875843054,150.6024717695087
cave_hsi,14,structured-missing-completion,block,0,0.7,ntdpl,"(12,12,3)","(128,128)",7.212513700011186,C:\Users\mrkys\workspace\NTD-PL\multirun\neurips-lowrank-core\run\cave_hsi_block_id14_seed0_mr0.7_ntdpl_r12_12_3,0.2977294921875,0.0,0.08867370337247849,33.44534714452487,-2.51945628020459,21.044103519064038,0.4963874933476967,150.1926173812976,0.10533780604600906,36.95180966058425,-1.6423370296979964,19.548314976600707,0.3135692990621301,166.91782092796146
cave_hsi,14,structured-missing-completion,block,0,0.7,softimpute,"(12,12,3)","(128,128)",424.8019424000522,C:\Users\mrkys\workspace\NTD-PL\multirun\neurips-lowrank-core\benchmark\cave_hsi_block_id14_seed0_mr0.7_softimpute_r12_12_3,0.2977294921875,0.0,0.09676352888345718,16.661316935955973,-1.7611190360608804,20.28576599916117,0.308452252005475,164.844753769101,0.11546742916107178,23.724927475098912,-0.8448319886111157,18.750810303098607,0.0898450865389328,184.64298955845763
cave_hsi,14,structured-missing-completion,block,0,0.7,tucker,"(12,12,3)","(128,128)",3.1790879999753088,C:\Users\mrkys\workspace\NTD-PL\multirun\neurips-lowrank-core\benchmark\cave_hsi_block_id14_seed0_mr0.7_tucker_r12_12_3,0.2977294921875,0.0,0.09362488615539385,38.48479043913461,-2.0475267551558365,20.572173947582904,0.46182408044046747,159.98875612596302,0.1112432633773201,43.428395831991175,-1.1685476820270069,19.0745255874603,0.27988781897425763,178.08966314816303
cave_hsi,15,structured-missing-completion,block,0,0.7,ntdpl,"(12,12,3)","(128,128)",6.169757400057279,C:\Users\mrkys\workspace\NTD-PL\multirun\neurips-lowrank-core\run\cave_hsi_block_id15_seed0_mr0.7_ntdpl_r12_12_3,0.2977294921875,0.0,0.10754252225160599,29.97603011952147,-3.877157494024614,19.368395492704067,0.5929457089871804,113.61922952667986,0.12783266603946686,31.90555764047828,-2.615143661847391,17.867163601362954,0.37054374673105267,127.18772342009103
cave_hsi,15,structured-missing-completion,block,0,0.7,softimpute,"(12,12,3)","(128,128)",433.27026100002695,C:\Users\mrkys\workspace\NTD-PL\multirun\neurips-lowrank-core\benchmark\cave_hsi_block_id15_seed0_mr0.7_softimpute_r12_12_3,0.2977294921875,0.0,0.1063593402504921,14.040636499564602,-3.973248697240192,19.464487111846218,0.5486305312355688,114.88663318521834,0.12691806256771088,19.993202438961283,-2.6775116058201176,17.929531415783654,0.31135804346461876,128.94614182112113
cave_hsi,15,structured-missing-completion,block,0,0.7,tucker,"(12,12,3)","(128,128)",4.604178600013256,C:\Users\mrkys\workspace\NTD-PL\multirun\neurips-lowrank-core\benchmark\cave_hsi_block_id15_seed0_mr0.7_tucker_r12_12_3,0.2977294921875,0.0,0.11376352290168691,35.376410884381286,-3.3887009832244614,18.879939353194516,0.5538888378558203,120.49654835534976,0.13519724004491357,39.06157492744334,-2.1286235337525796,17.380643482310568,0.3143324726133201,134.83314459672806
cave_hsi,1,structured-missing-completion,block,1,0.7,ntdpl,"(12,12,3)","(128,128)",6.827372399973683,C:\Users\mrkys\workspace\NTD-PL\multirun\neurips-lowrank-core\run\cave_hsi_block_id01_seed1_mr0.7_ntdpl_r12_12_3,0.29595947265625,1.0,0.11892170459032059,19.26455336554331,-5.014236449786418,18.494777749945797,0.6090658799470234,83.29046107920898,0.14135661721229553,22.12660488397183,-3.6848698234959114,16.99367721250723,0.34010884949174736,93.19308924031215
cave_hsi,1,structured-missing-completion,block,1,0.7,softimpute,"(12,12,3)","(128,128)",238.88232749991585,C:\Users\mrkys\workspace\NTD-PL\multirun\neurips-lowrank-core\benchmark\cave_hsi_block_id01_seed1_mr0.7_softimpute_r12_12_3,0.29595947265625,1.0,0.1560758650302887,12.191870473101478,-2.6527436831785356,16.133284765271195,0.3566190054411075,108.85023930069838,0.18601027131080627,17.317000838016085,-1.3004536386628764,14.609261360884954,0.07073055215811683,122.24057136556405
cave_hsi,1,structured-missing-completion,block,1,0.7,tucker,"(12,12,3)","(128,128)",4.397720400011167,C:\Users\mrkys\workspace\NTD-PL\multirun\neurips-lowrank-core\benchmark\cave_hsi_block_id01_seed1_mr0.7_tucker_r12_12_3,0.29595947265625,1.0,0.1238363644953259,20.65183722418474,-4.662495169865014,18.14303612398504,0.5785582076524516,86.59872963390877,0.1471947299795417,23.779744093050553,-3.333347111104403,16.642154775755184,0.29256997473388735,96.92140807528243
cave_hsi,2,structured-missing-completion,block,1,0.7,ntdpl,"(12,12,3)","(128,128)",6.623729299986735,C:\Users\mrkys\workspace\NTD-PL\multirun\neurips-lowrank-core\run\cave_hsi_block_id02_seed1_mr0.7_ntdpl_r12_12_3,0.29595947265625,1.0,0.31105777621269226,37.37982434876808,3.3346528643284543,10.143179072160537,0.1269477180840105,219.64647497093165,0.3693392276763916,41.32567638439889,4.217449997395043,8.651491459782486,0.035604628158653985,232.721717007762
cave_hsi,2,structured-missing-completion,block,1,0.7,softimpute,"(12,12,3)","(128,128)",308.24480149999727,C:\Users\mrkys\workspace\NTD-PL\multirun\neurips-lowrank-core\benchmark\cave_hsi_block_id02_seed1_mr0.7_softimpute_r12_12_3,0.29595947265625,1.0,0.1745208203792572,27.87856901268875,-1.685223392680443,15.163054599329085,0.2314178910190899,136.05099671442912,0.20799288153648376,39.597960425639045,-0.7700895315825007,13.639031194942838,0.03710208529862294,145.20427933532773
cave_hsi,2,structured-missing-completion,block,1,0.7,tucker,"(12,12,3)","(128,128)",4.276567399967462,C:\Users\mrkys\workspace\NTD-PL\multirun\neurips-lowrank-core\benchmark\cave_hsi_block_id02_seed1_mr0.7_tucker_r12_12_3,0.29595947265625,1.0,0.21672258627845278,49.92214961816275,0.1959148340679303,13.281916505034978,0.2215454559277208,168.48898030898908,0.25547730363166254,57.14119364350972,1.0159878031087246,11.852953522746192,0.07594953983893633,176.8301914964523
cave_hsi,3,structured-missing-completion,block,1,0.7,ntdpl,"(12,12,3)","(128,128)",6.046001999988221,C:\Users\mrkys\workspace\NTD-PL\multirun\neurips-lowrank-core\run\cave_hsi_block_id03_seed1_mr0.7_ntdpl_r12_12_3,0.29595947265625,1.0,0.10143255442380905,18.35866861022082,-2.4845783950866824,19.876452536252877,0.41042350986899634,151.6909298978909,0.11955314129590988,21.898962050133612,-1.6441188705199834,18.4487799202181,0.18072568875837428,158.58828618420685
cave_hsi,3,structured-missing-completion,block,1,0.7,softimpute,"(12,12,3)","(128,128)",305.69900750007946,C:\Users\mrkys\workspace\NTD-PL\multirun\neurips-lowrank-core\benchmark\cave_hsi_block_id03_seed1_mr0.7_softimpute_r12_12_3,0.29595947265625,1.0,0.10833073407411575,11.704844379015672,-1.9130924990581684,19.30496679594793,0.2941401311851955,160.14489322812676,0.12910790741443634,16.6252422326447,-0.9762822383367034,17.780943391561685,0.08048814551012079,169.48540280223293
cave_hsi,3,structured-missing-completion,block,1,0.7,tucker,"(12,12,3)","(128,128)",4.5932825999334455,C:\Users\mrkys\workspace\NTD-PL\multirun\neurips-lowrank-core\benchmark\cave_hsi_block_id03_seed1_mr0.7_tucker_r12_12_3,0.29595947265625,1.0,0.10356967363662366,18.60795906470551,-2.303473789725577,19.695347845547005,0.3950348259725822,155.05743456025834,0.1219803188435433,23.042314257149464,-1.469543574659446,18.274204715547587,0.17196187430467466,161.980247238996
cave_hsi,4,structured-missing-completion,block,1,0.7,ntdpl,"(12,12,3)","(128,128)",7.58112899994012,C:\Users\mrkys\workspace\NTD-PL\multirun\neurips-lowrank-core\run\cave_hsi_block_id04_seed1_mr0.7_ntdpl_r12_12_3,0.29595947265625,1.0,0.21009153127670288,21.125492937641404,-2.9532810170047634,13.551829180655377,0.46971081577930895,131.3820393788225,0.2501695156097412,22.997420739206717,-1.8686377855588023,12.035312176759266,0.21374246271528463,142.13509081371933
cave_hsi,4,structured-missing-completion,block,1,0.7,softimpute,"(12,12,3)","(128,128)",147.85141590004787,C:\Users\mrkys\workspace\NTD-PL\multirun\neurips-lowrank-core\benchmark\cave_hsi_block_id04_seed1_mr0.7_softimpute_r12_12_3,0.29595947265625,1.0,0.20936687290668488,11.999865036211819,-2.9832928851650182,13.581840732973774,0.4070467862700763,131.0932598928049,0.2495221644639969,17.04428153914397,-1.891142740855904,12.057817328587525,0.17378713792432554,141.9939374732765
cave_hsi,4,structured-missing-completion,block,1,0.7,tucker,"(12,12,3)","(128,128)",4.414706400013529,C:\Users\mrkys\workspace\NTD-PL\multirun\neurips-lowrank-core\benchmark\cave_hsi_block_id04_seed1_mr0.7_tucker_r12_12_3,0.29595947265625,1.0,0.21877942098120345,24.425717988183496,-2.601322474416029,13.199870627999715,0.4325912378520872,136.72681107006835,0.2605132009106556,27.767209555110476,-1.5167307433424284,11.683405298544722,0.15177832243791306,147.89574049483983
cave_hsi,5,structured-missing-completion,block,1,0.7,ntdpl,"(12,12,3)","(128,128)",7.088466399931349,C:\Users\mrkys\workspace\NTD-PL\multirun\neurips-lowrank-core\run\cave_hsi_block_id05_seed1_mr0.7_ntdpl_r12_12_3,0.29595947265625,1.0,0.12794870138168335,37.52527414528738,-2.061427560841467,17.859282022096853,0.35308056649745573,145.15867324963963,0.15231892466545105,39.1900103553503,-1.1660028620126472,16.344922585856327,0.12705387871236445,152.32791499711766
cave_hsi,5,structured-missing-completion,block,1,0.7,softimpute,"(12,12,3)","(128,128)",294.2838804000057,C:\Users\mrkys\workspace\NTD-PL\multirun\neurips-lowrank-core\benchmark\cave_hsi_block_id05_seed1_mr0.7_softimpute_r12_12_3,0.29595947265625,1.0,0.13133785128593445,17.215287569633837,-1.8343477120205545,17.632201932191542,0.2682621562416518,158.9567804980766,0.15652765333652496,24.452125741780694,-0.9292591336393816,16.1081785278053,0.07054074017109133,168.4484411727824
cave_hsi,5,structured-missing-completion,block,1,0.7,tucker,"(12,12,3)","(128,128)",4.2732849000021815,C:\Users\mrkys\workspace\NTD-PL\multirun\neurips-lowrank-core\benchmark\cave_hsi_block_id05_seed1_mr0.7_tucker_r12_12_3,0.29595947265625,1.0,0.13060169058981358,42.922163510024546,-1.8831696473112705,17.681024024913366,0.3550307132673006,158.10667528878525,0.15545622730161376,44.89900638383231,-0.9889177160698314,16.167837524064694,0.09989834135653701,169.75866945568353
cave_hsi,6,structured-missing-completion,block,1,0.7,ntdpl,"(12,12,3)","(128,128)",7.057027000002563,C:\Users\mrkys\workspace\NTD-PL\multirun\neurips-lowrank-core\run\cave_hsi_block_id06_seed1_mr0.7_ntdpl_r12_12_3,0.29595947265625,1.0,0.16707144677639008,20.352684441036878,-3.6929905822202462,15.541955826848785,0.45358530845216993,113.59378420857793,0.19637705385684967,24.86637298451334,-2.5483452835093523,14.138185619728006,0.27607311015739394,129.89563428809956
cave_hsi,6,structured-missing-completion,block,1,0.7,softimpute,"(12,12,3)","(128,128)",95.28811449999921,C:\Users\mrkys\workspace\NTD-PL\multirun\neurips-lowrank-core\benchmark\cave_hsi_block_id06_seed1_mr0.7_softimpute_r12_12_3,0.29595947265625,1.0,0.15584991872310638,11.030073355584117,-4.296903297210894,16.145868431382496,0.48252664382614857,84.16387843794894,0.18574097752571106,15.666815833494882,-3.0320051293621137,14.62184502699625,0.26955761026672637,97.28503468653915
cave_hsi,6,structured-missing-completion,block,1,0.7,tucker,"(12,12,3)","(128,128)",4.936921600019559,C:\Users\mrkys\workspace\NTD-PL\multirun\neurips-lowrank-core\benchmark\cave_hsi_block_id06_seed1_mr0.7_tucker_r12_12_3,0.29595947265625,1.0,0.16383997303255146,22.880663058461565,-3.8626375112449103,15.711602643750188,0.5028715480949012,107.31138272394904,0.1924049909710279,28.394865362198495,-2.7258330932705017,14.315673331716356,0.3603766372663552,122.3934172301103
cave_hsi,7,structured-missing-completion,block,1,0.7,ntdpl,"(12,12,3)","(128,128)",7.639392500044778,C:\Users\mrkys\workspace\NTD-PL\multirun\neurips-lowrank-core\run\cave_hsi_block_id07_seed1_mr0.7_ntdpl_r12_12_3,0.29595947265625,1.0,0.08048611879348755,31.117713106127805,-3.10463288946772,21.885580725831986,0.5676507740931725,166.4019677455839,0.09580465406179428,33.306303170534285,-1.6832792910466,20.372268574139945,0.27546546868155625,191.32958569211976
cave_hsi,7,structured-missing-completion,block,1,0.7,softimpute,"(12,12,3)","(128,128)",149.4099846999161,C:\Users\mrkys\workspace\NTD-PL\multirun\neurips-lowrank-core\benchmark\cave_hsi_block_id07_seed1_mr0.7_softimpute_r12_12_3,0.29595947265625,1.0,0.0888419970870018,12.75440250904404,-2.246685653613649,21.027633668333884,0.37077858798345414,183.87416435894778,0.10588134825229645,18.11600602398262,-0.8146214620391281,19.50361026394764,0.07786508425154758,211.7889120722191
cave_hsi,7,structured-missing-completion,block,1,0.7,tucker,"(12,12,3)","(128,128)",5.317790999892168,C:\Users\mrkys\workspace\NTD-PL\multirun\neurips-lowrank-core\benchmark\cave_hsi_block_id07_seed1_mr0.7_tucker_r12_12_3,0.29595947265625,1.0,0.08709647632309167,32.555445798418724,-2.4190405194548616,21.199988299248105,0.5018795742443434,180.97350368729573,0.10367953118043118,33.96837442631904,-0.9971506231232548,19.686139505359314,0.15003541374630605,208.34390584029813
cave_hsi,8,structured-missing-completion,block,1,0.7,ntdpl,"(12,12,3)","(128,128)",7.033274999936111,C:\Users\mrkys\workspace\NTD-PL\multirun\neurips-lowrank-core\run\cave_hsi_block_id08_seed1_mr0.7_ntdpl_r12_12_3,0.29595947265625,1.0,0.14224062860012054,25.814657454309742,-3.727954163115256,16.939526502015077,0.6103818218099539,115.30085308981755,0.16862666606903076,28.729511058010637,-1.9355430049555618,15.461474645202253,0.2861676431844151,138.5207046985783
cave_hsi,8,structured-missing-completion,block,1,0.7,softimpute,"(12,12,3)","(128,128)",181.3293311999878,C:\Users\mrkys\workspace\NTD-PL\multirun\neurips-lowrank-core\benchmark\cave_hsi_block_id08_seed1_mr0.7_softimpute_r12_12_3,0.29595947265625,1.0,0.15422667562961578,15.969710858454166,-3.0252372271416017,16.23681011001614,0.45090015182250254,123.71750881819614,0.1838064044713974,22.682942486935303,-1.186855361365079,14.712786705629895,0.09430441717252178,148.77265003018505
cave_hsi,8,structured-missing-completion,block,1,0.7,tucker,"(12,12,3)","(128,128)",4.902874600025825,C:\Users\mrkys\workspace\NTD-PL\multirun\neurips-lowrank-core\benchmark\cave_hsi_block_id08_seed1_mr0.7_tucker_r12_12_3,0.29595947265625,1.0,0.15551129901334718,32.69092871438754,-2.9531884149547736,16.164761017517755,0.5455021168113576,126.8041429500145,0.18437624915659537,36.734198515195175,-1.159968763617378,14.685900486099923,0.18533477920526975,152.63128807582058
cave_hsi,9,structured-missing-completion,block,1,0.7,ntdpl,"(12,12,3)","(128,128)",6.349676399957389,C:\Users\mrkys\workspace\NTD-PL\multirun\neurips-lowrank-core\run\cave_hsi_block_id09_seed1_mr0.7_ntdpl_r12_12_3,0.29595947265625,1.0,0.11837314069271088,34.06871924579448,-3.070965074472398,18.534936304799917,0.5712128201925828,133.73013061823679,0.14081154763698578,35.724249262057654,-1.221088381015157,17.02723413688988,0.20468146576528612,166.94377790460203
cave_hsi,9,structured-missing-completion,block,1,0.7,softimpute,"(12,12,3)","(128,128)",225.8589975000359,C:\Users\mrkys\workspace\NTD-PL\multirun\neurips-lowrank-core\benchmark\cave_hsi_block_id09_seed1_mr0.7_softimpute_r12_12_3,0.29595947265625,1.0,0.10794290900230408,17.400596357525366,-3.872146317948908,19.33611727801757,0.5588239885419295,120.40242687629168,0.12864571809768677,24.715333291881723,-2.0059474373338966,17.812093873631326,0.22196182468891917,150.50636024511786
cave_hsi,9,structured-missing-completion,block,1,0.7,tucker,"(12,12,3)","(128,128)",4.858248299919069,C:\Users\mrkys\workspace\NTD-PL\multirun\neurips-lowrank-core\benchmark\cave_hsi_block_id09_seed1_mr0.7_tucker_r12_12_3,0.29595947265625,1.0,0.12068511000585729,40.58248324078559,-2.9029547731563543,18.366926187315467,0.5654366420021877,135.62586844483909,0.14349155508678563,41.86663753517086,-1.0573271275106104,16.863473154506554,0.18990066184876694,169.06409949111128
cave_hsi,10,structured-missing-completion,block,1,0.7,ntdpl,"(12,12,3)","(128,128)",6.305513100000098,C:\Users\mrkys\workspace\NTD-PL\multirun\neurips-lowrank-core\run\cave_hsi_block_id10_seed1_mr0.7_ntdpl_r12_12_3,0.29595947265625,1.0,0.12115020304918289,25.11263522927824,-3.8148378431306145,18.33351722959534,0.5284098882414915,105.07409842904832,0.1438586562871933,26.247571945448815,-2.852102777726469,16.841279860468692,0.32578098864919053,112.75001357721781
cave_hsi,10,structured-missing-completion,block,1,0.7,softimpute,"(12,12,3)","(128,128)",190.635954999947,C:\Users\mrkys\workspace\NTD-PL\multirun\neurips-lowrank-core\benchmark\cave_hsi_block_id10_seed1_mr0.7_softimpute_r12_12_3,0.29595947265625,1.0,0.13915495574474335,13.973430605028817,-2.6113477091012243,17.130026689858187,0.35821607029350405,119.0073533208015,0.16584402322769165,19.847480347298255,-1.61682648823553,15.606003285471946,0.14456835650885158,127.62766102993895
cave_hsi,10,structured-missing-completion,block,1,0.7,tucker,"(12,12,3)","(128,128)",4.670815100078471,C:\Users\mrkys\workspace\NTD-PL\multirun\neurips-lowrank-core\benchmark\cave_hsi_block_id10_seed1_mr0.7_tucker_r12_12_3,0.29595947265625,1.0,0.12879664404780475,29.34424854266247,-3.283229729466892,17.801909057925975,0.4850050484091491,111.58403806249042,0.15288728679396835,32.14321496022558,-2.3233954624489206,16.31257252913474,0.2763765443446103,119.49086627435135
cave_hsi,11,structured-missing-completion,block,1,0.7,ntdpl,"(12,12,3)","(128,128)",6.220516900066286,C:\Users\mrkys\workspace\NTD-PL\multirun\neurips-lowrank-core\run\cave_hsi_block_id11_seed1_mr0.7_ntdpl_r12_12_3,0.29595947265625,1.0,0.16000418365001678,26.694341472442353,-3.461590673868324,15.917373103951228,0.4366706714855469,94.73756195947826,0.18936209380626678,30.903096230935784,-2.4194372729599394,14.454138649855217,0.22947706220078762,107.89594802967511
cave_hsi,11,structured-missing-completion,block,1,0.7,softimpute,"(12,12,3)","(128,128)",288.8361233000178,C:\Users\mrkys\workspace\NTD-PL\multirun\neurips-lowrank-core\benchmark\cave_hsi_block_id11_seed1_mr0.7_softimpute_r12_12_3,0.29595947265625,1.0,0.1789635866880417,18.95050312499982,-2.4889239338695415,14.944707110747228,0.28942014812306593,102.22355506570484,0.21328769624233246,26.91677867871716,-1.3859820935273424,13.420683706360983,0.06476247217668168,116.42311198019695
cave_hsi,11,structured-missing-completion,block,1,0.7,tucker,"(12,12,3)","(128,128)",4.144196699955501,C:\Users\mrkys\workspace\NTD-PL\multirun\neurips-lowrank-core\benchmark\cave_hsi_block_id11_seed1_mr0.7_tucker_r12_12_3,0.29595947265625,1.0,0.16753340556987925,32.89172474838303,-3.0621890118750783,15.517971664105737,0.40878805126643064,98.73466473791692,0.19818790734370242,39.365067083060616,-2.0237553425406496,14.058456960094563,0.21087857063732246,112.1096527269358
cave_hsi,12,structured-missing-completion,block,1,0.7,ntdpl,"(12,12,3)","(128,128)",6.586200700025074,C:\Users\mrkys\workspace\NTD-PL\multirun\neurips-lowrank-core\run\cave_hsi_block_id12_seed1_mr0.7_ntdpl_r12_12_3,0.29595947265625,1.0,0.21154971420764923,20.13630951531018,-4.957684977210881,13.491751554214877,0.5921714594321097,73.51445231676563,0.2518007755279541,23.50435837310537,-3.722126072602863,11.978858848640094,0.33258677367667605,81.57480570275885
cave_hsi,12,structured-missing-completion,block,1,0.7,softimpute,"(12,12,3)","(128,128)",146.11356680002064,C:\Users\mrkys\workspace\NTD-PL\multirun\neurips-lowrank-core\benchmark\cave_hsi_block_id12_seed1_mr0.7_softimpute_r12_12_3,0.29595947265625,1.0,0.24278782308101654,11.315423368292425,-3.761395665479265,12.29546151442402,0.478353635096656,89.59116632824063,0.28935307264328003,16.072119235203992,-2.5147054927930905,10.771438110037776,0.24460858165366492,99.66515342595031
cave_hsi,12,structured-missing-completion,block,1,0.7,tucker,"(12,12,3)","(128,128)",4.535332300001755,C:\Users\mrkys\workspace\NTD-PL\multirun\neurips-lowrank-core\benchmark\cave_hsi_block_id12_seed1_mr0.7_tucker_r12_12_3,0.29595947265625,1.0,0.22213316909127662,22.758016324191953,-4.533665406403861,13.06773174863759,0.5378678126393962,79.03638310253586,0.26426152695056687,26.541588794958507,-3.3025883702287953,11.559321198152162,0.22543103126051653,87.70032566069436
cave_hsi,13,structured-missing-completion,block,1,0.7,ntdpl,"(12,12,3)","(128,128)",6.6033352999947965,C:\Users\mrkys\workspace\NTD-PL\multirun\neurips-lowrank-core\run\cave_hsi_block_id13_seed1_mr0.7_ntdpl_r12_12_3,0.29595947265625,1.0,0.1873079538345337,31.8975234519881,-1.5659818088074042,14.548875653572926,0.209345718620806,153.24238650199217,0.22306114435195923,33.664156424404304,-1.0803326892139775,13.03152135580956,0.07415359416426201,149.25792430995332
cave_hsi,13,structured-missing-completion,block,1,0.7,softimpute,"(12,12,3)","(128,128)",267.32649619993754,C:\Users\mrkys\workspace\NTD-PL\multirun\neurips-lowrank-core\benchmark\cave_hsi_block_id13_seed1_mr0.7_softimpute_r12_12_3,0.29595947265625,1.0,0.19712045788764954,16.607742462604467,-1.1224721352333258,14.105365707129474,0.12975691482931817,161.21008044783076,0.2349269688129425,23.589185202297987,-0.6301540094159218,12.581342302743227,0.031665289840670754,157.10948909796454
cave_hsi,13,structured-missing-completion,block,1,0.7,tucker,"(12,12,3)","(128,128)",4.408930399920791,C:\Users\mrkys\workspace\NTD-PL\multirun\neurips-lowrank-core\benchmark\cave_hsi_block_id13_seed1_mr0.7_tucker_r12_12_3,0.29595947265625,1.0,0.18859970097633663,32.65138206238926,-1.5062862952162464,14.489180003387371,0.20511486091009953,154.4292673038491,0.2246014007573625,35.04009251550173,-1.0205620591013893,12.971750790583293,0.06717723276323308,150.42715618190866
cave_hsi,14,structured-missing-completion,block,1,0.7,ntdpl,"(12,12,3)","(128,128)",6.663905599969439,C:\Users\mrkys\workspace\NTD-PL\multirun\neurips-lowrank-core\run\cave_hsi_block_id14_seed1_mr0.7_ntdpl_r12_12_3,0.29595947265625,1.0,0.08662772178649902,35.12192995378331,-2.722214879465022,21.246862177692023,0.5787948056842634,154.10379996611346,0.1026938334107399,37.39172048502617,-0.8250771947428488,19.769112627442183,0.21178054979480485,182.66781029897987
cave_hsi,14,structured-missing-completion,block,1,0.7,softimpute,"(12,12,3)","(128,128)",260.6746595998993,C:\Users\mrkys\workspace\NTD-PL\multirun\neurips-lowrank-core\benchmark\cave_hsi_block_id14_seed1_mr0.7_softimpute_r12_12_3,0.29595947265625,1.0,0.08727403730154037,17.98570515897294,-2.6576518026106486,21.182298610876124,0.44282746328390943,148.1150270684475,0.10401266813278198,25.546405909663793,-0.7142402633157229,19.658275206489876,0.07620680325167008,175.95812265899866
cave_hsi,14,structured-missing-completion,block,1,0.7,tucker,"(12,12,3)","(128,128)",4.852085000020452,C:\Users\mrkys\workspace\NTD-PL\multirun\neurips-lowrank-core\benchmark\cave_hsi_block_id14_seed1_mr0.7_tucker_r12_12_3,0.29595947265625,1.0,0.08778915421194954,38.24041536589503,-2.606535509234895,21.131182701661967,0.5750741357678241,155.25912554378067,0.104040352561167,42.12536938977658,-0.7119285592066302,19.655963695630575,0.214161207155402,185.20174545955845
cave_hsi,15,structured-missing-completion,block,1,0.7,ntdpl,"(12,12,3)","(128,128)",6.999378500040621,C:\Users\mrkys\workspace\NTD-PL\multirun\neurips-lowrank-core\run\cave_hsi_block_id15_seed1_mr0.7_ntdpl_r12_12_3,0.29595947265625,1.0,0.12275613099336624,32.66084224499903,-2.7278978019917055,18.219135702082124,0.4066364257167154,126.31895654661677,0.1458250731229782,33.59182345707198,-1.944383413760442,16.723356104268188,0.20998885769146683,132.33163728919774
cave_hsi,15,structured-missing-completion,block,1,0.7,softimpute,"(12,12,3)","(128,128)",264.22298860002775,C:\Users\mrkys\workspace\NTD-PL\multirun\neurips-lowrank-core\benchmark\cave_hsi_block_id15_seed1_mr0.7_softimpute_r12_12_3,0.29595947265625,1.0,0.13510099053382874,14.648897254640959,-1.8955914336808624,17.386829860593185,0.2617831942617096,140.15677345904177,0.16101253032684326,20.80689479329634,-1.083833386200488,15.86280645620694,0.08224529937225922,147.46858419514237
cave_hsi,15,structured-missing-completion,block,1,0.7,tucker,"(12,12,3)","(128,128)",4.5121106000151485,C:\Users\mrkys\workspace\NTD-PL\multirun\neurips-lowrank-core\benchmark\cave_hsi_block_id15_seed1_mr0.7_tucker_r12_12_3,0.29595947265625,1.0,0.1277945608850652,38.83096530104999,-2.3785142293054307,17.869752599275486,0.37856212667979056,132.28596533964352,0.15177568087455434,41.339369928461096,-1.5969832971407674,16.375956203605483,0.17490392714067446,138.62526405043727
cave_hsi,1,structured-missing-completion,block,2,0.7,ntdpl,"(12,12,3)","(128,128)",6.29634260002058,C:\Users\mrkys\workspace\NTD-PL\multirun\neurips-lowrank-core\run\cave_hsi_block_id01_seed2_mr0.7_ntdpl_r12_12_3,0.298583984375,2.0,0.12458010017871857,17.71772652478941,-4.610485410254144,18.091026682180964,0.5624870705351394,86.97284905369523,0.14844997227191925,19.815112401319535,-3.4501602834090317,16.56839800343925,0.3220989415798719,96.62664501947927
cave_hsi,1,structured-missing-completion,block,2,0.7,softimpute,"(12,12,3)","(128,128)",233.26609660009854,C:\Users\mrkys\workspace\NTD-PL\multirun\neurips-lowrank-core\benchmark\cave_hsi_block_id01_seed2_mr0.7_softimpute_r12_12_3,0.298583984375,2.0,0.14969581365585327,11.585966226744796,-3.0152661705889705,16.495807429262687,0.3891437171159968,104.04958882717752,0.1787400096654892,16.517966367575067,-1.8373267570726064,14.955564209504415,0.14330220601891885,115.8285179363602
cave_hsi,1,structured-missing-completion,block,2,0.7,tucker,"(12,12,3)","(128,128)",4.24563479993958,C:\Users\mrkys\workspace\NTD-PL\multirun\neurips-lowrank-core\benchmark\cave_hsi_block_id01_seed2_mr0.7_tucker_r12_12_3,0.298583984375,2.0,0.12939278360174278,19.8010293656066,-4.281257928706317,17.761798882826344,0.5307736767028438,90.11705822879641,0.15417613985969703,22.4802796583947,-3.1214189964314585,16.239656641013973,0.27398717510001586,100.09318261324078
cave_hsi,2,structured-missing-completion,block,2,0.7,ntdpl,"(12,12,3)","(128,128)",7.245530000072904,C:\Users\mrkys\workspace\NTD-PL\multirun\neurips-lowrank-core\run\cave_hsi_block_id02_seed2_mr0.7_ntdpl_r12_12_3,0.298583984375,2.0,0.3830455243587494,38.89509000044397,5.142839339516584,8.33499177021255,0.07722040548794297,269.9946378991506,0.4565720856189728,42.87000715253355,5.865519362926797,6.809812148811173,0.019959302730426114,280.57034454055133
cave_hsi,2,structured-missing-completion,block,2,0.7,softimpute,"(12,12,3)","(128,128)",264.27506090002134,C:\Users\mrkys\workspace\NTD-PL\multirun\neurips-lowrank-core\benchmark\cave_hsi_block_id02_seed2_mr0.7_softimpute_r12_12_3,0.298583984375,2.0,0.17711813747882843,26.966953457153927,-1.5569080015715637,15.034739229998177,0.19942701919011957,136.764289282971,0.21148288249969482,38.446446591051355,-0.8191638915826402,13.49449601023991,0.03344307100133464,142.69613079377018
cave_hsi,2,structured-missing-completion,block,2,0.7,tucker,"(12,12,3)","(128,128)",4.13661529996898,C:\Users\mrkys\workspace\NTD-PL\multirun\neurips-lowrank-core\benchmark\cave_hsi_block_id02_seed2_mr0.7_tucker_r12_12_3,0.298583984375,2.0,0.22336899018714984,52.4017630012188,0.45828895593140623,13.019542383171503,0.19813433484043652,174.92372006632445,0.26464504316597404,59.75213594637453,1.1286071911428623,11.546724719705956,0.07385469545285085,180.77140880319388
cave_hsi,3,structured-missing-completion,block,2,0.7,ntdpl,"(12,12,3)","(128,128)",7.385561000090092,C:\Users\mrkys\workspace\NTD-PL\multirun\neurips-lowrank-core\run\cave_hsi_block_id03_seed2_mr0.7_ntdpl_r12_12_3,0.298583984375,2.0,0.10218691825866699,16.09493533418409,-2.4202199726552167,19.812093715255884,0.3713200612283907,151.47406864211572,0.12171755731105804,19.958052710851952,-1.6851581428176876,18.292935283081565,0.1697248759641953,161.0834079309236
cave_hsi,3,structured-missing-completion,block,2,0.7,softimpute,"(12,12,3)","(128,128)",231.45437209994998,C:\Users\mrkys\workspace\NTD-PL\multirun\neurips-lowrank-core\benchmark\cave_hsi_block_id03_seed2_mr0.7_softimpute_r12_12_3,0.298583984375,2.0,0.111298568546772,11.34087130903281,-1.6783344536035454,19.070208509421008,0.2558912341450191,163.69989935458273,0.1328928917646408,16.16853762091263,-0.9221881729925873,17.52996528966274,0.07702997191983435,174.56377537468944
cave_hsi,3,structured-missing-completion,block,2,0.7,tucker,"(12,12,3)","(128,128)",4.290492399944924,C:\Users\mrkys\workspace\NTD-PL\multirun\neurips-lowrank-core\benchmark\cave_hsi_block_id03_seed2_mr0.7_tucker_r12_12_3,0.298583984375,2.0,0.10495283819763138,18.61561140215215,-2.18824219359424,19.58011624941567,0.34451797995279915,155.54743613777532,0.1249659294414801,23.675408895065924,-1.456390239981618,18.064167527430605,0.1366663584844344,165.40914645772096
cave_hsi,4,structured-missing-completion,block,2,0.7,ntdpl,"(12,12,3)","(128,128)",6.477721300092526,C:\Users\mrkys\workspace\NTD-PL\multirun\neurips-lowrank-core\run\cave_hsi_block_id04_seed2_mr0.7_ntdpl_r12_12_3,0.298583984375,2.0,0.19450674951076508,23.096503491441958,-3.622758536525951,14.221306121314697,0.5819167335268165,121.50045531046898,0.23201173543930054,25.113667479846175,-2.044756150509913,12.689801000979537,0.2697041495874425,141.64337736409115
cave_hsi,4,structured-missing-completion,block,2,0.7,softimpute,"(12,12,3)","(128,128)",230.77515810006298,C:\Users\mrkys\workspace\NTD-PL\multirun\neurips-lowrank-core\benchmark\cave_hsi_block_id04_seed2_mr0.7_softimpute_r12_12_3,0.298583984375,2.0,0.19513815641403198,11.292649161877987,-3.5946077612421607,14.19315609896842,0.49374214751025725,122.17215737417226,0.23299914598464966,16.09978791170972,-2.00786889017854,12.652912879210149,0.1838934238690566,142.5760289738022
cave_hsi,4,structured-missing-completion,block,2,0.7,tucker,"(12,12,3)","(128,128)",4.352352700079791,C:\Users\mrkys\workspace\NTD-PL\multirun\neurips-lowrank-core\benchmark\cave_hsi_block_id04_seed2_mr0.7_tucker_r12_12_3,0.298583984375,2.0,0.2040582727947268,23.947098281476478,-3.206367719533656,13.804915873117343,0.5409252614430201,127.41282960326907,0.24341866287340533,26.048698390281796,-1.6278780322146078,12.272922550696164,0.187579797191765,148.53063464184584
cave_hsi,5,structured-missing-completion,block,2,0.7,ntdpl,"(12,12,3)","(128,128)",6.302728799986653,C:\Users\mrkys\workspace\NTD-PL\multirun\neurips-lowrank-core\run\cave_hsi_block_id05_seed2_mr0.7_ntdpl_r12_12_3,0.298583984375,2.0,0.13666270673274994,37.71533278905428,-1.4891451498728467,17.286999213762147,0.22778463916102779,157.8611021558653,0.16302120685577393,38.07800348686117,-0.9881615502610368,15.755118257564643,0.0961845421415925,155.8974975854641
cave_hsi,5,structured-missing-completion,block,2,0.7,softimpute,"(12,12,3)","(128,128)",262.3526736999629,C:\Users\mrkys\workspace\NTD-PL\multirun\neurips-lowrank-core\benchmark\cave_hsi_block_id05_seed2_mr0.7_softimpute_r12_12_3,0.298583984375,2.0,0.1321776956319809,15.275121446351573,-1.7789817754706396,17.576835987934885,0.23576386884747422,164.3257711704314,0.15782301127910614,21.777548606785846,-1.26963625262726,16.036592768176618,0.10914663402443278,164.30657690278977
cave_hsi,5,structured-missing-completion,block,2,0.7,tucker,"(12,12,3)","(128,128)",4.704823500011116,C:\Users\mrkys\workspace\NTD-PL\multirun\neurips-lowrank-core\benchmark\cave_hsi_block_id05_seed2_mr0.7_tucker_r12_12_3,0.298583984375,2.0,0.13992227249443343,45.07066936386829,-1.2844086232630725,17.08226300086517,0.2217531032161591,167.3153036525052,0.16687917621230608,47.79186932602864,-0.785000243673542,15.551957055548007,0.08213633456713598,165.80585791273364
cave_hsi,6,structured-missing-completion,block,2,0.7,ntdpl,"(12,12,3)","(128,128)",6.2163132999558,C:\Users\mrkys\workspace\NTD-PL\multirun\neurips-lowrank-core\run\cave_hsi_block_id06_seed2_mr0.7_ntdpl_r12_12_3,0.298583984375,2.0,0.24951979517936707,21.028802501300625,-0.20893486978158604,12.057899938696448,0.25994377044952255,188.3124953989961,0.2965034246444702,26.05927207241971,0.8829945442891436,10.559405634450927,0.1318561734610641,211.9149182333499
cave_hsi,6,structured-missing-completion,block,2,0.7,softimpute,"(12,12,3)","(128,128)",81.36462050001137,C:\Users\mrkys\workspace\NTD-PL\multirun\neurips-lowrank-core\benchmark\cave_hsi_block_id06_seed2_mr0.7_softimpute_r12_12_3,0.298583984375,2.0,0.15589210391044617,10.76803035266889,-4.294552057960294,16.143517275429215,0.4673875909978192,84.14826458536498,0.18613852560520172,15.351845466138,-3.16087402824752,14.603274055670948,0.27402371870941317,95.04149857683389
cave_hsi,6,structured-missing-completion,block,2,0.7,tucker,"(12,12,3)","(128,128)",4.469413300044835,C:\Users\mrkys\workspace\NTD-PL\multirun\neurips-lowrank-core\benchmark\cave_hsi_block_id06_seed2_mr0.7_tucker_r12_12_3,0.298583984375,2.0,0.16912935775597024,24.48408890425106,-3.5866548734607058,15.435620005965987,0.4651658699891029,111.0289157259255,0.19978699747114273,30.938174782336905,-2.54625497584458,13.988655598505638,0.31668302195012854,124.02076728748324
cave_hsi,7,structured-missing-completion,block,2,0.7,ntdpl,"(12,12,3)","(128,128)",7.257483099936508,C:\Users\mrkys\workspace\NTD-PL\multirun\neurips-lowrank-core\run\cave_hsi_block_id07_seed2_mr0.7_ntdpl_r12_12_3,0.298583984375,2.0,0.06417511403560638,30.626290788765015,-5.071719195308059,23.85266654811105,0.7701564058863942,130.59315158254077,0.07645814120769501,32.71245144908828,-2.141769465764905,22.331525575356885,0.39052009257224474,170.1573007477785
cave_hsi,7,structured-missing-completion,block,2,0.7,softimpute,"(12,12,3)","(128,128)",162.54127580008935,C:\Users\mrkys\workspace\NTD-PL\multirun\neurips-lowrank-core\benchmark\cave_hsi_block_id07_seed2_mr0.7_softimpute_r12_12_3,0.298583984375,2.0,0.06564991176128387,13.141624159551593,-4.874369436863547,23.655317014143712,0.6448049552361232,132.04684464629193,0.07838740944862366,18.735848331378477,-1.9253173512011093,22.11507379438544,0.22195056901115412,171.56008490870133
cave_hsi,7,structured-missing-completion,block,2,0.7,tucker,"(12,12,3)","(128,128)",4.510234400047921,C:\Users\mrkys\workspace\NTD-PL\multirun\neurips-lowrank-core\benchmark\cave_hsi_block_id07_seed2_mr0.7_tucker_r12_12_3,0.298583984375,2.0,0.07209543541728998,32.51986606220994,-4.060896838671681,22.841844618464926,0.7140216123750588,147.60233811206353,0.08592046727681824,33.87449754965283,-1.1283111688334915,21.318067394717243,0.229939912209508,192.88285918251717
cave_hsi,8,structured-missing-completion,block,2,0.7,ntdpl,"(12,12,3)","(128,128)",6.825384899973869,C:\Users\mrkys\workspace\NTD-PL\multirun\neurips-lowrank-core\run\cave_hsi_block_id08_seed2_mr0.7_ntdpl_r12_12_3,0.298583984375,2.0,0.1558515578508377,26.071638748687683,-2.934204139635072,16.145776792422016,0.5498829367940206,127.08061483340363,0.1854608803987503,28.8099425903537,-1.550186178255979,14.634953672781414,0.29574813359265856,143.68399052029832
cave_hsi,8,structured-missing-completion,block,2,0.7,softimpute,"(12,12,3)","(128,128)",199.7158518000506,C:\Users\mrkys\workspace\NTD-PL\multirun\neurips-lowrank-core\benchmark\cave_hsi_block_id08_seed2_mr0.7_softimpute_r12_12_3,0.298583984375,2.0,0.1590653657913208,16.293243942960384,-2.7569148014063574,15.968487471173189,0.405811050058761,127.95548841608719,0.18992747366428375,23.22907305781118,-1.34347621995565,14.42824425141492,0.11193498251002836,144.98030538624292
cave_hsi,8,structured-missing-completion,block,2,0.7,tucker,"(12,12,3)","(128,128)",4.539845300023444,C:\Users\mrkys\workspace\NTD-PL\multirun\neurips-lowrank-core\benchmark\cave_hsi_block_id08_seed2_mr0.7_tucker_r12_12_3,0.298583984375,2.0,0.16400706622200226,34.000859626452424,-2.491176198054688,15.702748800617668,0.49448741238724997,134.43938944990933,0.19508224864976076,38.25347560761877,-1.110876982705106,14.19564494160179,0.21089114227239072,152.12477727289385
cave_hsi,9,structured-missing-completion,block,2,0.7,ntdpl,"(12,12,3)","(128,128)",7.5183664000360295,C:\Users\mrkys\workspace\NTD-PL\multirun\neurips-lowrank-core\run\cave_hsi_block_id09_seed2_mr0.7_ntdpl_r12_12_3,0.298583984375,2.0,0.13086244463920593,33.93382322901554,-2.1997282127131568,17.66369933533579,0.37825992201686554,148.7203509851049,0.15612110495567322,35.45690935024801,-1.2937197979270842,16.13076721903241,0.15763255174996796,155.4090435858802
cave_hsi,9,structured-missing-completion,block,2,0.7,softimpute,"(12,12,3)","(128,128)",271.6297822999768,C:\Users\mrkys\workspace\NTD-PL\multirun\neurips-lowrank-core\benchmark\cave_hsi_block_id09_seed2_mr0.7_softimpute_r12_12_3,0.298583984375,2.0,0.13223665952682495,16.49421141645682,-2.1089916000720708,17.572962890938037,0.3008221022662503,153.25535719716726,0.15789341926574707,23.51558985773977,-1.1956717189136838,16.03271967117977,0.09999538832002099,160.6897326605574
cave_hsi,9,structured-missing-completion,block,2,0.7,tucker,"(12,12,3)","(128,128)",4.977671000058763,C:\Users\mrkys\workspace\NTD-PL\multirun\neurips-lowrank-core\benchmark\cave_hsi_block_id09_seed2_mr0.7_tucker_r12_12_3,0.298583984375,2.0,0.1352798695523658,44.21805192004878,-1.9113650696703346,17.37533648382945,0.3650718412967089,153.30935506992023,0.1613438497205844,47.17643820466454,-1.0079039522057374,15.844951697029273,0.13342374347107785,160.10798165800432
cave_hsi,10,structured-missing-completion,block,2,0.7,ntdpl,"(12,12,3)","(128,128)",6.499655000050552,C:\Users\mrkys\workspace\NTD-PL\multirun\neurips-lowrank-core\run\cave_hsi_block_id10_seed2_mr0.7_ntdpl_r12_12_3,0.298583984375,2.0,0.13626721501350403,26.660750650304117,-2.7934930893647234,17.31217210309545,0.4098862476151023,118.52023484884899,0.16229088604450226,27.75779566706081,-2.0783323931077975,15.79411698924057,0.2308673862891374,121.52658466943969
cave_hsi,10,structured-missing-completion,block,2,0.7,softimpute,"(12,12,3)","(128,128)",234.20606369990855,C:\Users\mrkys\workspace\NTD-PL\multirun\neurips-lowrank-core\benchmark\cave_hsi_block_id10_seed2_mr0.7_softimpute_r12_12_3,0.298583984375,2.0,0.1410289853811264,12.965522462520783,-2.495153127448459,17.01383260506564,0.3226642810348183,121.33695007395112,0.1683916449546814,18.484782349679907,-1.7578045393136268,15.47358938530737,0.1553968160914659,124.68464647624327
cave_hsi,10,structured-missing-completion,block,2,0.7,tucker,"(12,12,3)","(128,128)",4.597619400010444,C:\Users\mrkys\workspace\NTD-PL\multirun\neurips-lowrank-core\benchmark\cave_hsi_block_id10_seed2_mr0.7_tucker_r12_12_3,0.298583984375,2.0,0.13922708915229412,31.012412086156605,-2.6068458044449114,17.125525132903995,0.3906261198861908,120.79527328435245,0.16575565676154083,34.207799439444315,-1.8948480217105996,15.610632829093998,0.21147267906636258,123.77241023657754
cave_hsi,11,structured-missing-completion,block,2,0.7,ntdpl,"(12,12,3)","(128,128)",6.489810200058855,C:\Users\mrkys\workspace\NTD-PL\multirun\neurips-lowrank-core\run\cave_hsi_block_id11_seed2_mr0.7_ntdpl_r12_12_3,0.298583984375,2.0,0.15935583412647247,25.806598602229826,-3.496858202293992,15.952640284378472,0.45239508936422185,92.85457767606842,0.18905986845493317,30.088429620172295,-2.4888826103548958,14.468012782726598,0.2658352640908157,103.46376126761594
cave_hsi,11,structured-missing-completion,block,2,0.7,softimpute,"(12,12,3)","(128,128)",196.39249520003796,C:\Users\mrkys\workspace\NTD-PL\multirun\neurips-lowrank-core\benchmark\cave_hsi_block_id11_seed2_mr0.7_softimpute_r12_12_3,0.298583984375,2.0,0.17368359863758087,17.98544503018499,-2.749041478650546,15.204824227590246,0.3179372744934006,101.37122555170208,0.2073819488286972,25.641622887554444,-1.685450439316973,13.664581007831975,0.10152030377684693,113.89881389401486
cave_hsi,11,structured-missing-completion,block,2,0.7,tucker,"(12,12,3)","(128,128)",4.525565200019628,C:\Users\mrkys\workspace\NTD-PL\multirun\neurips-lowrank-core\benchmark\cave_hsi_block_id11_seed2_mr0.7_tucker_r12_12_3,0.298583984375,2.0,0.1693391972958193,32.45866578564268,-2.9690674119422438,15.424850064172901,0.4240436078455871,97.96655675106926,0.20087055686564176,39.206237750846256,-1.962543964004557,13.941674329034964,0.24932698394394287,109.04187958621286
cave_hsi,12,structured-missing-completion,block,2,0.7,ntdpl,"(12,12,3)","(128,128)",6.684970400063321,C:\Users\mrkys\workspace\NTD-PL\multirun\neurips-lowrank-core\run\cave_hsi_block_id12_seed2_mr0.7_ntdpl_r12_12_3,0.298583984375,2.0,0.23035183548927307,21.132375329274044,-4.218099876729267,12.752166055735795,0.5179469279515037,80.0889883677153,0.27479755878448486,24.842004311822638,-3.0518355078468113,11.219743342281996,0.24829998814160753,88.36705713913423
cave_hsi,12,structured-missing-completion,block,2,0.7,softimpute,"(12,12,3)","(128,128)",100.46685840003192,C:\Users\mrkys\workspace\NTD-PL\multirun\neurips-lowrank-core\benchmark\cave_hsi_block_id12_seed2_mr0.7_softimpute_r12_12_3,0.298583984375,2.0,0.23112455010414124,12.558098602953201,-4.189012151965542,12.72307831673933,0.5230534222827228,85.19248310167481,0.27596768736839294,17.903923277632334,-3.014927726221045,11.182835096981062,0.3143351805605647,93.78347793158373
cave_hsi,12,structured-missing-completion,block,2,0.7,tucker,"(12,12,3)","(128,128)",4.66965389996767,C:\Users\mrkys\workspace\NTD-PL\multirun\neurips-lowrank-core\benchmark\cave_hsi_block_id12_seed2_mr0.7_tucker_r12_12_3,0.298583984375,2.0,0.22340828250976597,23.764076228829342,-4.48394826054426,13.018014602777988,0.535900678168743,79.32429915700432,0.26631270132537205,27.645312025096505,-3.3242549129359293,11.492162402803674,0.25130329385777267,87.46767789040545
cave_hsi,13,structured-missing-completion,block,2,0.7,ntdpl,"(12,12,3)","(128,128)",6.527769799926318,C:\Users\mrkys\workspace\NTD-PL\multirun\neurips-lowrank-core\run\cave_hsi_block_id13_seed2_mr0.7_ntdpl_r12_12_3,0.298583984375,2.0,0.178269162774086,30.155746008868114,-1.995581502123902,14.978475260942838,0.2976910272155194,145.89121710355892,0.21269002556800842,29.612622135668452,-1.2971323482550297,13.445057511427141,0.11281573996959167,143.0781185561613
cave_hsi,13,structured-missing-completion,block,2,0.7,softimpute,"(12,12,3)","(128,128)",263.56139659998007,C:\Users\mrkys\workspace\NTD-PL\multirun\neurips-lowrank-core\benchmark\cave_hsi_block_id13_seed2_mr0.7_softimpute_r12_12_3,0.298583984375,2.0,0.18649925291538239,14.895542164759656,-1.6035641347968146,14.586457799656227,0.2077829200065177,152.56271305971674,0.2226841151714325,21.23638719255981,-0.8982898954904415,13.04621457989796,0.05983535149429123,149.69426989713313
cave_hsi,13,structured-missing-completion,block,2,0.7,tucker,"(12,12,3)","(128,128)",4.480461500003003,C:\Users\mrkys\workspace\NTD-PL\multirun\neurips-lowrank-core\benchmark\cave_hsi_block_id13_seed2_mr0.7_tucker_r12_12_3,0.298583984375,2.0,0.18185121702926582,34.360536270687675,-1.8227820539811752,14.805675762152301,0.2825985531685758,148.82490437012544,0.21695539406889464,35.64961658115667,-1.1246659629963642,13.272590954462707,0.09339097337395734,145.97828759010872
cave_hsi,14,structured-missing-completion,block,2,0.7,ntdpl,"(12,12,3)","(128,128)",6.969065599958412,C:\Users\mrkys\workspace\NTD-PL\multirun\neurips-lowrank-core\run\cave_hsi_block_id14_seed2_mr0.7_ntdpl_r12_12_3,0.298583984375,2.0,0.09699608385562897,30.604024847540693,-1.740268877418355,20.264916000846853,0.38692397745977436,173.3288515209775,0.11551649868488312,37.38427622044291,-0.9297756828430446,18.74711941155286,0.18293085927128697,178.68515574331823
cave_hsi,14,structured-missing-completion,block,2,0.7,softimpute,"(12,12,3)","(128,128)",259.5708413000684,C:\Users\mrkys\workspace\NTD-PL\multirun\neurips-lowrank-core\benchmark\cave_hsi_block_id14_seed2_mr0.7_softimpute_r12_12_3,0.298583984375,2.0,0.09711896628141403,17.08646026312942,-1.729271358162353,20.253918974202033,0.2811978019850368,173.57080586758352,0.11596214026212692,24.35995160278943,-0.8963315811662015,18.713675754443763,0.08808813276684041,179.97692527206775
cave_hsi,14,structured-missing-completion,block,2,0.7,tucker,"(12,12,3)","(128,128)",4.516765400068834,C:\Users\mrkys\workspace\NTD-PL\multirun\neurips-lowrank-core\benchmark\cave_hsi_block_id14_seed2_mr0.7_tucker_r12_12_3,0.298583984375,2.0,0.09864170344432278,33.00437987744321,-1.594141537830416,20.118788730257485,0.3607478952201217,175.46532375573932,0.11742973173717833,38.68306571270656,-0.7870946466874871,18.604438624862475,0.15471712003439486,180.74731488730868
cave_hsi,15,structured-missing-completion,block,2,0.7,ntdpl,"(12,12,3)","(128,128)",6.4892075000097975,C:\Users\mrkys\workspace\NTD-PL\multirun\neurips-lowrank-core\run\cave_hsi_block_id15_seed2_mr0.7_ntdpl_r12_12_3,0.298583984375,2.0,0.1215345486998558,29.30641718842848,-2.8147668070293053,18.306004774768894,0.428888412053342,127.4310137868057,0.1447373777627945,31.130765557122697,-2.0140869731450515,16.788386490783957,0.23431987775889798,132.66174572402778
cave_hsi,15,structured-missing-completion,block,2,0.7,softimpute,"(12,12,3)","(128,128)",553.1558185999747,C:\Users\mrkys\workspace\NTD-PL\multirun\neurips-lowrank-core\benchmark\cave_hsi_block_id15_seed2_mr0.7_softimpute_r12_12_3,0.298583984375,2.0,0.12690693140029907,13.390899860937921,-2.43905492499999,17.93029369116467,0.3374243288847218,133.44733530024115,0.15152959525585175,19.091237564211568,-1.6157512253691018,16.3900504714064,0.15095011888997414,139.3830043278242
cave_hsi,15,structured-missing-completion,block,2,0.7,tucker,"(12,12,3)","(128,128)",4.558739500003867,C:\Users\mrkys\workspace\NTD-PL\multirun\neurips-lowrank-core\benchmark\cave_hsi_block_id15_seed2_mr0.7_tucker_r12_12_3,0.298583984375,2.0,0.12729745452831995,35.82617670123974,-2.4123672404379333,17.90360561040799,0.39168060873263644,133.94394668148954,0.15156767423567674,39.3898330771374,-1.6135689209117192,16.387868269335716,0.19299492692020453,139.40186695119957
cave_hsi,1,structured-missing-completion,block,0,0.3,ntdpl,"(24,24,4)","(128,128)",17.28276420000475,C:\Users\mrkys\workspace\NTD-PL\multirun\neurips-lowrank-core\run\cave_hsi_block_id01_seed0_mr0.3_ntdpl_r24_24_4,0.6973876953125,0.0,0.07980117946863174,11.382464572245704,-8.479273049931003,21.959813840322113,0.8493571285746607,55.38724290234908,0.14372964203357697,17.945207081759296,-4.089542596080045,16.849072921752718,0.39516563438949565,89.87892270490318
cave_hsi,1,structured-missing-completion,block,0,0.3,softimpute,"(24,24,4)","(128,128)",49.7068384999875,C:\Users\mrkys\workspace\NTD-PL\multirun\neurips-lowrank-core\benchmark\cave_hsi_block_id01_seed0_mr0.3_softimpute_r24_24_4,0.6973876953125,0.0,0.09420063346624374,3.9839275446554807,-7.038382786611415,20.51892394180044,0.7908209233728875,64.92622746253718,0.17124208807945251,13.165120244295917,-2.5682593235711932,15.327789773161097,0.22491737264888326,105.85368972268671
cave_hsi,1,structured-missing-completion,block,0,0.3,tucker,"(24,24,4)","(128,128)",13.356096199946478,C:\Users\mrkys\workspace\NTD-PL\multirun\neurips-lowrank-core\benchmark\cave_hsi_block_id01_seed0_mr0.3_tucker_r24_24_4,0.6973876953125,0.0,0.0902785826827585,12.583205993742087,-7.407764399725788,20.888305353845812,0.8113385741433821,62.85237279829009,0.16288089855572602,21.905483571609263,-3.003066689541194,15.762596869784549,0.28471363497172447,102.46074688794158
cave_hsi,2,structured-missing-completion,block,0,0.3,ntdpl,"(24,24,4)","(128,128)",16.981992800021544,C:\Users\mrkys\workspace\NTD-PL\multirun\neurips-lowrank-core\run\cave_hsi_block_id02_seed0_mr0.3_ntdpl_r24_24_4,0.6973876953125,0.0,0.2958712577819824,29.13617966965017,2.8998868855432054,10.577944751171716,0.2958445423071394,226.95805983668524,0.5307931900024414,42.18290668900307,7.156610998610572,5.501493782896359,0.042965746441216576,376.9950613690423
cave_hsi,2,structured-missing-completion,block,0,0.3,softimpute,"(24,24,4)","(128,128)",126.50266829994507,C:\Users\mrkys\workspace\NTD-PL\multirun\neurips-lowrank-core\benchmark\cave_hsi_block_id02_seed0_mr0.3_softimpute_r24_24_4,0.6973876953125,0.0,0.10410318523645401,9.705949768518256,-6.172888131938344,19.650719445068876,0.7745857562141867,80.18048494652604,0.1892433911561966,32.07387621356482,-1.8014807419176,14.459585276429534,0.14590373366296333,134.06605547094188
cave_hsi,2,structured-missing-completion,block,0,0.3,tucker,"(24,24,4)","(128,128)",14.407628800021484,C:\Users\mrkys\workspace\NTD-PL\multirun\neurips-lowrank-core\benchmark\cave_hsi_block_id02_seed0_mr0.3_tucker_r24_24_4,0.6973876953125,0.0,0.18859575256634736,38.122005257379556,-1.0115305087531172,14.489361847856026,0.5085269235220571,153.96117315567636,0.3273020562570268,60.716884233301485,2.957079200322413,9.701025325048288,0.14916052536104318,244.91610667558655
cave_hsi,3,structured-missing-completion,block,0,0.3,ntdpl,"(24,24,4)","(128,128)",17.651278299978003,C:\Users\mrkys\workspace\NTD-PL\multirun\neurips-lowrank-core\run\cave_hsi_block_id03_seed0_mr0.3_ntdpl_r24_24_4,0.6973876953125,0.0,0.0580773651599884,15.025582447296287,-7.327987779862573,24.7198618407841,0.8561685135049893,85.54109292429143,0.09792330116033554,20.9373235305168,-2.267659355006784,20.182278564100837,0.30436269610086647,144.28030352019735
cave_hsi,3,structured-missing-completion,block,0,0.3,softimpute,"(24,24,4)","(128,128)",305.8684554999927,C:\Users\mrkys\workspace\NTD-PL\multirun\neurips-lowrank-core\benchmark\cave_hsi_block_id03_seed0_mr0.3_softimpute_r24_24_4,0.6973876953125,0.0,0.048164766281843185,4.262225431413861,-8.95353699868615,26.345410980998647,0.8986738329221975,70.20172581557665,0.08755604922771454,14.084771838565512,-3.2396578942488157,21.154276812359306,0.42430419278320824,126.29158336334984
cave_hsi,3,structured-missing-completion,block,0,0.3,tucker,"(24,24,4)","(128,128)",15.7515864999732,C:\Users\mrkys\workspace\NTD-PL\multirun\neurips-lowrank-core\benchmark\cave_hsi_block_id03_seed0_mr0.3_tucker_r24_24_4,0.6973876953125,0.0,0.06592892064891372,16.679431456573976,-6.226606628624369,23.6184806844458,0.8206655548992745,98.01645111032245,0.11042949802252057,28.33082510006849,-1.2236786473110404,19.13829803988357,0.26815185079801795,166.0803491360058
cave_hsi,4,structured-missing-completion,block,0,0.3,ntdpl,"(24,24,4)","(128,128)",17.78369319997728,C:\Users\mrkys\workspace\NTD-PL\multirun\neurips-lowrank-core\run\cave_hsi_block_id04_seed0_mr0.3_ntdpl_r24_24_4,0.6973876953125,0.0,0.11936656385660172,17.156725936525685,-7.863797903521007,18.462345741460187,0.8751711459928945,74.66271667067575,0.21478725969791412,22.88597593893531,-1.9428505907999527,13.35982992576576,0.3378496951266339,150.0341079545958
cave_hsi,4,structured-missing-completion,block,0,0.3,softimpute,"(24,24,4)","(128,128)",134.5310641999822,C:\Users\mrkys\workspace\NTD-PL\multirun\neurips-lowrank-core\benchmark\cave_hsi_block_id04_seed0_mr0.3_softimpute_r24_24_4,0.6973876953125,0.0,0.08328253030776978,4.3123834149382745,-10.99037388694592,21.588921882137694,0.9342971971875212,52.13985066669808,0.15139468014240265,14.250521784453635,-4.9808081770457076,16.39778771349835,0.5934871372459141,105.7927224078557
cave_hsi,4,structured-missing-completion,block,0,0.3,tucker,"(24,24,4)","(128,128)",15.192779700038955,C:\Users\mrkys\workspace\NTD-PL\multirun\neurips-lowrank-core\benchmark\cave_hsi_block_id04_seed0_mr0.3_tucker_r24_24_4,0.6973876953125,0.0,0.1387937317297724,21.57125026577784,-6.554054791567308,17.152602945150996,0.8342257243664919,86.60684303234227,0.2500949898765133,33.71918041957904,-0.6209209019954122,12.037900167051545,0.1817092241881579,174.42603442445724
cave_hsi,5,structured-missing-completion,block,0,0.3,ntdpl,"(24,24,4)","(128,128)",18.18038500007242,C:\Users\mrkys\workspace\NTD-PL\multirun\neurips-lowrank-core\run\cave_hsi_block_id05_seed0_mr0.3_ntdpl_r24_24_4,0.6973876953125,0.0,0.08270193636417389,29.642242848929605,-5.851832565186642,21.649686852646262,0.7940386358904346,97.31359928670574,0.1497388333082199,37.557944678349266,-1.7296364144078347,16.493310992979104,0.2145186654941974,168.29143447234964
cave_hsi,5,structured-missing-completion,block,0,0.3,softimpute,"(24,24,4)","(128,128)",163.6470876999665,C:\Users\mrkys\workspace\NTD-PL\multirun\neurips-lowrank-core\benchmark\cave_hsi_block_id05_seed0_mr0.3_softimpute_r24_24_4,0.6973876953125,0.0,0.0591675229370594,4.468010044155937,-8.760477906507555,24.55833256771445,0.8922100511683686,78.59325598170388,0.10755734890699387,14.764799099562621,-4.603523723043107,19.36719839907511,0.5464122990287466,141.82192476944334
cave_hsi,5,structured-missing-completion,block,0,0.3,tucker,"(24,24,4)","(128,128)",16.417362299980596,C:\Users\mrkys\workspace\NTD-PL\multirun\neurips-lowrank-core\benchmark\cave_hsi_block_id05_seed0_mr0.3_tucker_r24_24_4,0.6973876953125,0.0,0.09007202267092021,34.09769660044951,-5.110347313685485,20.90820169128758,0.7698554162955075,120.19056148535563,0.1628812006074434,46.7968967155672,-0.9989063613210364,15.762580762398887,0.10985216973768296,225.71290615985546
cave_hsi,6,structured-missing-completion,block,0,0.3,ntdpl,"(24,24,4)","(128,128)",16.151242499938235,C:\Users\mrkys\workspace\NTD-PL\multirun\neurips-lowrank-core\run\cave_hsi_block_id06_seed0_mr0.3_ntdpl_r24_24_4,0.6973876953125,0.0,0.11030585318803787,12.432137440119574,-7.299063912706899,19.148028670126923,0.7693840228796078,74.4537734092509,0.1854971945285797,21.388138037424184,-3.028505871585341,14.633252685495918,0.40666283231930056,123.69993801179776
cave_hsi,6,structured-missing-completion,block,0,0.3,softimpute,"(24,24,4)","(128,128)",134.49015399999917,C:\Users\mrkys\workspace\NTD-PL\multirun\neurips-lowrank-core\benchmark\cave_hsi_block_id06_seed0_mr0.3_softimpute_r24_24_4,0.6973876953125,0.0,0.08187257498502731,4.381826836671637,-9.888265866615756,21.73723136064723,0.8669497330705539,48.366510663341764,0.1488315910100937,14.480001623270024,-4.941350350212175,16.54609719200789,0.4924777116030389,85.70774637745919
cave_hsi,6,structured-missing-completion,block,0,0.3,tucker,"(24,24,4)","(128,128)",15.688062599976547,C:\Users\mrkys\workspace\NTD-PL\multirun\neurips-lowrank-core\benchmark\cave_hsi_block_id06_seed0_mr0.3_tucker_r24_24_4,0.6973876953125,0.0,0.12620173976176943,14.87788292011693,-6.1297280286464675,17.978693161151746,0.728454116836673,85.91628649028745,0.21522332595929244,28.750276363515045,-1.7374661604225552,13.342213230148117,0.4088925230876791,143.81587386610923
cave_hsi,7,structured-missing-completion,block,0,0.3,ntdpl,"(24,24,4)","(128,128)",18.63016229995992,C:\Users\mrkys\workspace\NTD-PL\multirun\neurips-lowrank-core\run\cave_hsi_block_id07_seed0_mr0.3_ntdpl_r24_24_4,0.6973876953125,0.0,0.0377272367477417,21.84044386544314,-9.685952007353551,28.466899583868862,0.9293960855697847,75.76859334071574,0.06776829808950424,25.989523914607208,-3.140984521551824,23.37946851375246,0.5234591988374271,143.87445669610238
cave_hsi,7,structured-missing-completion,block,0,0.3,softimpute,"(24,24,4)","(128,128)",143.68663660006132,C:\Users\mrkys\workspace\NTD-PL\multirun\neurips-lowrank-core\benchmark\cave_hsi_block_id07_seed0_mr0.3_softimpute_r24_24_4,0.6973876953125,0.0,0.03630850091576576,5.421053037937424,-10.018886249838816,28.799834061151085,0.9245016957796014,72.84590937059528,0.06600320339202881,17.914185193151802,-3.370215386116416,23.608699892511744,0.43710547367095864,140.05544631825998
cave_hsi,7,structured-missing-completion,block,0,0.3,tucker,"(24,24,4)","(128,128)",14.766594600048847,C:\Users\mrkys\workspace\NTD-PL\multirun\neurips-lowrank-core\benchmark\cave_hsi_block_id07_seed0_mr0.3_tucker_r24_24_4,0.6973876953125,0.0,0.04809028784748467,23.44173979428885,-7.577904688628684,26.358852468421926,0.8897631994125562,96.08156559139232,0.08685912448248866,35.26591734046246,-0.9852068814622743,21.22369105055576,0.3297483810432379,182.94874406254584
cave_hsi,8,structured-missing-completion,block,0,0.3,ntdpl,"(24,24,4)","(128,128)",16.87894820002839,C:\Users\mrkys\workspace\NTD-PL\multirun\neurips-lowrank-core\run\cave_hsi_block_id08_seed0_mr0.3_ntdpl_r24_24_4,0.6973876953125,0.0,0.1270986646413803,16.90426564351986,-4.705608024520686,17.9171800889062,0.6885692514606586,103.80527812918679,0.22903093695640564,21.57578079277974,-1.9036970949528569,12.80211719829548,0.21801223103885634,126.04403124146164
cave_hsi,8,structured-missing-completion,block,0,0.3,tucker,"(24,24,4)","(128,128)",16.204984199954197,C:\Users\mrkys\workspace\NTD-PL\multirun\neurips-lowrank-core\benchmark\cave_hsi_block_id08_seed0_mr0.3_tucker_r24_24_4,0.6973876953125,0.0,0.1452206945672046,25.97156078775976,-3.54785720570224,16.75942980826522,0.6203752930372878,118.36357623936983,0.26134635517356103,40.45852380714859,-0.757250947733953,11.655671046893614,0.14977117740382434,143.61068232779695
cave_hsi,9,structured-missing-completion,block,0,0.3,ntdpl,"(24,24,4)","(128,128)",17.725670599960722,C:\Users\mrkys\workspace\NTD-PL\multirun\neurips-lowrank-core\run\cave_hsi_block_id09_seed0_mr0.3_ntdpl_r24_24_4,0.6973876953125,0.0,0.07589401304721832,26.69774297665789,-6.931878130070677,22.395849599172244,0.855359048925206,92.31685769467975,0.13590481877326965,35.90203903865292,-1.5993956271122238,17.33530326734031,0.3703383313036315,180.33035429076008
cave_hsi,9,structured-missing-completion,block,0,0.3,tucker,"(24,24,4)","(128,128)",16.048060800065286,C:\Users\mrkys\workspace\NTD-PL\multirun\neurips-lowrank-core\benchmark\cave_hsi_block_id09_seed0_mr0.3_tucker_r24_24_4,0.6973876953125,0.0,0.08836040319005632,35.673172606293846,-5.610874807897048,21.074846222056163,0.8111993711446777,105.6681753130754,0.1584499234840899,51.68491830248773,-0.2662519062655617,16.002159323912938,0.2706139886768826,207.3316097488498
cave_hsi,10,structured-missing-completion,block,0,0.3,ntdpl,"(24,24,4)","(128,128)",17.4669362999266,C:\Users\mrkys\workspace\NTD-PL\multirun\neurips-lowrank-core\run\cave_hsi_block_id10_seed0_mr0.3_ntdpl_r24_24_4,0.6973876953125,0.0,0.06552796810865402,13.061663444997379,-9.15278629140811,23.67146618765617,0.8914604354595094,54.60319328066498,0.11657540500164032,19.267988673734163,-4.521654785321296,18.667861006557942,0.5794259468912208,89.78670017108217
cave_hsi,10,structured-missing-completion,block,0,0.3,tucker,"(24,24,4)","(128,128)",15.604131700005382,C:\Users\mrkys\workspace\NTD-PL\multirun\neurips-lowrank-core\benchmark\cave_hsi_block_id10_seed0_mr0.3_tucker_r24_24_4,0.6973876953125,0.0,0.07703691692651134,15.983539252386189,-7.747342797881184,22.266022126340268,0.8557746548705432,65.00675354763223,0.137510535193085,27.224871007009774,-3.0870741892322813,17.23328055289985,0.4929862959992185,108.01250268096918
cave_hsi,11,structured-missing-completion,block,0,0.3,ntdpl,"(24,24,4)","(128,128)",17.114148100023158,C:\Users\mrkys\workspace\NTD-PL\multirun\neurips-lowrank-core\run\cave_hsi_block_id11_seed0_mr0.3_ntdpl_r24_24_4,0.6973876953125,0.0,0.09989016503095627,14.022725335455348,-7.553762721252855,20.00954554119417,0.806675880269134,59.56336861964676,0.17656248807907104,24.029695702966468,-3.2707485600988613,15.06203085061986,0.3824256856193982,95.03550529413869
cave_hsi,11,structured-missing-completion,block,0,0.3,tucker,"(24,24,4)","(128,128)",15.556289699976332,C:\Users\mrkys\workspace\NTD-PL\multirun\neurips-lowrank-core\benchmark\cave_hsi_block_id11_seed0_mr0.3_tucker_r24_24_4,0.6973876953125,0.0,0.11053900561140484,18.421393392496427,-6.673906279170878,19.129688931401535,0.7790900015601184,66.0126510825669,0.19534066350916288,35.456249557339085,-2.3928642681250767,14.184146829132082,0.3954134781553433,105.41898486501242
cave_hsi,12,structured-missing-completion,block,0,0.3,ntdpl,"(24,24,4)","(128,128)",15.900216200039722,C:\Users\mrkys\workspace\NTD-PL\multirun\neurips-lowrank-core\run\cave_hsi_block_id12_seed0_mr0.3_ntdpl_r24_24_4,0.6973876953125,0.0,0.14623093605041504,11.414226459507994,-8.165148367489598,16.699214609516144,0.8327128665137203,52.542677391391415,0.2649921774864197,19.679416330730042,-3.6101267685414333,11.535339323607836,0.22766895552793862,82.50638844244695
cave_hsi,12,structured-missing-completion,block,0,0.3,tucker,"(24,24,4)","(128,128)",14.67657120001968,C:\Users\mrkys\workspace\NTD-PL\multirun\neurips-lowrank-core\benchmark\cave_hsi_block_id12_seed0_mr0.3_tucker_r24_24_4,0.6973876953125,0.0,0.1512110228360946,13.833770743021821,-7.874264635732122,16.40833097796585,0.8205215732352934,55.873172521708966,0.27344533228306694,23.782932184426073,-3.337377316663574,11.262589712819864,0.12509245472107833,87.02289393259622
cave_hsi,13,structured-missing-completion,block,0,0.3,ntdpl,"(24,24,4)","(128,128)",18.590409100055695,C:\Users\mrkys\workspace\NTD-PL\multirun\neurips-lowrank-core\run\cave_hsi_block_id13_seed0_mr0.3_ntdpl_r24_24_4,0.6973876953125,0.0,0.08613091707229614,23.844888237955686,-8.31392530564404,21.296818864832968,0.8864386385038976,70.35775747227886,0.15392187237739563,29.060985268082568,-2.717745326300347,16.253992875075962,0.44518403779667287,135.0226218576381
cave_hsi,13,structured-missing-completion,block,0,0.3,tucker,"(24,24,4)","(128,128)",14.237221900024451,C:\Users\mrkys\workspace\NTD-PL\multirun\neurips-lowrank-core\benchmark\cave_hsi_block_id13_seed0_mr0.3_tucker_r24_24_4,0.6973876953125,0.0,0.09703516957178401,28.210235821450674,-7.278522909047187,20.261416617218316,0.8591218427879788,79.35312729420349,0.17365035718818608,38.97216384551198,-1.6702388803483823,15.206486380701156,0.35733293802156624,151.91337331972457
cave_hsi,14,structured-missing-completion,block,0,0.3,ntdpl,"(24,24,4)","(128,128)",14.315299999900162,C:\Users\mrkys\workspace\NTD-PL\multirun\neurips-lowrank-core\run\cave_hsi_block_id14_seed0_mr0.3_ntdpl_r24_24_4,0.6973876953125,0.0,0.05579306557774544,15.410531625258379,-6.543748561293281,25.068395848148235,0.8448456914459446,97.59054455491261,0.09972342103719711,24.943992980154036,-1.9592220226165615,20.024057099147733,0.38423589961452737,166.05334200928203
cave_hsi,14,structured-missing-completion,block,0,0.3,tucker,"(24,24,4)","(128,128)",15.189343600068241,C:\Users\mrkys\workspace\NTD-PL\multirun\neurips-lowrank-core\benchmark\cave_hsi_block_id14_seed0_mr0.3_tucker_r24_24_4,0.6973876953125,0.0,0.06114024305069885,19.596782274662772,-5.748809590701355,24.273456783128424,0.8224829371064495,110.29598414442734,0.1092123086029918,36.396700316434014,-1.1697333532773406,19.23456824780575,0.3851152699621581,187.02478323332625
cave_hsi,15,structured-missing-completion,block,0,0.3,ntdpl,"(24,24,4)","(128,128)",17.32670410000719,C:\Users\mrkys\workspace\NTD-PL\multirun\neurips-lowrank-core\run\cave_hsi_block_id15_seed0_mr0.3_ntdpl_r24_24_4,0.6973876953125,0.0,0.057096246629953384,18.738757747732667,-9.37661047216882,24.867848704442768,0.9072612424218468,61.24492133579887,0.10163969546556473,26.21475701397236,-3.948069297952717,19.85873315092354,0.5614969441229481,118.53652974723852
cave_hsi,15,structured-missing-completion,block,0,0.3,tucker,"(24,24,4)","(128,128)",13.002040500054136,C:\Users\mrkys\workspace\NTD-PL\multirun\neurips-lowrank-core\benchmark\cave_hsi_block_id15_seed0_mr0.3_tucker_r24_24_4,0.6973876953125,0.0,0.06735775733254246,22.680283694024,-7.941009250909367,23.432247620879423,0.8743280709707584,73.72325617547716,0.12024931350128809,33.87663627885068,-2.487684205502857,18.398347886351377,0.45704905419214975,143.2217243256105
cave_hsi,1,structured-missing-completion,block,1,0.3,ntdpl,"(24,24,4)","(128,128)",15.483045300003141,C:\Users\mrkys\workspace\NTD-PL\multirun\neurips-lowrank-core\run\cave_hsi_block_id01_seed1_mr0.3_ntdpl_r24_24_4,0.69580078125,1.0,0.08592521399259567,12.58369351487767,-7.837046528605293,21.317587204914872,0.8219506319166374,60.98152008115344,0.1543446034193039,17.940379548648465,-3.9590657363944475,16.23017092408075,0.3681088671154023,87.51530538659615
cave_hsi,1,structured-missing-completion,block,1,0.3,tucker,"(24,24,4)","(128,128)",14.767384900012985,C:\Users\mrkys\workspace\NTD-PL\multirun\neurips-lowrank-core\benchmark\cave_hsi_block_id01_seed1_mr0.3_tucker_r24_24_4,0.69580078125,1.0,0.0930875799048912,13.204864277554442,-7.141624253019381,20.622165207139407,0.794538806243723,65.95254464744717,0.16747366415041653,20.05298168731586,-3.2499640484344483,15.52106955324705,0.3007555443751183,94.98673191721333
cave_hsi,2,structured-missing-completion,block,1,0.3,ntdpl,"(24,24,4)","(128,128)",16.353243999998085,C:\Users\mrkys\workspace\NTD-PL\multirun\neurips-lowrank-core\run\cave_hsi_block_id02_seed1_mr0.3_ntdpl_r24_24_4,0.69580078125,1.0,0.353508859872818,29.28413497975218,4.4458374170184305,9.031993924903334,0.2242906278867517,279.99752383672416,0.6349843740463257,43.24062941448299,8.875504090614454,3.944739459150175,0.02267966440989628,441.7087166904055
cave_hsi,2,structured-missing-completion,block,1,0.3,tucker,"(24,24,4)","(128,128)",14.257196599966846,C:\Users\mrkys\workspace\NTD-PL\multirun\neurips-lowrank-core\benchmark\cave_hsi_block_id02_seed1_mr0.3_tucker_r24_24_4,0.69580078125,1.0,0.19405022487099055,39.33853503236075,-0.7638856539114597,14.241716993014368,0.48596976497772165,154.50503036656968,0.3363007030004608,64.76103793861868,3.35479922120919,9.465444496769923,0.11131086442240958,231.2325476321468
cave_hsi,3,structured-missing-completion,block,1,0.3,ntdpl,"(24,24,4)","(128,128)",16.26986110000871,C:\Users\mrkys\workspace\NTD-PL\multirun\neurips-lowrank-core\run\cave_hsi_block_id03_seed1_mr0.3_ntdpl_r24_24_4,0.69580078125,1.0,0.05085982754826546,12.72667404979719,-8.480628390066947,25.872502884603044,0.8936466304790152,76.4468395346494,0.08248294144868851,18.334803272992907,-2.6577205403942634,21.67271766059357,0.3552057701588336,129.9244449488746
cave_hsi,3,structured-missing-completion,block,1,0.3,tucker,"(24,24,4)","(128,128)",14.112728199921548,C:\Users\mrkys\workspace\NTD-PL\multirun\neurips-lowrank-core\benchmark\cave_hsi_block_id03_seed1_mr0.3_tucker_r24_24_4,0.69580078125,1.0,0.06101575638950884,14.823240696236962,-6.89928595563427,24.2911600114557,0.8521427276090965,91.5416973337597,0.09944517935630885,25.76610156164353,-1.0333281785445123,20.048325292459488,0.2794959808575557,157.07277507770422
cave_hsi,4,structured-missing-completion,block,1,0.3,ntdpl,"(24,24,4)","(128,128)",17.00775660004001,C:\Users\mrkys\workspace\NTD-PL\multirun\neurips-lowrank-core\run\cave_hsi_block_id04_seed1_mr0.3_ntdpl_r24_24_4,0.69580078125,1.0,0.14185486733913422,17.05404495612352,-6.364567349719442,16.96311540600973,0.8036646906124075,88.5779489491172,0.25578397512435913,21.045735349672693,-2.3556630937522276,11.842533740221516,0.2851344476579304,122.25456509625702
cave_hsi,4,structured-missing-completion,block,1,0.3,tucker,"(24,24,4)","(128,128)",15.002951200003736,C:\Users\mrkys\workspace\NTD-PL\multirun\neurips-lowrank-core\benchmark\cave_hsi_block_id04_seed1_mr0.3_tucker_r24_24_4,0.69580078125,1.0,0.15698165575440964,21.690839810954863,-5.484473737097986,16.08302189068167,0.7659957900478136,97.79415895235927,0.283137946770531,34.34050569705747,-1.47316817567149,10.960038432644922,0.1926128002859203,134.94857298340185
cave_hsi,5,structured-missing-completion,block,1,0.3,ntdpl,"(24,24,4)","(128,128)",15.863286399981007,C:\Users\mrkys\workspace\NTD-PL\multirun\neurips-lowrank-core\run\cave_hsi_block_id05_seed1_mr0.3_ntdpl_r24_24_4,0.69580078125,1.0,0.06740346550941467,29.276951265633993,-7.628500740738373,23.426354940155555,0.8739433289358786,81.82126361221117,0.12141626328229904,34.05983595404648,-2.6891283924144345,18.31446277671137,0.3864378426129754,138.78633584574303
cave_hsi,5,structured-missing-completion,block,1,0.3,tucker,"(24,24,4)","(128,128)",14.579155500046909,C:\Users\mrkys\workspace\NTD-PL\multirun\neurips-lowrank-core\benchmark\cave_hsi_block_id05_seed1_mr0.3_tucker_r24_24_4,0.69580078125,1.0,0.08054522331189908,34.187697136226674,-6.081349823704335,21.879204201306433,0.8246459461634874,110.53453091150092,0.14526729885482814,43.51337899404985,-1.1313088208247049,16.756642776018808,0.1356624390488015,194.0029877737986
cave_hsi,6,structured-missing-completion,block,1,0.3,ntdpl,"(24,24,4)","(128,128)",17.272919000010006,C:\Users\mrkys\workspace\NTD-PL\multirun\neurips-lowrank-core\run\cave_hsi_block_id06_seed1_mr0.3_ntdpl_r24_24_4,0.69580078125,1.0,0.11929776519536972,12.692163459137483,-6.618388716662475,18.467353659915727,0.7380808976110177,83.22201040247847,0.202174574136734,22.172970857766682,-2.182828646709045,13.885468993191266,0.3465232057459232,140.9669455501449
cave_hsi,6,structured-missing-completion,block,1,0.3,tucker,"(24,24,4)","(128,128)",14.684159800061025,C:\Users\mrkys\workspace\NTD-PL\multirun\neurips-lowrank-core\benchmark\cave_hsi_block_id06_seed1_mr0.3_tucker_r24_24_4,0.69580078125,1.0,0.13956478764239377,15.242102027230853,-5.255517685362593,17.104482817867872,0.6850694950889844,97.07582138976,0.239877277786835,29.841464359939874,-0.6975774318128012,12.400217766708872,0.3470267111008458,165.52486289965037
cave_hsi,7,structured-missing-completion,block,1,0.3,ntdpl,"(24,24,4)","(128,128)",15.976778000011109,C:\Users\mrkys\workspace\NTD-PL\multirun\neurips-lowrank-core\run\cave_hsi_block_id07_seed1_mr0.3_ntdpl_r24_24_4,0.69580078125,1.0,0.025795651599764824,22.84949649880916,-12.988122186249896,31.769069670634895,0.9696297262581116,50.84936779556636,0.04533061012625694,29.002573771637675,-2.9897723083321477,26.872168984452575,0.5931787254547884,152.38364062343936
cave_hsi,7,structured-missing-completion,block,1,0.3,tucker,"(24,24,4)","(128,128)",5.144379800069146,C:\Users\mrkys\workspace\NTD-PL\multirun\neurips-lowrank-core\benchmark\cave_hsi_block_id07_seed1_mr0.3_tucker_r24_24_4,0.69580078125,1.0,0.034158420733420285,24.36578126469237,-10.549096550485572,29.330044330278817,0.941769113348864,68.3064878711354,0.060719793292948854,30.60568728030408,-0.45099816111324653,24.333394311383433,0.2865686597079989,210.72503270334545
cave_hsi,8,structured-missing-completion,block,1,0.3,ntdpl,"(24,24,4)","(128,128)",17.374077399959788,C:\Users\mrkys\workspace\NTD-PL\multirun\neurips-lowrank-core\run\cave_hsi_block_id08_seed1_mr0.3_ntdpl_r24_24_4,0.69580078125,1.0,0.08233819156885147,15.44471948086639,-8.47640096289693,21.687973595796876,0.889455712096847,66.54059002822346,0.14553867280483246,19.11290770385647,-2.8916189820825338,16.74043211045119,0.46660149717856847,118.72952606961371
cave_hsi,8,structured-missing-completion,block,1,0.3,tucker,"(24,24,4)","(128,128)",15.286308499984443,C:\Users\mrkys\workspace\NTD-PL\multirun\neurips-lowrank-core\benchmark\cave_hsi_block_id08_seed1_mr0.3_tucker_r24_24_4,0.69580078125,1.0,0.10210671488690269,22.94596948838696,-6.607341323096377,19.81891392565936,0.8382882114811145,83.52848717058235,0.18068540678224712,33.70264360228753,-1.0127252740807637,14.86153844406344,0.35058576777661404,151.51726377183618
cave_hsi,9,structured-missing-completion,block,1,0.3,ntdpl,"(24,24,4)","(128,128)",16.31079530005809,C:\Users\mrkys\workspace\NTD-PL\multirun\neurips-lowrank-core\run\cave_hsi_block_id09_seed1_mr0.3_ntdpl_r24_24_4,0.69580078125,1.0,0.06800686568021774,26.907970199749496,-7.8849731880065885,23.348944610842743,0.8892032746098885,76.91302420782739,0.12101206928491592,32.84350237637278,-1.414369513636284,18.343426021777276,0.39944587924158537,164.9351410454327
cave_hsi,9,structured-missing-completion,block,1,0.3,tucker,"(24,24,4)","(128,128)",16.16844229993876,C:\Users\mrkys\workspace\NTD-PL\multirun\neurips-lowrank-core\benchmark\cave_hsi_block_id09_seed1_mr0.3_tucker_r24_24_4,0.69580078125,1.0,0.08027839424669465,35.60740868011866,-6.444055045649083,21.908026459808198,0.8504891889740142,91.28342491926024,0.14316762806979833,46.22729627493997,0.04595307518973558,16.883103403130953,0.2916556511723261,196.71324682653167
cave_hsi,10,structured-missing-completion,block,1,0.3,ntdpl,"(24,24,4)","(128,128)",16.548066700110212,C:\Users\mrkys\workspace\NTD-PL\multirun\neurips-lowrank-core\run\cave_hsi_block_id10_seed1_mr0.3_ntdpl_r24_24_4,0.69580078125,1.0,0.05667431652545929,13.072737962246423,-10.413594650242029,24.93227373115396,0.9209924628780954,48.646851614706435,0.09945721179246902,18.01041092596332,-5.118864575988747,20.047274123619747,0.659616232113346,89.4198525598644
cave_hsi,10,structured-missing-completion,block,1,0.3,tucker,"(24,24,4)","(128,128)",14.936236300040036,C:\Users\mrkys\workspace\NTD-PL\multirun\neurips-lowrank-core\benchmark\cave_hsi_block_id10_seed1_mr0.3_tucker_r24_24_4,0.69580078125,1.0,0.06874856223455927,15.354156800140302,-8.736048270986238,23.25472759944532,0.8892767401577166,59.39397932338471,0.121501915286475,25.013362300904802,-3.3799279262753052,18.308337520853904,0.584231705844622,109.83420993072703
cave_hsi,11,structured-missing-completion,block,1,0.3,ntdpl,"(24,24,4)","(128,128)",16.010354200028814,C:\Users\mrkys\workspace\NTD-PL\multirun\neurips-lowrank-core\run\cave_hsi_block_id11_seed1_mr0.3_ntdpl_r24_24_4,0.69580078125,1.0,0.10305379331111908,14.121699302604615,-7.282937472266796,19.738720289174807,0.7867483533099227,59.90887456577536,0.18229025602340698,23.82703157920405,-3.465020118204472,14.78473070008727,0.3505098192054684,91.40933137218656
cave_hsi,11,structured-missing-completion,block,1,0.3,tucker,"(24,24,4)","(128,128)",15.537715699989349,C:\Users\mrkys\workspace\NTD-PL\multirun\neurips-lowrank-core\benchmark\cave_hsi_block_id11_seed1_mr0.3_tucker_r24_24_4,0.69580078125,1.0,0.114619708566657,18.51702758012432,-6.359031350146037,18.814814002376696,0.7509615167819279,66.70166494696628,0.20258787121752037,34.632815297924026,-2.5480206180689766,13.867731181585794,0.33089785672550465,101.82476754758818
cave_hsi,12,structured-missing-completion,block,1,0.3,ntdpl,"(24,24,4)","(128,128)",15.836711700074375,C:\Users\mrkys\workspace\NTD-PL\multirun\neurips-lowrank-core\run\cave_hsi_block_id12_seed1_mr0.3_ntdpl_r24_24_4,0.69580078125,1.0,0.13085080683231354,11.855132787722425,-9.1304055985124,17.664472218125812,0.8679489010098969,45.74311804968965,0.23634153604507446,20.91738971032808,-4.18906682387529,12.529198930899996,0.33009292084257674,78.0431942944122
cave_hsi,12,structured-missing-completion,block,1,0.3,tucker,"(24,24,4)","(128,128)",14.894394600065425,C:\Users\mrkys\workspace\NTD-PL\multirun\neurips-lowrank-core\benchmark\cave_hsi_block_id12_seed1_mr0.3_tucker_r24_24_4,0.69580078125,1.0,0.14406813318015782,14.347010305916989,-8.294575084443865,16.828641426677596,0.8395044778083788,52.2501701879475,0.2598805471234833,26.656544720831548,-3.364392486033146,11.70452455181203,0.15638144659078707,89.6470613606566
cave_hsi,13,structured-missing-completion,block,1,0.3,ntdpl,"(24,24,4)","(128,128)",15.451331000076607,C:\Users\mrkys\workspace\NTD-PL\multirun\neurips-lowrank-core\run\cave_hsi_block_id13_seed1_mr0.3_ntdpl_r24_24_4,0.69580078125,1.0,0.13779716193675995,24.066396709961293,-4.232300216591248,17.215194461799882,0.6418075541802654,111.72715946554214,0.24870288372039795,27.048424830376568,-1.7247906442986594,12.086383934055165,0.1628927226140725,127.44672592227356
cave_hsi,13,structured-missing-completion,block,1,0.3,tucker,"(24,24,4)","(128,128)",15.455867000040598,C:\Users\mrkys\workspace\NTD-PL\multirun\neurips-lowrank-core\benchmark\cave_hsi_block_id13_seed1_mr0.3_tucker_r24_24_4,0.69580078125,1.0,0.1446698933443081,29.53043312252239,-3.809543066110109,16.792436774281235,0.6188203691132538,117.45235585941876,0.2610202890793761,40.35044776043583,-1.3049215458632708,11.666514673713223,0.13966758452125694,134.12892541762588
cave_hsi,14,structured-missing-completion,block,1,0.3,ntdpl,"(24,24,4)","(128,128)",16.599735000054352,C:\Users\mrkys\workspace\NTD-PL\multirun\neurips-lowrank-core\run\cave_hsi_block_id14_seed1_mr0.3_ntdpl_r24_24_4,0.69580078125,1.0,0.04636033996939659,15.071571848958794,-8.152420486920306,26.67706830436363,0.900006240600306,74.63878664599817,0.08231610059738159,24.35287381415933,-2.185894383562129,21.690303983869576,0.46997627363863737,141.57006815950822
cave_hsi,14,structured-missing-completion,block,1,0.3,tucker,"(24,24,4)","(128,128)",15.385150299989618,C:\Users\mrkys\workspace\NTD-PL\multirun\neurips-lowrank-core\benchmark\cave_hsi_block_id14_seed1_mr0.3_tucker_r24_24_4,0.69580078125,1.0,0.05657589128557882,19.43170690479684,-6.422724718145104,24.947371910572173,0.8570602002826704,98.29302386096924,0.10099291457881479,37.85009270409745,-0.40977187352333716,19.914181884201255,0.35563228735951236,193.09620432318323
cave_hsi,15,structured-missing-completion,block,1,0.3,ntdpl,"(24,24,4)","(128,128)",15.544037500047125,C:\Users\mrkys\workspace\NTD-PL\multirun\neurips-lowrank-core\run\cave_hsi_block_id15_seed1_mr0.3_ntdpl_r24_24_4,0.69580078125,1.0,0.08271853625774384,15.171457977059497,-6.156704572487348,21.647942849452,0.7782184376279623,87.35459834164983,0.1488538384437561,22.143654661535734,-2.77359608375558,16.544799293825832,0.30947578423411487,110.61456476696068
cave_hsi,15,structured-missing-completion,block,1,0.3,tucker,"(24,24,4)","(128,128)",15.686628399998881,C:\Users\mrkys\workspace\NTD-PL\multirun\neurips-lowrank-core\benchmark\cave_hsi_block_id15_seed1_mr0.3_tucker_r24_24_4,0.69580078125,1.0,0.09049095715245256,21.512969095822356,-5.376657991784742,20.8678963617548,0.7419521635250599,94.87697853058152,0.16273088130448088,34.313039027966795,-1.999397600721565,15.770600470765308,0.23820432274751838,120.24679366765628
cave_hsi,1,structured-missing-completion,block,2,0.3,ntdpl,"(24,24,4)","(128,128)",16.72178859997075,C:\Users\mrkys\workspace\NTD-PL\multirun\neurips-lowrank-core\run\cave_hsi_block_id01_seed2_mr0.3_ntdpl_r24_24_4,0.6966552734375,2.0,0.0723729208111763,11.131563128677165,-9.32793742232737,22.80847825699093,0.8794284191708445,50.50044408550721,0.12980540096759796,18.388392689283013,-4.461676512050095,17.73414492125631,0.44441064985920453,84.02291211383911
cave_hsi,1,structured-missing-completion,block,2,0.3,tucker,"(24,24,4)","(128,128)",13.46681290003471,C:\Users\mrkys\workspace\NTD-PL\multirun\neurips-lowrank-core\benchmark\cave_hsi_block_id01_seed2_mr0.3_tucker_r24_24_4,0.6966552734375,2.0,0.081426973245907,12.09060346221345,-8.304093210647402,21.784634164767425,0.8504106283392974,56.792603221148305,0.14641363810965854,20.952201861232112,-3.4159010779781713,16.68836935627596,0.35043440572654755,94.79684551114931
cave_hsi,2,structured-missing-completion,block,2,0.3,ntdpl,"(24,24,4)","(128,128)",15.205371199990623,C:\Users\mrkys\workspace\NTD-PL\multirun\neurips-lowrank-core\run\cave_hsi_block_id02_seed2_mr0.3_ntdpl_r24_24_4,0.6966552734375,2.0,0.2896079123020172,30.708125486405507,2.7140392815178815,10.763792210835565,0.2947640923674872,217.8166174429049,0.5188992023468018,45.69056458016998,6.830827125788447,5.698339163357616,0.031780559535959686,342.9503784857478
cave_hsi,2,structured-missing-completion,block,2,0.3,tucker,"(24,24,4)","(128,128)",14.085525800008327,C:\Users\mrkys\workspace\NTD-PL\multirun\neurips-lowrank-core\benchmark\cave_hsi_block_id02_seed2_mr0.3_tucker_r24_24_4,0.6966552734375,2.0,0.20031647287714555,40.14886707723562,-0.4878353679379898,13.965666707040898,0.4549865741466388,156.49493975078076,0.3492463567605923,64.6742016119503,3.3918040588290754,9.137362312551844,0.07972585745070522,234.14894242876468
cave_hsi,3,structured-missing-completion,block,2,0.3,ntdpl,"(24,24,4)","(128,128)",16.272650200058706,C:\Users\mrkys\workspace\NTD-PL\multirun\neurips-lowrank-core\run\cave_hsi_block_id03_seed2_mr0.3_ntdpl_r24_24_4,0.6966552734375,2.0,0.05454998463392258,11.249492553977344,-7.872233269943348,25.26410719615024,0.8741764672605982,79.36825610685378,0.09263406693935394,16.5486615563297,-2.5719096731693982,20.66458587738943,0.3546984625952031,134.73133805268483
cave_hsi,3,structured-missing-completion,block,2,0.3,tucker,"(24,24,4)","(128,128)",13.151149600045756,C:\Users\mrkys\workspace\NTD-PL\multirun\neurips-lowrank-core\benchmark\cave_hsi_block_id03_seed2_mr0.3_tucker_r24_24_4,0.6966552734375,2.0,0.06289216898040664,13.971767996912053,-6.636194491656059,24.02806854747749,0.8387764712811904,92.56516826548761,0.10634098882249053,25.05704748945235,-1.3733103685398897,19.465986113433868,0.31247621864244746,158.73682750013558
cave_hsi,4,structured-missing-completion,block,2,0.3,ntdpl,"(24,24,4)","(128,128)",15.457035499974154,C:\Users\mrkys\workspace\NTD-PL\multirun\neurips-lowrank-core\run\cave_hsi_block_id04_seed2_mr0.3_ntdpl_r24_24_4,0.6966552734375,2.0,0.12157829850912094,16.358323371658038,-7.70433081752631,18.302879032942908,0.871444526647676,75.81779932025474,0.2189229428768158,21.81513338769886,-1.8088098098988146,13.194174689988618,0.32384442644433303,146.9255802454228
cave_hsi,4,structured-missing-completion,block,2,0.3,tucker,"(24,24,4)","(128,128)",12.91783009993378,C:\Users\mrkys\workspace\NTD-PL\multirun\neurips-lowrank-core\benchmark\cave_hsi_block_id04_seed2_mr0.3_tucker_r24_24_4,0.6966552734375,2.0,0.13270350131926184,21.03482065105214,-6.943804213004857,17.542352366588542,0.8496652902197913,82.66295096601951,0.23905720304431502,33.28708371968062,-1.0445984331930762,12.429963320453998,0.26518226593071503,160.28801089382523
cave_hsi,5,structured-missing-completion,block,2,0.3,ntdpl,"(24,24,4)","(128,128)",16.909267300041392,C:\Users\mrkys\workspace\NTD-PL\multirun\neurips-lowrank-core\run\cave_hsi_block_id05_seed2_mr0.3_ntdpl_r24_24_4,0.6966552734375,2.0,0.07390506565570831,29.397263047752105,-6.82866153574298,22.626515982328478,0.8375887180872158,80.71196790046284,0.13342855870723724,30.755083772461763,-2.641240329677386,17.495024308661446,0.35042127617885893,116.21447946843668
cave_hsi,5,structured-missing-completion,block,2,0.3,tucker,"(24,24,4)","(128,128)",14.286399000091478,C:\Users\mrkys\workspace\NTD-PL\multirun\neurips-lowrank-core\benchmark\cave_hsi_block_id05_seed2_mr0.3_tucker_r24_24_4,0.6966552734375,2.0,0.08638390487547772,34.46063925964512,-5.473488984606796,21.271343362208892,0.7877437650737344,107.87767261725907,0.15603898406313485,43.21129177515639,-1.2815536596421815,16.135337719013542,0.1507944870224707,163.99746468491517
cave_hsi,6,structured-missing-completion,block,2,0.3,ntdpl,"(24,24,4)","(128,128)",14.760413400013931,C:\Users\mrkys\workspace\NTD-PL\multirun\neurips-lowrank-core\run\cave_hsi_block_id06_seed2_mr0.3_ntdpl_r24_24_4,0.6966552734375,2.0,0.11364264041185379,12.680488835512929,-7.0402084154643045,18.889173640065803,0.7554316809943834,77.9235857743228,0.19309675693511963,22.80171989034565,-2.8617930711286803,14.284500226906506,0.35887122576138236,124.98165239225773
cave_hsi,6,structured-missing-completion,block,2,0.3,tucker,"(24,24,4)","(128,128)",14.61011399992276,C:\Users\mrkys\workspace\NTD-PL\multirun\neurips-lowrank-core\benchmark\cave_hsi_block_id06_seed2_mr0.3_tucker_r24_24_4,0.6966552734375,2.0,0.13329556171921966,15.712782945271787,-5.654721084460082,17.503686216965363,0.7049753411719052,92.88209760924119,0.22994802730537386,31.985629523517932,-1.3446992812597753,12.767406236612134,0.36808691461240073,150.55437235109525
cave_hsi,7,structured-missing-completion,block,2,0.3,ntdpl,"(24,24,4)","(128,128)",14.582386699970812,C:\Users\mrkys\workspace\NTD-PL\multirun\neurips-lowrank-core\run\cave_hsi_block_id07_seed2_mr0.3_ntdpl_r24_24_4,0.6966552734375,2.0,0.030731499195098877,21.823967524356448,-11.467377350166885,30.248324969991636,0.9563590899882997,58.92324912494617,0.05479305982589722,28.652559433677197,-2.369408273921543,25.225489095701462,0.45906918758799353,151.4651978629633
cave_hsi,7,structured-missing-completion,block,2,0.3,tucker,"(24,24,4)","(128,128)",2.1361584999831393,C:\Users\mrkys\workspace\NTD-PL\multirun\neurips-lowrank-core\benchmark\cave_hsi_block_id07_seed2_mr0.3_tucker_r24_24_4,0.6966552734375,2.0,0.03669942324353349,24.036003268328216,-9.925867438772082,28.706815218565325,0.9333621276362125,72.21542024180428,0.06562199968494144,30.261957895429056,-0.8029297670145265,23.659010791738403,0.21493717266859153,198.48467890004315
cave_hsi,8,structured-missing-completion,block,2,0.3,ntdpl,"(24,24,4)","(128,128)",16.596158000058495,C:\Users\mrkys\workspace\NTD-PL\multirun\neurips-lowrank-core\run\cave_hsi_block_id08_seed2_mr0.3_ntdpl_r24_24_4,0.6966552734375,2.0,0.09394253045320511,16.856913802998932,-7.331182506523603,20.54275563711669,0.8508276059662891,76.17391402838005,0.16785593330860138,22.67810569040518,-2.4191083281226575,15.5012667171712,0.33782442710595656,122.4886030945981
cave_hsi,8,structured-missing-completion,block,2,0.3,tucker,"(24,24,4)","(128,128)",14.141027899924666,C:\Users\mrkys\workspace\NTD-PL\multirun\neurips-lowrank-core\benchmark\cave_hsi_block_id08_seed2_mr0.3_tucker_r24_24_4,0.6966552734375,2.0,0.11165005490723084,24.79340263307281,-5.831248577742606,19.042821180305587,0.7981453963087174,90.56548246307837,0.19934912132919064,38.89685818749644,-0.9255557236232899,14.007713484729493,0.2383107392347813,145.6579599350428
cave_hsi,9,structured-missing-completion,block,2,0.3,ntdpl,"(24,24,4)","(128,128)",14.900759399984963,C:\Users\mrkys\workspace\NTD-PL\multirun\neurips-lowrank-core\run\cave_hsi_block_id09_seed2_mr0.3_ntdpl_r24_24_4,0.6966552734375,2.0,0.07923624664545059,26.745535987357506,-6.557550712812407,22.02152212638736,0.8311187216877218,91.44302125212248,0.14239758253097534,30.071631450338266,-2.1658061884524127,16.929947356855383,0.3457115974546688,132.09268896247352
cave_hsi,9,structured-missing-completion,block,2,0.3,tucker,"(24,24,4)","(128,128)",14.084985599969514,C:\Users\mrkys\workspace\NTD-PL\multirun\neurips-lowrank-core\benchmark\cave_hsi_block_id09_seed2_mr0.3_tucker_r24_24_4,0.6966552734375,2.0,0.09282150384804425,36.981707561562025,-5.183056578557627,20.647027992716744,0.7767420260731749,103.86001154457212,0.16704830147627756,49.173627618960566,-0.7790176978959651,15.543158716976768,0.23381697797229845,150.34055474799854
cave_hsi,10,structured-missing-completion,block,2,0.3,ntdpl,"(24,24,4)","(128,128)",14.835235800012015,C:\Users\mrkys\workspace\NTD-PL\multirun\neurips-lowrank-core\run\cave_hsi_block_id10_seed2_mr0.3_ntdpl_r24_24_4,0.6966552734375,2.0,0.07022469490766525,12.251849879597998,-8.551523374824841,23.070202800002043,0.8763189178680312,61.21243913860287,0.12524674832820892,16.576438352369294,-3.9176478334299802,18.04467139154426,0.5219836036025987,98.95402144174646
cave_hsi,10,structured-missing-completion,block,2,0.3,tucker,"(24,24,4)","(128,128)",13.712679599993862,C:\Users\mrkys\workspace\NTD-PL\multirun\neurips-lowrank-core\benchmark\cave_hsi_block_id10_seed2_mr0.3_tucker_r24_24_4,0.6966552734375,2.0,0.07670688387090863,14.365469290557629,-7.784633863748425,22.303313192207508,0.8571169029671174,66.66039381846399,0.13687643441153663,22.808314897104633,-3.146403152056587,17.27342633111051,0.4939802886413969,108.38700280916376
cave_hsi,11,structured-missing-completion,block,2,0.3,ntdpl,"(24,24,4)","(128,128)",16.19244869996328,C:\Users\mrkys\workspace\NTD-PL\multirun\neurips-lowrank-core\run\cave_hsi_block_id11_seed2_mr0.3_ntdpl_r24_24_4,0.6966552734375,2.0,0.09784296154975891,14.791587902518184,-7.73362595708878,20.189408366184054,0.8142018982806427,56.6471189212852,0.1723584085702896,25.867526495054634,-3.2314296349993024,15.271350669451767,0.382637769846918,95.17215414702046
cave_hsi,11,structured-missing-completion,block,2,0.3,tucker,"(24,24,4)","(128,128)",14.207382000051439,C:\Users\mrkys\workspace\NTD-PL\multirun\neurips-lowrank-core\benchmark\cave_hsi_block_id11_seed2_mr0.3_tucker_r24_24_4,0.6966552734375,2.0,0.11248330171988109,18.92764487310992,-6.522456233784942,18.9782388860156,0.7691586579979723,64.89385663791428,0.1986233702451747,36.453821828091314,-1.9994723349282992,14.03939306531306,0.3351898759537125,109.23936623521628
cave_hsi,12,structured-missing-completion,block,2,0.3,ntdpl,"(24,24,4)","(128,128)",15.76912379998248,C:\Users\mrkys\workspace\NTD-PL\multirun\neurips-lowrank-core\run\cave_hsi_block_id12_seed2_mr0.3_ntdpl_r24_24_4,0.6966552734375,2.0,0.14784884452819824,11.810964302893465,-8.069574971286416,16.603641449953763,0.8267847781176562,51.47567940659857,0.26761165261268616,21.030637763392615,-4.046607717003319,11.449900077181594,0.3250883055851686,76.84864520085551
cave_hsi,12,structured-missing-completion,block,2,0.3,tucker,"(24,24,4)","(128,128)",14.412562299985439,C:\Users\mrkys\workspace\NTD-PL\multirun\neurips-lowrank-core\benchmark\cave_hsi_block_id12_seed2_mr0.3_tucker_r24_24_4,0.6966552734375,2.0,0.15747610251943012,14.172114535222168,-7.521640505589246,16.055706847822975,0.8037372217466293,56.510993304265696,0.2846509814163183,25.978740489932303,-3.5104540876194754,10.91374628988853,0.2056846927675223,85.13177657585666
cave_hsi,13,structured-missing-completion,block,2,0.3,ntdpl,"(24,24,4)","(128,128)",15.52889239997603,C:\Users\mrkys\workspace\NTD-PL\multirun\neurips-lowrank-core\run\cave_hsi_block_id13_seed2_mr0.3_ntdpl_r24_24_4,0.6966552734375,2.0,0.12194829434156418,24.400259690806138,-5.2935919956584465,18.276485689186433,0.733247321209596,98.86810500163634,0.22017605602741241,25.367835968472406,-2.2362338489202944,13.144598773609337,0.25067094436682774,115.07340739529764
cave_hsi,13,structured-missing-completion,block,2,0.3,tucker,"(24,24,4)","(128,128)",13.250093000009656,C:\Users\mrkys\workspace\NTD-PL\multirun\neurips-lowrank-core\benchmark\cave_hsi_block_id13_seed2_mr0.3_tucker_r24_24_4,0.6966552734375,2.0,0.12915732640412278,30.739556069888216,-4.7947253636185705,17.777619071789697,0.7091731288277409,105.18794182703006,0.23311841054491925,41.0641539790572,-1.7401041042350758,12.648468533678345,0.22429849087815823,122.65014970229029
cave_hsi,14,structured-missing-completion,block,2,0.3,ntdpl,"(24,24,4)","(128,128)",15.43871230003424,C:\Users\mrkys\workspace\NTD-PL\multirun\neurips-lowrank-core\run\cave_hsi_block_id14_seed2_mr0.3_ntdpl_r24_24_4,0.6966552734375,2.0,0.05473709851503372,14.824001701017359,-6.7097172774645095,25.234364283145396,0.8530977507477447,86.94136578718107,0.09802257269620895,24.451881028560123,-1.9102623793169173,20.17347843082877,0.383382324570722,148.96599046836482
cave_hsi,14,structured-missing-completion,block,2,0.3,tucker,"(24,24,4)","(128,128)",12.820049299974926,C:\Users\mrkys\workspace\NTD-PL\multirun\neurips-lowrank-core\benchmark\cave_hsi_block_id14_seed2_mr0.3_tucker_r24_24_4,0.6966552734375,2.0,0.0639847851058182,19.42390497115997,-5.353818493566736,23.878465685993806,0.8072535668488068,105.33529957136973,0.11478725450790615,37.84401963111824,-0.5389106736002753,18.8021266297334,0.2908197463813783,185.49417896591052
cave_hsi,15,structured-missing-completion,block,2,0.3,ntdpl,"(24,24,4)","(128,128)",16.828261999995448,C:\Users\mrkys\workspace\NTD-PL\multirun\neurips-lowrank-core\run\cave_hsi_block_id15_seed2_mr0.3_ntdpl_r24_24_4,0.6966552734375,2.0,0.06728972494602203,17.593917841939543,-7.949786348827367,23.441024969176265,0.864433004719075,71.61128687899001,0.1205725371837616,24.26044497777398,-3.6138008081354887,18.375032242127915,0.48357926927943035,112.6564568264374
cave_hsi,15,structured-missing-completion,block,2,0.3,tucker,"(24,24,4)","(128,128)",13.133197600021958,C:\Users\mrkys\workspace\NTD-PL\multirun\neurips-lowrank-core\benchmark\cave_hsi_block_id15_seed2_mr0.3_tucker_r24_24_4,0.6966552734375,2.0,0.0773641009664821,23.17633607383008,-6.737971969051234,22.22921033902129,0.8254296597066574,82.94041205838361,0.1387769832140993,35.687269805601886,-2.392419983322844,17.153651151976014,0.3776883445244852,130.7326115269344
cave_hsi,1,structured-missing-completion,block,0,0.5,ntdpl,"(24,24,4)","(128,128)",3.6744447000091895,C:\Users\mrkys\workspace\NTD-PL\multirun\neurips-lowrank-core\run\cave_hsi_block_id01_seed0_mr0.5_ntdpl_r24_24_4,0.49395751953125,0.0,0.09599054604768753,13.363136372598671,-6.874890071544165,20.355431110224007,0.768171880218711,66.63249699236665,0.13441357016563416,18.744342039254878,-3.9863420359916493,17.431137186394025,0.3538434523696181,89.94277332677001
cave_hsi,1,structured-missing-completion,block,0,0.5,tucker,"(24,24,4)","(128,128)",4.343244299991056,C:\Users\mrkys\workspace\NTD-PL\multirun\neurips-lowrank-core\benchmark\cave_hsi_block_id01_seed0_mr0.5_tucker_r24_24_4,0.49395751953125,0.0,0.10517328692442922,14.811409218906443,-6.081350107797219,19.561891061917244,0.7251474961688383,73.10503108502137,0.1473635748859054,21.621526566323404,-3.18740152455887,16.632197029807944,0.24653330314408936,98.85412433415762
cave_hsi,2,structured-missing-completion,block,0,0.5,ntdpl,"(24,24,4)","(128,128)",3.735019800020382,C:\Users\mrkys\workspace\NTD-PL\multirun\neurips-lowrank-core\run\cave_hsi_block_id02_seed0_mr0.5_ntdpl_r24_24_4,0.49395751953125,0.0,0.1952420324087143,32.314378168910196,-0.7107024730013374,14.188533821655678,0.41576735816978583,158.31618189457419,0.2712385356426239,41.41973718756639,1.354418484523808,11.332971569635998,0.12529508625123015,199.60934965951424
cave_hsi,2,structured-missing-completion,block,0,0.5,tucker,"(24,24,4)","(128,128)",2.744582600076683,C:\Users\mrkys\workspace\NTD-PL\multirun\neurips-lowrank-core\benchmark\cave_hsi_block_id02_seed0_mr0.5_tucker_r24_24_4,0.49395751953125,0.0,0.21167105521581062,45.83023634150491,-0.00893916413564373,13.486770503238553,0.36257513472711356,171.95280339823933,0.29313340789084097,63.69788824695401,2.0286965168971975,10.658693659492071,0.10767086383991188,215.03648909355883
cave_hsi,3,structured-missing-completion,block,0,0.5,ntdpl,"(24,24,4)","(128,128)",3.7334322999231517,C:\Users\mrkys\workspace\NTD-PL\multirun\neurips-lowrank-core\run\cave_hsi_block_id03_seed0_mr0.5_ntdpl_r24_24_4,0.49395751953125,0.0,0.08366817235946655,14.386400491286384,-4.156919956971413,21.548793817469676,0.6418316173339748,124.40711638347341,0.11607678234577179,20.151160764283215,-1.8904922117929002,18.70509257702124,0.20601649841598577,158.29649798012582
cave_hsi,3,structured-missing-completion,block,0,0.5,tucker,"(24,24,4)","(128,128)",3.0679357999470085,C:\Users\mrkys\workspace\NTD-PL\multirun\neurips-lowrank-core\benchmark\cave_hsi_block_id03_seed0_mr0.5_tucker_r24_24_4,0.49395751953125,0.0,0.08760011366695396,17.60955725344799,-3.7580325502921026,21.149906606113532,0.6167174102566395,130.36805957406565,0.1213062950781365,26.699734737504897,-1.5077328061504158,18.322333224752704,0.16761527916087293,165.61260687028957
cave_hsi,4,structured-missing-completion,block,0,0.5,ntdpl,"(24,24,4)","(128,128)",6.411631800001487,C:\Users\mrkys\workspace\NTD-PL\multirun\neurips-lowrank-core\run\cave_hsi_block_id04_seed0_mr0.5_ntdpl_r24_24_4,0.49395751953125,0.0,0.1618139147758484,18.945467998029233,-5.221134799924191,15.819682727528527,0.7417623858803851,101.16807244851407,0.2270888090133667,23.85371542787263,-1.7983573707159437,12.876085614182362,0.2103235654179049,149.13043829642916
cave_hsi,4,structured-missing-completion,block,0,0.5,tucker,"(24,24,4)","(128,128)",3.0279743999708444,C:\Users\mrkys\workspace\NTD-PL\multirun\neurips-lowrank-core\benchmark\cave_hsi_block_id04_seed0_mr0.5_tucker_r24_24_4,0.49395751953125,0.0,0.17123552611872633,20.584839193081123,-4.729574396986788,15.328122550570473,0.7138401937197293,106.95789330216594,0.24034987057919463,26.683653402850595,-1.305393888128332,12.383122147782348,0.12976791427644205,157.74922685190174
cave_hsi,5,structured-missing-completion,block,0,0.5,ntdpl,"(24,24,4)","(128,128)",6.848783900029957,C:\Users\mrkys\workspace\NTD-PL\multirun\neurips-lowrank-core\run\cave_hsi_block_id05_seed0_mr0.5_ntdpl_r24_24_4,0.49395751953125,0.0,0.11135799437761307,31.456425811996496,-3.267717653130915,19.06557177490481,0.5351282176167992,139.925385076048,0.1563093066215515,33.40873295929904,-1.6525796410299323,16.120303580578067,0.18558313542549573,164.11332507331846
cave_hsi,5,structured-missing-completion,block,0,0.5,tucker,"(24,24,4)","(128,128)",4.450713800033554,C:\Users\mrkys\workspace\NTD-PL\multirun\neurips-lowrank-core\benchmark\cave_hsi_block_id05_seed0_mr0.5_tucker_r24_24_4,0.49395751953125,0.0,0.12053087335146699,37.79674676587791,-2.580179554085103,18.378033931687202,0.489179151546866,158.2210140956942,0.16913505801213327,44.503283252108304,-0.9676032197792144,15.43532726576845,0.08193776183275328,187.38464707452977
cave_hsi,6,structured-missing-completion,block,0,0.5,ntdpl,"(24,24,4)","(128,128)",5.933353800093755,C:\Users\mrkys\workspace\NTD-PL\multirun\neurips-lowrank-core\run\cave_hsi_block_id06_seed0_mr0.5_ntdpl_r24_24_4,0.49395751953125,0.0,0.1544378250837326,16.682103430919554,-4.375961478576796,16.22492685118129,0.5716055151746839,109.80757603463043,0.21326887607574463,25.353894787127338,-1.83011672307276,13.421450130192593,0.255104030596288,146.6662425904865
cave_hsi,6,structured-missing-completion,block,0,0.5,tucker,"(24,24,4)","(128,128)",4.430772299994715,C:\Users\mrkys\workspace\NTD-PL\multirun\neurips-lowrank-core\benchmark\cave_hsi_block_id06_seed0_mr0.5_tucker_r24_24_4,0.49395751953125,0.0,0.15187418546378353,19.854867957831146,-4.5213556329475795,16.37032076545286,0.6001483321505381,100.20126922076558,0.20926899397535156,31.38884985585754,-1.994568607272567,13.585902269626386,0.33291433926471475,133.15208065364362
cave_hsi,7,structured-missing-completion,block,0,0.5,ntdpl,"(24,24,4)","(128,128)",6.034184299991466,C:\Users\mrkys\workspace\NTD-PL\multirun\neurips-lowrank-core\run\cave_hsi_block_id07_seed0_mr0.5_ntdpl_r24_24_4,0.49395751953125,0.0,0.05632215365767479,21.936460495047587,-6.205467014346767,24.986414848372295,0.817204552620916,114.14213801953412,0.07902490347623825,25.843524448680654,-2.579533227537911,22.044720497483148,0.3907778526278854,147.64809388178753
cave_hsi,7,structured-missing-completion,block,0,0.5,tucker,"(24,24,4)","(128,128)",4.183323899982497,C:\Users\mrkys\workspace\NTD-PL\multirun\neurips-lowrank-core\benchmark\cave_hsi_block_id07_seed0_mr0.5_tucker_r24_24_4,0.49395751953125,0.0,0.06534631184904835,23.670740854113394,-4.914630600332159,23.6955783801254,0.762899312002095,133.2350930041542,0.09175592872290107,30.565042641976515,-1.2821303627835745,20.747317292808063,0.18782926937398764,172.9695488873156
cave_hsi,8,structured-missing-completion,block,0,0.5,ntdpl,"(24,24,4)","(128,128)",6.972710000001825,C:\Users\mrkys\workspace\NTD-PL\multirun\neurips-lowrank-core\run\cave_hsi_block_id08_seed0_mr0.5_ntdpl_r24_24_4,0.49395751953125,0.0,0.14245563745498657,19.702587050717263,-3.714834130267451,16.926406747695918,0.5701464116178447,115.6191465260662,0.19951458275318146,24.734682935101844,-1.9677907157568473,14.00050732008777,0.21298749503827136,131.88300291788184
cave_hsi,8,structured-missing-completion,block,0,0.5,tucker,"(24,24,4)","(128,128)",4.372511600027792,C:\Users\mrkys\workspace\NTD-PL\multirun\neurips-lowrank-core\benchmark\cave_hsi_block_id08_seed0_mr0.5_tucker_r24_24_4,0.49395751953125,0.0,0.15638068708849365,29.007608584381323,-2.9047650583568756,16.116337660919857,0.5140895670696399,127.28590773998198,0.2188649634094055,39.479487957809646,-1.163758637419521,13.19647512184587,0.1550222795347657,145.29267990241433
cave_hsi,9,structured-missing-completion,block,0,0.5,ntdpl,"(24,24,4)","(128,128)",7.060362700023688,C:\Users\mrkys\workspace\NTD-PL\multirun\neurips-lowrank-core\run\cave_hsi_block_id09_seed0_mr0.5_ntdpl_r24_24_4,0.49395751953125,0.0,0.10865078866481781,29.516461258068702,-3.8153712377541513,19.27934236736136,0.6346372279497569,128.619826475444,0.15230676531791687,36.43388442829741,-1.5470550034465518,16.345615614969432,0.2341636479927986,173.70138808573654
cave_hsi,9,structured-missing-completion,block,0,0.5,tucker,"(24,24,4)","(128,128)",4.29697969998233,C:\Users\mrkys\workspace\NTD-PL\multirun\neurips-lowrank-core\benchmark\cave_hsi_block_id09_seed0_mr0.5_tucker_r24_24_4,0.49395751953125,0.0,0.11774214378925892,38.89626577125496,-3.1173898066033328,18.581361220762446,0.5946612847005884,136.38468229104882,0.16504192120974087,49.64242450011698,-0.8495535617482175,15.648114589945228,0.18250818391056245,183.8505208398643
cave_hsi,10,structured-missing-completion,block,0,0.5,ntdpl,"(24,24,4)","(128,128)",7.456578399986029,C:\Users\mrkys\workspace\NTD-PL\multirun\neurips-lowrank-core\run\cave_hsi_block_id10_seed0_mr0.5_ntdpl_r24_24_4,0.49395751953125,0.0,0.09516929090023041,16.256370085138165,-5.911383870086075,20.430063157776033,0.7377199697526383,80.13345951667672,0.13303112983703613,22.20125138062083,-3.6465719950526494,17.52093460475572,0.4342244136603902,100.20567466144303
cave_hsi,10,structured-missing-completion,block,0,0.5,tucker,"(24,24,4)","(128,128)",4.330418300000019,C:\Users\mrkys\workspace\NTD-PL\multirun\neurips-lowrank-core\benchmark\cave_hsi_block_id10_seed0_mr0.5_tucker_r24_24_4,0.49395751953125,0.0,0.10770785970593126,20.49863174563384,-4.83637275184512,19.355052080304205,0.6759534641160239,91.42453727457907,0.15064324160986034,30.004029427720432,-2.566644378426302,16.44100695088894,0.31921489850567625,115.38549821936448
cave_hsi,11,structured-missing-completion,block,0,0.5,ntdpl,"(24,24,4)","(128,128)",7.211760499980301,C:\Users\mrkys\workspace\NTD-PL\multirun\neurips-lowrank-core\run\cave_hsi_block_id11_seed0_mr0.5_ntdpl_r24_24_4,0.49395751953125,0.0,0.12433641403913498,17.51604062579225,-5.6522503278578355,18.10803331238595,0.6695715916726475,72.89367075139998,0.17329111695289612,26.236536095214806,-3.1041675817215095,15.22447409960418,0.28704148257893897,96.75114765253878
cave_hsi,11,structured-missing-completion,block,0,0.5,tucker,"(24,24,4)","(128,128)",4.240121199982241,C:\Users\mrkys\workspace\NTD-PL\multirun\neurips-lowrank-core\benchmark\cave_hsi_block_id11_seed0_mr0.5_tucker_r24_24_4,0.49395751953125,0.0,0.12974582287159875,21.139159175811315,-5.282349652506532,17.738132304737192,0.6541990603171507,75.75184369783628,0.18057843213193722,32.099648890617075,-2.746376029269034,14.866682440963945,0.291316037728864,100.365461969125
cave_hsi,12,structured-missing-completion,block,0,0.5,ntdpl,"(24,24,4)","(128,128)",7.510148900095373,C:\Users\mrkys\workspace\NTD-PL\multirun\neurips-lowrank-core\run\cave_hsi_block_id12_seed0_mr0.5_ntdpl_r24_24_4,0.49395751953125,0.0,0.17510059475898743,15.281746064827658,-6.6001809556971125,15.134247351132244,0.7370118331853536,61.076173673002046,0.24575261771678925,20.986306469348733,-3.962547990270087,12.190036755424472,0.312463802505693,79.94209786911924
cave_hsi,12,structured-missing-completion,block,0,0.5,tucker,"(24,24,4)","(128,128)",4.345460299984552,C:\Users\mrkys\workspace\NTD-PL\multirun\neurips-lowrank-core\benchmark\cave_hsi_block_id12_seed0_mr0.5_tucker_r24_24_4,0.49395751953125,0.0,0.1882683842664316,18.538904771620825,-5.970385748292646,14.504452090526375,0.6933193272042582,67.28048427389831,0.26410355670759406,26.21879067494591,-3.3370260028487793,11.564515001376039,0.17147270033663306,88.06169945213298
cave_hsi,13,structured-missing-completion,block,0,0.5,ntdpl,"(24,24,4)","(128,128)",7.312489000032656,C:\Users\mrkys\workspace\NTD-PL\multirun\neurips-lowrank-core\run\cave_hsi_block_id13_seed0_mr0.5_ntdpl_r24_24_4,0.49395751953125,0.0,0.12727637588977814,24.96643707810038,-4.922150835198096,17.905045066400117,0.7086403849713662,104.49269498751367,0.17833064496517181,28.69345380395921,-2.277741900380033,14.975480626897742,0.2943964637430084,138.33272137701005
cave_hsi,13,structured-missing-completion,block,0,0.5,tucker,"(24,24,4)","(128,128)",4.243493499932811,C:\Users\mrkys\workspace\NTD-PL\multirun\neurips-lowrank-core\benchmark\cave_hsi_block_id13_seed0_mr0.5_tucker_r24_24_4,0.49395751953125,0.0,0.1381798731227691,28.94628557747737,-4.208210500281214,17.19110420845234,0.6648626971407199,113.40233377048104,0.19362614232445882,35.19028152935822,-1.5629818748673008,14.260720140885033,0.19619839501513103,150.30634372621466
cave_hsi,14,structured-missing-completion,block,0,0.5,ntdpl,"(24,24,4)","(128,128)",7.351927599986084,C:\Users\mrkys\workspace\NTD-PL\multirun\neurips-lowrank-core\run\cave_hsi_block_id14_seed0_mr0.5_ntdpl_r24_24_4,0.49395751953125,0.0,0.0831611379981041,17.810162799952288,-3.076944498640098,21.601591882681653,0.5621358780533039,139.72643022766317,0.1164928674697876,24.41323851971639,-1.4459761303855745,18.674013356610168,0.219275460905039,168.5069198243227
cave_hsi,14,structured-missing-completion,block,0,0.5,tucker,"(24,24,4)","(128,128)",4.317402200074866,C:\Users\mrkys\workspace\NTD-PL\multirun\neurips-lowrank-core\benchmark\cave_hsi_block_id14_seed0_mr0.5_tucker_r24_24_4,0.49395751953125,0.0,0.08849477234156489,23.027838919902628,-2.537000480682728,21.061647673109796,0.5242050162466463,149.21848696470875,0.12393784753005395,34.310187754725,-0.9078837894071624,18.135921013159997,0.178439999142783,179.99139660637852
cave_hsi,15,structured-missing-completion,block,0,0.5,ntdpl,"(24,24,4)","(128,128)",7.157367900013924,C:\Users\mrkys\workspace\NTD-PL\multirun\neurips-lowrank-core\run\cave_hsi_block_id15_seed0_mr0.5_ntdpl_r24_24_4,0.49395751953125,0.0,0.08869561553001404,20.420239331103282,-5.550718410091745,21.041956849619865,0.7426416720688462,93.21766700553769,0.12412577867507935,26.269941858516297,-2.7905247702841853,18.122760365315806,0.34708544056834234,125.23225434058955
cave_hsi,15,structured-missing-completion,block,0,0.5,tucker,"(24,24,4)","(128,128)",4.321618299931288,C:\Users\mrkys\workspace\NTD-PL\multirun\neurips-lowrank-core\benchmark\cave_hsi_block_id15_seed0_mr0.5_tucker_r24_24_4,0.49395751953125,0.0,0.09684673093953712,26.13559274166589,-4.787062316099544,20.2783006860696,0.6991916622995438,101.81647673639364,0.13552235159115777,34.145537149572725,-2.0275459645807166,17.359781420934016,0.24731747270701587,136.7938494284331
cave_hsi,1,structured-missing-completion,block,1,0.5,ntdpl,"(24,24,4)","(128,128)",6.981084100087173,C:\Users\mrkys\workspace\NTD-PL\multirun\neurips-lowrank-core\run\cave_hsi_block_id01_seed1_mr0.5_ntdpl_r24_24_4,0.49615478515625,1.0,0.10374955832958221,14.805012561241067,-6.199733795789467,19.680274804325503,0.7154832721014238,73.25445633492396,0.14563508331775665,19.964693006949094,-3.739931185396705,16.734679679867742,0.3021435355300673,92.07176911258645
cave_hsi,1,structured-missing-completion,block,1,0.5,tucker,"(24,24,4)","(128,128)",3.969855700037442,C:\Users\mrkys\workspace\NTD-PL\multirun\neurips-lowrank-core\benchmark\cave_hsi_block_id01_seed1_mr0.5_tucker_r24_24_4,0.49615478515625,1.0,0.1114714275327878,15.416124699465271,-5.5761877887856315,19.05672874290566,0.6749275544762925,78.65420378568994,0.15656026234008233,21.301492286763654,-3.111620892853477,16.106369192484667,0.2089285751639341,98.97019915451537
cave_hsi,2,structured-missing-completion,block,1,0.5,ntdpl,"(24,24,4)","(128,128)",7.122215499985032,C:\Users\mrkys\workspace\NTD-PL\multirun\neurips-lowrank-core\run\cave_hsi_block_id02_seed1_mr0.5_ntdpl_r24_24_4,0.49615478515625,1.0,0.21456967294216156,32.856020229383596,0.10919786811835781,13.368633204303201,0.3691995520515961,168.36882787867643,0.2991427183151245,42.49528544358186,2.4353329759328775,10.482431237076195,0.06307315324263214,209.3917333959135
cave_hsi,2,structured-missing-completion,block,1,0.5,tucker,"(24,24,4)","(128,128)",3.8360267999814823,C:\Users\mrkys\workspace\NTD-PL\multirun\neurips-lowrank-core\benchmark\cave_hsi_block_id02_seed1_mr0.5_tucker_r24_24_4,0.49615478515625,1.0,0.2091055161667478,46.15048238494154,-0.1148588692800235,13.592690208382932,0.37487310519717554,169.89949205857297,0.28979491818849745,64.00486403539279,2.1595798019479457,10.758184690757506,0.07954462412727975,209.51826965092638
cave_hsi,3,structured-missing-completion,block,1,0.5,ntdpl,"(24,24,4)","(128,128)",7.0483991000801325,C:\Users\mrkys\workspace\NTD-PL\multirun\neurips-lowrank-core\run\cave_hsi_block_id03_seed1_mr0.5_ntdpl_r24_24_4,0.49615478515625,1.0,0.059348784387111664,15.996347691247848,-7.139889429496024,24.531763446525744,0.8471845963472499,88.09748220795022,0.07907196879386902,21.07552941826345,-2.800117453071349,22.039548650108948,0.35014816648411606,132.27272977651754
cave_hsi,3,structured-missing-completion,block,1,0.5,tucker,"(24,24,4)","(128,128)",3.8625604000408202,C:\Users\mrkys\workspace\NTD-PL\multirun\neurips-lowrank-core\benchmark\cave_hsi_block_id03_seed1_mr0.5_tucker_r24_24_4,0.49615478515625,1.0,0.06613890446531755,17.47987929606149,-6.1989860058053505,23.590860061626778,0.8149616746817289,98.89538478350583,0.08739681648608726,24.94607029628114,-1.9306565309096033,21.170087733514688,0.32680046094468157,147.9013990932021
cave_hsi,4,structured-missing-completion,block,1,0.5,ntdpl,"(24,24,4)","(128,128)",7.343400100013241,C:\Users\mrkys\workspace\NTD-PL\multirun\neurips-lowrank-core\run\cave_hsi_block_id04_seed1_mr0.5_ntdpl_r24_24_4,0.49615478515625,1.0,0.1758219599723816,18.85630048100814,-4.499989691878889,15.098537682523201,0.6646758108644885,109.78351105873057,0.24732179939746857,23.145538294818543,-2.123195465871193,12.134752336315891,0.22785583568679674,132.0155714067833
cave_hsi,4,structured-missing-completion,block,1,0.5,tucker,"(24,24,4)","(128,128)",3.827872399939224,C:\Users\mrkys\workspace\NTD-PL\multirun\neurips-lowrank-core\benchmark\cave_hsi_block_id04_seed1_mr0.5_tucker_r24_24_4,0.49615478515625,1.0,0.1883636854148161,22.4085836585593,-3.9015082662521077,14.500056419835794,0.623289341566046,117.46626078804834,0.26497691980957666,30.13596492660112,-1.5242821712316652,11.535839052272935,0.11765757916216842,141.2434796603478
cave_hsi,5,structured-missing-completion,block,1,0.5,ntdpl,"(24,24,4)","(128,128)",7.135823699994944,C:\Users\mrkys\workspace\NTD-PL\multirun\neurips-lowrank-core\run\cave_hsi_block_id05_seed1_mr0.5_ntdpl_r24_24_4,0.49615478515625,1.0,0.09224709868431091,32.62471295731813,-4.903091060645228,20.700945410672507,0.7264041685931476,116.47842175454493,0.12968510389328003,37.61248543447012,-2.2721381305724657,17.742197935638508,0.30946795004126854,145.15270742024381
cave_hsi,5,structured-missing-completion,block,1,0.5,tucker,"(24,24,4)","(128,128)",4.074624100001529,C:\Users\mrkys\workspace\NTD-PL\multirun\neurips-lowrank-core\benchmark\cave_hsi_block_id05_seed1_mr0.5_tucker_r24_24_4,0.49615478515625,1.0,0.10529873157404622,38.27298542617916,-3.753682828072846,19.551537205674943,0.6545782379345595,143.3426456785709,0.148087824408549,44.07369441847081,-1.1195525784653466,16.589612942952318,0.09633753786020544,187.35407079223552
cave_hsi,6,structured-missing-completion,block,1,0.5,ntdpl,"(24,24,4)","(128,128)",7.196366999996826,C:\Users\mrkys\workspace\NTD-PL\multirun\neurips-lowrank-core\run\cave_hsi_block_id06_seed1_mr0.5_ntdpl_r24_24_4,0.49615478515625,1.0,0.14792975783348083,17.0921777508009,-4.749923899880334,16.598888617105104,0.5901151369702324,103.49477679717776,0.20442423224449158,26.039337988526785,-2.168367739584813,13.789352370202849,0.2639756520229156,142.17859556228674
cave_hsi,6,structured-missing-completion,block,1,0.5,tucker,"(24,24,4)","(128,128)",3.7882316999603063,C:\Users\mrkys\workspace\NTD-PL\multirun\neurips-lowrank-core\benchmark\cave_hsi_block_id06_seed1_mr0.5_tucker_r24_24_4,0.49615478515625,1.0,0.15490012604222259,20.140868778677678,-4.349999444599886,16.198964577105166,0.5924711964822437,104.57290289294482,0.21404689362205068,31.740899565590013,-1.7688366187349027,13.389821410561332,0.32816094343520613,143.10938130129946
cave_hsi,7,structured-missing-completion,block,1,0.5,ntdpl,"(24,24,4)","(128,128)",7.109215199947357,C:\Users\mrkys\workspace\NTD-PL\multirun\neurips-lowrank-core\run\cave_hsi_block_id07_seed1_mr0.5_ntdpl_r24_24_4,0.49615478515625,1.0,0.06963314116001129,21.688501317167592,-4.362732835232014,23.14368032251343,0.697764697979109,144.65575811171254,0.09794619679450989,26.546805563007414,-2.030299991856859,20.18024844933722,0.3121012174122562,187.2076473530654
cave_hsi,7,structured-missing-completion,block,1,0.5,tucker,"(24,24,4)","(128,128)",3.8576431999681517,C:\Users\mrkys\workspace\NTD-PL\multirun\neurips-lowrank-core\benchmark\cave_hsi_block_id07_seed1_mr0.5_tucker_r24_24_4,0.49615478515625,1.0,0.07981942270951213,23.621933142603034,-3.176880571336866,21.957828351130107,0.6150235454796625,166.16773721042685,0.11233269412994722,31.16738717252084,-0.8399276349425595,18.98987650188515,0.12126270873332727,215.29398458242716
cave_hsi,8,structured-missing-completion,block,1,0.5,ntdpl,"(24,24,4)","(128,128)",7.28570160001982,C:\Users\mrkys\workspace\NTD-PL\multirun\neurips-lowrank-core\run\cave_hsi_block_id08_seed1_mr0.5_ntdpl_r24_24_4,0.49615478515625,1.0,0.11912912875413895,19.96775745931418,-5.268068162510867,18.47964061640571,0.7388920632198056,96.36527580818183,0.16675806045532227,26.231707255600288,-2.1593361352009683,15.558262662761049,0.27139603083009295,129.1335258263157
cave_hsi,8,structured-missing-completion,block,1,0.5,tucker,"(24,24,4)","(128,128)",3.8120669000782073,C:\Users\mrkys\workspace\NTD-PL\multirun\neurips-lowrank-core\benchmark\cave_hsi_block_id08_seed1_mr0.5_tucker_r24_24_4,0.49615478515625,1.0,0.13042272408502478,26.73162171200964,-4.481362059560508,17.69293466212349,0.6992036489301149,105.56777486071162,0.18246011824014643,36.72778969900291,-1.3777141306510727,14.776640960701036,0.207659577353356,141.52650503231638
cave_hsi,9,structured-missing-completion,block,1,0.5,ntdpl,"(24,24,4)","(128,128)",6.962259099935181,C:\Users\mrkys\workspace\NTD-PL\multirun\neurips-lowrank-core\run\cave_hsi_block_id09_seed1_mr0.5_ntdpl_r24_24_4,0.49615478515625,1.0,0.08983732759952545,30.20165857727718,-5.466892110649447,20.930863448167774,0.7795813964914728,102.93623735358229,0.12601901590824127,35.11843774979058,-1.6570288919514553,17.99127832112125,0.27311778164232087,159.3817998805012
cave_hsi,9,structured-missing-completion,block,1,0.5,tucker,"(24,24,4)","(128,128)",4.086526000057347,C:\Users\mrkys\workspace\NTD-PL\multirun\neurips-lowrank-core\benchmark\cave_hsi_block_id09_seed1_mr0.5_tucker_r24_24_4,0.49615478515625,1.0,0.09784007971647395,36.48033228983907,-4.725692628332182,20.189664042491295,0.7500890120952834,111.8241528834516,0.1372725801579768,42.315159911307695,-0.9140742755837205,17.248324065946733,0.21989137888704496,174.0575146233338
cave_hsi,10,structured-missing-completion,block,1,0.5,ntdpl,"(24,24,4)","(128,128)",7.20684799994342,C:\Users\mrkys\workspace\NTD-PL\multirun\neurips-lowrank-core\run\cave_hsi_block_id10_seed1_mr0.5_ntdpl_r24_24_4,0.49615478515625,1.0,0.09224264323711395,16.290867717276797,-6.1826858172221595,20.70136469522762,0.7551493929031424,79.60429392243783,0.12911318242549896,21.927234138680802,-3.616396838280603,17.780588356901855,0.419379389844455,102.6372248353401
cave_hsi,10,structured-missing-completion,block,1,0.5,tucker,"(24,24,4)","(128,128)",3.826073200092651,C:\Users\mrkys\workspace\NTD-PL\multirun\neurips-lowrank-core\benchmark\cave_hsi_block_id10_seed1_mr0.5_tucker_r24_24_4,0.49615478515625,1.0,0.10096148084182452,19.589531022828744,-5.398206433239324,19.916885761698406,0.715960418452433,87.02705368271948,0.14132611209205656,28.242626375359432,-2.8313603303639807,16.995551768014113,0.3413321315072782,112.30058181329608
cave_hsi,11,structured-missing-completion,block,1,0.5,ntdpl,"(24,24,4)","(128,128)",6.994788799900562,C:\Users\mrkys\workspace\NTD-PL\multirun\neurips-lowrank-core\run\cave_hsi_block_id11_seed1_mr0.5_ntdpl_r24_24_4,0.49615478515625,1.0,0.132582888007164,18.109513518481226,-5.094467805940075,17.550250634158846,0.6054098183367876,76.5677929953096,0.18538591265678406,26.673761225617998,-3.018050915472008,14.638465874545432,0.2269680514921892,96.3710472095606
cave_hsi,11,structured-missing-completion,block,1,0.5,tucker,"(24,24,4)","(128,128)",3.9889713000738993,C:\Users\mrkys\workspace\NTD-PL\multirun\neurips-lowrank-core\benchmark\cave_hsi_block_id11_seed1_mr0.5_tucker_r24_24_4,0.49615478515625,1.0,0.1393002061536691,22.515869546199532,-4.665182164827092,17.12096481705775,0.5849336074806458,80.76184328059652,0.1944581311845979,33.7190317361296,-2.603063093940406,14.223477845931285,0.2280713649921335,101.53577035975643
cave_hsi,12,structured-missing-completion,block,1,0.5,ntdpl,"(24,24,4)","(128,128)",7.290845400071703,C:\Users\mrkys\workspace\NTD-PL\multirun\neurips-lowrank-core\run\cave_hsi_block_id12_seed1_mr0.5_ntdpl_r24_24_4,0.49615478515625,1.0,0.18121352791786194,15.478624772158316,-6.302121015276741,14.836187556620304,0.7154723578296096,62.83006455505345,0.254939466714859,22.27515556700019,-3.776421764265004,11.8712585728709,0.26696233029172056,80.73498593233712
cave_hsi,12,structured-missing-completion,block,1,0.5,tucker,"(24,24,4)","(128,128)",3.7569526999723166,C:\Users\mrkys\workspace\NTD-PL\multirun\neurips-lowrank-core\benchmark\cave_hsi_block_id12_seed1_mr0.5_tucker_r24_24_4,0.49615478515625,1.0,0.1934163782056847,18.180952089579883,-5.736068723717377,14.270135065951106,0.6732625727645172,69.03874315871202,0.27203595944106346,26.61091675475917,-3.2126369815265554,11.307473687359817,0.1260047854442067,89.11621791895217
cave_hsi,13,structured-missing-completion,block,1,0.5,ntdpl,"(24,24,4)","(128,128)",7.041790400049649,C:\Users\mrkys\workspace\NTD-PL\multirun\neurips-lowrank-core\run\cave_hsi_block_id13_seed1_mr0.5_ntdpl_r24_24_4,0.49615478515625,1.0,0.16903743147850037,25.90169640137294,-2.457448586691462,15.440342557361454,0.3774357718537743,137.48972105814647,0.2378399819135666,28.085116682299592,-1.3683435218600015,12.474303098544741,0.08901295133503499,137.03927412060995
cave_hsi,13,structured-missing-completion,block,1,0.5,tucker,"(24,24,4)","(128,128)",3.9846975000109524,C:\Users\mrkys\workspace\NTD-PL\multirun\neurips-lowrank-core\benchmark\cave_hsi_block_id13_seed1_mr0.5_tucker_r24_24_4,0.49615478515625,1.0,0.17205520937639154,29.268149227577908,-2.3037497629577404,15.286643471128867,0.3659267013127521,140.11433813329904,0.24207938438630985,34.49592779507534,-1.2148845609242722,12.3208438748157,0.07038855885405979,139.69618977457614
cave_hsi,14,structured-missing-completion,block,1,0.5,ntdpl,"(24,24,4)","(128,128)",7.121899699908681,C:\Users\mrkys\workspace\NTD-PL\multirun\neurips-lowrank-core\run\cave_hsi_block_id14_seed1_mr0.5_ntdpl_r24_24_4,0.49615478515625,1.0,0.06491100043058395,20.193365686694296,-5.228987038205163,23.75363397786232,0.7757064771954099,105.99527785927627,0.09091703593730927,29.629256258712584,-1.8901997855179227,20.827094886787783,0.3279384893875203,148.12632326373495
cave_hsi,14,structured-missing-completion,block,1,0.5,tucker,"(24,24,4)","(128,128)",3.832880000001751,C:\Users\mrkys\workspace\NTD-PL\multirun\neurips-lowrank-core\benchmark\cave_hsi_block_id14_seed1_mr0.5_tucker_r24_24_4,0.49615478515625,1.0,0.07158205517196257,22.848812664248705,-4.379269544814062,22.90391673724113,0.7349812584802726,119.66907834312262,0.10035220509850531,35.2451884122172,-1.032566681019065,19.969461601229725,0.24038030960974163,168.30131590329017
cave_hsi,15,structured-missing-completion,block,1,0.5,ntdpl,"(24,24,4)","(128,128)",6.9827678999863565,C:\Users\mrkys\workspace\NTD-PL\multirun\neurips-lowrank-core\run\cave_hsi_block_id15_seed1_mr0.5_ntdpl_r24_24_4,0.49615478515625,1.0,0.10412005335092545,18.187771862741876,-4.158074254816832,19.649312670804065,0.603698019642018,107.2624927970073,0.14628098905086517,24.333376172137722,-2.3461352640218798,16.696241949407092,0.2486014447089659,121.70502561865129
cave_hsi,15,structured-missing-completion,block,1,0.5,tucker,"(24,24,4)","(128,128)",3.8757137999637052,C:\Users\mrkys\workspace\NTD-PL\multirun\neurips-lowrank-core\benchmark\cave_hsi_block_id15_seed1_mr0.5_tucker_r24_24_4,0.49615478515625,1.0,0.11139112728863067,25.337766516533463,-3.5717496486528777,19.06298801862293,0.5596742589921785,114.86830248432838,0.1564424729138414,35.181081721376074,-1.7627998720245825,16.112906553919075,0.16922227181442503,130.4276794969162
cave_hsi,1,structured-missing-completion,block,2,0.5,ntdpl,"(24,24,4)","(128,128)",7.028403399977833,C:\Users\mrkys\workspace\NTD-PL\multirun\neurips-lowrank-core\run\cave_hsi_block_id01_seed2_mr0.5_ntdpl_r24_24_4,0.49884033203125,2.0,0.10856366157531738,13.421064228231009,-5.805769439721537,19.28631054553874,0.6809802047626817,75.98572859870806,0.15291975438594818,19.521588492242206,-3.4905691475567764,16.310728287764572,0.26245269360826773,95.9159458144626
cave_hsi,1,structured-missing-completion,block,2,0.5,tucker,"(24,24,4)","(128,128)",3.7842018000083044,C:\Users\mrkys\workspace\NTD-PL\multirun\neurips-lowrank-core\benchmark\cave_hsi_block_id01_seed2_mr0.5_tucker_r24_24_4,0.49884033203125,2.0,0.11542225530990353,14.461204899472348,-5.273667925568183,18.754208879688207,0.6421227774699515,80.81100701151239,0.16262812464650783,21.43625748262216,-2.955928065526756,15.77608692114216,0.17855734306472534,102.01357932748154
cave_hsi,2,structured-missing-completion,block,2,0.5,ntdpl,"(24,24,4)","(128,128)",7.123842099914327,C:\Users\mrkys\workspace\NTD-PL\multirun\neurips-lowrank-core\run\cave_hsi_block_id02_seed2_mr0.5_ntdpl_r24_24_4,0.49884033203125,2.0,0.23067843914031982,33.031675777983054,0.7379713790216771,12.73986014856709,0.3297562123140428,189.4596849523336,0.32340100407600403,41.61852470717457,2.776550509490888,9.805172307200488,0.07305469151548193,226.66695621578143
cave_hsi,2,structured-missing-completion,block,2,0.5,tucker,"(24,24,4)","(128,128)",3.9989710999652743,C:\Users\mrkys\workspace\NTD-PL\multirun\neurips-lowrank-core\benchmark\cave_hsi_block_id02_seed2_mr0.5_tucker_r24_24_4,0.49884033203125,2.0,0.21735798617403093,46.61213666698657,0.22134337273597507,13.256487966366935,0.3402411287956446,176.13332632077515,0.30303748964744626,63.59494023791754,2.2116500688711365,10.370072806861216,0.08062208207355832,209.84883472960786
cave_hsi,3,structured-missing-completion,block,2,0.5,ntdpl,"(24,24,4)","(128,128)",6.987596399965696,C:\Users\mrkys\workspace\NTD-PL\multirun\neurips-lowrank-core\run\cave_hsi_block_id03_seed2_mr0.5_ntdpl_r24_24_4,0.49884033203125,2.0,0.08076827228069305,13.207969299381134,-4.463310429047796,21.855184821615193,0.6715482027030486,121.32398020316597,0.11233130097389221,18.564027989641698,-2.0006448428841064,18.9899836699302,0.20509986440099431,150.22893486581157
cave_hsi,3,structured-missing-completion,block,2,0.5,tucker,"(24,24,4)","(128,128)",3.806602400029078,C:\Users\mrkys\workspace\NTD-PL\multirun\neurips-lowrank-core\benchmark\cave_hsi_block_id03_seed2_mr0.5_tucker_r24_24_4,0.49884033203125,2.0,0.08421673792228856,16.465226518525235,-4.1001576379690094,21.49203169379044,0.651723490903881,126.57183922260282,0.11657929052160843,25.27360763351327,-1.6782328754771192,18.667571840768613,0.16891696133392003,155.93304314078054
cave_hsi,4,structured-missing-completion,block,2,0.5,ntdpl,"(24,24,4)","(128,128)",6.719117900007404,C:\Users\mrkys\workspace\NTD-PL\multirun\neurips-lowrank-core\run\cave_hsi_block_id04_seed2_mr0.5_ntdpl_r24_24_4,0.49884033203125,2.0,0.1606631875038147,18.881703179936665,-5.28312391041104,15.881672115687657,0.7440208408353807,100.39981588178941,0.22661420702934265,23.980282133969467,-1.9982487905600803,12.894257427443165,0.23186380570733717,141.2361478327508
cave_hsi,4,structured-missing-completion,block,2,0.5,tucker,"(24,24,4)","(128,128)",3.8439907000865787,C:\Users\mrkys\workspace\NTD-PL\multirun\neurips-lowrank-core\benchmark\cave_hsi_block_id04_seed2_mr0.5_tucker_r24_24_4,0.49884033203125,2.0,0.1712066192528105,20.14292317832456,-4.731040816065849,15.329588969649535,0.7120567987416104,107.04214828802996,0.24154020688312966,26.31378954559333,-1.4442028580789072,12.340211321101371,0.1289630951474168,150.63586509996367
cave_hsi,5,structured-missing-completion,block,2,0.5,ntdpl,"(24,24,4)","(128,128)",6.792780600022525,C:\Users\mrkys\workspace\NTD-PL\multirun\neurips-lowrank-core\run\cave_hsi_block_id05_seed2_mr0.5_ntdpl_r24_24_4,0.49884033203125,2.0,0.10879868268966675,33.0357887276777,-3.469672698433607,19.267527366474578,0.5692523619014201,113.19815276164837,0.1534079760313034,35.49714321963021,-1.7489231138077896,16.28304155916098,0.20539494896622915,129.72146039345333
cave_hsi,5,structured-missing-completion,block,2,0.5,tucker,"(24,24,4)","(128,128)",3.798743100021966,C:\Users\mrkys\workspace\NTD-PL\multirun\neurips-lowrank-core\benchmark\cave_hsi_block_id05_seed2_mr0.5_tucker_r24_24_4,0.49884033203125,2.0,0.11828543917921257,37.97290446963333,-2.7435198884738905,18.541374266075987,0.5111929336370933,135.01307793508167,0.16679349061582227,44.14122123363571,-1.022299662363513,15.556418048161307,0.08520268338007977,161.48596887277273
cave_hsi,6,structured-missing-completion,block,2,0.5,ntdpl,"(24,24,4)","(128,128)",6.402207999955863,C:\Users\mrkys\workspace\NTD-PL\multirun\neurips-lowrank-core\run\cave_hsi_block_id06_seed2_mr0.5_ntdpl_r24_24_4,0.49884033203125,2.0,0.15380454063415527,17.548273673973508,-4.411651780682991,16.260616802608887,0.5554291463348362,105.59986380972816,0.21402160823345184,27.446598090678773,-2.058358176992331,13.39084777482886,0.21672540357897316,137.833010710363
cave_hsi,6,structured-missing-completion,block,2,0.5,tucker,"(24,24,4)","(128,128)",3.9099474000977352,C:\Users\mrkys\workspace\NTD-PL\multirun\neurips-lowrank-core\benchmark\cave_hsi_block_id06_seed2_mr0.5_tucker_r24_24_4,0.49884033203125,2.0,0.15754710812694225,21.083697308016774,-4.2028261506219176,16.051791283127198,0.5702945871738511,103.2656176498338,0.21910391576770474,34.259701006537824,-1.8545073500579066,13.186997215457716,0.2993027119111235,134.41508037515356
cave_hsi,7,structured-missing-completion,block,2,0.5,ntdpl,"(24,24,4)","(128,128)",6.7950919000431895,C:\Users\mrkys\workspace\NTD-PL\multirun\neurips-lowrank-core\run\cave_hsi_block_id07_seed2_mr0.5_ntdpl_r24_24_4,0.49884033203125,2.0,0.04530290141701698,22.831332207102054,-8.096532264374247,26.877479584686238,0.8981306922692422,88.72616574236916,0.06378937512636185,28.837831131878723,-2.611634392280066,23.905033075989763,0.44278985152771877,150.09334716197498
cave_hsi,7,structured-missing-completion,block,2,0.5,tucker,"(24,24,4)","(128,128)",3.933552199974656,C:\Users\mrkys\workspace\NTD-PL\multirun\neurips-lowrank-core\benchmark\cave_hsi_block_id07_seed2_mr0.5_tucker_r24_24_4,0.49884033203125,2.0,0.05431478481911154,23.073181960234333,-6.520690953894422,25.30163873368766,0.8524696788720787,107.79438560843396,0.07657952353967112,30.70070588869084,-1.0243480018742273,22.317746801222718,0.20848012335142893,185.53211345658795
cave_hsi,8,structured-missing-completion,block,2,0.5,ntdpl,"(24,24,4)","(128,128)",6.6573803999926895,C:\Users\mrkys\workspace\NTD-PL\multirun\neurips-lowrank-core\run\cave_hsi_block_id08_seed2_mr0.5_ntdpl_r24_24_4,0.49884033203125,2.0,0.12373700737953186,19.678939380383866,-4.938435467748643,18.150007992760603,0.711380077616753,100.06654201754459,0.17389602959156036,27.290262586196715,-2.0576671473128494,15.194206840686586,0.24738793886269395,134.75175419014462
cave_hsi,8,structured-missing-completion,block,2,0.5,tucker,"(24,24,4)","(128,128)",4.020400000037625,C:\Users\mrkys\workspace\NTD-PL\multirun\neurips-lowrank-core\benchmark\cave_hsi_block_id08_seed2_mr0.5_tucker_r24_24_4,0.49884033203125,2.0,0.13247082058363674,24.9153681588823,-4.346022866711636,17.557595469274617,0.6798175694616015,107.11371949701791,0.18610571046294774,35.650266149193726,-1.4682664991276075,14.604806015676067,0.19727501449743942,144.6018074345162
cave_hsi,9,structured-missing-completion,block,2,0.5,ntdpl,"(24,24,4)","(128,128)",6.413161900010891,C:\Users\mrkys\workspace\NTD-PL\multirun\neurips-lowrank-core\run\cave_hsi_block_id09_seed2_mr0.5_ntdpl_r24_24_4,0.49884033203125,2.0,0.10764365643262863,31.26197159777985,-3.896260173180248,19.360231217095155,0.6223555597970335,117.35010985457424,0.1517922431230545,35.53466586241103,-1.6971213451799767,16.37500860528927,0.20319659384352678,136.1367969044458
cave_hsi,9,structured-missing-completion,block,2,0.5,tucker,"(24,24,4)","(128,128)",3.8746598000871018,C:\Users\mrkys\workspace\NTD-PL\multirun\neurips-lowrank-core\benchmark\cave_hsi_block_id09_seed2_mr0.5_tucker_r24_24_4,0.49884033203125,2.0,0.11411798022986583,39.25640337381428,-3.3889470560360935,18.852918470195206,0.5974600566439533,124.27732530107427,0.16092169615513438,45.88409162920805,-1.1898206388683499,15.867707970072551,0.15473903102786774,144.16364618384205
cave_hsi,10,structured-missing-completion,block,2,0.5,ntdpl,"(24,24,4)","(128,128)",6.432919000042602,C:\Users\mrkys\workspace\NTD-PL\multirun\neurips-lowrank-core\run\cave_hsi_block_id10_seed2_mr0.5_ntdpl_r24_24_4,0.49884033203125,2.0,0.10297106206417084,16.23582639269875,-5.227017040902419,19.745696319174975,0.6835326337590821,89.10626660621416,0.14479069411754608,21.51372974178514,-3.147434410784821,16.785187265683913,0.3326791996427388,104.93891239751608
cave_hsi,10,structured-missing-completion,block,2,0.5,tucker,"(24,24,4)","(128,128)",3.9152794000692666,C:\Users\mrkys\workspace\NTD-PL\multirun\neurips-lowrank-core\benchmark\cave_hsi_block_id10_seed2_mr0.5_tucker_r24_24_4,0.49884033203125,2.0,0.11069536491897984,20.048539151616595,-4.5987319454305995,19.117411273889683,0.6450793301021895,95.51931857365365,0.15563243151786843,28.626769849071678,-2.520245202599873,16.157997946205253,0.27099522734473325,112.38898906054875
cave_hsi,11,structured-missing-completion,block,2,0.5,ntdpl,"(24,24,4)","(128,128)",6.254117800039239,C:\Users\mrkys\workspace\NTD-PL\multirun\neurips-lowrank-core\run\cave_hsi_block_id11_seed2_mr0.5_ntdpl_r24_24_4,0.49884033203125,2.0,0.1197611466050148,17.912783612929143,-5.977898327496538,18.43368105838527,0.6989278052269381,69.95091063311712,0.16745224595069885,26.74068677082793,-3.1542021351867895,15.522180786250303,0.31479319293945107,97.21438993211001
cave_hsi,11,structured-missing-completion,block,2,0.5,tucker,"(24,24,4)","(128,128)",3.8821978999767452,C:\Users\mrkys\workspace\NTD-PL\multirun\neurips-lowrank-core\benchmark\cave_hsi_block_id11_seed2_mr0.5_tucker_r24_24_4,0.49884033203125,2.0,0.12804061464055544,21.974097048422642,-5.3972623428633915,17.85304499509405,0.6729622658091434,75.73804965219266,0.17880751706671832,33.44720465365714,-2.5843060022150666,14.952284548388981,0.30568066370683905,105.22771404827182
cave_hsi,12,structured-missing-completion,block,2,0.5,ntdpl,"(24,24,4)","(128,128)",6.206421299953945,C:\Users\mrkys\workspace\NTD-PL\multirun\neurips-lowrank-core\run\cave_hsi_block_id12_seed2_mr0.5_ntdpl_r24_24_4,0.49884033203125,2.0,0.19402238726615906,16.643825883406148,-5.708896758444152,14.242963408690084,0.6636285567802576,65.48348462544703,0.27373552322387695,24.483781597145473,-3.5577129348561227,11.253376851529467,0.2546928324949102,81.76244882049836
cave_hsi,12,structured-missing-completion,block,2,0.5,tucker,"(24,24,4)","(128,128)",4.045272700022906,C:\Users\mrkys\workspace\NTD-PL\multirun\neurips-lowrank-core\benchmark\cave_hsi_block_id12_seed2_mr0.5_tucker_r24_24_4,0.49884033203125,2.0,0.20484590078047318,19.02079727845028,-5.237388105625536,13.771454447859263,0.6220724496730894,70.78186100064174,0.2889687107135638,28.297705683812445,-3.087319819718645,10.782983594703321,0.135912041015354,89.37347095134017
cave_hsi,13,structured-missing-completion,block,2,0.5,ntdpl,"(24,24,4)","(128,128)",5.78303789999336,C:\Users\mrkys\workspace\NTD-PL\multirun\neurips-lowrank-core\run\cave_hsi_block_id13_seed2_mr0.5_ntdpl_r24_24_4,0.49884033203125,2.0,0.16270609200000763,25.98131163265627,-2.7890298091168004,15.771923876685818,0.4323839614110983,132.7933032526955,0.22952593863010406,25.745212026156803,-1.5439715167909571,12.783363954274979,0.11941098810631032,131.6384498100082
cave_hsi,13,structured-missing-completion,block,2,0.5,tucker,"(24,24,4)","(128,128)",3.904575699940324,C:\Users\mrkys\workspace\NTD-PL\multirun\neurips-lowrank-core\benchmark\cave_hsi_block_id13_seed2_mr0.5_tucker_r24_24_4,0.49884033203125,2.0,0.16922760592124095,32.31063449435848,-2.4476820821511613,15.430575790322287,0.4064545556171878,138.1436777816844,0.2387088654962225,36.834175340691054,-1.2032361125573576,12.442629025429197,0.08583957740261362,136.91995989313156
cave_hsi,14,structured-missing-completion,block,2,0.5,ntdpl,"(24,24,4)","(128,128)",5.516697600018233,C:\Users\mrkys\workspace\NTD-PL\multirun\neurips-lowrank-core\run\cave_hsi_block_id14_seed2_mr0.5_ntdpl_r24_24_4,0.49884033203125,2.0,0.07406923919916153,20.097935479628887,-4.082594816995952,22.60724196317119,0.6838655114564082,117.55172142744121,0.10420828312635422,29.693634124812117,-1.5927627897796401,19.641954893561913,0.2558630966207925,151.3514199772187
cave_hsi,14,structured-missing-completion,block,2,0.5,tucker,"(24,24,4)","(128,128)",3.9442059999564663,C:\Users\mrkys\workspace\NTD-PL\multirun\neurips-lowrank-core\benchmark\cave_hsi_block_id14_seed2_mr0.5_tucker_r24_24_4,0.49884033203125,2.0,0.07898654964020602,23.303284391250347,-3.5242899474268286,22.048937139853898,0.6532625725930485,128.6767679461865,0.11117767894907647,36.345681481114845,-1.0304555044553316,19.079647938946195,0.20954563037394341,167.33935469096932
cave_hsi,15,structured-missing-completion,block,2,0.5,ntdpl,"(24,24,4)","(128,128)",5.759180199936964,C:\Users\mrkys\workspace\NTD-PL\multirun\neurips-lowrank-core\run\cave_hsi_block_id15_seed2_mr0.5_ntdpl_r24_24_4,0.49884033203125,2.0,0.10062741488218307,18.620239244136624,-4.454435081945455,19.945673271637126,0.6423781682770977,103.81548958972657,0.14172649383544922,24.934544404893725,-2.4245757507210395,16.970978666327788,0.2700348750320571,123.04703125855603
cave_hsi,15,structured-missing-completion,block,2,0.5,tucker,"(24,24,4)","(128,128)",4.018972499994561,C:\Users\mrkys\workspace\NTD-PL\multirun\neurips-lowrank-core\benchmark\cave_hsi_block_id15_seed2_mr0.5_tucker_r24_24_4,0.49884033203125,2.0,0.10707470909315973,25.398812173883577,-3.9150235669593876,19.406261936929443,0.6063162428227362,110.85591532859492,0.15076367029773058,35.19288920669592,-1.8876627901781318,16.43406596641621,0.20050260010159565,131.5148465044801
cave_hsi,1,structured-missing-completion,block,0,0.7,ntdpl,"(24,24,4)","(128,128)",13.072946099913679,C:\Users\mrkys\workspace\NTD-PL\multirun\neurips-lowrank-core\run\cave_hsi_block_id01_seed0_mr0.7_ntdpl_r24_24_4,0.2977294921875,0.0,0.131883904337883,16.886276744235794,-4.115622672448852,17.59616331294776,0.4816082213855843,91.68956383523536,0.1572437882423401,20.867155802963094,-3.1018142957004495,16.068529200642224,0.19260410940707057,98.55095541215324
cave_hsi,1,structured-missing-completion,block,0,0.7,tucker,"(24,24,4)","(128,128)",13.428410000051372,C:\Users\mrkys\workspace\NTD-PL\multirun\neurips-lowrank-core\benchmark\cave_hsi_block_id01_seed0_mr0.7_tucker_r24_24_4,0.2977294921875,0.0,0.1383256597896642,18.509934247298823,-3.701404037854058,17.181944991974085,0.43007196048832635,96.19654719146041,0.1649342750929495,23.15662535239523,-2.6870662651720965,15.653781679475085,0.1112832067588808,103.40165591407242
cave_hsi,2,structured-missing-completion,block,0,0.7,ntdpl,"(24,24,4)","(128,128)",13.67490599991288,C:\Users\mrkys\workspace\NTD-PL\multirun\neurips-lowrank-core\run\cave_hsi_block_id02_seed0_mr0.7_ntdpl_r24_24_4,0.2977294921875,0.0,0.16746854782104492,35.01343935489412,-2.0435032530429265,15.521334726076843,0.387189221651483,136.43197399370078,0.19912154972553253,40.41135663653304,-1.0593300743755099,14.017634586016518,0.15582575893705894,148.4794102672279
cave_hsi,2,structured-missing-completion,block,0,0.7,tucker,"(24,24,4)","(128,128)",13.08357849996537,C:\Users\mrkys\workspace\NTD-PL\multirun\neurips-lowrank-core\benchmark\cave_hsi_block_id02_seed0_mr0.7_tucker_r24_24_4,0.2977294921875,0.0,0.19601121229408017,47.90775357918997,-0.6765503666069268,14.154381705709834,0.30498707447002854,160.65911598603338,0.23297223159877647,57.41053351343402,0.30438780992749986,12.653916805411052,0.11383412568160123,174.79206771430432
cave_hsi,3,structured-missing-completion,block,0,0.7,ntdpl,"(24,24,4)","(128,128)",15.130471699987538,C:\Users\mrkys\workspace\NTD-PL\multirun\neurips-lowrank-core\run\cave_hsi_block_id03_seed0_mr0.7_ntdpl_r24_24_4,0.2977294921875,0.0,0.09471581876277924,18.50500593043614,-3.0796759745659044,20.47154976434614,0.4909334678500725,138.93425474345923,0.11259147524833679,23.005093548196573,-1.7866510229862511,18.969889826632556,0.16197377698607798,159.4825124504609
cave_hsi,3,structured-missing-completion,block,0,0.7,tucker,"(24,24,4)","(128,128)",12.462590199895203,C:\Users\mrkys\workspace\NTD-PL\multirun\neurips-lowrank-core\benchmark\cave_hsi_block_id03_seed0_mr0.7_tucker_r24_24_4,0.2977294921875,0.0,0.09727724831504761,22.189311335664303,-2.8479004001968002,20.239774456018228,0.46534000273780235,143.13513562452374,0.11553753195255684,28.337342070336526,-1.5622991178188195,18.745538276974656,0.11624186321804543,164.23837055235208
cave_hsi,4,structured-missing-completion,block,0,0.7,ntdpl,"(24,24,4)","(128,128)",14.469110999954864,C:\Users\mrkys\workspace\NTD-PL\multirun\neurips-lowrank-core\run\cave_hsi_block_id04_seed0_mr0.7_ntdpl_r24_24_4,0.2977294921875,0.0,0.19214925169944763,19.214855297929308,-3.7286779561028522,14.327226242374216,0.5733820785675566,120.1465154959735,0.22919781506061554,22.14276840574957,-2.105692950225245,12.795790069974265,0.21362829757308974,141.58866883658285
cave_hsi,4,structured-missing-completion,block,0,0.7,tucker,"(24,24,4)","(128,128)",14.023337499937043,C:\Users\mrkys\workspace\NTD-PL\multirun\neurips-lowrank-core\benchmark\cave_hsi_block_id04_seed0_mr0.7_tucker_r24_24_4,0.2977294921875,0.0,0.20470546834851602,20.39624877785439,-3.1788629617187105,13.777411115302396,0.5142139531906806,128.14772070852464,0.2441885955426234,23.604710596808886,-1.5553950159794763,12.245492459629821,0.08266667238514937,151.04347316317066
cave_hsi,5,structured-missing-completion,block,0,0.7,ntdpl,"(24,24,4)","(128,128)",13.801046999986283,C:\Users\mrkys\workspace\NTD-PL\multirun\neurips-lowrank-core\run\cave_hsi_block_id05_seed0_mr0.7_ntdpl_r24_24_4,0.2977294921875,0.0,0.13047033548355103,36.6072262576414,-1.891910218379573,17.689764629591416,0.32038532075459303,156.769324568246,0.1556008756160736,38.67012445842046,-1.0622825817290371,16.159759345492155,0.10793728034730295,170.6325148485721
cave_hsi,5,structured-missing-completion,block,0,0.7,tucker,"(24,24,4)","(128,128)",12.979049399960786,C:\Users\mrkys\workspace\NTD-PL\multirun\neurips-lowrank-core\benchmark\cave_hsi_block_id05_seed0_mr0.7_tucker_r24_24_4,0.2977294921875,0.0,0.133275199308769,40.67005843335553,-1.7071588089798984,17.505013186581994,0.3203807814403539,173.5220364594452,0.15890973893826912,43.858581816258074,-0.8795128667772935,15.97698971632558,0.062252665632828275,190.53469175822295
cave_hsi,6,structured-missing-completion,block,0,0.7,ntdpl,"(24,24,4)","(128,128)",15.079978999914601,C:\Users\mrkys\workspace\NTD-PL\multirun\neurips-lowrank-core\run\cave_hsi_block_id06_seed0_mr0.7_ntdpl_r24_24_4,0.2977294921875,0.0,0.16499866545200348,23.890015118093075,-3.801426079015683,15.650391081648438,0.39805365573457546,102.59169580581752,0.19614090025424957,31.178754754094587,-2.63906289542642,14.148636573064548,0.14887941414522243,115.99905115442355
cave_hsi,6,structured-missing-completion,block,0,0.7,tucker,"(24,24,4)","(128,128)",13.102368299965747,C:\Users\mrkys\workspace\NTD-PL\multirun\neurips-lowrank-core\benchmark\cave_hsi_block_id06_seed0_mr0.7_tucker_r24_24_4,0.2977294921875,0.0,0.1666029946789682,27.144838534218067,-3.7173787963239984,15.566343928829278,0.4211964019337474,101.07461413292052,0.19800487659621346,35.770971638198155,-2.556908874319511,14.06648227024963,0.20430469082896136,114.24019999384318
cave_hsi,7,structured-missing-completion,block,0,0.7,ntdpl,"(24,24,4)","(128,128)",13.63550179998856,C:\Users\mrkys\workspace\NTD-PL\multirun\neurips-lowrank-core\run\cave_hsi_block_id07_seed0_mr0.7_ntdpl_r24_24_4,0.2977294921875,0.0,0.07676911354064941,23.839984265199295,-3.515321608804127,22.296269614760533,0.621381548486982,159.45497308697537,0.0915716141462326,27.61562230646265,-1.6432726411703091,20.76478277517024,0.2509415025618513,185.40997007013803
cave_hsi,7,structured-missing-completion,block,0,0.7,tucker,"(24,24,4)","(128,128)",13.810053699999116,C:\Users\mrkys\workspace\NTD-PL\multirun\neurips-lowrank-core\benchmark\cave_hsi_block_id07_seed0_mr0.7_tucker_r24_24_4,0.2977294921875,0.0,0.08241346678501915,23.798668718554367,-2.8990885511782465,21.680036330971486,0.5750932392095127,171.65747801392067,0.098317312056116,28.399169309527316,-1.0258899829179,20.147400066865295,0.12391717593967123,199.73674350083868
cave_hsi,8,structured-missing-completion,block,0,0.7,ntdpl,"(24,24,4)","(128,128)",13.502657399978489,C:\Users\mrkys\workspace\NTD-PL\multirun\neurips-lowrank-core\run\cave_hsi_block_id08_seed0_mr0.7_ntdpl_r24_24_4,0.2977294921875,0.0,0.16956213116645813,24.099009560645847,-2.201850393447134,15.413422688426888,0.3109993397117785,137.94034433607902,0.20215453207492828,28.7071452058817,-1.4650414558666962,13.886330539360278,0.0937997862142216,144.05246989856758
cave_hsi,8,structured-missing-completion,block,0,0.7,tucker,"(24,24,4)","(128,128)",12.940244999947026,C:\Users\mrkys\workspace\NTD-PL\multirun\neurips-lowrank-core\benchmark\cave_hsi_block_id08_seed0_mr0.7_tucker_r24_24_4,0.2977294921875,0.0,0.17219091880921386,30.206768907543733,-2.0682225288409577,15.279795131403937,0.3030161607590095,139.9411740232339,0.20522273161559726,35.9667202229472,-1.334201594597231,13.755490720283607,0.08223078332083543,146.0762531517971
cave_hsi,9,structured-missing-completion,block,0,0.7,ntdpl,"(24,24,4)","(128,128)",12.985465999925509,C:\Users\mrkys\workspace\NTD-PL\multirun\neurips-lowrank-core\run\cave_hsi_block_id09_seed0_mr0.7_ntdpl_r24_24_4,0.2977294921875,0.0,0.12197624146938324,34.63119010931532,-2.810523397471786,18.274494932947693,0.48972468048644907,140.8536138079634,0.14543931186199188,38.667914295331485,-1.5286486725171164,16.746363695948464,0.18957734218202965,165.223565935305
cave_hsi,9,structured-missing-completion,block,0,0.7,tucker,"(24,24,4)","(128,128)",12.250565199996345,C:\Users\mrkys\workspace\NTD-PL\multirun\neurips-lowrank-core\benchmark\cave_hsi_block_id09_seed0_mr0.7_tucker_r24_24_4,0.2977294921875,0.0,0.12712740521011986,39.18989538940589,-2.4512449313977114,17.915216345556825,0.45972704573035494,150.15867105209963,0.15157933028390463,42.91595805054059,-1.1694851205412253,16.387200321791692,0.13196932857659113,176.625977980665
cave_hsi,10,structured-missing-completion,block,0,0.7,ntdpl,"(24,24,4)","(128,128)",13.740224000066519,C:\Users\mrkys\workspace\NTD-PL\multirun\neurips-lowrank-core\run\cave_hsi_block_id10_seed0_mr0.7_ntdpl_r24_24_4,0.2977294921875,0.0,0.12128328531980515,21.165684101491316,-3.8053017037308323,18.323981083394834,0.5164235461767563,103.85672812727059,0.1445087343454361,25.701371869973787,-2.6750154118029617,16.802118402163757,0.24811366340226035,113.42373517032598
cave_hsi,10,structured-missing-completion,block,0,0.7,tucker,"(24,24,4)","(128,128)",11.966881699976511,C:\Users\mrkys\workspace\NTD-PL\multirun\neurips-lowrank-core\benchmark\cave_hsi_block_id10_seed0_mr0.7_tucker_r24_24_4,0.2977294921875,0.0,0.12719688127224843,24.60096575559381,-3.391791411151144,17.910470739610226,0.47490971725714576,109.34646333406938,0.15152943983143785,30.325260017361227,-2.2629565406593146,16.390059644983616,0.17797163847987998,119.45889249819234
cave_hsi,11,structured-missing-completion,block,0,0.7,ntdpl,"(24,24,4)","(128,128)",13.401901299948804,C:\Users\mrkys\workspace\NTD-PL\multirun\neurips-lowrank-core\run\cave_hsi_block_id11_seed0_mr0.7_ntdpl_r24_24_4,0.2977294921875,0.0,0.15022698044776917,21.87946193150849,-4.009258673123294,16.465041479377682,0.44322200939778006,86.83666601236096,0.1788991391658783,27.89400347217384,-2.867870147217264,14.947834716521992,0.17071191744345668,98.53400567909416
cave_hsi,11,structured-missing-completion,block,0,0.7,tucker,"(24,24,4)","(128,128)",12.839807299897075,C:\Users\mrkys\workspace\NTD-PL\multirun\neurips-lowrank-core\benchmark\cave_hsi_block_id11_seed0_mr0.7_tucker_r24_24_4,0.2977294921875,0.0,0.1512503282230395,23.969195986009087,-3.9502908323138937,16.406073484544553,0.43917484009465335,87.59967827205362,0.17999507187651292,30.332295499278256,-2.8148232947216627,14.8947877075045,0.1670930200524022,99.3516853846767
cave_hsi,12,structured-missing-completion,block,0,0.7,ntdpl,"(24,24,4)","(128,128)",13.791393500054255,C:\Users\mrkys\workspace\NTD-PL\multirun\neurips-lowrank-core\run\cave_hsi_block_id12_seed0_mr0.7_ntdpl_r24_24_4,0.2977294921875,0.0,0.2492782175540924,20.982596771312277,-3.5322472007238357,12.06631363501903,0.3890441223605705,86.37492155003494,0.29733946919441223,24.893964978848214,-2.6923601849632046,10.534948679353139,0.141636252754748,91.15769125612432
cave_hsi,12,structured-missing-completion,block,0,0.7,tucker,"(24,24,4)","(128,128)",12.21294819994364,C:\Users\mrkys\workspace\NTD-PL\multirun\neurips-lowrank-core\benchmark\cave_hsi_block_id12_seed0_mr0.7_tucker_r24_24_4,0.2977294921875,0.0,0.2515485261683626,23.032414903515427,-3.4534981153138764,11.987564457547606,0.3655119220699353,87.7516078540242,0.2999956403927951,27.346706929334633,-2.61511280621138,10.457701130080725,0.08345347381769962,92.67699865808945
cave_hsi,13,structured-missing-completion,block,0,0.7,ntdpl,"(24,24,4)","(128,128)",14.093910899944603,C:\Users\mrkys\workspace\NTD-PL\multirun\neurips-lowrank-core\run\cave_hsi_block_id13_seed0_mr0.7_ntdpl_r24_24_4,0.2977294921875,0.0,0.16302092373371124,27.108925308724587,-2.772239263661409,15.755132951465974,0.42374829767578914,133.57740058587885,0.19442439079284668,29.07760919356243,-1.7956609018821847,14.224985263012437,0.16349239227009052,143.07315209534656
cave_hsi,13,structured-missing-completion,block,0,0.7,tucker,"(24,24,4)","(128,128)",12.711904099909589,C:\Users\mrkys\workspace\NTD-PL\multirun\neurips-lowrank-core\benchmark\cave_hsi_block_id13_seed0_mr0.7_tucker_r24_24_4,0.2977294921875,0.0,0.1690241260350172,29.379468148317297,-2.45813231126472,15.441026019435846,0.3857955892544855,138.53722213138903,0.201585070344261,31.947947955215167,-1.4815081847663956,13.910832709133432,0.09752895731872778,148.4545010625727
cave_hsi,14,structured-missing-completion,block,0,0.7,ntdpl,"(24,24,4)","(128,128)",12.509984800009988,C:\Users\mrkys\workspace\NTD-PL\multirun\neurips-lowrank-core\run\cave_hsi_block_id14_seed0_mr0.7_ntdpl_r24_24_4,0.2977294921875,0.0,0.09309667348861694,23.357936174242298,-2.0966697985335676,20.62131703589329,0.40030204057462954,156.09510824111717,0.11093495041131973,28.547421064121682,-1.1926544068401508,19.098632251830395,0.1601208011647488,174.2285620774361
cave_hsi,14,structured-missing-completion,block,0,0.7,tucker,"(24,24,4)","(128,128)",13.711036200053059,C:\Users\mrkys\workspace\NTD-PL\multirun\neurips-lowrank-core\benchmark\cave_hsi_block_id14_seed0_mr0.7_tucker_r24_24_4,0.2977294921875,0.0,0.0958000912005381,27.682979845842326,-1.8480343571353237,20.37268154956239,0.3809777180802831,162.57732754140295,0.11413682480725947,34.749837907588216,-0.9455063612640963,18.85148426669739,0.13260243112444292,181.67449558820968
cave_hsi,15,structured-missing-completion,block,0,0.7,ntdpl,"(24,24,4)","(128,128)",12.436303399968892,C:\Users\mrkys\workspace\NTD-PL\multirun\neurips-lowrank-core\run\cave_hsi_block_id15_seed0_mr0.7_ntdpl_r24_24_4,0.2977294921875,0.0,0.11008533090353012,26.63476627924496,-3.6741725827631813,19.165411160882467,0.5410734980005706,115.61765672014914,0.1311957985162735,30.823443234136917,-2.3895815200204993,17.6416013602921,0.25202472917651214,129.74603417515743
cave_hsi,15,structured-missing-completion,block,0,0.7,tucker,"(24,24,4)","(128,128)",11.203823899966665,C:\Users\mrkys\workspace\NTD-PL\multirun\neurips-lowrank-core\benchmark\cave_hsi_block_id15_seed0_mr0.7_tucker_r24_24_4,0.2977294921875,0.0,0.11749362707610903,30.35127477414496,-3.108475412894353,18.59971378286441,0.48051015793303953,123.83248531781801,0.14001976062395807,35.12856347097674,-1.8241934343997137,17.076213382957704,0.1393713789257771,138.95761374646034
cave_hsi,1,structured-missing-completion,block,1,0.7,ntdpl,"(24,24,4)","(128,128)",9.506966299959458,C:\Users\mrkys\workspace\NTD-PL\multirun\neurips-lowrank-core\run\cave_hsi_block_id01_seed1_mr0.7_ntdpl_r24_24_4,0.29595947265625,1.0,0.12063582986593246,17.52782250042666,-4.889932813469018,18.370474095155743,0.5689922333363067,84.35300417770368,0.14358066022396088,21.883100198745108,-3.5492735956286166,16.85808119616534,0.2270756672453179,94.52293909531066
cave_hsi,1,structured-missing-completion,block,1,0.7,tucker,"(24,24,4)","(128,128)",11.002712299930863,C:\Users\mrkys\workspace\NTD-PL\multirun\neurips-lowrank-core\benchmark\cave_hsi_block_id01_seed1_mr0.7_tucker_r24_24_4,0.29595947265625,1.0,0.12905583622895989,18.63432506839017,-4.303906061661515,17.78444701578154,0.5051113796648423,90.29291346676176,0.15362823399858563,23.467853829327144,-2.961771570532127,16.270579235182907,0.11035851482108185,101.18524859813476
cave_hsi,2,structured-missing-completion,block,1,0.7,ntdpl,"(24,24,4)","(128,128)",7.425675100064836,C:\Users\mrkys\workspace\NTD-PL\multirun\neurips-lowrank-core\run\cave_hsi_block_id02_seed1_mr0.7_ntdpl_r24_24_4,0.29595947265625,1.0,0.17262603342533112,35.04140372399087,-1.7800428458404935,15.257874174289437,0.33567535380538616,141.19439537678156,0.20495490729808807,40.079484057891214,-0.8978926233351741,13.76683379043821,0.10630704814068043,149.80789756754564
cave_hsi,2,structured-missing-completion,block,1,0.7,tucker,"(24,24,4)","(128,128)",6.1761652999557555,C:\Users\mrkys\workspace\NTD-PL\multirun\neurips-lowrank-core\benchmark\cave_hsi_block_id02_seed1_mr0.7_tucker_r24_24_4,0.29595947265625,1.0,0.20068626308911805,47.507178413537815,-0.47181573718330805,13.949647076286215,0.24408200777249592,163.27793375718295,0.23816292147387413,56.4204521543745,0.4064243065121155,12.462517019342803,0.05368522871823699,173.07469113020605
cave_hsi,3,structured-missing-completion,block,1,0.7,ntdpl,"(24,24,4)","(128,128)",8.647159300046042,C:\Users\mrkys\workspace\NTD-PL\multirun\neurips-lowrank-core\run\cave_hsi_block_id03_seed1_mr0.7_ntdpl_r24_24_4,0.29595947265625,1.0,0.10170842707157135,18.052735897193394,-2.4609873207013706,19.852861075854044,0.38811644325181177,151.22428951721778,0.12073381245136261,22.810160531446527,-1.5587607559756762,18.36342186278448,0.12029923616212317,159.33781302999415
cave_hsi,3,structured-missing-completion,block,1,0.7,tucker,"(24,24,4)","(128,128)",6.30192190001253,C:\Users\mrkys\workspace\NTD-PL\multirun\neurips-lowrank-core\benchmark\cave_hsi_block_id03_seed1_mr0.7_tucker_r24_24_4,0.29595947265625,1.0,0.10352260003162686,21.599550627640724,-2.3074225236659354,19.699296579487367,0.3701612048448959,153.68901809000383,0.12281981308612434,27.98240637304453,-1.4099702168383696,18.21463135772651,0.09209422357804467,161.85675676235087
cave_hsi,4,structured-missing-completion,block,1,0.7,ntdpl,"(24,24,4)","(128,128)",6.892249000025913,C:\Users\mrkys\workspace\NTD-PL\multirun\neurips-lowrank-core\run\cave_hsi_block_id04_seed1_mr0.7_ntdpl_r24_24_4,0.29595947265625,1.0,0.20854388177394867,18.806662950922977,-3.0175030024624667,13.61605086251477,0.45775153604945196,130.3055606763033,0.24846512079238892,21.6892499355924,-1.92801647080397,12.094691054862057,0.1700030405416056,141.05101639303825
cave_hsi,4,structured-missing-completion,block,1,0.7,tucker,"(24,24,4)","(128,128)",5.926712200045586,C:\Users\mrkys\workspace\NTD-PL\multirun\neurips-lowrank-core\benchmark\cave_hsi_block_id04_seed1_mr0.7_tucker_r24_24_4,0.29595947265625,1.0,0.22062550479340384,20.38377825890445,-2.5283375183515933,13.12688567193528,0.3945191341471984,137.9462664144404,0.26287042911214853,23.848175798090782,-1.4384907630455896,11.605165318247884,0.052010549694618664,149.33872632122103
cave_hsi,5,structured-missing-completion,block,1,0.7,ntdpl,"(24,24,4)","(128,128)",9.126140600070357,C:\Users\mrkys\workspace\NTD-PL\multirun\neurips-lowrank-core\run\cave_hsi_block_id05_seed1_mr0.7_ntdpl_r24_24_4,0.29595947265625,1.0,0.12619701027870178,35.91200699592252,-2.1811644154802963,17.979018390442413,0.3830228819935065,148.5995925163594,0.15031902492046356,40.343406340976365,-1.2808013290606588,16.45972137643155,0.13492852361751553,157.39828390876346
cave_hsi,5,structured-missing-completion,block,1,0.7,tucker,"(24,24,4)","(128,128)",5.577994199935347,C:\Users\mrkys\workspace\NTD-PL\multirun\neurips-lowrank-core\benchmark\cave_hsi_block_id05_seed1_mr0.7_tucker_r24_24_4,0.29595947265625,1.0,0.1322990964865662,39.45473826754558,-1.771008057202457,17.568862434804554,0.3346337059913551,161.75914434575586,0.15757783687032192,43.943195895163036,-0.8711775027648956,16.050097310759757,0.048257289316352085,174.0378146241804
cave_hsi,6,structured-missing-completion,block,1,0.7,ntdpl,"(24,24,4)","(128,128)",8.579160499968566,C:\Users\mrkys\workspace\NTD-PL\multirun\neurips-lowrank-core\run\cave_hsi_block_id06_seed1_mr0.7_ntdpl_r24_24_4,0.29595947265625,1.0,0.1615835726261139,23.441490691008156,-3.9830909875732576,15.832056201178368,0.4208855760358317,103.24905520901018,0.1916790008544922,30.360861635957203,-2.7586689202080916,14.34850907041228,0.1700107111987306,118.93767676323404
cave_hsi,6,structured-missing-completion,block,1,0.7,tucker,"(24,24,4)","(128,128)",6.423430199967697,C:\Users\mrkys\workspace\NTD-PL\multirun\neurips-lowrank-core\benchmark\cave_hsi_block_id06_seed1_mr0.7_tucker_r24_24_4,0.29595947265625,1.0,0.164071669391344,26.555375211145673,-3.8503629282380096,15.699328060743289,0.4304169288514859,100.97670024921841,0.1945844794792803,34.74441223608791,-2.627995822487739,14.217836060933596,0.20385346213533068,116.19513165009765
cave_hsi,7,structured-missing-completion,block,1,0.7,ntdpl,"(24,24,4)","(128,128)",8.54799960006494,C:\Users\mrkys\workspace\NTD-PL\multirun\neurips-lowrank-core\run\cave_hsi_block_id07_seed1_mr0.7_ntdpl_r24_24_4,0.29595947265625,1.0,0.08043817430734634,23.300354549717753,-3.1098085986844533,21.890755950217944,0.5630556542133212,167.17979933899457,0.09581878781318665,26.935935031065863,-1.681997941696916,20.370986596005526,0.2534433400955037,192.67854998398292
cave_hsi,7,structured-missing-completion,block,1,0.7,tucker,"(24,24,4)","(128,128)",6.64816179999616,C:\Users\mrkys\workspace\NTD-PL\multirun\neurips-lowrank-core\benchmark\cave_hsi_block_id07_seed1_mr0.7_tucker_r24_24_4,0.29595947265625,1.0,0.08802968682215843,23.407787994795356,-2.3264690842854163,21.107416864078658,0.4851446887266496,183.92527780672168,0.10487520642069992,27.76716038965474,-0.8975545450035017,19.58654342723956,0.09417614537570514,212.29637083863028
cave_hsi,8,structured-missing-completion,block,1,0.7,ntdpl,"(24,24,4)","(128,128)",8.926118500065058,C:\Users\mrkys\workspace\NTD-PL\multirun\neurips-lowrank-core\run\cave_hsi_block_id08_seed1_mr0.7_ntdpl_r24_24_4,0.29595947265625,1.0,0.1382000744342804,24.744193684612526,-3.978262159214587,17.189834380462216,0.600386267325481,111.99771059757286,0.16439467668533325,29.340681692698066,-2.1563133244244046,15.682245057454729,0.2035800912580605,134.82083872892943
cave_hsi,8,structured-missing-completion,block,1,0.7,tucker,"(24,24,4)","(128,128)",7.132908800034784,C:\Users\mrkys\workspace\NTD-PL\multirun\neurips-lowrank-core\benchmark\cave_hsi_block_id08_seed1_mr0.7_tucker_r24_24_4,0.29595947265625,1.0,0.14440627095735575,27.336591567873008,-3.5967063328974147,16.808278935460397,0.5661751483940625,117.37681061690208,0.1717723554235107,32.112140083215415,-1.7750028586338775,15.30093458111642,0.13466916355729677,141.4627934483805
cave_hsi,9,structured-missing-completion,block,1,0.7,ntdpl,"(24,24,4)","(128,128)",8.376055600005202,C:\Users\mrkys\workspace\NTD-PL\multirun\neurips-lowrank-core\run\cave_hsi_block_id09_seed1_mr0.7_ntdpl_r24_24_4,0.29595947265625,1.0,0.11363104730844498,33.813267347616346,-3.4260881752005363,18.890059634940307,0.5853834188241133,127.28344840053877,0.1353084146976471,36.50768512599633,-1.5673578670380461,17.373503603536008,0.17880386130365264,158.97713623564735
cave_hsi,9,structured-missing-completion,block,1,0.7,tucker,"(24,24,4)","(128,128)",6.724103100015782,C:\Users\mrkys\workspace\NTD-PL\multirun\neurips-lowrank-core\benchmark\cave_hsi_block_id09_seed1_mr0.7_tucker_r24_24_4,0.29595947265625,1.0,0.11856768556736334,37.399089721412764,-3.0567017347897334,18.52067314894885,0.5543177549949622,137.65504789736056,0.14119341580156658,39.15773815786065,-1.1975650737759918,17.003711100771934,0.10857110974367987,172.78412360708637
cave_hsi,10,structured-missing-completion,block,1,0.7,ntdpl,"(24,24,4)","(128,128)",9.325497699901462,C:\Users\mrkys\workspace\NTD-PL\multirun\neurips-lowrank-core\run\cave_hsi_block_id10_seed1_mr0.7_ntdpl_r24_24_4,0.29595947265625,1.0,0.12624941766262054,20.886986152750495,-3.4567330046821665,17.975412486460158,0.4602135976183967,108.48335384725249,0.15023338794708252,25.344186779781374,-2.4754938528081003,16.464670595224423,0.2030879924134886,116.35263180693494
cave_hsi,10,structured-missing-completion,block,1,0.7,tucker,"(24,24,4)","(128,128)",6.66088540002238,C:\Users\mrkys\workspace\NTD-PL\multirun\neurips-lowrank-core\benchmark\cave_hsi_block_id10_seed1_mr0.7_tucker_r24_24_4,0.29595947265625,1.0,0.1318512523534188,24.33288663592294,-3.0796354879892194,17.5983148164483,0.41482744600351457,113.46144286071176,0.15687024645894002,30.04028272795547,-2.100011355910584,16.089188422596404,0.12727683260466088,121.84462404066454
cave_hsi,11,structured-missing-completion,block,1,0.7,ntdpl,"(24,24,4)","(128,128)",9.079197900020517,C:\Users\mrkys\workspace\NTD-PL\multirun\neurips-lowrank-core\run\cave_hsi_block_id11_seed1_mr0.7_ntdpl_r24_24_4,0.29595947265625,1.0,0.15215468406677246,22.33558289810797,-3.8985107646611357,16.354293811140334,0.4143877767447956,87.36138205938722,0.18090903759002686,28.127520860729856,-2.81609291875011,14.85079496290902,0.13805483621379452,99.28538169272932
cave_hsi,11,structured-missing-completion,block,1,0.7,tucker,"(24,24,4)","(128,128)",7.311902899993584,C:\Users\mrkys\workspace\NTD-PL\multirun\neurips-lowrank-core\benchmark\cave_hsi_block_id11_seed1_mr0.7_tucker_r24_24_4,0.29595947265625,1.0,0.1514147052517086,24.047860583491776,-3.9408562382080774,16.396638890438734,0.4254045488952243,87.39709867307761,0.17985603847171994,29.95921855678307,-2.8667979151216016,14.901499532675516,0.1579609232602525,99.28974674681074
cave_hsi,12,structured-missing-completion,block,1,0.7,ntdpl,"(24,24,4)","(128,128)",8.363264399929903,C:\Users\mrkys\workspace\NTD-PL\multirun\neurips-lowrank-core\run\cave_hsi_block_id12_seed1_mr0.7_ntdpl_r24_24_4,0.29595947265625,1.0,0.21772678196430206,19.983489980211317,-4.707696802592501,13.241763147706212,0.5412924377857764,76.97244284892581,0.25934258103370667,24.173870499423487,-3.46579021913757,11.72252284567481,0.21845429195440677,85.48457124213992
cave_hsi,12,structured-missing-completion,block,1,0.7,tucker,"(24,24,4)","(128,128)",7.044285999960266,C:\Users\mrkys\workspace\NTD-PL\multirun\neurips-lowrank-core\benchmark\cave_hsi_block_id12_seed1_mr0.7_tucker_r24_24_4,0.29595947265625,1.0,0.2307207072935029,22.57191381830003,-4.204202169622206,12.738268511855935,0.4732836746860853,82.87978894343178,0.27478031602233344,27.3469430111583,-2.9635547985816615,11.220287626505028,0.07269448667739961,92.1076493641899
cave_hsi,13,structured-missing-completion,block,1,0.7,ntdpl,"(24,24,4)","(128,128)",8.710116599919274,C:\Users\mrkys\workspace\NTD-PL\multirun\neurips-lowrank-core\run\cave_hsi_block_id13_seed1_mr0.7_ntdpl_r24_24_4,0.29595947265625,1.0,0.18723227083683014,26.26752952569256,-1.5694926224960364,14.55238588157501,0.1969366474702412,152.8368776288703,0.2230607569217682,27.836509442622248,-1.0803479598202421,13.03153686783038,0.054860371306104376,148.9205465170414
cave_hsi,13,structured-missing-completion,block,1,0.7,tucker,"(24,24,4)","(128,128)",6.774861300014891,C:\Users\mrkys\workspace\NTD-PL\multirun\neurips-lowrank-core\benchmark\cave_hsi_block_id13_seed1_mr0.7_tucker_r24_24_4,0.29595947265625,1.0,0.18812839218323896,28.018908826024337,-1.5280194145264112,14.510913122697538,0.1906096518739584,153.53206835419994,0.22412780230698262,30.224183794219577,-1.0388966153195984,12.990085346801504,0.03489547382924357,149.5989592267263
cave_hsi,14,structured-missing-completion,block,1,0.7,ntdpl,"(24,24,4)","(128,128)",9.059593399986625,C:\Users\mrkys\workspace\NTD-PL\multirun\neurips-lowrank-core\run\cave_hsi_block_id14_seed1_mr0.7_ntdpl_r24_24_4,0.29595947265625,1.0,0.08059880882501602,24.887905188933217,-3.3487801500088588,21.87342709380847,0.6120799501118174,136.66554550712894,0.09584727138280869,30.90320578503573,-1.4243698262009254,20.368404925246345,0.21050931974160955,162.22744642079311
cave_hsi,14,structured-missing-completion,block,1,0.7,tucker,"(24,24,4)","(128,128)",6.653807200025767,C:\Users\mrkys\workspace\NTD-PL\multirun\neurips-lowrank-core\benchmark\cave_hsi_block_id14_seed1_mr0.7_tucker_r24_24_4,0.29595947265625,1.0,0.08348469658141135,27.00325695311414,-3.0432153456518476,21.567862538078913,0.5875788114995012,143.46143909572302,0.09929055915048371,34.193493411732526,-1.117805735313678,20.061840871737626,0.15897526564660502,170.7138064460977
cave_hsi,15,structured-missing-completion,block,1,0.7,ntdpl,"(24,24,4)","(128,128)",8.938740500016138,C:\Users\mrkys\workspace\NTD-PL\multirun\neurips-lowrank-core\run\cave_hsi_block_id15_seed1_mr0.7_ntdpl_r24_24_4,0.29595947265625,1.0,0.1254017949104309,22.840816113906723,-2.542686434790901,18.033924656872472,0.3621764362230056,129.17247240988087,0.14931848645210266,28.074706804564098,-1.738755809821715,16.51772874026411,0.14444630509107495,135.61148473434227
cave_hsi,15,structured-missing-completion,block,1,0.7,tucker,"(24,24,4)","(128,128)",6.594132099999115,C:\Users\mrkys\workspace\NTD-PL\multirun\neurips-lowrank-core\benchmark\cave_hsi_block_id15_seed1_mr0.7_tucker_r24_24_4,0.29595947265625,1.0,0.12817458532364187,28.87713717151602,-2.352723208728416,17.84396157869847,0.33924039733785727,131.99109171835,0.15257303936697403,35.36429791993003,-1.5514711378822472,16.33044404434696,0.09037910197148673,138.55925514187382
cave_hsi,1,structured-missing-completion,block,2,0.7,ntdpl,"(24,24,4)","(128,128)",8.68969459994696,C:\Users\mrkys\workspace\NTD-PL\multirun\neurips-lowrank-core\run\cave_hsi_block_id01_seed2_mr0.7_ntdpl_r24_24_4,0.298583984375,2.0,0.12737391889095306,17.06955872827355,-4.417849155166784,17.89838967990322,0.5084957387767148,89.0716029526455,0.15193335711956024,21.05440899691528,-3.248699674989113,16.366937734539174,0.19725073562787143,99.03040346680909
cave_hsi,1,structured-missing-completion,block,2,0.7,tucker,"(24,24,4)","(128,128)",7.351198600023054,C:\Users\mrkys\workspace\NTD-PL\multirun\neurips-lowrank-core\benchmark\cave_hsi_block_id01_seed2_mr0.7_tucker_r24_24_4,0.298583984375,2.0,0.13391498366074414,18.50832721118947,-3.9828755927023285,17.463416546822355,0.4537017475714022,93.5971599496649,0.15974652631436742,22.995337980463827,-2.8131338912850063,15.93137153586752,0.10217633613329832,104.0688014669305
cave_hsi,2,structured-missing-completion,block,2,0.7,ntdpl,"(24,24,4)","(128,128)",8.83439149998594,C:\Users\mrkys\workspace\NTD-PL\multirun\neurips-lowrank-core\run\cave_hsi_block_id02_seed2_mr0.7_ntdpl_r24_24_4,0.298583984375,2.0,0.17426039278507233,35.251254651970086,-1.6981947488715652,15.176025959171369,0.30291061345158793,140.29349466475222,0.20751605927944183,40.480541028591276,-0.9836334407769838,13.658965392395032,0.09611170855701065,146.06793479082785
cave_hsi,2,structured-missing-completion,block,2,0.7,tucker,"(24,24,4)","(128,128)",6.683591100038029,C:\Users\mrkys\workspace\NTD-PL\multirun\neurips-lowrank-core\benchmark\cave_hsi_block_id02_seed2_mr0.7_tucker_r24_24_4,0.298583984375,2.0,0.1995058165233373,47.65756573066159,-0.5230574226306892,14.000888761733599,0.22835170225578247,161.5361093939668,0.23747240985503473,56.963416888885206,0.18759510006650143,12.487736810782316,0.06301701082807956,168.1549540116389
cave_hsi,3,structured-missing-completion,block,2,0.7,ntdpl,"(24,24,4)","(128,128)",8.893756999983452,C:\Users\mrkys\workspace\NTD-PL\multirun\neurips-lowrank-core\run\cave_hsi_block_id03_seed2_mr0.7_ntdpl_r24_24_4,0.298583984375,2.0,0.10231474041938782,17.560089919578346,-2.409361999537181,19.801235575012438,0.35671931903527604,151.2079160079627,0.1220620721578598,22.891090012093173,-1.6606080444663294,18.26838556958115,0.1363626352925668,161.0457855307901
cave_hsi,3,structured-missing-completion,block,2,0.7,tucker,"(24,24,4)","(128,128)",7.175511299981736,C:\Users\mrkys\workspace\NTD-PL\multirun\neurips-lowrank-core\benchmark\cave_hsi_block_id03_seed2_mr0.7_tucker_r24_24_4,0.298583984375,2.0,0.10608953819818288,21.20531065961792,-2.0946747650804407,19.486548820901874,0.3092360753811609,156.3434294016603,0.12656751547691783,28.215908000628772,-1.3457776130492163,17.953554900498204,0.07160821577246415,166.58378155682445
cave_hsi,4,structured-missing-completion,block,2,0.7,ntdpl,"(24,24,4)","(128,128)",8.984338199952617,C:\Users\mrkys\workspace\NTD-PL\multirun\neurips-lowrank-core\run\cave_hsi_block_id04_seed2_mr0.7_ntdpl_r24_24_4,0.298583984375,2.0,0.1932477205991745,18.380679329814257,-3.6791644498010516,14.277712717743519,0.5628328510137026,120.77953447536072,0.23066100478172302,20.932149823211617,-2.095471873334408,12.740516426059267,0.19178258083636418,140.90714619352758
cave_hsi,4,structured-missing-completion,block,2,0.7,tucker,"(24,24,4)","(128,128)",6.997646200004965,C:\Users\mrkys\workspace\NTD-PL\multirun\neurips-lowrank-core\benchmark\cave_hsi_block_id04_seed2_mr0.7_tucker_r24_24_4,0.298583984375,2.0,0.2050712216126345,19.286854839137106,-3.1633574758852028,13.761905629468888,0.5061432132924237,128.37317806012675,0.24478547606244394,22.00105330462156,-1.5792425595201807,12.224287078001737,0.06671663962420737,149.79145898355264
cave_hsi,5,structured-missing-completion,block,2,0.7,ntdpl,"(24,24,4)","(128,128)",9.16834450000897,C:\Users\mrkys\workspace\NTD-PL\multirun\neurips-lowrank-core\run\cave_hsi_block_id05_seed2_mr0.7_ntdpl_r24_24_4,0.298583984375,2.0,0.13907897472381592,32.729286027122484,-1.3369162722690446,17.134770790174798,0.2036642525168631,165.26591691789247,0.16599103808403015,36.43650119475551,-0.8313502622658929,15.598306896969323,0.06740090122883835,164.16249470407286
cave_hsi,5,structured-missing-completion,block,2,0.7,tucker,"(24,24,4)","(128,128)",7.19727000000421,C:\Users\mrkys\workspace\NTD-PL\multirun\neurips-lowrank-core\benchmark\cave_hsi_block_id05_seed2_mr0.7_tucker_r24_24_4,0.298583984375,2.0,0.1412767150095094,37.17788753893454,-1.2007338611806746,16.998588238782773,0.19457773021647984,172.68167691831906,0.16858388899802348,42.6279561086283,-0.6967218242943436,15.463678636168808,0.04493824192856509,172.12940131196822
cave_hsi,6,structured-missing-completion,block,2,0.7,ntdpl,"(24,24,4)","(128,128)",10.372931899968535,C:\Users\mrkys\workspace\NTD-PL\multirun\neurips-lowrank-core\run\cave_hsi_block_id06_seed2_mr0.7_ntdpl_r24_24_4,0.298583984375,2.0,0.16580292582511902,23.874185285494704,-3.7591907033338186,15.608156073663773,0.38693170675153954,102.69215031545109,0.19727806746959686,31.186194379013113,-2.6560234172239965,14.098423603228126,0.14342929480102345,115.52161264067978
cave_hsi,6,structured-missing-completion,block,2,0.7,tucker,"(24,24,4)","(128,128)",7.168388299993239,C:\Users\mrkys\workspace\NTD-PL\multirun\neurips-lowrank-core\benchmark\cave_hsi_block_id06_seed2_mr0.7_tucker_r24_24_4,0.298583984375,2.0,0.1691563656718274,27.794331453602666,-3.585267952519373,15.434233085024653,0.3945932747366697,101.89204791397275,0.2012285323371955,36.73599088137705,-2.4838081838497192,13.926208806510775,0.176076761690682,114.560713256885
cave_hsi,7,structured-missing-completion,block,2,0.7,ntdpl,"(24,24,4)","(128,128)",9.8121175999986,C:\Users\mrkys\workspace\NTD-PL\multirun\neurips-lowrank-core\run\cave_hsi_block_id07_seed2_mr0.7_ntdpl_r24_24_4,0.298583984375,2.0,0.06124267354607582,24.686915181455657,-5.477969479579551,24.25891702576773,0.7915633233174868,125.75617999710458,0.07305204123258591,28.260306889388676,-2.5375967494757994,22.72735328946093,0.42677608228751873,164.83599760109072
cave_hsi,7,structured-missing-completion,block,2,0.7,tucker,"(24,24,4)","(128,128)",7.025024899980053,C:\Users\mrkys\workspace\NTD-PL\multirun\neurips-lowrank-core\benchmark\cave_hsi_block_id07_seed2_mr0.7_tucker_r24_24_4,0.298583984375,2.0,0.0732127099903947,23.93677130193953,-3.927322566380367,22.708270346173606,0.6922876766231315,151.825276930704,0.08736351932538026,28.105931388651584,-0.9836413601248519,21.173397586008605,0.13531728869469892,199.79774371009668
cave_hsi,8,structured-missing-completion,block,2,0.7,ntdpl,"(24,24,4)","(128,128)",9.229558499995619,C:\Users\mrkys\workspace\NTD-PL\multirun\neurips-lowrank-core\run\cave_hsi_block_id08_seed2_mr0.7_ntdpl_r24_24_4,0.298583984375,2.0,0.1480335146188736,24.146748460328496,-3.381226688710184,16.592799502739,0.5218339908448211,119.74213912763436,0.17650456726551056,29.329895347877848,-1.980112739492842,15.064881021171805,0.1825275786303828,135.72641639335416
cave_hsi,8,structured-missing-completion,block,2,0.7,tucker,"(24,24,4)","(128,128)",7.327912000007927,C:\Users\mrkys\workspace\NTD-PL\multirun\neurips-lowrank-core\benchmark\cave_hsi_block_id08_seed2_mr0.7_tucker_r24_24_4,0.298583984375,2.0,0.15261854708181302,26.35695932230307,-3.1162811017533083,16.32785370431629,0.49690595043212926,123.73339729130564,0.1819786862049652,32.40027675543105,-1.7148215347667481,14.799589493663433,0.13134726484131964,140.39740637843937
cave_hsi,9,structured-missing-completion,block,2,0.7,ntdpl,"(24,24,4)","(128,128)",8.855406299931929,C:\Users\mrkys\workspace\NTD-PL\multirun\neurips-lowrank-core\run\cave_hsi_block_id09_seed2_mr0.7_ntdpl_r24_24_4,0.298583984375,2.0,0.12933869659900665,36.18232619469859,-2.301458946656831,17.765430222047254,0.3856810049978119,144.53718113991738,0.15435735881328583,40.04910750220472,-1.3924058158071986,16.229453191857413,0.14016007130491853,150.8899456618821
cave_hsi,9,structured-missing-completion,block,2,0.7,tucker,"(24,24,4)","(128,128)",7.186591900070198,C:\Users\mrkys\workspace\NTD-PL\multirun\neurips-lowrank-core\benchmark\cave_hsi_block_id09_seed2_mr0.7_tucker_r24_24_4,0.298583984375,2.0,0.1349613059881172,39.36078839198112,-1.9318431425466471,17.395814556705762,0.34158087694145034,154.83874959755323,0.16107101147747907,42.12285306252219,-1.0226045365742176,15.859652281397754,0.06811718313570658,162.03707683672167
cave_hsi,10,structured-missing-completion,block,2,0.7,ntdpl,"(24,24,4)","(128,128)",9.411582299973816,C:\Users\mrkys\workspace\NTD-PL\multirun\neurips-lowrank-core\run\cave_hsi_block_id10_seed2_mr0.7_ntdpl_r24_24_4,0.298583984375,2.0,0.13404563069343567,20.92506288963437,-2.9362670089370004,17.454947170511833,0.3777128684248672,115.71431584613634,0.15986402332782745,24.99219250059921,-2.209200315247131,15.9249849757865,0.17043477159519385,118.71067010007263
cave_hsi,10,structured-missing-completion,block,2,0.7,tucker,"(24,24,4)","(128,128)",7.460818600025959,C:\Users\mrkys\workspace\NTD-PL\multirun\neurips-lowrank-core\benchmark\cave_hsi_block_id10_seed2_mr0.7_tucker_r24_24_4,0.298583984375,2.0,0.13951545940725704,25.07600740325151,-2.588874001316597,17.10755332977568,0.3335965085693023,120.18803246732462,0.16636649198186684,30.551010699279743,-1.8628980098658592,15.578682817249259,0.11145904845661743,123.28508991210742
cave_hsi,11,structured-missing-completion,block,2,0.7,ntdpl,"(24,24,4)","(128,128)",9.30791579990182,C:\Users\mrkys\workspace\NTD-PL\multirun\neurips-lowrank-core\run\cave_hsi_block_id11_seed2_mr0.7_ntdpl_r24_24_4,0.298583984375,2.0,0.15022152662277222,22.008884701851635,-4.009574065661213,16.46535650948524,0.434921084753072,87.00155195173468,0.17897114157676697,27.733232508861903,-2.9652095482037373,14.944339620006403,0.18555724485023903,97.35922734978126
cave_hsi,11,structured-missing-completion,block,2,0.7,tucker,"(24,24,4)","(128,128)",7.413725099992007,C:\Users\mrkys\workspace\NTD-PL\multirun\neurips-lowrank-core\benchmark\cave_hsi_block_id11_seed2_mr0.7_tucker_r24_24_4,0.298583984375,2.0,0.15078530538497778,24.13053288273848,-3.9770369496105356,16.432819601841192,0.4356178477637022,87.78404879670192,0.17948057042264556,30.09059455789993,-2.9405208123316937,14.919651177362102,0.18865361748401144,98.13953357655461
cave_hsi,12,structured-missing-completion,block,2,0.7,ntdpl,"(24,24,4)","(128,128)",8.83936950005591,C:\Users\mrkys\workspace\NTD-PL\multirun\neurips-lowrank-core\run\cave_hsi_block_id12_seed2_mr0.7_ntdpl_r24_24_4,0.298583984375,2.0,0.22388169169425964,20.900226225271442,-4.465561959552005,12.999628524752257,0.5145437376738351,77.37095582366406,0.2671992778778076,25.33718646769421,-3.2953868243981814,11.463293822719184,0.19798962975860826,85.28499557382361
cave_hsi,12,structured-missing-completion,block,2,0.7,tucker,"(24,24,4)","(128,128)",6.334827899932861,C:\Users\mrkys\workspace\NTD-PL\multirun\neurips-lowrank-core\benchmark\cave_hsi_block_id12_seed2_mr0.7_tucker_r24_24_4,0.298583984375,2.0,0.23336174832451528,22.82204561570905,-4.1053402613716194,12.639406603605348,0.4605201906016877,82.53627708553654,0.2784925642291415,27.685797606774145,-2.9358204306995006,11.103727920567245,0.07914256085093838,91.18005473952532
cave_hsi,13,structured-missing-completion,block,2,0.7,ntdpl,"(24,24,4)","(128,128)",8.2391696999548,C:\Users\mrkys\workspace\NTD-PL\multirun\neurips-lowrank-core\run\cave_hsi_block_id13_seed2_mr0.7_ntdpl_r24_24_4,0.298583984375,2.0,0.17749495804309845,26.807805516072573,-2.0333859842866326,15.016279833362791,0.2886519500654508,144.87945700677972,0.21185456216335297,27.194646936967704,-1.3313189216498373,13.479243506090185,0.08813747859061703,142.16058930643322
cave_hsi,13,structured-missing-completion,block,2,0.7,tucker,"(24,24,4)","(128,128)",6.565844099968672,C:\Users\mrkys\workspace\NTD-PL\multirun\neurips-lowrank-core\benchmark\cave_hsi_block_id13_seed2_mr0.7_tucker_r24_24_4,0.298583984375,2.0,0.18127215856480194,28.72675247525894,-1.8504841658127664,14.833377873983892,0.26514731303799954,147.98677434727307,0.21636333036396044,30.200887375440136,-1.148401854893227,13.29632684635957,0.052172182933728294,145.19457375616025
cave_hsi,14,structured-missing-completion,block,2,0.7,ntdpl,"(24,24,4)","(128,128)",8.566526099923067,C:\Users\mrkys\workspace\NTD-PL\multirun\neurips-lowrank-core\run\cave_hsi_block_id14_seed2_mr0.7_ntdpl_r24_24_4,0.298583984375,2.0,0.09474021941423416,25.571496300707274,-1.9446649288230824,20.46931235367079,0.3705659345971711,165.47719455028997,0.11298654228448868,31.873170689067965,-1.1221218592141242,18.93946603655057,0.13353776821995955,171.13435421660697
cave_hsi,14,structured-missing-completion,block,2,0.7,tucker,"(24,24,4)","(128,128)",6.098009599954821,C:\Users\mrkys\workspace\NTD-PL\multirun\neurips-lowrank-core\benchmark\cave_hsi_block_id14_seed2_mr0.7_tucker_r24_24_4,0.298583984375,2.0,0.09727696799711102,27.1644306858665,-1.715152293227702,20.23979948565477,0.34343873564231236,169.64960808442225,0.11601536297803587,34.26462613772203,-0.8923459588721977,18.709689937047187,0.09575273741332392,175.63501164699719
cave_hsi,15,structured-missing-completion,block,2,0.7,ntdpl,"(24,24,4)","(128,128)",7.86100949998945,C:\Users\mrkys\workspace\NTD-PL\multirun\neurips-lowrank-core\run\cave_hsi_block_id15_seed2_mr0.7_ntdpl_r24_24_4,0.298583984375,2.0,0.12561030685901642,22.063396228785564,-2.528256180868973,18.019494394723893,0.36297764785327746,130.21238556293068,0.14985854923725128,27.034441100264306,-1.7120702942024058,16.48636955863736,0.14335612142514093,135.7372958646899
cave_hsi,15,structured-missing-completion,block,2,0.7,tucker,"(24,24,4)","(128,128)",5.375643000006676,C:\Users\mrkys\workspace\NTD-PL\multirun\neurips-lowrank-core\benchmark\cave_hsi_block_id15_seed2_mr0.7_tucker_r24_24_4,0.298583984375,2.0,0.12798066834347963,26.956436916311148,-2.3658741536048904,17.857112523574944,0.3460235736032288,132.5147115468301,0.15266306017868747,33.48251349273248,-1.5510213775506911,16.325320725974688,0.09564124629436473,138.1285219793365
cave_hsi,1,random-missing-completion,random,0,0.3,ntdpl,"(12,12,3)","(128,128)",7.9567565999459475,C:\Users\mrkys\workspace\NTD-PL\multirun\neurips-lowrank-core\run\cave_hsi_random_id01_seed0_mr0.3_ntdpl_r12_12_3,0.6991360572076613,0.0,0.02382161282002926,11.767525075426537,-18.980035538770558,32.46057646576741,0.9882609745453409,16.703574714547145,0.02426905371248722,10.243429625490531,-18.813526962584028,32.298943279074386,0.9878067373935447,17.025722804222582
cave_hsi,1,random-missing-completion,random,0,0.3,softimpute,"(12,12,3)","(128,128)",7.3678695999551564,C:\Users\mrkys\workspace\NTD-PL\multirun\neurips-lowrank-core\benchmark\cave_hsi_random_id01_seed0_mr0.3_softimpute_r12_12_3,0.6991360572076613,0.0,0.020673509687185287,7.672627685175786,-20.21117473065535,33.69171537767707,0.990829530335532,14.399963984500221,0.037690263241529465,8.510984917006363,-14.990000445434411,28.475416803610937,0.965774626258513,26.27529522215238
cave_hsi,1,random-missing-completion,random,0,0.3,tucker,"(12,12,3)","(128,128)",1.025602199952118,C:\Users\mrkys\workspace\NTD-PL\multirun\neurips-lowrank-core\benchmark\cave_hsi_random_id01_seed0_mr0.3_tucker_r12_12_3,0.6991360572076613,0.0,0.02556411600399526,12.578277220901724,-18.366843453719103,31.847384407839133,0.9864760450981092,17.926695593242346,0.026019845066366013,11.2849617395362,-18.20848970280312,31.693905874952627,0.9859837555339866,18.25823329114529
cave_hsi,2,random-missing-completion,random,0,0.3,ntdpl,"(12,12,3)","(128,128)",8.146287000039592,C:\Users\mrkys\workspace\NTD-PL\multirun\neurips-lowrank-core\run\cave_hsi_random_id02_seed0_mr0.3_ntdpl_r12_12_3,0.6991360572076613,0.0,0.1046515628695488,28.085759790485582,-6.12725450901176,19.605085589172575,0.7679965809654846,95.59117405869945,0.10646232217550278,25.14993649004176,-5.988806936508202,19.456081283924668,0.7603554196195005,96.41820397929432
cave_hsi,2,random-missing-completion,random,0,0.3,softimpute,"(12,12,3)","(128,128)",15.777852999977767,C:\Users\mrkys\workspace\NTD-PL\multirun\neurips-lowrank-core\benchmark\cave_hsi_random_id02_seed0_mr0.3_softimpute_r12_12_3,0.6991360572076613,0.0,0.04712847247719765,15.888231154108148,-13.056501101749376,26.53433253287158,0.958018767610667,41.29214704616395,0.0859207957983017,18.76358163383385,-7.85075963994468,21.31803395880545,0.8216984025338712,75.1595384975874
cave_hsi,2,random-missing-completion,random,0,0.3,tucker,"(12,12,3)","(128,128)",1.0030171000398695,C:\Users\mrkys\workspace\NTD-PL\multirun\neurips-lowrank-core\benchmark\cave_hsi_random_id02_seed0_mr0.3_tucker_r12_12_3,0.6991360572076613,0.0,0.11126810421402879,30.6023479951081,-5.594754888859486,19.072586227962393,0.7301755489612549,98.62027809044568,0.11291875883555595,28.203018878593607,-5.477403761768378,18.944678082311007,0.722800794202049,99.3602781722073
cave_hsi,3,random-missing-completion,random,0,0.3,ntdpl,"(12,12,3)","(128,128)",17.041241699946113,C:\Users\mrkys\workspace\NTD-PL\multirun\neurips-lowrank-core\run\cave_hsi_random_id03_seed0_mr0.3_ntdpl_r12_12_3,0.6991360572076613,0.0,0.04239588975906372,32.77385302129698,-10.06165059268237,27.45352452292827,0.9281264233688307,54.377235380994826,0.04309939220547676,27.383028752029173,-9.961901280322925,27.310577126157828,0.9262964220286626,55.153525216053644
cave_hsi,3,random-missing-completion,random,0,0.3,softimpute,"(12,12,3)","(128,128)",14.692448500078171,C:\Users\mrkys\workspace\NTD-PL\multirun\neurips-lowrank-core\benchmark\cave_hsi_random_id03_seed0_mr0.3_softimpute_r12_12_3,0.6991360572076613,0.0,0.021160589531064034,8.501784880470268,-16.09757099272135,33.48944509615778,0.9821394316508498,30.79908577625921,0.03857826441526413,11.975792459856969,-10.924470352468806,28.273146522091643,0.9309773383922033,55.76941888376832
cave_hsi,3,random-missing-completion,random,0,0.3,tucker,"(12,12,3)","(128,128)",0.9275579999666661,C:\Users\mrkys\workspace\NTD-PL\multirun\neurips-lowrank-core\benchmark\cave_hsi_random_id03_seed0_mr0.3_tucker_r12_12_3,0.6991360572076613,0.0,0.04543885635021315,31.24291174383673,-9.459578102373758,26.85145215819519,0.9162434152157853,60.93379371054348,0.04620247084832899,26.203725971100376,-9.35802009199699,26.706695966322926,0.9140224170018453,61.70241125123515
cave_hsi,4,random-missing-completion,random,0,0.3,ntdpl,"(12,12,3)","(128,128)",15.614312099991366,C:\Users\mrkys\workspace\NTD-PL\multirun\neurips-lowrank-core\run\cave_hsi_random_id04_seed0_mr0.3_ntdpl_r12_12_3,0.6991360572076613,0.0,0.04133514687418938,17.49076666483335,-17.07506260256316,27.673610220153503,0.9861527260777204,26.296948376238216,0.04204118251800537,15.462336610941177,-16.91160359349133,27.526501490750753,0.985650227946217,26.853295385173443
cave_hsi,4,random-missing-completion,random,0,0.3,softimpute,"(12,12,3)","(128,128)",4.172741699963808,C:\Users\mrkys\workspace\NTD-PL\multirun\neurips-lowrank-core\benchmark\cave_hsi_random_id04_seed0_mr0.3_softimpute_r12_12_3,0.6991360572076613,0.0,0.03269469365477562,12.570851734738781,-19.111906172330016,29.710453989377648,0.9909381667514668,20.439896659877544,0.05960630998015404,13.404153684371591,-13.879257731766565,24.494155415311518,0.9654392822619352,37.39431351151165
cave_hsi,4,random-missing-completion,random,0,0.3,tucker,"(12,12,3)","(128,128)",0.9278537000063807,C:\Users\mrkys\workspace\NTD-PL\multirun\neurips-lowrank-core\benchmark\cave_hsi_random_id04_seed0_mr0.3_tucker_r12_12_3,0.6991360572076613,0.0,0.04475932265857755,21.56329517536067,-16.3837817315903,26.982329885173986,0.9837509967432321,28.172997164331253,0.04535661456061043,20.076393308578837,-16.25228964656476,26.867187377062898,0.9832873095297995,28.64290650829158
cave_hsi,5,random-missing-completion,random,0,0.3,ntdpl,"(12,12,3)","(128,128)",7.319341800059192,C:\Users\mrkys\workspace\NTD-PL\multirun\neurips-lowrank-core\run\cave_hsi_random_id05_seed0_mr0.3_ntdpl_r12_12_3,0.6991360572076613,0.0,0.014183299615979195,27.692839078283974,-21.166599824253083,36.96445430974306,0.9953480352990419,28.3696974547967,0.014512269757688046,21.65113602182675,-20.97595449430901,36.76529297681894,0.995138819776982,28.371459631743452
cave_hsi,5,random-missing-completion,random,0,0.3,softimpute,"(12,12,3)","(128,128)",7.190758100012317,C:\Users\mrkys\workspace\NTD-PL\multirun\neurips-lowrank-core\benchmark\cave_hsi_random_id05_seed0_mr0.3_softimpute_r12_12_3,0.6991360572076613,0.0,0.013251427561044693,11.910375108169763,-21.756892213408292,37.554746920602994,0.9955185546931588,27.570444799783328,0.02415892481803894,15.974274408602689,-16.549109952205537,32.338448346536865,0.9814479156805157,49.93124834358107
cave_hsi,5,random-missing-completion,random,0,0.3,tucker,"(12,12,3)","(128,128)",0.9124760000267997,C:\Users\mrkys\workspace\NTD-PL\multirun\neurips-lowrank-core\benchmark\cave_hsi_random_id05_seed0_mr0.3_tucker_r12_12_3,0.6991360572076613,0.0,0.016248765781650198,30.453742444572693,-19.985738050962148,35.78359242856425,0.9938870530377504,31.485446580941677,0.016605142129070768,24.000625967372574,-19.805809753974494,35.59514805550405,0.9936293827161369,31.52915329581281
cave_hsi,6,random-missing-completion,random,0,0.3,ntdpl,"(12,12,3)","(128,128)",5.789744299952872,C:\Users\mrkys\workspace\NTD-PL\multirun\neurips-lowrank-core\run\cave_hsi_random_id06_seed0_mr0.3_ntdpl_r12_12_3,0.6991360572076613,0.0,0.07663701474666595,11.031249605263474,-10.462263342150596,22.311228134797958,0.8774790187792683,50.43188551308132,0.07736164331436157,10.610340647671741,-10.38688090263,22.229486143421045,0.8755535617463465,50.80867559255926
cave_hsi,6,random-missing-completion,random,0,0.3,softimpute,"(12,12,3)","(128,128)",6.758940900093876,C:\Users\mrkys\workspace\NTD-PL\multirun\neurips-lowrank-core\benchmark\cave_hsi_random_id06_seed0_mr0.3_softimpute_r12_12_3,0.6991360572076613,0.0,0.03944868594408035,7.536623599144659,-16.23038414643286,28.079349231904487,0.9691398771887909,26.786403567798423,0.07191962748765945,10.338953256700481,-11.02044564171463,22.863050657838354,0.879021243382216,48.87277414589865
cave_hsi,6,random-missing-completion,random,0,0.3,tucker,"(12,12,3)","(128,128)",0.9167680999962613,C:\Users\mrkys\workspace\NTD-PL\multirun\neurips-lowrank-core\benchmark\cave_hsi_random_id06_seed0_mr0.3_tucker_r12_12_3,0.6991360572076613,0.0,0.0781067878376063,11.33389755857074,-10.297259313554639,22.146224446059918,0.8722329086335501,52.30220157377878,0.07880075035097946,11.049352174676686,-10.22678779326059,22.06939294164586,0.8704064991674623,52.63931805912231
cave_hsi,7,random-missing-completion,random,0,0.3,ntdpl,"(12,12,3)","(128,128)",6.0772258000215515,C:\Users\mrkys\workspace\NTD-PL\multirun\neurips-lowrank-core\run\cave_hsi_random_id07_seed0_mr0.3_ntdpl_r12_12_3,0.6991360572076613,0.0,0.01485216710716486,25.92048184551087,-17.783255561683518,36.56420335252816,0.9901963804351764,30.42678858168492,0.015261879190802574,22.24225155953492,-17.482344430277116,36.32783970217779,0.989505675557231,31.498455231516097
cave_hsi,7,random-missing-completion,random,0,0.3,softimpute,"(12,12,3)","(128,128)",7.3270229999907315,C:\Users\mrkys\workspace\NTD-PL\multirun\neurips-lowrank-core\benchmark\cave_hsi_random_id07_seed0_mr0.3_softimpute_r12_12_3,0.6991360572076613,0.0,0.012386759743094444,14.213687560539263,-19.35989812125946,38.14084586799967,0.9926936742348809,24.857422783250293,0.022582532837986946,16.44869085256633,-14.079051920702017,32.924547293933536,0.9705878666274645,45.74191473226674
cave_hsi,7,random-missing-completion,random,0,0.3,tucker,"(12,12,3)","(128,128)",0.9353566000936553,C:\Users\mrkys\workspace\NTD-PL\multirun\neurips-lowrank-core\benchmark\cave_hsi_random_id07_seed0_mr0.3_tucker_r12_12_3,0.6991360572076613,0.0,0.016019646637174794,29.886139240090383,-17.125993577274393,35.90694135706763,0.9885506947324056,32.63394995394155,0.016473864236367364,25.25857016540724,-16.818595024786713,35.664090348495584,0.987728700168976,33.82940199583251
cave_hsi,8,random-missing-completion,random,0,0.3,ntdpl,"(12,12,3)","(128,128)",6.265313800075091,C:\Users\mrkys\workspace\NTD-PL\multirun\neurips-lowrank-core\run\cave_hsi_random_id08_seed0_mr0.3_ntdpl_r12_12_3,0.6991360572076613,0.0,0.04449450969696045,20.477722617615335,-13.822298930790183,27.03387203178518,0.9690198290983969,35.865872194709105,0.045107875019311905,17.543507885169277,-13.671293122639254,26.9149529704518,0.9679501187871233,36.58279411970414
cave_hsi,8,random-missing-completion,random,0,0.3,softimpute,"(12,12,3)","(128,128)",7.305293400073424,C:\Users\mrkys\workspace\NTD-PL\multirun\neurips-lowrank-core\benchmark\cave_hsi_random_id08_seed0_mr0.3_softimpute_r12_12_3,0.6991360572076613,0.0,0.02887297421693802,11.461613519575968,-17.578596868133083,30.790169577165216,0.9865556271522479,23.439487987099387,0.052638858556747437,13.779930413382534,-12.330211452718839,25.573871003099082,0.947977847905723,43.011099611041814
cave_hsi,8,random-missing-completion,random,0,0.3,tucker,"(12,12,3)","(128,128)",0.9267848999006674,C:\Users\mrkys\workspace\NTD-PL\multirun\neurips-lowrank-core\benchmark\cave_hsi_random_id08_seed0_mr0.3_tucker_r12_12_3,0.6991360572076613,0.0,0.05073472492777595,26.44549222520829,-12.682321196030541,25.89389379859352,0.9595469163634144,41.35088037157113,0.051287278865177255,23.62611288104517,-12.556147727304465,25.799806851279197,0.9583997190746927,42.082276047308824
cave_hsi,9,random-missing-completion,random,0,0.3,ntdpl,"(12,12,3)","(128,128)",4.989397899946198,C:\Users\mrkys\workspace\NTD-PL\multirun\neurips-lowrank-core\run\cave_hsi_random_id09_seed0_mr0.3_ntdpl_r12_12_3,0.6991360572076613,0.0,0.031563933938741684,25.84638414564636,-14.552206263069767,30.01617742692085,0.9769711992259246,39.705227684462905,0.03231806680560112,21.187390255612655,-14.381126859826509,29.811092040680727,0.9760616675303823,40.11411006229452
cave_hsi,9,random-missing-completion,random,0,0.3,softimpute,"(12,12,3)","(128,128)",7.858915699995123,C:\Users\mrkys\workspace\NTD-PL\multirun\neurips-lowrank-core\benchmark\cave_hsi_random_id09_seed0_mr0.3_softimpute_r12_12_3,0.6991360572076613,0.0,0.021524880081415176,14.390718175441945,-17.877213806992966,33.34118570649416,0.9887908174167991,26.043173696685006,0.03924240916967392,16.124411149480146,-12.694921738136216,28.12488713242803,0.9568164750018271,47.18659761082739
cave_hsi,9,random-missing-completion,random,0,0.3,tucker,"(12,12,3)","(128,128)",0.942309399950318,C:\Users\mrkys\workspace\NTD-PL\multirun\neurips-lowrank-core\benchmark\cave_hsi_random_id09_seed0_mr0.3_tucker_r12_12_3,0.6991360572076613,0.0,0.03487122683471003,33.707167477926845,-13.686684047170175,29.15065546132929,0.9718168533939269,43.99144371252054,0.03560598792314905,30.120011382447338,-13.539573825351548,28.969539195990702,0.9708733792007838,44.40495103577507
cave_hsi,10,random-missing-completion,random,0,0.3,ntdpl,"(12,12,3)","(128,128)",4.336642100010067,C:\Users\mrkys\workspace\NTD-PL\multirun\neurips-lowrank-core\run\cave_hsi_random_id10_seed0_mr0.3_ntdpl_r12_12_3,0.6991360572076613,0.0,0.02998313680291176,19.190466537297972,-15.943779411468842,30.462458593943964,0.9793171615028428,25.555568219145208,0.030375851318240166,16.151289010960173,-15.830475536823434,30.349430880417636,0.9787409420346158,25.94987316974273
cave_hsi,10,random-missing-completion,random,0,0.3,softimpute,"(12,12,3)","(128,128)",7.749315200024284,C:\Users\mrkys\workspace\NTD-PL\multirun\neurips-lowrank-core\benchmark\cave_hsi_random_id10_seed0_mr0.3_softimpute_r12_12_3,0.6991360572076613,0.0,0.02232026308774948,8.536274908517667,-18.507334644073843,33.02601384981465,0.9881276790069116,19.837218548483538,0.04069248586893082,10.710775541522516,-13.290759769193203,27.809715275748516,0.9548875214987373,36.180735595457264
cave_hsi,10,random-missing-completion,random,0,0.3,tucker,"(12,12,3)","(128,128)",0.9178896999219432,C:\Users\mrkys\workspace\NTD-PL\multirun\neurips-lowrank-core\benchmark\cave_hsi_random_id10_seed0_mr0.3_tucker_r12_12_3,0.6991360572076613,0.0,0.03328852359232737,19.157725127695386,-15.03542999515684,29.554109323615926,0.974440464766161,28.848386395605484,0.03372848594716992,16.000030215984133,-14.921107594716965,29.44006307218253,0.9737042839590635,29.306836145846898
cave_hsi,11,random-missing-completion,random,0,0.3,ntdpl,"(12,12,3)","(128,128)",4.378070099977776,C:\Users\mrkys\workspace\NTD-PL\multirun\neurips-lowrank-core\run\cave_hsi_random_id11_seed0_mr0.3_ntdpl_r12_12_3,0.6991360572076613,0.0,0.06069282442331314,17.77713731145235,-11.881470373574533,24.337253202392365,0.9301013381274412,38.635860163631286,0.061157792806625366,15.879140186541758,-11.799123117534192,24.270963969063942,0.9287378055664693,38.97992980171301
cave_hsi,11,random-missing-completion,random,0,0.3,softimpute,"(12,12,3)","(128,128)",7.194063400034793,C:\Users\mrkys\workspace\NTD-PL\multirun\neurips-lowrank-core\benchmark\cave_hsi_random_id11_seed0_mr0.3_softimpute_r12_12_3,0.6991360572076613,0.0,0.03255205601453781,9.673383227238471,-17.292648893242777,29.748431224517322,0.9799319574683534,20.376190019654317,0.059346262365579605,11.34764568085298,-12.06029173165083,24.53213265045119,0.9207265305139595,37.21698673514834
cave_hsi,11,random-missing-completion,random,0,0.3,tucker,"(12,12,3)","(128,128)",0.9708321000216529,C:\Users\mrkys\workspace\NTD-PL\multirun\neurips-lowrank-core\benchmark\cave_hsi_random_id11_seed0_mr0.3_tucker_r12_12_3,0.6991360572076613,0.0,0.06761357922410113,19.21681127772666,-10.943538816553957,23.399321468784613,0.9119364144724436,43.3703003544519,0.06808817386050266,17.7859766469913,-10.866725491866369,23.338566270741296,0.9104710508579053,43.71120620902128
cave_hsi,12,random-missing-completion,random,0,0.3,ntdpl,"(12,12,3)","(128,128)",4.7912142999703065,C:\Users\mrkys\workspace\NTD-PL\multirun\neurips-lowrank-core\run\cave_hsi_random_id12_seed0_mr0.3_ntdpl_r12_12_3,0.6991360572076613,0.0,0.022711975499987602,8.977487151662174,-24.34083538412072,32.87490155079008,0.9965217160363669,11.22213579565904,0.0228593572974205,7.766735542856001,-24.307664959468894,32.81871944043263,0.9964953856479002,11.32152346520545
cave_hsi,12,random-missing-completion,random,0,0.3,softimpute,"(12,12,3)","(128,128)",6.046105799963698,C:\Users\mrkys\workspace\NTD-PL\multirun\neurips-lowrank-core\benchmark\cave_hsi_random_id12_seed0_mr0.3_softimpute_r12_12_3,0.6991360572076613,0.0,0.02774183265864849,6.51715849986591,-22.60323096793983,31.137297437149517,0.9946228853964293,12.155929624079468,0.05057665333151817,7.477191334417177,-17.409943188715022,25.92099886308338,0.9805375610715973,22.163890859567516
cave_hsi,12,random-missing-completion,random,0,0.3,tucker,"(12,12,3)","(128,128)",0.9554280999582261,C:\Users\mrkys\workspace\NTD-PL\multirun\neurips-lowrank-core\benchmark\cave_hsi_random_id12_seed0_mr0.3_tucker_r12_12_3,0.6991360572076613,0.0,0.02983207678141773,10.757828620841536,-21.97226389504081,30.506330237274536,0.9939886590835131,14.313063665329825,0.029923013358820253,9.287772260412236,-21.968838539758913,30.479893470689838,0.993984963371878,14.387604929921999
cave_hsi,13,random-missing-completion,random,0,0.3,ntdpl,"(12,12,3)","(128,128)",5.7403147999430075,C:\Users\mrkys\workspace\NTD-PL\multirun\neurips-lowrank-core\run\cave_hsi_random_id13_seed0_mr0.3_ntdpl_r12_12_3,0.6991360572076613,0.0,0.037314608693122864,24.10236724427731,-15.579528115461457,28.562422075080182,0.9803204359892186,30.848353020413793,0.0378527007997036,20.519667669893394,-15.49973340731981,28.438062438528476,0.9799387024691635,31.148088628497923
cave_hsi,13,random-missing-completion,random,0,0.3,softimpute,"(12,12,3)","(128,128)",7.545147800003178,C:\Users\mrkys\workspace\NTD-PL\multirun\neurips-lowrank-core\benchmark\cave_hsi_random_id13_seed0_mr0.3_softimpute_r12_12_3,0.6991360572076613,0.0,0.026357442140579224,12.872355368411863,-18.59904142568537,31.58193498941722,0.9897204686836548,21.72019244694049,0.04805274307727814,14.453567214131052,-13.427307651447586,26.365636415351087,0.9606623804342526,39.428337507434684
cave_hsi,13,random-missing-completion,random,0,0.3,tucker,"(12,12,3)","(128,128)",0.9647245000815019,C:\Users\mrkys\workspace\NTD-PL\multirun\neurips-lowrank-core\benchmark\cave_hsi_random_id13_seed0_mr0.3_tucker_r12_12_3,0.6991360572076613,0.0,0.041365572017515076,30.280720855054916,-14.684325606228015,27.66721931439914,0.9757646168002102,34.17288912793423,0.04179402395163561,27.421653782348166,-14.639387369267125,27.577716254629703,0.9754900895169251,34.33774322856129
cave_hsi,14,random-missing-completion,random,0,0.3,ntdpl,"(12,12,3)","(128,128)",5.506490399944596,C:\Users\mrkys\workspace\NTD-PL\multirun\neurips-lowrank-core\run\cave_hsi_random_id14_seed0_mr0.3_ntdpl_r12_12_3,0.6991360572076613,0.0,0.023544128984212875,28.67584182382478,-14.03769989464781,32.56234743086718,0.9756171367705764,48.04903014378591,0.023981967940926552,23.473018079785763,-13.915179426610678,32.402303490399206,0.9748736189093689,48.78485248954178
cave_hsi,14,random-missing-completion,random,0,0.3,softimpute,"(12,12,3)","(128,128)",10.732629399979487,C:\Users\mrkys\workspace\NTD-PL\multirun\neurips-lowrank-core\benchmark\cave_hsi_random_id14_seed0_mr0.3_softimpute_r12_12_3,0.6991360572076613,0.0,0.014829856343567371,10.873982381338983,-18.052613730231112,36.57726128980257,0.9897675354341275,31.187442003431237,0.02703658677637577,13.266418706112713,-12.873838651923766,31.36096271573644,0.9595357119008109,56.48345656335253
cave_hsi,14,random-missing-completion,random,0,0.3,tucker,"(12,12,3)","(128,128)",0.9555760999210179,C:\Users\mrkys\workspace\NTD-PL\multirun\neurips-lowrank-core\benchmark\cave_hsi_random_id14_seed0_mr0.3_tucker_r12_12_3,0.6991360572076613,0.0,0.026907606348305742,27.959947850402184,-12.877851498867347,31.402498691294415,0.9678761114189285,56.37693654975394,0.027201912346845904,23.639468230333392,-12.820887436541113,31.3080112630746,0.9673929718947158,57.22351179615707
cave_hsi,15,random-missing-completion,random,0,0.3,ntdpl,"(12,12,3)","(128,128)",5.394710499909706,C:\Users\mrkys\workspace\NTD-PL\multirun\neurips-lowrank-core\run\cave_hsi_random_id15_seed0_mr0.3_ntdpl_r12_12_3,0.6991360572076613,0.0,0.027129795402288437,24.91528054752375,-15.839831251558142,31.331069740018496,0.9808544034740065,28.87593566793426,0.027561210095882416,19.479565602585616,-15.669749741467804,31.194034443589512,0.9801044358707253,29.453752813891914
cave_hsi,15,random-missing-completion,random,0,0.3,softimpute,"(12,12,3)","(128,128)",8.290032200049609,C:\Users\mrkys\workspace\NTD-PL\multirun\neurips-lowrank-core\benchmark\cave_hsi_random_id15_seed0_mr0.3_softimpute_r12_12_3,0.6991360572076613,0.0,0.01927381381392479,10.154745767388984,-18.80940869585363,34.300647040365334,0.9899215026423047,21.619442622917596,0.03513844683766365,12.925030968114221,-13.560063740707315,29.084348466299197,0.9610577195451965,39.56670855492044
cave_hsi,15,random-missing-completion,random,0,0.3,tucker,"(12,12,3)","(128,128)",0.9411064999876544,C:\Users\mrkys\workspace\NTD-PL\multirun\neurips-lowrank-core\benchmark\cave_hsi_random_id15_seed0_mr0.3_tucker_r12_12_3,0.6991360572076613,0.0,0.02980742082641887,26.18989129077742,-15.02227364866858,30.513512018638636,0.9768150325365613,32.133545493014964,0.03024358180274682,21.14497443798669,-14.863050838556806,30.38733551668988,0.975963113875243,32.70971160472337
cave_hsi,1,random-missing-completion,random,1,0.3,ntdpl,"(12,12,3)","(128,128)",5.087036499986425,C:\Users\mrkys\workspace\NTD-PL\multirun\neurips-lowrank-core\run\cave_hsi_random_id01_seed1_mr0.3_ntdpl_r12_12_3,0.6996223695816532,1.0,0.023822201415896416,11.778510889575319,-18.97982127335148,32.46036254761671,0.9882591863984158,16.70861666576328,0.024141302332282066,10.302241192894229,-18.868838791726592,32.34478581118164,0.9879677482005806,16.9355642909698
cave_hsi,1,random-missing-completion,random,1,0.3,softimpute,"(12,12,3)","(128,128)",7.06214930000715,C:\Users\mrkys\workspace\NTD-PL\multirun\neurips-lowrank-core\benchmark\cave_hsi_random_id01_seed1_mr0.3_softimpute_r12_12_3,0.6996223695816532,1.0,0.020696232095360756,7.67860494912389,-20.201633783935826,33.68217471082316,0.9908081999829526,14.421320870653368,0.03776221349835396,8.577183418345582,-14.982903987952056,28.458850580442387,0.9657287555071045,26.296344426557905
cave_hsi,1,random-missing-completion,random,1,0.3,tucker,"(12,12,3)","(128,128)",0.9407311000395566,C:\Users\mrkys\workspace\NTD-PL\multirun\neurips-lowrank-core\benchmark\cave_hsi_random_id01_seed1_mr0.3_tucker_r12_12_3,0.6996223695816532,1.0,0.025551985384674715,12.570973302600226,-18.37096603817978,31.851506992299807,0.9864849747871377,17.92545143373968,0.025909260036982937,11.26562062253482,-18.254952699705335,31.730899803922323,0.9861314367899571,18.164724516673278
cave_hsi,2,random-missing-completion,random,1,0.3,ntdpl,"(12,12,3)","(128,128)",5.285285199992359,C:\Users\mrkys\workspace\NTD-PL\multirun\neurips-lowrank-core\run\cave_hsi_random_id02_seed1_mr0.3_ntdpl_r12_12_3,0.6996223695816532,1.0,0.10448766499757767,28.122144448320398,-6.140867972605274,19.61869925076184,0.7692591861484882,95.53869470593696,0.10558522492647171,25.143241805865298,-6.045318745394636,19.527936786030413,0.7647347352584589,95.85716160473332
cave_hsi,2,random-missing-completion,random,1,0.3,softimpute,"(12,12,3)","(128,128)",15.886200300068595,C:\Users\mrkys\workspace\NTD-PL\multirun\neurips-lowrank-core\benchmark\cave_hsi_random_id02_seed1_mr0.3_softimpute_r12_12_3,0.6996223695816532,1.0,0.0466582290828228,15.854321515326001,-13.1436037006123,26.62143543498206,0.9589089433462843,40.87817351680028,0.08513230830430984,18.745126346307444,-7.9154936982007325,21.398111304601287,0.8243894848710911,74.64590112156408
cave_hsi,2,random-missing-completion,random,1,0.3,tucker,"(12,12,3)","(128,128)",0.9243420999264345,C:\Users\mrkys\workspace\NTD-PL\multirun\neurips-lowrank-core\benchmark\cave_hsi_random_id02_seed1_mr0.3_tucker_r12_12_3,0.6996223695816532,1.0,0.11127092194591028,30.689623604763046,-5.5945349318607,19.072366270963606,0.7304077077831641,98.65825506778984,0.11216980578370782,28.310154633210683,-5.519862625586481,19.00248064168381,0.7262503045259303,98.94654890933403
cave_hsi,3,random-missing-completion,random,1,0.3,ntdpl,"(12,12,3)","(128,128)",4.699676899937913,C:\Users\mrkys\workspace\NTD-PL\multirun\neurips-lowrank-core\run\cave_hsi_random_id03_seed1_mr0.3_ntdpl_r12_12_3,0.6996223695816532,1.0,0.042432647198438644,32.67462062330019,-10.054123272936739,27.445997200512377,0.9281066510034046,54.47447349987252,0.043085042387247086,27.271896093662832,-9.918972522546888,27.313469320487563,0.9258115805553773,55.582285582350366
cave_hsi,3,random-missing-completion,random,1,0.3,softimpute,"(12,12,3)","(128,128)",13.774908800027333,C:\Users\mrkys\workspace\NTD-PL\multirun\neurips-lowrank-core\benchmark\cave_hsi_random_id03_seed1_mr0.3_softimpute_r12_12_3,0.6996223695816532,1.0,0.02096507139503956,8.403212328296341,-16.178198574218104,33.570072379488984,0.9824925875213911,30.54560030520537,0.03825274109840393,11.93630317911129,-10.95225165974819,28.346748249108217,0.9315125994765846,55.60361945729208
cave_hsi,3,random-missing-completion,random,1,0.3,tucker,"(12,12,3)","(128,128)",0.9497236999450251,C:\Users\mrkys\workspace\NTD-PL\multirun\neurips-lowrank-core\benchmark\cave_hsi_random_id03_seed1_mr0.3_tucker_r12_12_3,0.6996223695816532,1.0,0.04544410371325386,31.06792178454709,-9.45857509771191,26.85044915353334,0.9163080234201756,61.16130557805687,0.04607432159166467,26.168055610046135,-9.336324268342565,26.730821014165006,0.9138719779906261,62.18046822700251
cave_hsi,4,random-missing-completion,random,1,0.3,ntdpl,"(12,12,3)","(128,128)",4.918236400000751,C:\Users\mrkys\workspace\NTD-PL\multirun\neurips-lowrank-core\run\cave_hsi_random_id04_seed1_mr0.3_ntdpl_r12_12_3,0.6996223695816532,1.0,0.04128977283835411,17.342354651437205,-17.084602163095653,27.683150284149054,0.9861780447161357,26.204165569794757,0.04176737368106842,15.333592160631587,-16.98013287775221,27.583256734943042,0.985833781374664,26.477041729458346
cave_hsi,4,random-missing-completion,random,1,0.3,softimpute,"(12,12,3)","(128,128)",4.137438999954611,C:\Users\mrkys\workspace\NTD-PL\multirun\neurips-lowrank-core\benchmark\cave_hsi_random_id04_seed1_mr0.3_softimpute_r12_12_3,0.6996223695816532,1.0,0.03278972953557968,12.56126738158801,-19.086695044798653,29.685243116656302,0.9908802361671489,20.493969461145014,0.05982794240117073,13.381165464756599,-13.858794597035487,24.46191898627553,0.9651732646628712,37.422297979119584
cave_hsi,4,random-missing-completion,random,1,0.3,tucker,"(12,12,3)","(128,128)",0.9501358000561595,C:\Users\mrkys\workspace\NTD-PL\multirun\neurips-lowrank-core\benchmark\cave_hsi_random_id04_seed1_mr0.3_tucker_r12_12_3,0.6996223695816532,1.0,0.04475964949758284,20.53262114063612,-16.3837183062077,26.982266459791386,0.9837373280267856,28.117005046812395,0.0451772718235735,19.159998380836992,-16.298476128632227,26.901599978159037,0.9834056360091269,28.368525070203095
cave_hsi,5,random-missing-completion,random,1,0.3,ntdpl,"(12,12,3)","(128,128)",4.7356063000625,C:\Users\mrkys\workspace\NTD-PL\multirun\neurips-lowrank-core\run\cave_hsi_random_id05_seed1_mr0.3_ntdpl_r12_12_3,0.6996223695816532,1.0,0.014085087925195694,27.684428700917714,-21.226954637434034,37.02480901724372,0.995413360390981,28.08646677843662,0.014358052052557468,21.73905027396355,-21.068537695222002,36.85808961797531,0.995246072725085,28.108722196468378
cave_hsi,5,random-missing-completion,random,1,0.3,softimpute,"(12,12,3)","(128,128)",7.27219889999833,C:\Users\mrkys\workspace\NTD-PL\multirun\neurips-lowrank-core\benchmark\cave_hsi_random_id05_seed1_mr0.3_softimpute_r12_12_3,0.6996223695816532,1.0,0.013147257268428802,11.887915840269489,-21.82544243698625,37.62329662508829,0.9955815120013323,28.23429449485781,0.023988405242562294,16.11000063482745,-16.610421024900866,32.39997249470751,0.9816108807692902,50.90014485515424
cave_hsi,5,random-missing-completion,random,1,0.3,tucker,"(12,12,3)","(128,128)",0.944418599945493,C:\Users\mrkys\workspace\NTD-PL\multirun\neurips-lowrank-core\benchmark\cave_hsi_random_id05_seed1_mr0.3_tucker_r12_12_3,0.6996223695816532,1.0,0.016276233589922234,30.56722803051212,-19.971067341502998,35.768921719105094,0.993863762502399,31.49710496267132,0.016554182444325983,24.36098205498818,-19.83229341857475,35.62184525466875,0.9936689216470478,31.506138346440967
cave_hsi,6,random-missing-completion,random,1,0.3,ntdpl,"(12,12,3)","(128,128)",4.655067199957557,C:\Users\mrkys\workspace\NTD-PL\multirun\neurips-lowrank-core\run\cave_hsi_random_id06_seed1_mr0.3_ntdpl_r12_12_3,0.6996223695816532,1.0,0.07667340338230133,10.995585024091742,-10.45813994676455,22.307105360118456,0.8774039983116388,50.58941281108334,0.07764175534248352,10.587114260934722,-10.346253382509845,22.198093498468307,0.8743980021101412,51.34362779767538
cave_hsi,6,random-missing-completion,random,1,0.3,softimpute,"(12,12,3)","(128,128)",6.590188500005752,C:\Users\mrkys\workspace\NTD-PL\multirun\neurips-lowrank-core\benchmark\cave_hsi_random_id06_seed1_mr0.3_softimpute_r12_12_3,0.6996223695816532,1.0,0.039315104484558105,7.536481592660376,-16.259846708847647,28.108811817842426,0.9693568589406985,26.700310511492138,0.07173409312963486,10.304436548565256,-11.033647731663265,22.885487687461655,0.8793417739209414,48.75805265648332
cave_hsi,6,random-missing-completion,random,1,0.3,tucker,"(12,12,3)","(128,128)",0.978281700052321,C:\Users\mrkys\workspace\NTD-PL\multirun\neurips-lowrank-core\benchmark\cave_hsi_random_id06_seed1_mr0.3_tucker_r12_12_3,0.6996223695816532,1.0,0.07812552216981183,11.249999951866261,-10.295176206126317,22.1441413386316,0.872163635738328,52.39075541367944,0.07897610071723657,10.956148478464703,-10.198246417757982,22.050086249363975,0.869470735458596,52.9859614252172
cave_hsi,7,random-missing-completion,random,1,0.3,ntdpl,"(12,12,3)","(128,128)",4.8070331999333575,C:\Users\mrkys\workspace\NTD-PL\multirun\neurips-lowrank-core\run\cave_hsi_random_id07_seed1_mr0.3_ntdpl_r12_12_3,0.6996223695816532,1.0,0.014768075197935104,25.792984002346195,-17.832573821738645,36.61352188727739,0.9903076545734497,30.227627700567822,0.015110786072909832,22.13821945594465,-17.59842466086339,36.414259043051494,0.9897631462581364,30.948863563325762
cave_hsi,7,random-missing-completion,random,1,0.3,softimpute,"(12,12,3)","(128,128)",7.134350399952382,C:\Users\mrkys\workspace\NTD-PL\multirun\neurips-lowrank-core\benchmark\cave_hsi_random_id07_seed1_mr0.3_softimpute_r12_12_3,0.6996223695816532,1.0,0.012573887594044209,14.151068204558616,-19.229660802333868,38.01060890929063,0.9924495413075737,25.130789618625354,0.022942237555980682,16.41380508978807,-13.971450360209252,32.78728477890986,0.9695811242425051,45.97600672111723
cave_hsi,7,random-missing-completion,random,1,0.3,tucker,"(12,12,3)","(128,128)",0.9987165000056848,C:\Users\mrkys\workspace\NTD-PL\multirun\neurips-lowrank-core\benchmark\cave_hsi_random_id07_seed1_mr0.3_tucker_r12_12_3,0.6996223695816532,1.0,0.01603189240132591,29.93529758385688,-17.119356431956778,35.90030421175002,0.9885281834129503,32.681565359631236,0.016439710947826626,25.305773796801283,-16.86628208550166,35.682116454736246,0.9878307205424035,33.534158943046926
cave_hsi,8,random-missing-completion,random,1,0.3,ntdpl,"(12,12,3)","(128,128)",4.6663772999309,C:\Users\mrkys\workspace\NTD-PL\multirun\neurips-lowrank-core\run\cave_hsi_random_id08_seed1_mr0.3_ntdpl_r12_12_3,0.6996223695816532,1.0,0.044157132506370544,20.548654654188944,-13.888410257010737,27.09998282579724,0.9695188742295895,35.551047374954706,0.04471850395202637,17.751206235301574,-13.761628625562981,26.990255083356868,0.9686394891928211,36.1018156811458
cave_hsi,8,random-missing-completion,random,1,0.3,softimpute,"(12,12,3)","(128,128)",7.294696099939756,C:\Users\mrkys\workspace\NTD-PL\multirun\neurips-lowrank-core\benchmark\cave_hsi_random_id08_seed1_mr0.3_softimpute_r12_12_3,0.6996223695816532,1.0,0.028839102014899254,11.480565149512213,-17.588792873326593,30.80036542313126,0.986582387681207,23.443755594279462,0.05261964723467827,13.810053544990918,-12.348414740913425,25.57704129275049,0.9480937973621134,42.88164661446618
cave_hsi,8,random-missing-completion,random,1,0.3,tucker,"(12,12,3)","(128,128)",0.9775886000134051,C:\Users\mrkys\workspace\NTD-PL\multirun\neurips-lowrank-core\benchmark\cave_hsi_random_id08_seed1_mr0.3_tucker_r12_12_3,0.6996223695816532,1.0,0.05076431181197102,26.81377224485668,-12.677257336778549,25.88882993934153,0.9595298768698616,41.29898779504349,0.05128627974010873,24.199803799094774,-12.57134962046873,25.799976062335112,0.9585636169419381,41.86808157042973
cave_hsi,9,random-missing-completion,random,1,0.3,ntdpl,"(12,12,3)","(128,128)",4.133333900012076,C:\Users\mrkys\workspace\NTD-PL\multirun\neurips-lowrank-core\run\cave_hsi_random_id09_seed1_mr0.3_ntdpl_r12_12_3,0.6996223695816532,1.0,0.03153086081147194,25.863774671521462,-14.56131229017609,30.025283897657914,0.9770129773711085,39.667438652403995,0.03218866139650345,21.104218342973304,-14.383694676014994,29.845941950447575,0.9760454459897843,40.21208172034832
cave_hsi,9,random-missing-completion,random,1,0.3,softimpute,"(12,12,3)","(128,128)",7.66955470002722,C:\Users\mrkys\workspace\NTD-PL\multirun\neurips-lowrank-core\benchmark\cave_hsi_random_id09_seed1_mr0.3_softimpute_r12_12_3,0.6996223695816532,1.0,0.02126052789390087,14.254259789828874,-17.98454723157471,33.44851896863493,0.9890602353506072,25.609621572951646,0.03879183158278465,16.030943704109774,-12.762947647020713,28.225194838254154,0.9573760147770991,46.75450423092186
cave_hsi,9,random-missing-completion,random,1,0.3,tucker,"(12,12,3)","(128,128)",1.0080362999578938,C:\Users\mrkys\workspace\NTD-PL\multirun\neurips-lowrank-core\benchmark\cave_hsi_random_id09_seed1_mr0.3_tucker_r12_12_3,0.6996223695816532,1.0,0.034863681562277746,33.70104516535581,-13.68856366257079,29.1525350767299,0.9718098377616913,43.9744878901475,0.035457577759292404,30.084101399134916,-13.543571659647714,29.005818720276867,0.9708279244853764,44.503913900012655
cave_hsi,10,random-missing-completion,random,1,0.3,ntdpl,"(12,12,3)","(128,128)",4.598940300056711,C:\Users\mrkys\workspace\NTD-PL\multirun\neurips-lowrank-core\run\cave_hsi_random_id10_seed1_mr0.3_ntdpl_r12_12_3,0.6996223695816532,1.0,0.030205151066184044,18.87743575257856,-15.879700162499095,30.39837937827311,0.9790206223184783,25.776091596424173,0.030553560703992844,15.888695700858626,-15.773492750231558,30.298763188738015,0.978515113088022,26.184470805239553
cave_hsi,10,random-missing-completion,random,1,0.3,softimpute,"(12,12,3)","(128,128)",8.080507599981502,C:\Users\mrkys\workspace\NTD-PL\multirun\neurips-lowrank-core\benchmark\cave_hsi_random_id10_seed1_mr0.3_softimpute_r12_12_3,0.6996223695816532,1.0,0.02205357700586319,8.509637148204519,-18.611739582666633,33.1304188001564,0.9884147387287474,19.57768901830922,0.04023882374167442,10.688055657467388,-13.381823949722953,27.90709466977563,0.955874183053009,35.75372930084859
cave_hsi,10,random-missing-completion,random,1,0.3,tucker,"(12,12,3)","(128,128)",0.9266075000632554,C:\Users\mrkys\workspace\NTD-PL\multirun\neurips-lowrank-core\benchmark\cave_hsi_random_id10_seed1_mr0.3_tucker_r12_12_3,0.6996223695816532,1.0,0.0333115789566629,18.898388383751993,-15.029416299966627,29.548095628425706,0.9744415630585448,28.921059298327055,0.03355025596807234,15.899400466259296,-14.96081276357506,29.486083241585447,0.9740519068003987,29.220447104530805
cave_hsi,11,random-missing-completion,random,1,0.3,ntdpl,"(12,12,3)","(128,128)",4.167378199985251,C:\Users\mrkys\workspace\NTD-PL\multirun\neurips-lowrank-core\run\cave_hsi_random_id11_seed1_mr0.3_ntdpl_r12_12_3,0.6996223695816532,1.0,0.06065061688423157,17.76814101860227,-11.887512765907646,24.343295467955226,0.9302413409177459,38.60278700680559,0.06101343035697937,15.91624551410327,-11.840435481431701,24.291490935088188,0.9296679321099974,38.93402095569572
cave_hsi,11,random-missing-completion,random,1,0.3,softimpute,"(12,12,3)","(128,128)",7.353901199996471,C:\Users\mrkys\workspace\NTD-PL\multirun\neurips-lowrank-core\benchmark\cave_hsi_random_id11_seed1_mr0.3_softimpute_r12_12_3,0.6996223695816532,1.0,0.03257712721824646,9.639772003780802,-17.28596134203463,29.74174382644019,0.979894234502594,20.35632774785355,0.05944003164768219,11.362185365854861,-12.067363770767205,24.518419696059418,0.920940212184475,37.24926891472899
cave_hsi,11,random-missing-completion,random,1,0.3,tucker,"(12,12,3)","(128,128)",0.9722552000312135,C:\Users\mrkys\workspace\NTD-PL\multirun\neurips-lowrank-core\benchmark\cave_hsi_random_id11_seed1_mr0.3_tucker_r12_12_3,0.6996223695816532,1.0,0.0676165680298142,19.198434066343182,-10.943154872040035,23.398937524270696,0.9119387224816391,43.314440613974185,0.0679603934909759,17.830797165758376,-10.903826564337567,23.35488230457521,0.9114708637694042,43.599127457839
cave_hsi,12,random-missing-completion,random,1,0.3,ntdpl,"(12,12,3)","(128,128)",4.336296300054528,C:\Users\mrkys\workspace\NTD-PL\multirun\neurips-lowrank-core\run\cave_hsi_random_id12_seed1_mr0.3_ntdpl_r12_12_3,0.6996223695816532,1.0,0.022827723994851112,9.013140653006442,-24.296681073953607,32.830747250869614,0.9964858851929801,11.279524983004206,0.02302783727645874,7.8398386578628205,-24.2320677382954,32.75493706161082,0.9964316500869908,11.398396883458005
cave_hsi,12,random-missing-completion,random,1,0.3,softimpute,"(12,12,3)","(128,128)",6.225463000009768,C:\Users\mrkys\workspace\NTD-PL\multirun\neurips-lowrank-core\benchmark\cave_hsi_random_id12_seed1_mr0.3_softimpute_r12_12_3,0.6996223695816532,1.0,0.027918091043829918,6.563506053771651,-22.548218879042388,31.082285691671313,0.9945555892245413,12.290635917606316,0.050939176231622696,7.529896142013906,-17.336092197883993,25.858961561290545,0.9802010339627422,22.45853667764552
cave_hsi,12,random-missing-completion,random,1,0.3,tucker,"(12,12,3)","(128,128)",0.883051099954173,C:\Users\mrkys\workspace\NTD-PL\multirun\neurips-lowrank-core\benchmark\cave_hsi_random_id12_seed1_mr0.3_tucker_r12_12_3,0.6996223695816532,1.0,0.029805008000045367,10.769690616009246,-21.980148803052156,30.514215145285885,0.9940002769081303,14.316308731531475,0.030014934943139893,9.350260024082578,-21.93038248130155,30.45325187265955,0.9939312840805079,14.442833057962865
cave_hsi,13,random-missing-completion,random,1,0.3,ntdpl,"(12,12,3)","(128,128)",4.097661399981007,C:\Users\mrkys\workspace\NTD-PL\multirun\neurips-lowrank-core\run\cave_hsi_random_id13_seed1_mr0.3_ntdpl_r12_12_3,0.6996223695816532,1.0,0.03733577951788902,24.083665453988914,-15.574602295837149,28.55749567082382,0.9802923230735981,30.86830179037154,0.03772558271884918,20.49752643104155,-15.460760323424461,28.467280834564306,0.9797497710212008,31.251657588322907
cave_hsi,13,random-missing-completion,random,1,0.3,softimpute,"(12,12,3)","(128,128)",7.144569399999455,C:\Users\mrkys\workspace\NTD-PL\multirun\neurips-lowrank-core\benchmark\cave_hsi_random_id13_seed1_mr0.3_softimpute_r12_12_3,0.6996223695816532,1.0,0.026259470731019974,12.889493823689552,-18.63138659045593,31.61428057064124,0.9898160116358099,21.68543748639356,0.04791286960244179,14.451960486907664,-13.384435860818877,26.390956440260467,0.9604153085697344,39.67822078260419
cave_hsi,13,random-missing-completion,random,1,0.3,tucker,"(12,12,3)","(128,128)",0.9781693000113592,C:\Users\mrkys\workspace\NTD-PL\multirun\neurips-lowrank-core\benchmark\cave_hsi_random_id13_seed1_mr0.3_tucker_r12_12_3,0.6996223695816532,1.0,0.04136789064611727,30.308864006816158,-14.683838757218988,27.666732465390112,0.975756704794986,34.18053103510828,0.0417832762422945,27.304561797353486,-14.573429628926114,27.57995019656123,0.975105522690293,34.60159118927141
cave_hsi,14,random-missing-completion,random,1,0.3,ntdpl,"(12,12,3)","(128,128)",5.736871899920516,C:\Users\mrkys\workspace\NTD-PL\multirun\neurips-lowrank-core\run\cave_hsi_random_id14_seed1_mr0.3_ntdpl_r12_12_3,0.6996223695816532,1.0,0.023805348202586174,28.18627713380867,-13.941861991317474,32.46650922460527,0.9750826690649989,48.411650653205704,0.024267196655273438,23.01910015535708,-13.794334052534072,32.29960774654359,0.9742316077770528,48.989062495838084
cave_hsi,14,random-missing-completion,random,1,0.3,softimpute,"(12,12,3)","(128,128)",14.598335499991663,C:\Users\mrkys\workspace\NTD-PL\multirun\neurips-lowrank-core\benchmark\cave_hsi_random_id14_seed1_mr0.3_softimpute_r12_12_3,0.6996223695816532,1.0,0.014689520001411438,10.837138455946901,-18.13520063582097,36.65984812393914,0.9899892673281134,30.463884200613556,0.026802407577633858,13.269196058508268,-12.93125026693658,31.436523993558374,0.960388924012835,55.32657119290629
cave_hsi,14,random-missing-completion,random,1,0.3,tucker,"(12,12,3)","(128,128)",0.9801390999928117,C:\Users\mrkys\workspace\NTD-PL\multirun\neurips-lowrank-core\benchmark\cave_hsi_random_id14_seed1_mr0.3_tucker_r12_12_3,0.6996223695816532,1.0,0.026866539331129292,27.732090638803683,-12.89111823304969,31.415765425476756,0.968005839765311,55.03849889679231,0.027207136172242328,23.425868550012392,-12.801069963602796,31.30634339450287,0.9673628542441648,55.40382001025075
cave_hsi,15,random-missing-completion,random,1,0.3,ntdpl,"(12,12,3)","(128,128)",5.813515100046061,C:\Users\mrkys\workspace\NTD-PL\multirun\neurips-lowrank-core\run\cave_hsi_random_id15_seed1_mr0.3_ntdpl_r12_12_3,0.6996223695816532,1.0,0.027103055268526077,24.897910236692397,-15.848396945300872,31.339635286991996,0.9808897667266353,28.791868945069048,0.02750759944319725,19.434854326851987,-15.732318137127528,31.21094602232609,0.9803580656650369,29.170233415337915
cave_hsi,15,random-missing-completion,random,1,0.3,softimpute,"(12,12,3)","(128,128)",8.258607399999164,C:\Users\mrkys\workspace\NTD-PL\multirun\neurips-lowrank-core\benchmark\cave_hsi_random_id15_seed1_mr0.3_softimpute_r12_12_3,0.6996223695816532,1.0,0.019327817484736443,10.153286319026769,-18.785105179401718,34.27634326278151,0.9898540903621178,21.756507273500304,0.03526541590690613,12.906244718319492,-13.574391373868872,29.05301913240074,0.9610637453319636,39.56347850344897
cave_hsi,15,random-missing-completion,random,1,0.3,tucker,"(12,12,3)","(128,128)",0.9356074999086559,C:\Users\mrkys\workspace\NTD-PL\multirun\neurips-lowrank-core\benchmark\cave_hsi_random_id15_seed1_mr0.3_tucker_r12_12_3,0.6996223695816532,1.0,0.029783813080664523,26.150126542757,-15.029155677165349,30.520394047135404,0.9768452567138002,32.066344265241575,0.030159462256002113,21.128341357459192,-14.932900129309385,30.411528124303196,0.9763035240518494,32.43567193296136
cave_hsi,1,random-missing-completion,random,2,0.3,ntdpl,"(12,12,3)","(128,128)",5.8284090999513865,C:\Users\mrkys\workspace\NTD-PL\multirun\neurips-lowrank-core\run\cave_hsi_random_id01_seed2_mr0.3_ntdpl_r12_12_3,0.6997621597782258,2.0,0.023815523833036423,11.775909709299572,-18.982256206764767,32.46279772381373,0.9882687363991689,16.702206437821044,0.02419102005660534,10.273033767521232,-18.837861744925547,32.32691653580781,0.9879011073439203,16.994659666152163
cave_hsi,1,random-missing-completion,random,2,0.3,softimpute,"(12,12,3)","(128,128)",7.08788500004448,C:\Users\mrkys\workspace\NTD-PL\multirun\neurips-lowrank-core\benchmark\cave_hsi_random_id01_seed2_mr0.3_softimpute_r12_12_3,0.6997621597782258,2.0,0.02052490971982479,7.679954449564643,-20.27383374299565,33.754374935831855,0.9909639218199984,14.284338124246378,0.03745834156870842,8.548421103261093,-15.0399746069215,28.529029208770368,0.9662362555818226,26.116404706124026
cave_hsi,1,random-missing-completion,random,2,0.3,tucker,"(12,12,3)","(128,128)",0.9510752999922261,C:\Users\mrkys\workspace\NTD-PL\multirun\neurips-lowrank-core\benchmark\cave_hsi_random_id01_seed2_mr0.3_tucker_r12_12_3,0.6997621597782258,2.0,0.025551158756315032,12.548822997179698,-18.37124703860843,31.851787992728458,0.9864881389740681,17.925575865077537,0.02589876791261042,11.273674716038407,-18.245363330471566,31.73441792415277,0.9861206352796308,18.21131002800253
cave_hsi,2,random-missing-completion,random,2,0.3,ntdpl,"(12,12,3)","(128,128)",5.773732800036669,C:\Users\mrkys\workspace\NTD-PL\multirun\neurips-lowrank-core\run\cave_hsi_random_id02_seed2_mr0.3_ntdpl_r12_12_3,0.6997621597782258,2.0,0.10465671122074127,28.14448920518873,-6.126826873728739,19.604658212842804,0.7681829921917539,95.55204452961509,0.10573067516088486,25.159443963529284,-6.032943300350984,19.515979989666576,0.763495804481974,96.11032133292662
cave_hsi,2,random-missing-completion,random,2,0.3,softimpute,"(12,12,3)","(128,128)",18.857500200043432,C:\Users\mrkys\workspace\NTD-PL\multirun\neurips-lowrank-core\benchmark\cave_hsi_random_id02_seed2_mr0.3_softimpute_r12_12_3,0.6997621597782258,2.0,0.046691183000802994,15.856606799745942,-13.137471348164453,26.615303180375754,0.9588529097337848,40.96756571972447,0.08521226793527603,18.701465770808475,-7.906920813477436,21.389957453314263,0.8241690123354024,74.77479464964935
cave_hsi,2,random-missing-completion,random,2,0.3,tucker,"(12,12,3)","(128,128)",0.993967599933967,C:\Users\mrkys\workspace\NTD-PL\multirun\neurips-lowrank-core\benchmark\cave_hsi_random_id02_seed2_mr0.3_tucker_r12_12_3,0.6997621597782258,2.0,0.11128967443946468,30.624503290537824,-5.593071221819632,19.07090256092254,0.730191420087242,98.5736422136865,0.11192947918289334,28.227282209234136,-5.5380738346995475,19.021110340857664,0.7275919744881565,98.84007109013505
cave_hsi,3,random-missing-completion,random,2,0.3,ntdpl,"(12,12,3)","(128,128)",5.764287399942987,C:\Users\mrkys\workspace\NTD-PL\multirun\neurips-lowrank-core\run\cave_hsi_random_id03_seed2_mr0.3_ntdpl_r12_12_3,0.6997621597782258,2.0,0.04238585755228996,32.74563053544891,-10.063706271831474,27.45558049698188,0.928103935535394,54.391617085501785,0.042521022260189056,27.270210342537446,-10.045379383321418,27.42792602986629,0.9277280798005355,54.423599328631425
cave_hsi,3,random-missing-completion,random,2,0.3,softimpute,"(12,12,3)","(128,128)",14.579144400078803,C:\Users\mrkys\workspace\NTD-PL\multirun\neurips-lowrank-core\benchmark\cave_hsi_random_id03_seed2_mr0.3_softimpute_r12_12_3,0.6997621597782258,2.0,0.02100323885679245,8.433457409167143,-16.16240028657454,33.55427396787944,0.9824115253290595,30.341981910374916,0.038331303745508194,12.049894358125144,-10.94638171788221,28.32892824081794,0.9313857867667874,55.444625113942095
cave_hsi,3,random-missing-completion,random,2,0.3,tucker,"(12,12,3)","(128,128)",0.9510942000197247,C:\Users\mrkys\workspace\NTD-PL\multirun\neurips-lowrank-core\benchmark\cave_hsi_random_id03_seed2_mr0.3_tucker_r12_12_3,0.6997621597782258,2.0,0.04544010159706962,31.139880933645646,-9.459340069785963,26.851214125607395,0.9161747978205587,61.086800842622466,0.04558065835180467,26.120145275591724,-9.441841536389664,26.824388126118105,0.9158202688985331,61.12080943151319
cave_hsi,4,random-missing-completion,random,2,0.3,ntdpl,"(12,12,3)","(128,128)",5.676766999997199,C:\Users\mrkys\workspace\NTD-PL\multirun\neurips-lowrank-core\run\cave_hsi_random_id04_seed2_mr0.3_ntdpl_r12_12_3,0.6997621597782258,2.0,0.04134739935398102,17.565204422450282,-17.07248814757434,27.671035928855154,0.9861463439491457,26.30787979669693,0.0418914258480072,15.469405764347252,-16.980978456443932,27.557497445030727,0.9858319566741186,26.50375075444005
cave_hsi,4,random-missing-completion,random,2,0.3,softimpute,"(12,12,3)","(128,128)",6.204977200017311,C:\Users\mrkys\workspace\NTD-PL\multirun\neurips-lowrank-core\benchmark\cave_hsi_random_id04_seed2_mr0.3_softimpute_r12_12_3,0.6997621597782258,2.0,0.03278367221355438,12.465359555892336,-19.088299719010365,29.686847773092122,0.9908899065472242,20.49044521826194,0.059830810874700546,13.334135822548042,-13.884983516787718,24.461502046030628,0.9654382072468672,37.213513480579444
cave_hsi,4,random-missing-completion,random,2,0.3,tucker,"(12,12,3)","(128,128)",0.9812985999742523,C:\Users\mrkys\workspace\NTD-PL\multirun\neurips-lowrank-core\benchmark\cave_hsi_random_id04_seed2_mr0.3_tucker_r12_12_3,0.6997621597782258,2.0,0.04487671188376292,21.670909438333165,-16.3610312731884,26.959579426772088,0.9836643223694058,28.21358819130636,0.045495785495888924,20.238483751144905,-16.264057927635488,26.840576647364745,0.9832740493935752,28.460538536096607
cave_hsi,5,random-missing-completion,random,2,0.3,ntdpl,"(12,12,3)","(128,128)",5.239220999996178,C:\Users\mrkys\workspace\NTD-PL\multirun\neurips-lowrank-core\run\cave_hsi_random_id05_seed2_mr0.3_ntdpl_r12_12_3,0.6997621597782258,2.0,0.014197038486599922,27.67748516159925,-21.158190390259616,36.95604494950651,0.9953374513112405,28.40222573667312,0.014655743725597858,21.600707543361793,-20.909129293912123,36.679842543029096,0.9950500967976408,28.75398741544271
cave_hsi,5,random-missing-completion,random,2,0.3,softimpute,"(12,12,3)","(128,128)",7.578752800007351,C:\Users\mrkys\workspace\NTD-PL\multirun\neurips-lowrank-core\benchmark\cave_hsi_random_id05_seed2_mr0.3_softimpute_r12_12_3,0.6997621597782258,2.0,0.013351132161915302,11.798173300520743,-21.691783405580985,37.48963802467344,0.995438011979032,28.612161015952232,0.024366063997149467,15.987968599598778,-16.49357855606321,32.264292297611945,0.9810570563176917,51.707507205976455
cave_hsi,5,random-missing-completion,random,2,0.3,tucker,"(12,12,3)","(128,128)",0.9808548000873998,C:\Users\mrkys\workspace\NTD-PL\multirun\neurips-lowrank-core\benchmark\cave_hsi_random_id05_seed2_mr0.3_tucker_r12_12_3,0.6997621597782258,2.0,0.016284051189959656,30.68315930827531,-19.966896443556408,35.7647508211585,0.9938519759720456,31.484798216579634,0.01670756548863917,24.18135612514947,-19.771023056628497,35.541736557939785,0.9935483004688791,31.797609669402572
cave_hsi,6,random-missing-completion,random,2,0.3,ntdpl,"(12,12,3)","(128,128)",5.053256800048985,C:\Users\mrkys\workspace\NTD-PL\multirun\neurips-lowrank-core\run\cave_hsi_random_id06_seed2_mr0.3_ntdpl_r12_12_3,0.6997621597782258,2.0,0.07662957906723022,11.025338980453267,-10.463105986490255,22.312070973231574,0.8775542483393818,50.47947764113554,0.07726507633924484,10.641671300782296,-10.386220906851278,22.240335129708516,0.8757440213082937,51.14510363288064
cave_hsi,6,random-missing-completion,random,2,0.3,softimpute,"(12,12,3)","(128,128)",6.459084499976598,C:\Users\mrkys\workspace\NTD-PL\multirun\neurips-lowrank-core\benchmark\cave_hsi_random_id06_seed2_mr0.3_softimpute_r12_12_3,0.6997621597782258,2.0,0.03915373980998993,7.526145381868981,-16.295569631503394,28.144534764002557,0.9696142308700061,26.48839989409103,0.07145629823207855,10.321149867144358,-11.065074752157777,22.919189036941063,0.8803656119904472,48.582547516936344
cave_hsi,6,random-missing-completion,random,2,0.3,tucker,"(12,12,3)","(128,128)",1.01697240001522,C:\Users\mrkys\workspace\NTD-PL\multirun\neurips-lowrank-core\benchmark\cave_hsi_random_id06_seed2_mr0.3_tucker_r12_12_3,0.6997621597782258,2.0,0.07811368588066737,11.313886754358895,-10.296492248401652,22.145457380906933,0.8721746073584791,52.3462039111283,0.07859695972625974,11.039600015431397,-10.23777067687027,22.091885058765474,0.8707617566681233,52.88638923567073
cave_hsi,7,random-missing-completion,random,2,0.3,ntdpl,"(12,12,3)","(128,128)",4.944659600034356,C:\Users\mrkys\workspace\NTD-PL\multirun\neurips-lowrank-core\run\cave_hsi_random_id07_seed2_mr0.3_ntdpl_r12_12_3,0.6997621597782258,2.0,0.014617739245295525,26.412206217093317,-17.921448140136622,36.70239585705428,0.990507059773749,29.853348014053843,0.014879412017762661,22.706033134443405,-17.78470956195364,36.548284578945456,0.990201715429049,30.401736883675074
cave_hsi,7,random-missing-completion,random,2,0.3,softimpute,"(12,12,3)","(128,128)",7.072463499964215,C:\Users\mrkys\workspace\NTD-PL\multirun\neurips-lowrank-core\benchmark\cave_hsi_random_id07_seed2_mr0.3_softimpute_r12_12_3,0.6997621597782258,2.0,0.012567696161568165,14.141997669343235,-19.233938327330847,38.01488612937547,0.9924639721310062,25.21751915023918,0.022936278954148293,16.389876142388673,-14.0259654008291,32.78954040231398,0.9700681410602003,45.96650831333404
cave_hsi,7,random-missing-completion,random,2,0.3,tucker,"(12,12,3)","(128,128)",0.9723043999401852,C:\Users\mrkys\workspace\NTD-PL\multirun\neurips-lowrank-core\benchmark\cave_hsi_random_id07_seed2_mr0.3_tucker_r12_12_3,0.6997621597782258,2.0,0.01605241700074031,31.082000171965987,-17.10824355884094,35.889191338634184,0.9884749644567287,32.593817059600326,0.01627151019421026,26.285551588016574,-17.00786780858771,35.771442747562936,0.988200181643721,33.09396974823123
cave_hsi,8,random-missing-completion,random,2,0.3,ntdpl,"(12,12,3)","(128,128)",5.086594699998386,C:\Users\mrkys\workspace\NTD-PL\multirun\neurips-lowrank-core\run\cave_hsi_random_id08_seed2_mr0.3_ntdpl_r12_12_3,0.6997621597782258,2.0,0.04417089372873306,20.560764189273314,-13.885703877783799,27.09727640831502,0.9694802591923362,35.561881541288,0.04472628980875015,17.693113714493492,-13.73000888949159,26.98874277821225,0.9684193048577197,36.274731029307866
cave_hsi,8,random-missing-completion,random,2,0.3,softimpute,"(12,12,3)","(128,128)",7.506926800007932,C:\Users\mrkys\workspace\NTD-PL\multirun\neurips-lowrank-core\benchmark\cave_hsi_random_id08_seed2_mr0.3_softimpute_r12_12_3,0.6997621597782258,2.0,0.028737226501107216,11.455503414957313,-17.61952998045477,30.8311028059996,0.9866883816605911,23.358056853819246,0.052445974200963974,13.754759895081637,-12.347022736194809,25.605757078938105,0.9482604479840944,42.9789815330623
cave_hsi,8,random-missing-completion,random,2,0.3,tucker,"(12,12,3)","(128,128)",0.993010500096716,C:\Users\mrkys\workspace\NTD-PL\multirun\neurips-lowrank-core\benchmark\cave_hsi_random_id08_seed2_mr0.3_tucker_r12_12_3,0.6997621597782258,2.0,0.05075459500348717,26.70361217123147,-12.678920064028677,25.890492666591662,0.9595246534732657,41.304944783818165,0.051312082991457716,24.104149805222132,-12.536873014928611,25.795607099862824,0.9582700789963836,42.05211966680406
cave_hsi,9,random-missing-completion,random,2,0.3,ntdpl,"(12,12,3)","(128,128)",4.68228970002383,C:\Users\mrkys\workspace\NTD-PL\multirun\neurips-lowrank-core\run\cave_hsi_random_id09_seed2_mr0.3_ntdpl_r12_12_3,0.6997621597782258,2.0,0.031551096588373184,25.84189396840228,-14.555739505380439,30.019710947608445,0.9769699818478157,39.697758507284114,0.032075028866529465,21.03144050159961,-14.458571666628275,29.876659137622987,0.9764321278405084,39.94484769801663
cave_hsi,9,random-missing-completion,random,2,0.3,softimpute,"(12,12,3)","(128,128)",8.052613899926655,C:\Users\mrkys\workspace\NTD-PL\multirun\neurips-lowrank-core\benchmark\cave_hsi_random_id09_seed2_mr0.3_softimpute_r12_12_3,0.6997621597782258,2.0,0.02139398455619812,14.314008364809418,-17.930195332299093,33.394166488275935,0.9889075625609004,25.837741612395032,0.039044417440891266,16.103237312661776,-12.750733226707304,28.16882076121444,0.9571403709505494,46.91484243508801
cave_hsi,9,random-missing-completion,random,2,0.3,tucker,"(12,12,3)","(128,128)",0.9648482999764383,C:\Users\mrkys\workspace\NTD-PL\multirun\neurips-lowrank-core\benchmark\cave_hsi_random_id09_seed2_mr0.3_tucker_r12_12_3,0.6997621597782258,2.0,0.03488529362188168,33.74054765416871,-13.683180931997814,29.14715234615693,0.9717620580253102,44.01005473943238,0.035361690576987376,30.14947333623153,-13.6112522393246,29.029339606942862,0.9712635601186753,44.152978905722705
cave_hsi,10,random-missing-completion,random,2,0.3,ntdpl,"(12,12,3)","(128,128)",4.758817100082524,C:\Users\mrkys\workspace\NTD-PL\multirun\neurips-lowrank-core\run\cave_hsi_random_id10_seed2_mr0.3_ntdpl_r12_12_3,0.6997621597782258,2.0,0.03038044460117817,18.812349260684485,-15.829437806443591,30.348117265300516,0.9787573336255128,25.95014463963419,0.030945025384426117,15.736601693593144,-15.691551826475024,30.18818311969021,0.9780933615890183,26.443550203245785
cave_hsi,10,random-missing-completion,random,2,0.3,softimpute,"(12,12,3)","(128,128)",7.980253399931826,C:\Users\mrkys\workspace\NTD-PL\multirun\neurips-lowrank-core\benchmark\cave_hsi_random_id10_seed2_mr0.3_softimpute_r12_12_3,0.6997621597782258,2.0,0.02237778529524803,8.44881953387829,-18.484978584346496,33.00365785254328,0.9880654567976991,19.820186286729637,0.040839873254299164,10.663364944968489,-13.281680514186,27.778312125481786,0.9548824692398463,36.15321485659402
cave_hsi,10,random-missing-completion,random,2,0.3,tucker,"(12,12,3)","(128,128)",0.9705087000038475,C:\Users\mrkys\workspace\NTD-PL\multirun\neurips-lowrank-core\benchmark\cave_hsi_random_id10_seed2_mr0.3_tucker_r12_12_3,0.6997621597782258,2.0,0.033293767454820856,18.81253349093756,-15.034061835237033,29.55274116369612,0.9744619691704195,28.853008489249397,0.033994397313526985,15.748980073074076,-14.875221731957037,29.371853080519426,0.9735314405635476,29.437665311409138
cave_hsi,11,random-missing-completion,random,2,0.3,ntdpl,"(12,12,3)","(128,128)",4.719016799936071,C:\Users\mrkys\workspace\NTD-PL\multirun\neurips-lowrank-core\run\cave_hsi_random_id11_seed2_mr0.3_ntdpl_r12_12_3,0.6997621597782258,2.0,0.06066738814115524,17.769700715000432,-11.885111281631893,24.34089370061423,0.9302235966150985,38.58646839046088,0.06137717887759209,15.916792492958601,-11.801354541134092,24.239861921432638,0.9288458730206155,38.93915144646958
cave_hsi,11,random-missing-completion,random,2,0.3,softimpute,"(12,12,3)","(128,128)",7.27622280002106,C:\Users\mrkys\workspace\NTD-PL\multirun\neurips-lowrank-core\benchmark\cave_hsi_random_id11_seed2_mr0.3_softimpute_r12_12_3,0.6997621597782258,2.0,0.032664474099874496,9.651806680181032,-17.262703729144796,29.718486053285126,0.9797828395270616,20.453238606530455,0.05961327627301216,11.379298435120388,-12.05463313629425,24.49314032622363,0.9204744580972147,37.264299072279044
cave_hsi,11,random-missing-completion,random,2,0.3,tucker,"(12,12,3)","(128,128)",0.9632458999985829,C:\Users\mrkys\workspace\NTD-PL\multirun\neurips-lowrank-core\benchmark\cave_hsi_random_id11_seed2_mr0.3_tucker_r12_12_3,0.6997621597782258,2.0,0.06761418548969755,19.223306392104234,-10.943460933789673,23.39924358602033,0.911910168948506,43.26881930237141,0.06825165573204653,17.84112604210174,-10.87922885335339,23.31773617026599,0.9105142926191276,43.55352663677624
cave_hsi,12,random-missing-completion,random,2,0.3,ntdpl,"(12,12,3)","(128,128)",4.637149599962868,C:\Users\mrkys\workspace\NTD-PL\multirun\neurips-lowrank-core\run\cave_hsi_random_id12_seed2_mr0.3_ntdpl_r12_12_3,0.6997621597782258,2.0,0.02299247868359089,8.975652043956838,-24.234217653706626,32.76828438713034,0.9964349257120408,11.276607415510512,0.023234141990542412,7.809066735115774,-24.129116628829085,32.67746747087292,0.9963582273174738,11.43785229502264
cave_hsi,12,random-missing-completion,random,2,0.3,softimpute,"(12,12,3)","(128,128)",5.830406400025822,C:\Users\mrkys\workspace\NTD-PL\multirun\neurips-lowrank-core\benchmark\cave_hsi_random_id12_seed2_mr0.3_softimpute_r12_12_3,0.6997621597782258,2.0,0.027828067541122437,6.560528514518278,-22.576272783810122,31.11033937900448,0.9945919698592598,12.22214733350198,0.05078674107789993,7.523267797482541,-17.336642423502436,25.884993651942988,0.9802431211419004,22.39912925108988
cave_hsi,12,random-missing-completion,random,2,0.3,tucker,"(12,12,3)","(128,128)",0.9711754000745714,C:\Users\mrkys\workspace\NTD-PL\multirun\neurips-lowrank-core\benchmark\cave_hsi_random_id12_seed2_mr0.3_tucker_r12_12_3,0.6997621597782258,2.0,0.029896459347753614,10.689989383350497,-21.95353850451098,30.48760484674471,0.9939608531177064,14.287626653224534,0.030156852590120166,9.308251971716988,-21.863929106539093,30.412279737524752,0.9938544230560782,14.462193177960195
cave_hsi,13,random-missing-completion,random,2,0.3,ntdpl,"(12,12,3)","(128,128)",4.606451099971309,C:\Users\mrkys\workspace\NTD-PL\multirun\neurips-lowrank-core\run\cave_hsi_random_id13_seed2_mr0.3_ntdpl_r12_12_3,0.6997621597782258,2.0,0.03730032593011856,24.090983641547474,-15.582853425650267,28.565746749939652,0.9803390159747449,30.83971653077309,0.03777813911437988,20.44412967026228,-15.470974329748117,28.455188763910076,0.979828383489957,31.263609059595275
cave_hsi,13,random-missing-completion,random,2,0.3,softimpute,"(12,12,3)","(128,128)",7.375637899967842,C:\Users\mrkys\workspace\NTD-PL\multirun\neurips-lowrank-core\benchmark\cave_hsi_random_id13_seed2_mr0.3_softimpute_r12_12_3,0.6997621597782258,2.0,0.026107072830200195,12.860370921315596,-18.681942958321464,31.664836303952292,0.989934675897994,21.549476389605363,0.047645892947912216,14.465506898690192,-13.455276088853864,26.439490576890798,0.961097309392279,39.367474995518414
cave_hsi,13,random-missing-completion,random,2,0.3,tucker,"(12,12,3)","(128,128)",0.9601355999475345,C:\Users\mrkys\workspace\NTD-PL\multirun\neurips-lowrank-core\benchmark\cave_hsi_random_id13_seed2_mr0.3_tucker_r12_12_3,0.6997621597782258,2.0,0.0413691954315487,30.332056265326738,-14.683564799727929,27.66645850789906,0.9757704444826699,34.18352513897608,0.04174554472922265,27.41796955765801,-14.603582880935019,27.58779735103794,0.9753329668497304,34.53072914730381
cave_hsi,14,random-missing-completion,random,2,0.3,ntdpl,"(12,12,3)","(128,128)",4.465511200018227,C:\Users\mrkys\workspace\NTD-PL\multirun\neurips-lowrank-core\run\cave_hsi_random_id14_seed2_mr0.3_ntdpl_r12_12_3,0.6997621597782258,2.0,0.023646334186196327,28.509067482782775,-14.000076396730986,32.524723565015606,0.9754220714253405,47.60960082691811,0.024056993424892426,23.270923357262443,-13.871420311319048,32.37517339856355,0.9746658259562251,47.8809135077207
cave_hsi,14,random-missing-completion,random,2,0.3,softimpute,"(12,12,3)","(128,128)",17.1478753000265,C:\Users\mrkys\workspace\NTD-PL\multirun\neurips-lowrank-core\benchmark\cave_hsi_random_id14_seed2_mr0.3_softimpute_r12_12_3,0.6997621597782258,2.0,0.014558742754161358,10.776050847729618,-18.21287552144056,36.7375225715257,0.9901580133418744,29.91908737784856,0.026569975540041924,13.20749004340168,-13.00842388806728,31.512176844464207,0.9609699785561006,54.301455480365476
cave_hsi,14,random-missing-completion,random,2,0.3,tucker,"(12,12,3)","(128,128)",0.9917527999496087,C:\Users\mrkys\workspace\NTD-PL\multirun\neurips-lowrank-core\benchmark\cave_hsi_random_id14_seed2_mr0.3_tucker_r12_12_3,0.6997621597782258,2.0,0.026974044837254702,27.89040896241795,-12.856431306185943,31.38107849861301,0.9677416161194083,54.96977766788241,0.02715949297723019,23.54907272682563,-12.817814028141312,31.321566837496754,0.9674563192083667,54.9455770569426
cave_hsi,15,random-missing-completion,random,2,0.3,ntdpl,"(12,12,3)","(128,128)",5.800541599979624,C:\Users\mrkys\workspace\NTD-PL\multirun\neurips-lowrank-core\run\cave_hsi_random_id15_seed2_mr0.3_ntdpl_r12_12_3,0.6997621597782258,2.0,0.02702866494655609,25.046241931954327,-15.872269455009643,31.363507683689555,0.9809920858757701,28.703017086002276,0.027419721707701683,19.48037085261735,-15.773704284329666,31.238739174891556,0.9805218199771075,28.895727621477395
cave_hsi,15,random-missing-completion,random,2,0.3,softimpute,"(12,12,3)","(128,128)",8.154671299969777,C:\Users\mrkys\workspace\NTD-PL\multirun\neurips-lowrank-core\benchmark\cave_hsi_random_id15_seed2_mr0.3_softimpute_r12_12_3,0.6997621597782258,2.0,0.0192886833101511,10.04041730420364,-18.802710362360667,34.29394903706051,0.9898930702401225,21.649118843337007,0.03520220145583153,12.7938528713448,-13.603568309854388,29.068603309999013,0.9612988837827364,39.256432205705394
cave_hsi,15,random-missing-completion,random,2,0.3,tucker,"(12,12,3)","(128,128)",0.9552114000543952,C:\Users\mrkys\workspace\NTD-PL\multirun\neurips-lowrank-core\benchmark\cave_hsi_random_id15_seed2_mr0.3_tucker_r12_12_3,0.6997621597782258,2.0,0.029752859418956074,26.31950511339599,-15.038187425243647,30.529425795213704,0.9768901166867984,32.06914140743445,0.030127822497472548,21.083308124900135,-14.955610122862824,30.420645120602433,0.9764026174595427,32.246309502298345
cave_hsi,1,random-missing-completion,random,0,0.5,ntdpl,"(12,12,3)","(128,128)",4.565633099991828,C:\Users\mrkys\workspace\NTD-PL\multirun\neurips-lowrank-core\run\cave_hsi_random_id01_seed0_mr0.5_ntdpl_r12_12_3,0.5002205141129032,0.0,0.023902056738734245,11.79201825046994,-18.950753804017786,32.43129446179316,0.9881811914486734,16.762724471425766,0.024217162281274796,11.114503947570695,-18.830938949009273,32.31753463981339,0.9878640214350227,17.002448032798114
cave_hsi,1,random-missing-completion,random,0,0.5,softimpute,"(12,12,3)","(128,128)",11.686967700021341,C:\Users\mrkys\workspace\NTD-PL\multirun\neurips-lowrank-core\benchmark\cave_hsi_random_id01_seed0_mr0.5_softimpute_r12_12_3,0.5002205141129032,0.0,0.033233340829610825,10.75121204686878,-16.08797875843059,29.568519821296455,0.9749952604067774,23.090420185221415,0.047009412199258804,10.730738062115767,-13.069707548737275,26.556304080919922,0.9443355573047639,32.703196549843476
cave_hsi,1,random-missing-completion,random,0,0.5,tucker,"(12,12,3)","(128,128)",0.9865441999863833,C:\Users\mrkys\workspace\NTD-PL\multirun\neurips-lowrank-core\benchmark\cave_hsi_random_id01_seed0_mr0.5_tucker_r12_12_3,0.5002205141129032,0.0,0.02562251504307043,12.616480451738788,-18.34702391029191,31.827564864411933,0.9864141596821527,17.97685963316256,0.025911516770136412,12.02661562363047,-18.243547260666958,31.730143283610058,0.9861047439575902,18.20807677035044
cave_hsi,2,random-missing-completion,random,0,0.5,ntdpl,"(12,12,3)","(128,128)",5.31863340002019,C:\Users\mrkys\workspace\NTD-PL\multirun\neurips-lowrank-core\run\cave_hsi_random_id02_seed0_mr0.5_ntdpl_r12_12_3,0.5002205141129032,0.0,0.10506895184516907,28.161252931767052,-6.092680701345875,19.570512316614057,0.7665379026250455,95.74603161192715,0.10647828131914139,26.872076786789336,-5.954987358780942,19.454779490129148,0.7589912985729915,96.8454161120843
cave_hsi,2,random-missing-completion,random,0,0.5,softimpute,"(12,12,3)","(128,128)",25.37481900001876,C:\Users\mrkys\workspace\NTD-PL\multirun\neurips-lowrank-core\benchmark\cave_hsi_random_id02_seed0_mr0.5_softimpute_r12_12_3,0.5002205141129032,0.0,0.06536967307329178,19.93815922096052,-10.214642044408597,23.692473197479508,0.9122433281207089,57.01983474590339,0.09246706962585449,21.07450115292614,-7.180465563008523,20.680257457102975,0.7830126540548776,80.75157572702496
cave_hsi,2,random-missing-completion,random,0,0.5,tucker,"(12,12,3)","(128,128)",1.0086580000352114,C:\Users\mrkys\workspace\NTD-PL\multirun\neurips-lowrank-core\benchmark\cave_hsi_random_id02_seed0_mr0.5_tucker_r12_12_3,0.5002205141129032,0.0,0.11157372868626027,30.60990746953408,-5.5709297204306445,19.048761059533554,0.7291810183675808,98.72102109237154,0.11269813719723863,29.6069986595598,-5.461873008339429,18.96166524813664,0.7224982229398705,99.69218780309802
cave_hsi,3,random-missing-completion,random,0,0.5,ntdpl,"(12,12,3)","(128,128)",4.706594099989161,C:\Users\mrkys\workspace\NTD-PL\multirun\neurips-lowrank-core\run\cave_hsi_random_id03_seed0_mr0.5_ntdpl_r12_12_3,0.5002205141129032,0.0,0.04267093911767006,32.70451312559425,-10.005482159127455,27.397356045454906,0.9271687925685985,54.803195630548714,0.043329887092113495,30.437220246382545,-9.892378477919602,27.264248409818954,0.9251926063314827,55.814835394111604
cave_hsi,3,random-missing-completion,random,0,0.5,softimpute,"(12,12,3)","(128,128)",17.86253379995469,C:\Users\mrkys\workspace\NTD-PL\multirun\neurips-lowrank-core\benchmark\cave_hsi_random_id03_seed0_mr0.5_softimpute_r12_12_3,0.5002205141129032,0.0,0.03154193237423897,11.791053379408428,-12.630359908513096,30.0222345913804,0.9573503642544936,46.31654944805133,0.04461686313152313,13.33211451661004,-9.638149023237656,27.010018851003863,0.9019443830719347,65.35880476811201
cave_hsi,3,random-missing-completion,random,0,0.5,tucker,"(12,12,3)","(128,128)",1.0166609000880271,C:\Users\mrkys\workspace\NTD-PL\multirun\neurips-lowrank-core\benchmark\cave_hsi_random_id03_seed0_mr0.5_tucker_r12_12_3,0.5002205141129032,0.0,0.045634407727847624,31.089970181160417,-9.422277577082893,26.81415163290432,0.9154713365645337,61.26667101259715,0.04625686171430688,28.936636402163032,-9.324606552101939,26.696476703418792,0.913476334827491,62.196271018683966
cave_hsi,4,random-missing-completion,random,0,0.5,ntdpl,"(12,12,3)","(128,128)",4.585661999997683,C:\Users\mrkys\workspace\NTD-PL\multirun\neurips-lowrank-core\run\cave_hsi_random_id04_seed0_mr0.5_ntdpl_r12_12_3,0.5002205141129032,0.0,0.04152791202068329,17.533333376101133,-17.0346495597349,27.633197813071305,0.9860240640005244,26.459481290514564,0.04214847832918167,16.707235863877777,-16.88673021091564,27.504361619092247,0.9855543184363681,26.922806527628985
cave_hsi,4,random-missing-completion,random,0,0.5,softimpute,"(12,12,3)","(128,128)",9.901987900026143,C:\Users\mrkys\workspace\NTD-PL\multirun\neurips-lowrank-core\benchmark\cave_hsi_random_id04_seed0_mr0.5_softimpute_r12_12_3,0.5002205141129032,0.0,0.04893908277153969,16.472535221872192,-15.608335400163867,26.206883315463138,0.9783853103929165,30.589540298266236,0.06922557950019836,15.351775379392341,-12.577036181623392,23.194667575086605,0.9510343651181254,43.393195217882315
cave_hsi,4,random-missing-completion,random,0,0.5,tucker,"(12,12,3)","(128,128)",0.97091689996887,C:\Users\mrkys\workspace\NTD-PL\multirun\neurips-lowrank-core\benchmark\cave_hsi_random_id04_seed0_mr0.5_tucker_r12_12_3,0.5002205141129032,0.0,0.04498325252522618,22.16863384407711,-16.340434766314118,26.938982919897807,0.983589895844459,28.379160634408017,0.04547923675775537,21.5285517764637,-16.226105133010577,26.84373664691411,0.9831682228969365,28.762472308249613
cave_hsi,5,random-missing-completion,random,0,0.5,ntdpl,"(12,12,3)","(128,128)",4.320297300000675,C:\Users\mrkys\workspace\NTD-PL\multirun\neurips-lowrank-core\run\cave_hsi_random_id05_seed0_mr0.5_ntdpl_r12_12_3,0.5002205141129032,0.0,0.014245408587157726,27.684321425910667,-21.12864733892342,36.92650206350096,0.9953073322706273,28.259249037240643,0.014518346637487411,24.714532974395112,-20.951155400620834,36.76165706373648,0.9951117655879809,28.4230604053564
cave_hsi,5,random-missing-completion,random,0,0.5,softimpute,"(12,12,3)","(128,128)",15.76870640006382,C:\Users\mrkys\workspace\NTD-PL\multirun\neurips-lowrank-core\benchmark\cave_hsi_random_id05_seed0_mr0.5_softimpute_r12_12_3,0.5002205141129032,0.0,0.021413275972008705,17.08195132441923,-17.588483664065468,33.38633764697854,0.9871031461330253,44.827142200787726,0.030289625748991966,19.601002433157195,-14.56362058680368,30.374121906602,0.9688604304658155,63.294556330501784
cave_hsi,5,random-missing-completion,random,0,0.5,tucker,"(12,12,3)","(128,128)",0.9843759998911992,C:\Users\mrkys\workspace\NTD-PL\multirun\neurips-lowrank-core\benchmark\cave_hsi_random_id05_seed0_mr0.5_tucker_r12_12_3,0.5002205141129032,0.0,0.016366002443508776,31.060582132130392,-19.92329338875863,35.72114776636073,0.9937943948735212,31.408173044660288,0.016633078150268148,27.898785673810508,-19.770045865911246,35.580547438976204,0.9935761739855413,31.566816443068372
cave_hsi,6,random-missing-completion,random,0,0.5,ntdpl,"(12,12,3)","(128,128)",4.414092499995604,C:\Users\mrkys\workspace\NTD-PL\multirun\neurips-lowrank-core\run\cave_hsi_random_id06_seed0_mr0.5_ntdpl_r12_12_3,0.5002205141129032,0.0,0.07689099758863449,11.046989913593633,-10.433525071487264,22.282490333945336,0.8768890545663236,50.65402514736331,0.07768970727920532,10.9442258920989,-10.337069950218927,22.19273021997202,0.874138119418793,51.11394167687814
cave_hsi,6,random-missing-completion,random,0,0.5,softimpute,"(12,12,3)","(128,128)",11.838212599977851,C:\Users\mrkys\workspace\NTD-PL\multirun\neurips-lowrank-core\benchmark\cave_hsi_random_id06_seed0_mr0.5_softimpute_r12_12_3,0.5002205141129032,0.0,0.05612482503056526,10.313067155632837,-13.167935190749674,25.01689995268928,0.9340767241538783,37.921404058772964,0.07938999682664871,11.770354599942642,-10.149023880616877,22.004684212312746,0.8484254441486331,53.64017448260875
cave_hsi,6,random-missing-completion,random,0,0.5,tucker,"(12,12,3)","(128,128)",0.9929137999424711,C:\Users\mrkys\workspace\NTD-PL\multirun\neurips-lowrank-core\benchmark\cave_hsi_random_id06_seed0_mr0.5_tucker_r12_12_3,0.5002205141129032,0.0,0.07833906684086359,11.351478533502867,-10.271466987204011,22.120432119709292,0.8716473815438303,52.527813100574875,0.07905865111701962,11.285516434914005,-10.185351647528611,22.04101199551808,0.8690744912356749,52.91365170807724
cave_hsi,7,random-missing-completion,random,0,0.5,ntdpl,"(12,12,3)","(128,128)",4.267685299972072,C:\Users\mrkys\workspace\NTD-PL\multirun\neurips-lowrank-core\run\cave_hsi_random_id07_seed0_mr0.5_ntdpl_r12_12_3,0.5002205141129032,0.0,0.014965064823627472,25.839935489058114,-17.717480113967415,36.49842826667915,0.990048578254624,30.452175358695495,0.015336633659899235,24.130055444832898,-17.469562250367687,36.28539912358561,0.9894698242837475,31.296340628594493
cave_hsi,7,random-missing-completion,random,0,0.5,softimpute,"(12,12,3)","(128,128)",14.878354200045578,C:\Users\mrkys\workspace\NTD-PL\multirun\neurips-lowrank-core\benchmark\cave_hsi_random_id07_seed0_mr0.5_softimpute_r12_12_3,0.5002205141129032,0.0,0.018634721636772156,19.13857612521982,-15.812594466347258,34.5935425134052,0.9819397793573699,37.56040247865006,0.026359286159276962,19.511802653571877,-12.765490569018887,31.58132677302866,0.9572840355212946,53.37655356974288
cave_hsi,7,random-missing-completion,random,0,0.5,tucker,"(12,12,3)","(128,128)",0.9896906999638304,C:\Users\mrkys\workspace\NTD-PL\multirun\neurips-lowrank-core\benchmark\cave_hsi_random_id07_seed0_mr0.5_tucker_r12_12_3,0.5002205141129032,0.0,0.016147181565944458,28.549301814803286,-17.05711764621643,35.83806542600967,0.9883558106203022,32.71364638400081,0.016511684797352072,26.426635584998575,-16.828335685435846,35.644172210259775,0.987730754800873,33.54555669692906
cave_hsi,8,random-missing-completion,random,0,0.5,ntdpl,"(12,12,3)","(128,128)",4.385202200035565,C:\Users\mrkys\workspace\NTD-PL\multirun\neurips-lowrank-core\run\cave_hsi_random_id08_seed0_mr0.5_ntdpl_r12_12_3,0.5002205141129032,0.0,0.04450025036931038,20.62453435689246,-13.821178712267946,27.032751646291175,0.9689938055803927,35.85665386160171,0.045229487121105194,19.339408208875966,-13.673065423040176,26.891566767590366,0.9679035920261579,36.544491828095346
cave_hsi,8,random-missing-completion,random,0,0.5,softimpute,"(12,12,3)","(128,128)",12.13899429992307,C:\Users\mrkys\workspace\NTD-PL\multirun\neurips-lowrank-core\benchmark\cave_hsi_random_id08_seed0_mr0.5_softimpute_r12_12_3,0.5002205141129032,0.0,0.04372899979352951,15.857939030115723,-13.973036495588108,27.18460925389822,0.9670778429162347,35.48984101561045,0.06185578554868698,16.73204770989787,-10.953891781192837,24.172393513521687,0.9249292736380819,50.32422437991584
cave_hsi,8,random-missing-completion,random,0,0.5,tucker,"(12,12,3)","(128,128)",0.9473769000032917,C:\Users\mrkys\workspace\NTD-PL\multirun\neurips-lowrank-core\benchmark\cave_hsi_random_id08_seed0_mr0.5_tucker_r12_12_3,0.5002205141129032,0.0,0.05091405574757553,26.738659257592182,-12.651673522439534,25.86324612500252,0.9592316484773717,41.45344452503896,0.05162587032968171,25.46805200236362,-12.52415061864756,25.742652275256276,0.9580051666730371,42.17402183554238
cave_hsi,9,random-missing-completion,random,0,0.5,ntdpl,"(12,12,3)","(128,128)",4.326260200003162,C:\Users\mrkys\workspace\NTD-PL\multirun\neurips-lowrank-core\run\cave_hsi_random_id09_seed0_mr0.5_ntdpl_r12_12_3,0.5002205141129032,0.0,0.03182022273540497,25.818992421867136,-14.481963605571806,29.945935214725324,0.976610979692922,40.02246612743335,0.03249967098236084,23.524120590372682,-14.313912818150783,29.762421376330952,0.9756949384229058,40.425899863741584
cave_hsi,9,random-missing-completion,random,0,0.5,softimpute,"(12,12,3)","(128,128)",13.538689699955285,C:\Users\mrkys\workspace\NTD-PL\multirun\neurips-lowrank-core\benchmark\cave_hsi_random_id09_seed0_mr0.5_softimpute_r12_12_3,0.5002205141129032,0.0,0.032782480120658875,19.81088964198682,-14.223192855354423,29.687163710308575,0.9720219675944932,39.70313633931865,0.04637165367603302,20.02101700929859,-11.226440474219919,26.674947969932035,0.9358565094995068,55.83542608722942
cave_hsi,9,random-missing-completion,random,0,0.5,tucker,"(12,12,3)","(128,128)",1.050740099977702,C:\Users\mrkys\workspace\NTD-PL\multirun\neurips-lowrank-core\benchmark\cave_hsi_random_id09_seed0_mr0.5_tucker_r12_12_3,0.5002205141129032,0.0,0.035073339748223714,33.425751175350186,-13.63648614236778,29.10045755652689,0.9715146899524639,44.19133573758868,0.035723460223499204,31.637193312228735,-13.49242160311798,28.9409296277023,0.9705726593814008,44.56381105547178
cave_hsi,10,random-missing-completion,random,0,0.5,ntdpl,"(12,12,3)","(128,128)",4.480277800001204,C:\Users\mrkys\workspace\NTD-PL\multirun\neurips-lowrank-core\run\cave_hsi_random_id10_seed0_mr0.5_ntdpl_r12_12_3,0.5002205141129032,0.0,0.030082860961556435,19.05329596405607,-15.914937786280463,30.43361703600157,0.9792011988859142,25.614858049969047,0.030553210526704788,17.77971896991635,-15.786128264962771,30.298862985007958,0.9786025274991007,26.021730100009812
cave_hsi,10,random-missing-completion,random,0,0.5,softimpute,"(12,12,3)","(128,128)",12.21455200004857,C:\Users\mrkys\workspace\NTD-PL\multirun\neurips-lowrank-core\benchmark\cave_hsi_random_id10_seed0_mr0.5_softimpute_r12_12_3,0.5002205141129032,0.0,0.03443450480699539,12.140573850322408,-14.741443950435489,29.26012329292199,0.9699916682638945,30.712969435809207,0.0487084835767746,13.051219095167976,-11.735173359955237,26.24790755254545,0.9324774385637316,43.420311630866784
cave_hsi,10,random-missing-completion,random,0,0.5,tucker,"(12,12,3)","(128,128)",0.989347800030373,C:\Users\mrkys\workspace\NTD-PL\multirun\neurips-lowrank-core\benchmark\cave_hsi_random_id10_seed0_mr0.5_tucker_r12_12_3,0.5002205141129032,0.0,0.03334989894719903,19.113089613819746,-15.01943022537432,29.5381095538334,0.9743697718535878,28.882731933296807,0.03377793934386862,17.770227972331785,-14.914602263945564,29.427336970305824,0.9737658503207629,29.260978169923074
cave_hsi,11,random-missing-completion,random,0,0.5,ntdpl,"(12,12,3)","(128,128)",4.35125499998685,C:\Users\mrkys\workspace\NTD-PL\multirun\neurips-lowrank-core\run\cave_hsi_random_id11_seed0_mr0.5_ntdpl_r12_12_3,0.5002205141129032,0.0,0.06082836538553238,17.782438592464278,-11.862094638248482,24.317877160508893,0.9298119427925928,38.70244235584997,0.061314333230257034,16.998389176678245,-11.789877091942644,24.248759681843435,0.9285417022933874,38.96098373989136
cave_hsi,11,random-missing-completion,random,0,0.5,softimpute,"(12,12,3)","(128,128)",13.808806199929677,C:\Users\mrkys\workspace\NTD-PL\multirun\neurips-lowrank-core\benchmark\cave_hsi_random_id11_seed0_mr0.5_softimpute_r12_12_3,0.5002205141129032,0.0,0.050524380058050156,13.395872406111389,-13.474197263381875,25.929980134302035,0.9482034857776106,31.621449185639595,0.07146802544593811,13.972522460625116,-10.458881451892408,22.9177643939255,0.8790684069033773,44.646124043613845
cave_hsi,11,random-missing-completion,random,0,0.5,tucker,"(12,12,3)","(128,128)",0.9721568999812007,C:\Users\mrkys\workspace\NTD-PL\multirun\neurips-lowrank-core\benchmark\cave_hsi_random_id11_seed0_mr0.5_tucker_r12_12_3,0.5002205141129032,0.0,0.06775654885808524,19.293551108520514,-10.925191800979784,23.380974453210438,0.9115753646383049,43.473727876415765,0.06822527840113982,18.696945841065183,-10.862211125578687,23.321093669311676,0.9102102466356103,43.71475610928
cave_hsi,12,random-missing-completion,random,0,0.5,ntdpl,"(12,12,3)","(128,128)",4.465194899938069,C:\Users\mrkys\workspace\NTD-PL\multirun\neurips-lowrank-core\run\cave_hsi_random_id12_seed0_mr0.5_ntdpl_r12_12_3,0.5002205141129032,0.0,0.022883528843522072,8.995851247364786,-24.2754736200255,32.809540448739924,0.996468390727671,11.30349595402113,0.023051535710692406,8.482433062114756,-24.20913012377726,32.74600268334368,0.996415978459824,11.391229752509801
cave_hsi,12,random-missing-completion,random,0,0.5,softimpute,"(12,12,3)","(128,128)",12.132206000038423,C:\Users\mrkys\workspace\NTD-PL\multirun\neurips-lowrank-core\benchmark\cave_hsi_random_id12_seed0_mr0.5_softimpute_r12_12_3,0.5002205141129032,0.0,0.04678880423307419,9.695030624000871,-18.063094749032516,26.59716090820542,0.9840360193715175,20.39874189483559,0.06618395447731018,9.618820101243514,-15.048073315325425,23.584945167828884,0.9652742413698154,28.871090794074313
cave_hsi,12,random-missing-completion,random,0,0.5,tucker,"(12,12,3)","(128,128)",1.012278200010769,C:\Users\mrkys\workspace\NTD-PL\multirun\neurips-lowrank-core\benchmark\cave_hsi_random_id12_seed0_mr0.5_tucker_r12_12_3,0.5002205141129032,0.0,0.029914449634981983,10.734682432258076,-21.94831331543451,30.482379657668236,0.9939536782320247,14.336499006740555,0.030088125789388884,10.11657898515291,-21.8952248719016,30.432097278549573,0.9938829689966031,14.429895478012558
cave_hsi,13,random-missing-completion,random,0,0.5,ntdpl,"(12,12,3)","(128,128)",5.33735470008105,C:\Users\mrkys\workspace\NTD-PL\multirun\neurips-lowrank-core\run\cave_hsi_random_id13_seed0_mr0.5_ntdpl_r12_12_3,0.5002205141129032,0.0,0.03764013573527336,24.08807819671613,-15.504082257835865,28.486976073651725,0.9799696298430802,31.09899920979995,0.03826754167675972,22.487164419661134,-15.379151580089868,28.34338859080496,0.9793850916465118,31.56205040251157
cave_hsi,13,random-missing-completion,random,0,0.5,softimpute,"(12,12,3)","(128,128)",12.9641972000245,C:\Users\mrkys\workspace\NTD-PL\multirun\neurips-lowrank-core\benchmark\cave_hsi_random_id13_seed0_mr0.5_softimpute_r12_12_3,0.5002205141129032,0.0,0.04190993309020996,17.393978835183,-14.570767428139984,27.553660640000544,0.9722050751868885,34.58561042649379,0.05928267166018486,17.508372218840016,-11.57720823498593,24.54144489962401,0.9367499238696861,48.882197339974745
cave_hsi,13,random-missing-completion,random,0,0.5,tucker,"(12,12,3)","(128,128)",1.0272432999918237,C:\Users\mrkys\workspace\NTD-PL\multirun\neurips-lowrank-core\benchmark\cave_hsi_random_id13_seed0_mr0.5_tucker_r12_12_3,0.5002205141129032,0.0,0.04151440407691895,29.944144506403823,-14.653130128307101,27.63602383647823,0.97558498199538,34.27646593781283,0.042146822631558604,28.62282654287343,-14.540466545934468,27.50470320872987,0.9749388566740356,34.72471200144804
cave_hsi,14,random-missing-completion,random,0,0.5,ntdpl,"(12,12,3)","(128,128)",7.271275399951264,C:\Users\mrkys\workspace\NTD-PL\multirun\neurips-lowrank-core\run\cave_hsi_random_id14_seed0_mr0.5_ntdpl_r12_12_3,0.5002205141129032,0.0,0.023755647242069244,28.429194113693285,-13.960015282263969,32.484662473261004,0.9751763518410778,48.52694445134689,0.02422054298222065,26.146884176337345,-13.807922265330198,32.31632300264319,0.9742646910095049,49.048944280888634
cave_hsi,14,random-missing-completion,random,0,0.5,softimpute,"(12,12,3)","(128,128)",21.416733199963346,C:\Users\mrkys\workspace\NTD-PL\multirun\neurips-lowrank-core\benchmark\cave_hsi_random_id14_seed0_mr0.5_softimpute_r12_12_3,0.5002205141129032,0.0,0.02293091081082821,15.657447137784835,-14.266926582779085,32.791573417733865,0.9732763752895225,47.24230007946167,0.03243635967373848,16.5607662219388,-11.270957086021562,29.779357677357332,0.9372618104079633,66.61506977474923
cave_hsi,14,random-missing-completion,random,0,0.5,tucker,"(12,12,3)","(128,128)",1.0720835999818519,C:\Users\mrkys\workspace\NTD-PL\multirun\neurips-lowrank-core\benchmark\cave_hsi_random_id14_seed0_mr0.5_tucker_r12_12_3,0.5002205141129032,0.0,0.027067504728889014,27.804030308458515,-12.826388381060859,31.351035573487927,0.9674731901259885,56.70016060407034,0.027460638751030338,25.846178095703035,-12.717386681798192,31.225787300600388,0.9665961064963339,57.27223731744295
cave_hsi,15,random-missing-completion,random,0,0.5,ntdpl,"(12,12,3)","(128,128)",7.895499199978076,C:\Users\mrkys\workspace\NTD-PL\multirun\neurips-lowrank-core\run\cave_hsi_random_id15_seed0_mr0.5_ntdpl_r12_12_3,0.5002205141129032,0.0,0.027162976562976837,25.82511089126602,-15.829214251520916,31.320452638762376,0.98081172673611,28.531812510958186,0.02751280926167965,23.196421500084796,-15.696016389913993,31.209300605643303,0.9802297505121066,28.96212101047465
cave_hsi,15,random-missing-completion,random,0,0.5,softimpute,"(12,12,3)","(128,128)",12.492606499930844,C:\Users\mrkys\workspace\NTD-PL\multirun\neurips-lowrank-core\benchmark\cave_hsi_random_id15_seed0_mr0.5_softimpute_r12_12_3,0.5002205141129032,0.0,0.030285563319921494,14.744306195260545,-14.884048813230562,30.375286958517624,0.9734449638587644,33.928279807890696,0.04283970221877098,16.222242571446817,-11.849786422499202,27.363071218141087,0.9393212565703004,48.14425387489455
cave_hsi,15,random-missing-completion,random,0,0.5,tucker,"(12,12,3)","(128,128)",0.9841537000611424,C:\Users\mrkys\workspace\NTD-PL\multirun\neurips-lowrank-core\benchmark\cave_hsi_random_id15_seed0_mr0.5_tucker_r12_12_3,0.5002205141129032,0.0,0.029902581299939883,27.355672543187353,-14.99458803348629,30.485826403456343,0.9766816837658093,31.93086544741872,0.030244464891560335,24.757641564804693,-14.873797147462879,30.387081899243313,0.9760449459780205,32.34577142252422
cave_hsi,1,random-missing-completion,random,1,0.5,ntdpl,"(12,12,3)","(128,128)",5.994665700010955,C:\Users\mrkys\workspace\NTD-PL\multirun\neurips-lowrank-core\run\cave_hsi_random_id01_seed1_mr0.5_ntdpl_r12_12_3,0.5003169890372984,1.0,0.02389388345181942,11.7846526504025,-18.953724286812005,32.43426477726765,0.9881861451554274,16.76694787066054,0.024091679602861404,11.11579652804863,-18.869577948961012,32.36265825496406,0.9879500405638015,16.929708747367318
cave_hsi,1,random-missing-completion,random,1,0.5,softimpute,"(12,12,3)","(128,128)",12.258830399950966,C:\Users\mrkys\workspace\NTD-PL\multirun\neurips-lowrank-core\benchmark\cave_hsi_random_id01_seed1_mr0.5_softimpute_r12_12_3,0.5003169890372984,1.0,0.03321441262960434,10.759058887917554,-16.09292784555767,29.573468963584993,0.9750373957796827,23.083497144528934,0.04698716849088669,10.768599649360265,-13.067334235349193,26.560414802005678,0.9442756231361271,32.69414099569895
cave_hsi,1,random-missing-completion,random,1,0.5,tucker,"(12,12,3)","(128,128)",1.010432899929583,C:\Users\mrkys\workspace\NTD-PL\multirun\neurips-lowrank-core\benchmark\cave_hsi_random_id01_seed1_mr0.5_tucker_r12_12_3,0.5003169890372984,1.0,0.025621838845500566,12.574430035733213,-18.347253140520024,31.827794094640048,0.9864056465330978,17.98277081121343,0.025814492494770414,11.961954603415405,-18.269647721621016,31.76272817265847,0.9861510323064041,18.134521464161306
cave_hsi,2,random-missing-completion,random,1,0.5,ntdpl,"(12,12,3)","(128,128)",4.383773599984124,C:\Users\mrkys\workspace\NTD-PL\multirun\neurips-lowrank-core\run\cave_hsi_random_id02_seed1_mr0.5_ntdpl_r12_12_3,0.5003169890372984,1.0,0.10484705865383148,28.22287547677464,-6.111043412429104,19.588875071947875,0.7681896776403558,95.724500846933,0.10604255646467209,26.916091936409295,-5.9993262064344135,19.490395866499558,0.7624804119283548,96.5881951102521
cave_hsi,2,random-missing-completion,random,1,0.5,softimpute,"(12,12,3)","(128,128)",53.00423660001252,C:\Users\mrkys\workspace\NTD-PL\multirun\neurips-lowrank-core\benchmark\cave_hsi_random_id02_seed1_mr0.5_softimpute_r12_12_3,0.5003169890372984,1.0,0.0652482733130455,19.906087196909084,-10.230788567612068,23.708619887161152,0.9125464323650267,56.8576919622256,0.09230425208806992,21.061369229727568,-7.204495756233047,20.69556572558184,0.7838677325000825,80.46396915407195
cave_hsi,2,random-missing-completion,random,1,0.5,tucker,"(12,12,3)","(128,128)",1.0945831999415532,C:\Users\mrkys\workspace\NTD-PL\multirun\neurips-lowrank-core\benchmark\cave_hsi_random_id02_seed1_mr0.5_tucker_r12_12_3,0.5003169890372984,1.0,0.11159088107351975,30.84646044159075,-5.569594528948278,19.047425868051185,0.7293009353725165,98.83481622657818,0.11231841984281055,29.7792906086495,-5.499910353799989,18.99098030128953,0.7254844929411459,99.46832935252472
cave_hsi,3,random-missing-completion,random,1,0.5,ntdpl,"(12,12,3)","(128,128)",4.309663500054739,C:\Users\mrkys\workspace\NTD-PL\multirun\neurips-lowrank-core\run\cave_hsi_random_id03_seed1_mr0.5_ntdpl_r12_12_3,0.5003169890372984,1.0,0.043030619621276855,31.995018489306123,-9.93257409998824,27.32444832368366,0.9259465184608118,55.884046911634336,0.04370447248220444,29.87703833068978,-9.79858788221453,27.189482080020625,0.9235321141588491,56.80958658017191
cave_hsi,3,random-missing-completion,random,1,0.5,softimpute,"(12,12,3)","(128,128)",16.70943119993899,C:\Users\mrkys\workspace\NTD-PL\multirun\neurips-lowrank-core\benchmark\cave_hsi_random_id03_seed1_mr0.5_softimpute_r12_12_3,0.5003169890372984,1.0,0.03125103935599327,11.75127191422278,-12.710836502658438,30.102710634047348,0.9581938156632297,45.799081545867125,0.04420965909957886,13.350557028799717,-9.69876196822846,27.089656472468032,0.9033736991439714,64.6554506026751
cave_hsi,3,random-missing-completion,random,1,0.5,tucker,"(12,12,3)","(128,128)",1.0857763999374583,C:\Users\mrkys\workspace\NTD-PL\multirun\neurips-lowrank-core\benchmark\cave_hsi_random_id03_seed1_mr0.5_tucker_r12_12_3,0.5003169890372984,1.0,0.045649108185607176,30.52673321962185,-9.419479995207247,26.81135405102868,0.9153690406782932,61.90724018139154,0.04618116330931205,28.606317664385042,-9.319808178261294,26.710702626968597,0.913271100620251,62.56956246819216
cave_hsi,4,random-missing-completion,random,1,0.5,ntdpl,"(12,12,3)","(128,128)",4.514714699937031,C:\Users\mrkys\workspace\NTD-PL\multirun\neurips-lowrank-core\run\cave_hsi_random_id04_seed1_mr0.5_ntdpl_r12_12_3,0.5003169890372984,1.0,0.04176279157400131,17.494631044186274,-16.985661380996596,27.584209319494185,0.9858642716740578,26.57204117485615,0.04247075319290161,16.641474122491275,-16.847849227612343,27.438200902252138,0.985406695129921,26.981073207309507
cave_hsi,4,random-missing-completion,random,1,0.5,softimpute,"(12,12,3)","(128,128)",9.731535199913196,C:\Users\mrkys\workspace\NTD-PL\multirun\neurips-lowrank-core\benchmark\cave_hsi_random_id04_seed1_mr0.5_softimpute_r12_12_3,0.5003169890372984,1.0,0.04934149235486984,16.487483449628325,-15.537206262815973,26.13575402693189,0.9779948040659164,30.82480822206516,0.06980153918266296,15.350767198907109,-12.532348091965622,23.122699865352576,0.9503935974799489,43.553244209421024
cave_hsi,4,random-missing-completion,random,1,0.5,tucker,"(12,12,3)","(128,128)",0.9788053999654949,C:\Users\mrkys\workspace\NTD-PL\multirun\neurips-lowrank-core\benchmark\cave_hsi_random_id04_seed1_mr0.5_tucker_r12_12_3,0.5003169890372984,1.0,0.04523027536398046,22.42832680132313,-16.29286721124448,26.89141536482817,0.9834060521801293,28.511072699861934,0.04586088404178922,21.786503148593468,-16.180799650378287,26.77115155611186,0.9829651797496355,28.863973342829198
cave_hsi,5,random-missing-completion,random,1,0.5,ntdpl,"(12,12,3)","(128,128)",4.434652699972503,C:\Users\mrkys\workspace\NTD-PL\multirun\neurips-lowrank-core\run\cave_hsi_random_id05_seed1_mr0.5_ntdpl_r12_12_3,0.5003169890372984,1.0,0.014209331013262272,27.690222230333543,-21.150673015125335,36.94852734863887,0.9953313180548395,28.120601554747417,0.014463488012552261,24.755686523989972,-21.0082851108672,36.79453897546081,0.9951752289900239,28.148959175671685
cave_hsi,5,random-missing-completion,random,1,0.5,softimpute,"(12,12,3)","(128,128)",15.406737399986014,C:\Users\mrkys\workspace\NTD-PL\multirun\neurips-lowrank-core\benchmark\cave_hsi_random_id05_seed1_mr0.5_softimpute_r12_12_3,0.5003169890372984,1.0,0.021431270986795425,17.114306157480762,-17.581186961561418,33.379041021879814,0.9870474842284562,45.23412035346654,0.0303180068731308,19.71170771958927,-14.579732760492025,30.365986860300502,0.9688463984010321,63.70283018558198
cave_hsi,5,random-missing-completion,random,1,0.5,tucker,"(12,12,3)","(128,128)",0.9617975000292063,C:\Users\mrkys\workspace\NTD-PL\multirun\neurips-lowrank-core\benchmark\cave_hsi_random_id05_seed1_mr0.5_tucker_r12_12_3,0.5003169890372984,1.0,0.016327938116476193,30.729439325526137,-19.943518708036542,35.74137308563864,0.9938221866554711,31.571941907199015,0.016575376176417567,27.637004320101543,-19.82447786450875,35.61073213087584,0.993650758810723,31.58216076363124
cave_hsi,6,random-missing-completion,random,1,0.5,ntdpl,"(12,12,3)","(128,128)",4.323562400066294,C:\Users\mrkys\workspace\NTD-PL\multirun\neurips-lowrank-core\run\cave_hsi_random_id06_seed1_mr0.5_ntdpl_r12_12_3,0.5003169890372984,1.0,0.07692471146583557,11.075641166213709,-10.429717132522526,22.278682002619938,0.8767310962388338,51.061943366708164,0.07781628519296646,10.947144469655486,-10.32548798655338,22.178589679177357,0.873813607335266,51.71755484849364
cave_hsi,6,random-missing-completion,random,1,0.5,softimpute,"(12,12,3)","(128,128)",11.280643600039184,C:\Users\mrkys\workspace\NTD-PL\multirun\neurips-lowrank-core\benchmark\cave_hsi_random_id06_seed1_mr0.5_softimpute_r12_12_3,0.5003169890372984,1.0,0.05598302558064461,10.296033348337545,-13.189907496371475,25.03887250400294,0.9343835996201388,37.78595924926892,0.07919706404209137,11.716657934925042,-10.17271651358406,22.025818342423626,0.8492844298528459,53.48929557443447
cave_hsi,6,random-missing-completion,random,1,0.5,tucker,"(12,12,3)","(128,128)",1.00139509991277,C:\Users\mrkys\workspace\NTD-PL\multirun\neurips-lowrank-core\benchmark\cave_hsi_random_id06_seed1_mr0.5_tucker_r12_12_3,0.5003169890372984,1.0,0.07837313604362652,11.272526877941353,-10.26769036567141,22.116655498176687,0.8714229144353374,52.80637786779878,0.07918222513653954,11.18910816691023,-10.174344070677348,22.027445962021737,0.868696753564501,53.351579745978526
cave_hsi,7,random-missing-completion,random,1,0.5,ntdpl,"(12,12,3)","(128,128)",4.048003300093114,C:\Users\mrkys\workspace\NTD-PL\multirun\neurips-lowrank-core\run\cave_hsi_random_id07_seed1_mr0.5_ntdpl_r12_12_3,0.5003169890372984,1.0,0.014828451909124851,26.32226708929656,-17.797135994729352,36.57808402668295,0.9902310119336027,30.264799060892845,0.015191111713647842,24.60160250692367,-17.560206286522725,36.36820886384434,0.9896841258877775,31.000042117802124
cave_hsi,7,random-missing-completion,random,1,0.5,softimpute,"(12,12,3)","(128,128)",11.918811800074764,C:\Users\mrkys\workspace\NTD-PL\multirun\neurips-lowrank-core\benchmark\cave_hsi_random_id07_seed1_mr0.5_softimpute_r12_12_3,0.5003169890372984,1.0,0.01880403235554695,19.077227166264535,-15.73403289123043,34.5149805548662,0.9815901566108868,37.760604455779216,0.02660134807229042,19.496598792879674,-12.693924336059348,31.501926393286883,0.9564925854178364,53.54052846576444
cave_hsi,7,random-missing-completion,random,1,0.5,tucker,"(12,12,3)","(128,128)",1.028433799976483,C:\Users\mrkys\workspace\NTD-PL\multirun\neurips-lowrank-core\benchmark\cave_hsi_random_id07_seed1_mr0.5_tucker_r12_12_3,0.5003169890372984,1.0,0.01612891051371549,29.64586861406886,-17.066951572814016,35.84789935260726,0.9883935965216387,32.7839377108389,0.0165268306993295,27.333305921879425,-16.8282059531505,35.63620843584176,0.987740405946572,33.6079441518982
cave_hsi,8,random-missing-completion,random,1,0.5,ntdpl,"(12,12,3)","(128,128)",4.245886699995026,C:\Users\mrkys\workspace\NTD-PL\multirun\neurips-lowrank-core\run\cave_hsi_random_id08_seed1_mr0.5_ntdpl_r12_12_3,0.5003169890372984,1.0,0.044446881860494614,20.5517807703597,-13.831601032954488,27.04317381478215,0.9691210201799036,35.76857472973426,0.045182421803474426,19.257213730732538,-13.670460922373458,26.900610104874808,0.9679438881928863,36.42066658477971
cave_hsi,8,random-missing-completion,random,1,0.5,softimpute,"(12,12,3)","(128,128)",13.636502899928018,C:\Users\mrkys\workspace\NTD-PL\multirun\neurips-lowrank-core\benchmark\cave_hsi_random_id08_seed1_mr0.5_softimpute_r12_12_3,0.5003169890372984,1.0,0.04364197328686714,15.798898700012074,-13.990339851695508,27.201912311950043,0.9672177385670142,35.4089722543981,0.061738643795251846,16.608486171926515,-10.958709339421237,24.188858150370727,0.9249399984079794,50.19006323918447
cave_hsi,8,random-missing-completion,random,1,0.5,tucker,"(12,12,3)","(128,128)",0.9963763999985531,C:\Users\mrkys\workspace\NTD-PL\multirun\neurips-lowrank-core\benchmark\cave_hsi_random_id08_seed1_mr0.5_tucker_r12_12_3,0.5003169890372984,1.0,0.05095962422029469,26.63231226284428,-12.643903060990882,25.85547566355386,0.959229522036444,41.432826793760434,0.051692741823740444,25.358939472999545,-12.501259619420473,25.73140863800007,0.9578579885606354,42.0968622641969
cave_hsi,9,random-missing-completion,random,1,0.5,ntdpl,"(12,12,3)","(128,128)",4.599091700045392,C:\Users\mrkys\workspace\NTD-PL\multirun\neurips-lowrank-core\run\cave_hsi_random_id09_seed1_mr0.5_ntdpl_r12_12_3,0.5003169890372984,1.0,0.0317159928381443,25.849151772432702,-14.510462432494997,29.97443358775982,0.9767423361986943,39.862712382971466,0.03233051672577858,23.474018735322257,-14.339308696464164,29.807746859439494,0.9757984373892413,40.546830665643654
cave_hsi,9,random-missing-completion,random,1,0.5,softimpute,"(12,12,3)","(128,128)",14.451695199939422,C:\Users\mrkys\workspace\NTD-PL\multirun\neurips-lowrank-core\benchmark\cave_hsi_random_id09_seed1_mr0.5_softimpute_r12_12_3,0.5003169890372984,1.0,0.03247280791401863,19.74098953208566,-14.305631861767731,29.769603457994744,0.972578169583995,39.00823209480295,0.04593804478645325,19.92249544711496,-11.288111295387358,26.75654929641543,0.9368577217745516,55.28730678133114
cave_hsi,9,random-missing-completion,random,1,0.5,tucker,"(12,12,3)","(128,128)",1.006891000084579,C:\Users\mrkys\workspace\NTD-PL\multirun\neurips-lowrank-core\benchmark\cave_hsi_random_id09_seed1_mr0.5_tucker_r12_12_3,0.5003169890372984,1.0,0.035021445515860256,33.5935538523043,-13.649347231985667,29.113318646144783,0.9715553840919106,44.111331209291095,0.03559147575598197,31.691786367543042,-13.504641632946646,28.973080082917125,0.9705758755432435,44.777741553055215
cave_hsi,10,random-missing-completion,random,1,0.5,ntdpl,"(12,12,3)","(128,128)",4.615800399915315,C:\Users\mrkys\workspace\NTD-PL\multirun\neurips-lowrank-core\run\cave_hsi_random_id10_seed1_mr0.5_ntdpl_r12_12_3,0.5003169890372984,1.0,0.03004104644060135,19.252308214718,-15.92701928986838,30.445698784275557,0.9792629894676481,25.617796910927616,0.030420195311307907,17.975757037776255,-15.818283398587273,30.336759565084993,0.9787396205162923,25.98920037994542
cave_hsi,10,random-missing-completion,random,1,0.5,softimpute,"(12,12,3)","(128,128)",12.78915510000661,C:\Users\mrkys\workspace\NTD-PL\multirun\neurips-lowrank-core\benchmark\cave_hsi_random_id10_seed1_mr0.5_softimpute_r12_12_3,0.5003169890372984,1.0,0.03421672433614731,12.107687771932955,-14.796551611991669,29.315230822421373,0.9703780564216007,30.467460834962743,0.048405103385448456,13.003345337494066,-11.783700084760016,26.30217666084206,0.933175995961042,43.08853686414152
cave_hsi,10,random-missing-completion,random,1,0.5,tucker,"(12,12,3)","(128,128)",1.021195000037551,C:\Users\mrkys\workspace\NTD-PL\multirun\neurips-lowrank-core\benchmark\cave_hsi_random_id10_seed1_mr0.5_tucker_r12_12_3,0.5003169890372984,1.0,0.033413251201888046,19.265463327976388,-15.002945956537904,29.521625284996986,0.9742907312373289,28.9685292291481,0.03378674811396106,17.850509826789867,-14.90659565439933,29.42507211840811,0.9737218205468107,29.32353785341622
cave_hsi,11,random-missing-completion,random,1,0.5,ntdpl,"(12,12,3)","(128,128)",4.301278300001286,C:\Users\mrkys\workspace\NTD-PL\multirun\neurips-lowrank-core\run\cave_hsi_random_id11_seed1_mr0.5_ntdpl_r12_12_3,0.5003169890372984,1.0,0.06086127832531929,17.796459821885193,-11.857395937612731,24.313178693019417,0.929766597304681,38.72034218845265,0.061271246522665024,16.999658416792755,-11.811631623762018,24.254865520203065,0.9291238873635457,38.98588815081177
cave_hsi,11,random-missing-completion,random,1,0.5,softimpute,"(12,12,3)","(128,128)",12.487720899982378,C:\Users\mrkys\workspace\NTD-PL\multirun\neurips-lowrank-core\benchmark\cave_hsi_random_id11_seed1_mr0.5_softimpute_r12_12_3,0.5003169890372984,1.0,0.050630971789360046,13.378699937184948,-13.45589201125096,25.911674832445204,0.9479325836742839,31.573434742006206,0.071625716984272,13.961150593725751,-10.45538648207046,22.89862067086589,0.8791000752564898,44.642883821424554
cave_hsi,11,random-missing-completion,random,1,0.5,tucker,"(12,12,3)","(128,128)",0.9405605999054387,C:\Users\mrkys\workspace\NTD-PL\multirun\neurips-lowrank-core\benchmark\cave_hsi_random_id11_seed1_mr0.5_tucker_r12_12_3,0.5003169890372984,1.0,0.06775466642023485,19.223237718441926,-10.925433118975292,23.38121577120595,0.911609480547754,43.406603776230526,0.06811681808959662,18.648332373300214,-10.891678731025445,23.33491294478336,0.9111081002302308,43.61515722112169
cave_hsi,12,random-missing-completion,random,1,0.5,ntdpl,"(12,12,3)","(128,128)",4.086291800020263,C:\Users\mrkys\workspace\NTD-PL\multirun\neurips-lowrank-core\run\cave_hsi_random_id12_seed1_mr0.5_ntdpl_r12_12_3,0.5003169890372984,1.0,0.023043377324938774,9.016532962928434,-24.21501097328065,32.74907749329635,0.9964186982837977,11.370325142916084,0.023255841806530952,8.503649588554023,-24.13645242014928,32.66935867040276,0.9963537948268006,11.481984160856747
cave_hsi,12,random-missing-completion,random,1,0.5,softimpute,"(12,12,3)","(128,128)",11.513667899998836,C:\Users\mrkys\workspace\NTD-PL\multirun\neurips-lowrank-core\benchmark\cave_hsi_random_id12_seed1_mr0.5_softimpute_r12_12_3,0.5003169890372984,1.0,0.04724065959453583,9.73760081331205,-17.979614153117666,26.51368033978596,0.9837203660145264,20.60933381416187,0.06682956963777542,9.648208563419644,-14.967720340423869,23.50062617820665,0.9645939179102986,29.188087619820628
cave_hsi,12,random-missing-completion,random,1,0.5,tucker,"(12,12,3)","(128,128)",0.9631693999981508,C:\Users\mrkys\workspace\NTD-PL\multirun\neurips-lowrank-core\benchmark\cave_hsi_random_id12_seed1_mr0.5_tucker_r12_12_3,0.5003169890372984,1.0,0.02992360944887164,10.733288269830734,-21.94565410040012,30.47972044263385,0.9939503120904625,14.369137806520312,0.030125090437557164,10.109710785957663,-21.888526704296197,30.42143281267473,0.9938730915536738,14.493054053878248
cave_hsi,13,random-missing-completion,random,1,0.5,ntdpl,"(12,12,3)","(128,128)",4.2498706000624225,C:\Users\mrkys\workspace\NTD-PL\multirun\neurips-lowrank-core\run\cave_hsi_random_id13_seed1_mr0.5_ntdpl_r12_12_3,0.5003169890372984,1.0,0.037487633526325226,24.107531551073073,-15.539345838749943,28.522239224888484,0.9801270819546206,30.9915864898193,0.0378585010766983,22.547081462470423,-15.43482532167342,28.436731541043635,0.9796370512440232,31.3778880125561
cave_hsi,13,random-missing-completion,random,1,0.5,softimpute,"(12,12,3)","(128,128)",12.404149399953894,C:\Users\mrkys\workspace\NTD-PL\multirun\neurips-lowrank-core\benchmark\cave_hsi_random_id13_seed1_mr0.5_softimpute_r12_12_3,0.5003169890372984,1.0,0.041782937943935394,17.47274991569106,-14.59712690947837,27.580020459518558,0.9724436370922743,34.54820855058185,0.05910874158143997,17.499883541975173,-11.565060101077751,24.56696629793925,0.936767955885677,49.00728860584763
cave_hsi,13,random-missing-completion,random,1,0.5,tucker,"(12,12,3)","(128,128)",0.9750780001049861,C:\Users\mrkys\workspace\NTD-PL\multirun\neurips-lowrank-core\benchmark\cave_hsi_random_id13_seed1_mr0.5_tucker_r12_12_3,0.5003169890372984,1.0,0.04148673333249319,30.28317829133055,-14.658921495719424,27.641815203890552,0.9756140014142304,34.274333248375214,0.04182901517252135,29.001011051816516,-14.568541136949841,27.570447207634125,0.9750948182043981,34.65231775947461
cave_hsi,14,random-missing-completion,random,1,0.5,ntdpl,"(12,12,3)","(128,128)",4.30056170001626,C:\Users\mrkys\workspace\NTD-PL\multirun\neurips-lowrank-core\run\cave_hsi_random_id14_seed1_mr0.5_ntdpl_r12_12_3,0.5003169890372984,1.0,0.02379952371120453,28.49787067551473,-13.943987744239642,32.468634966452505,0.9751043555197195,48.57532602465569,0.024230072274804115,26.16219506784862,-13.79897177300878,32.31290625734209,0.9742697940257932,49.115681886519155
cave_hsi,14,random-missing-completion,random,1,0.5,softimpute,"(12,12,3)","(128,128)",22.28295799996704,C:\Users\mrkys\workspace\NTD-PL\multirun\neurips-lowrank-core\benchmark\cave_hsi_random_id14_seed1_mr0.5_softimpute_r12_12_3,0.5003169890372984,1.0,0.022828437387943268,15.716096093733873,-14.305828947827946,32.83047673765274,0.9736305077675687,46.75988542605594,0.03229452297091484,16.675503983288394,-11.303487923237324,29.817422576073422,0.9382277981410542,65.999409250731
cave_hsi,14,random-missing-completion,random,1,0.5,tucker,"(12,12,3)","(128,128)",1.0171193999703974,C:\Users\mrkys\workspace\NTD-PL\multirun\neurips-lowrank-core\benchmark\cave_hsi_random_id14_seed1_mr0.5_tucker_r12_12_3,0.5003169890372984,1.0,0.027086541846078678,27.968109715981974,-12.820281568506463,31.344928760933534,0.9674859726227887,56.26781220072636,0.02744153238913073,25.990466933017846,-12.71789845836637,31.231832808604835,0.9667389988549743,56.60108426025944
cave_hsi,15,random-missing-completion,random,1,0.5,ntdpl,"(12,12,3)","(128,128)",4.193042099941522,C:\Users\mrkys\workspace\NTD-PL\multirun\neurips-lowrank-core\run\cave_hsi_random_id15_seed1_mr0.5_ntdpl_r12_12_3,0.5003169890372984,1.0,0.027193060144782066,25.595207742342108,-15.819600211111629,31.31083851900771,0.9807566901952353,28.739932291563612,0.02757975272834301,22.949681737280798,-15.706165451040683,31.188192966217684,0.9802272896097601,29.145933971168823
cave_hsi,15,random-missing-completion,random,1,0.5,softimpute,"(12,12,3)","(128,128)",12.829734200029634,C:\Users\mrkys\workspace\NTD-PL\multirun\neurips-lowrank-core\benchmark\cave_hsi_random_id15_seed1_mr0.5_softimpute_r12_12_3,0.5003169890372984,1.0,0.030411163344979286,14.785809326927216,-14.848100957935282,30.339339539042342,0.9731716003805343,34.0775918131642,0.043021515011787415,16.21341047516641,-11.844258343243581,27.326285377463027,0.9390411665408833,48.07164900740805
cave_hsi,15,random-missing-completion,random,1,0.5,tucker,"(12,12,3)","(128,128)",1.0241230999818072,C:\Users\mrkys\workspace\NTD-PL\multirun\neurips-lowrank-core\benchmark\cave_hsi_random_id15_seed1_mr0.5_tucker_r12_12_3,0.5003169890372984,1.0,0.029878855444220163,26.896104306684265,-15.00148248722958,30.492720857199636,0.9766978013438811,32.07256488768959,0.030253057950582696,24.331990191532757,-14.902587157239495,30.384614414317742,0.9761324265839495,32.48001235487569
cave_hsi,1,random-missing-completion,random,2,0.5,ntdpl,"(12,12,3)","(128,128)",4.372504399972968,C:\Users\mrkys\workspace\NTD-PL\multirun\neurips-lowrank-core\run\cave_hsi_random_id01_seed2_mr0.5_ntdpl_r12_12_3,0.4997617660030242,2.0,0.023907190188765526,11.791890529242163,-18.948888599069086,32.42942936869321,0.988177408800701,16.7574701815997,0.024232635274529457,11.123375245075218,-18.798017149229146,32.31198732714953,0.9877666267680003,17.044966952948172
cave_hsi,1,random-missing-completion,random,2,0.5,softimpute,"(12,12,3)","(128,128)",12.449837299995124,C:\Users\mrkys\workspace\NTD-PL\multirun\neurips-lowrank-core\benchmark\cave_hsi_random_id01_seed2_mr0.5_softimpute_r12_12_3,0.4997617660030242,2.0,0.03288785368204117,10.721880704006573,-16.178747875280067,29.65928909493571,0.9755501327025498,22.82481319675485,0.04649937525391579,10.6985660949201,-13.137087863751134,26.651057919686735,0.9452651821956264,32.411018826537465
cave_hsi,1,random-missing-completion,random,2,0.5,tucker,"(12,12,3)","(128,128)",1.028895499999635,C:\Users\mrkys\workspace\NTD-PL\multirun\neurips-lowrank-core\benchmark\cave_hsi_random_id01_seed2_mr0.5_tucker_r12_12_3,0.4997617660030242,2.0,0.025637490898247003,12.627836771881256,-18.341948661992127,31.822489616112154,0.986397567669493,17.976132703427368,0.025884251621546905,12.03701845400628,-18.225317691572332,31.73928774080575,0.9860359039275375,18.216044200117757
cave_hsi,2,random-missing-completion,random,2,0.5,ntdpl,"(12,12,3)","(128,128)",6.998372399946675,C:\Users\mrkys\workspace\NTD-PL\multirun\neurips-lowrank-core\run\cave_hsi_random_id02_seed2_mr0.5_ntdpl_r12_12_3,0.4997617660030242,2.0,0.10494575649499893,28.251947130351873,-6.102871331001926,19.58070217929833,0.7675103168657427,95.80815961678584,0.10613257437944412,26.97596051615558,-5.984573594626519,19.48302603606155,0.761210535294727,96.42657335709514
cave_hsi,2,random-missing-completion,random,2,0.5,softimpute,"(12,12,3)","(128,128)",32.92625510005746,C:\Users\mrkys\workspace\NTD-PL\multirun\neurips-lowrank-core\benchmark\cave_hsi_random_id02_seed2_mr0.5_softimpute_r12_12_3,0.4997617660030242,2.0,0.06529789417982101,19.915737100589762,-10.22418557828696,23.702017146324174,0.9124305326743666,56.678500411775346,0.0923231691122055,21.069701080886162,-7.1953334341734,20.693785971075197,0.7834902384492181,80.31508950042327
cave_hsi,2,random-missing-completion,random,2,0.5,tucker,"(12,12,3)","(128,128)",1.0114658999955282,C:\Users\mrkys\workspace\NTD-PL\multirun\neurips-lowrank-core\benchmark\cave_hsi_random_id02_seed2_mr0.5_tucker_r12_12_3,0.4997617660030242,2.0,0.11160104309523707,30.85004772533847,-5.56880358456688,19.04663492366979,0.7293367505336015,98.86920591590692,0.11230579268553649,29.856410055866164,-5.493504465690471,18.991956848683117,0.7251758321272065,99.2354682567249
cave_hsi,3,random-missing-completion,random,2,0.5,ntdpl,"(12,12,3)","(128,128)",6.5644717999966815,C:\Users\mrkys\workspace\NTD-PL\multirun\neurips-lowrank-core\run\cave_hsi_random_id03_seed2_mr0.5_ntdpl_r12_12_3,0.4997617660030242,2.0,0.043109700083732605,31.820333477452472,-9.916626140134795,27.308499926952223,0.9254401216329404,56.31160437430841,0.04360152408480644,29.728345424540993,-9.819533351185108,27.209966844237794,0.9236386554753545,57.05894393747699
cave_hsi,3,random-missing-completion,random,2,0.5,softimpute,"(12,12,3)","(128,128)",17.82021999999415,C:\Users\mrkys\workspace\NTD-PL\multirun\neurips-lowrank-core\benchmark\cave_hsi_random_id03_seed2_mr0.5_softimpute_r12_12_3,0.4997617660030242,2.0,0.03166059032082558,11.750368618288125,-12.597745890171483,29.989620142942165,0.957011822110953,46.31678466546643,0.04476417228579521,13.391043915348716,-9.5909554202385,26.98138896769319,0.9007240058223702,65.44610911755213
cave_hsi,3,random-missing-completion,random,2,0.5,tucker,"(12,12,3)","(128,128)",1.0782258999533951,C:\Users\mrkys\workspace\NTD-PL\multirun\neurips-lowrank-core\benchmark\cave_hsi_random_id03_seed2_mr0.5_tucker_r12_12_3,0.4997617660030242,2.0,0.04564403865774219,30.49600776150816,-9.420444653806939,26.812318709628368,0.9151688800115811,62.00604911882345,0.046140760208629505,28.604219750611993,-9.327871527969334,26.718305087632235,0.9131523339416441,62.712291015120314
cave_hsi,4,random-missing-completion,random,2,0.5,ntdpl,"(12,12,3)","(128,128)",6.340713599929586,C:\Users\mrkys\workspace\NTD-PL\multirun\neurips-lowrank-core\run\cave_hsi_random_id04_seed2_mr0.5_ntdpl_r12_12_3,0.4997617660030242,2.0,0.04175370931625366,17.541996448849716,-16.98755051922604,27.586098746824675,0.9858674850677999,26.604079958910653,0.04230183735489845,16.68373011779061,-16.88255992139473,27.4728158280533,0.9855073081514647,26.889466943519025
cave_hsi,4,random-missing-completion,random,2,0.5,softimpute,"(12,12,3)","(128,128)",9.877545799943618,C:\Users\mrkys\workspace\NTD-PL\multirun\neurips-lowrank-core\benchmark\cave_hsi_random_id04_seed2_mr0.5_softimpute_r12_12_3,0.4997617660030242,2.0,0.049415186047554016,16.440269232018643,-15.524243404102778,26.122791472294075,0.9779167641876172,30.869267144672918,0.06986697763204575,15.348089275324693,-12.5243045615792,23.114560297045095,0.9502426974771377,43.55573334527969
cave_hsi,4,random-missing-completion,random,2,0.5,tucker,"(12,12,3)","(128,128)",1.0100504000438377,C:\Users\mrkys\workspace\NTD-PL\multirun\neurips-lowrank-core\benchmark\cave_hsi_random_id04_seed2_mr0.5_tucker_r12_12_3,0.4997617660030242,2.0,0.045306185748641294,22.324027590910838,-16.2783018224508,26.876849976034485,0.9833470980989747,28.56441323060431,0.04585202379640693,21.68446394531854,-16.182573919090316,26.772829817451736,0.9829575991515805,28.84795752645275
cave_hsi,5,random-missing-completion,random,2,0.5,ntdpl,"(12,12,3)","(128,128)",6.804400100023486,C:\Users\mrkys\workspace\NTD-PL\multirun\neurips-lowrank-core\run\cave_hsi_random_id05_seed2_mr0.5_ntdpl_r12_12_3,0.4997617660030242,2.0,0.014243356883525848,27.634332753716144,-21.129898462226777,36.92775314989695,0.9953071463615808,28.39417758410805,0.014565316028892994,24.59255242710543,-20.9525392406853,36.733601573541144,0.99511047916725,28.852617087358638
cave_hsi,5,random-missing-completion,random,2,0.5,softimpute,"(12,12,3)","(128,128)",14.473448000033386,C:\Users\mrkys\workspace\NTD-PL\multirun\neurips-lowrank-core\benchmark\cave_hsi_random_id05_seed2_mr0.5_softimpute_r12_12_3,0.4997617660030242,2.0,0.021576756611466408,17.013668394127478,-17.522422357917023,33.320276531015985,0.9868813663154032,46.17916196730816,0.03050687536597252,19.60738832688594,-14.530982919447876,30.31204535576701,0.9685488148584315,65.13701894514573
cave_hsi,5,random-missing-completion,random,2,0.5,tucker,"(12,12,3)","(128,128)",1.0055334999924526,C:\Users\mrkys\workspace\NTD-PL\multirun\neurips-lowrank-core\benchmark\cave_hsi_random_id05_seed2_mr0.5_tucker_r12_12_3,0.4997617660030242,2.0,0.016384460201196917,30.71156590563055,-19.91350286671569,35.71135724431778,0.9937747929910142,31.440643685544163,0.016698842014684367,27.52059822102695,-19.765210461155597,35.546272881323056,0.9935559196598426,31.851137793833118
cave_hsi,6,random-missing-completion,random,2,0.5,ntdpl,"(12,12,3)","(128,128)",7.210222200024873,C:\Users\mrkys\workspace\NTD-PL\multirun\neurips-lowrank-core\run\cave_hsi_random_id06_seed2_mr0.5_ntdpl_r12_12_3,0.4997617660030242,2.0,0.07690585404634476,11.149741692051752,-10.43184709404084,22.280811965139115,0.8766990235693379,50.738460427811304,0.07766752690076828,11.035221909161898,-10.338017709620823,22.195210966610276,0.8743019387173903,51.380524713954124
cave_hsi,6,random-missing-completion,random,2,0.5,softimpute,"(12,12,3)","(128,128)",10.671572600025684,C:\Users\mrkys\workspace\NTD-PL\multirun\neurips-lowrank-core\benchmark\cave_hsi_random_id06_seed2_mr0.5_softimpute_r12_12_3,0.4997617660030242,2.0,0.05599389970302582,10.320487372328133,-13.188220627441837,25.037185812966083,0.9343144125114455,37.71678283454002,0.07916847616434097,11.754654319719139,-10.171761730829232,22.028954637717106,0.849392247007578,53.469565091413116
cave_hsi,6,random-missing-completion,random,2,0.5,tucker,"(12,12,3)","(128,128)",1.0161507999291644,C:\Users\mrkys\workspace\NTD-PL\multirun\neurips-lowrank-core\benchmark\cave_hsi_random_id06_seed2_mr0.5_tucker_r12_12_3,0.4997617660030242,2.0,0.0783309083988333,11.410073311630272,-10.2723716063188,22.121336738824077,0.8714630622553288,52.56672975531944,0.07897739799644012,11.328497449738546,-10.192750604362594,22.04994357415787,0.8693535502711404,53.10275673376209
cave_hsi,7,random-missing-completion,random,2,0.5,ntdpl,"(12,12,3)","(128,128)",6.557872899924405,C:\Users\mrkys\workspace\NTD-PL\multirun\neurips-lowrank-core\run\cave_hsi_random_id07_seed2_mr0.5_ntdpl_r12_12_3,0.4997617660030242,2.0,0.014929455704987049,25.791743945555233,-17.738172871043396,36.519120699226974,0.990093106339007,30.45909084004192,0.015228633768856525,23.989023938081438,-17.605436259404172,36.346781255417355,0.9897830357035594,30.99822414591976
cave_hsi,7,random-missing-completion,random,2,0.5,softimpute,"(12,12,3)","(128,128)",12.258688099915162,C:\Users\mrkys\workspace\NTD-PL\multirun\neurips-lowrank-core\benchmark\cave_hsi_random_id07_seed2_mr0.5_softimpute_r12_12_3,0.4997617660030242,2.0,0.01894395239651203,19.144692910210523,-15.669640505657451,34.4505882267596,0.9813163480510584,38.08890746043615,0.026784414425492287,19.5664756761035,-12.701011910859956,31.442357051510626,0.9566426237379492,53.64926748449962
cave_hsi,7,random-missing-completion,random,2,0.5,tucker,"(12,12,3)","(128,128)",1.0414370999205858,C:\Users\mrkys\workspace\NTD-PL\multirun\neurips-lowrank-core\benchmark\cave_hsi_random_id07_seed2_mr0.5_tucker_r12_12_3,0.4997617660030242,2.0,0.016234537078225954,30.034296659237476,-17.010254032340974,35.79120181213421,0.9882368470218312,32.96846818475239,0.01654770549723479,27.669558822502857,-16.883899606766303,35.625244338639,0.9878938274359972,33.535538386991476
cave_hsi,8,random-missing-completion,random,2,0.5,ntdpl,"(12,12,3)","(128,128)",6.637702099978924,C:\Users\mrkys\workspace\NTD-PL\multirun\neurips-lowrank-core\run\cave_hsi_random_id08_seed2_mr0.5_ntdpl_r12_12_3,0.4997617660030242,2.0,0.04435199499130249,20.573352435356398,-13.85016432186794,27.061736994828493,0.9692373419533497,35.69453876396848,0.04497247561812401,19.25845638546548,-13.722976239930297,26.941064265627244,0.9683334190141437,36.1992436683361
cave_hsi,8,random-missing-completion,random,2,0.5,softimpute,"(12,12,3)","(128,128)",11.949131000088528,C:\Users\mrkys\workspace\NTD-PL\multirun\neurips-lowrank-core\benchmark\cave_hsi_random_id08_seed2_mr0.5_softimpute_r12_12_3,0.4997617660030242,2.0,0.043576665222644806,15.802951811093408,-14.003347103772217,27.214919851662962,0.9672714851474901,35.34636214528884,0.06161203607916832,16.644277227139042,-10.98860129469795,24.20668867641399,0.9253755777426088,50.06299113787735
cave_hsi,8,random-missing-completion,random,2,0.5,tucker,"(12,12,3)","(128,128)",1.0021268000127748,C:\Users\mrkys\workspace\NTD-PL\multirun\neurips-lowrank-core\benchmark\cave_hsi_random_id08_seed2_mr0.5_tucker_r12_12_3,0.4997617660030242,2.0,0.05089495208547761,26.723016006250568,-12.654933200657496,25.866505803220477,0.9592987606781381,41.422971828048055,0.0513942719097334,25.44446577090165,-12.563618112684997,25.78170564212567,0.9584511961531479,41.82771760238088
cave_hsi,9,random-missing-completion,random,2,0.5,ntdpl,"(12,12,3)","(128,128)",6.325864099897444,C:\Users\mrkys\workspace\NTD-PL\multirun\neurips-lowrank-core\run\cave_hsi_random_id09_seed2_mr0.5_ntdpl_r12_12_3,0.4997617660030242,2.0,0.03179517015814781,25.89462069475875,-14.488804843927978,29.952776497284113,0.9766173938559427,40.00947284785716,0.0324515737593174,23.453339020240758,-14.327582482363795,29.775284990423884,0.9757248853695062,40.493113779411146
cave_hsi,9,random-missing-completion,random,2,0.5,softimpute,"(12,12,3)","(128,128)",13.013981500058435,C:\Users\mrkys\workspace\NTD-PL\multirun\neurips-lowrank-core\benchmark\cave_hsi_random_id09_seed2_mr0.5_softimpute_r12_12_3,0.4997617660030242,2.0,0.032694198191165924,19.772942901361006,-14.246614155041286,29.710585613701387,0.9721408716814945,39.45807400571186,0.046225570142269135,19.921225538119092,-11.254651705891025,26.70235443845241,0.9361747405138163,55.64560322747995
cave_hsi,9,random-missing-completion,random,2,0.5,tucker,"(12,12,3)","(128,128)",1.0269107999047264,C:\Users\mrkys\workspace\NTD-PL\multirun\neurips-lowrank-core\benchmark\cave_hsi_random_id09_seed2_mr0.5_tucker_r12_12_3,0.4997617660030242,2.0,0.035052641832754534,33.56930185670694,-13.641613480643,29.105584894802114,0.9714947588203378,44.164317841953434,0.0356378463301285,31.623615084128637,-13.514068417558981,28.9617709833892,0.9706313078097717,44.576686226220744
cave_hsi,10,random-missing-completion,random,2,0.5,ntdpl,"(12,12,3)","(128,128)",7.116800599964336,C:\Users\mrkys\workspace\NTD-PL\multirun\neurips-lowrank-core\run\cave_hsi_random_id10_seed2_mr0.5_ntdpl_r12_12_3,0.4997617660030242,2.0,0.030479000881314278,19.07630671198858,-15.801305974748399,30.319985245455968,0.9786226178940872,26.02503425297238,0.030882135033607483,17.78237271962013,-15.693353185866574,30.205853657444578,0.9780897893292773,26.361928111074306
cave_hsi,10,random-missing-completion,random,2,0.5,softimpute,"(12,12,3)","(128,128)",11.886461099958979,C:\Users\mrkys\workspace\NTD-PL\multirun\neurips-lowrank-core\benchmark\cave_hsi_random_id10_seed2_mr0.5_softimpute_r12_12_3,0.4997617660030242,2.0,0.03419100493192673,12.071958816034748,-14.8030837833462,29.32176309848307,0.9704128438516021,30.486680097159958,0.048341862857341766,12.974785378672234,-11.801031707217266,26.313531923234095,0.9334851356594317,43.08843260538087
cave_hsi,10,random-missing-completion,random,2,0.5,tucker,"(12,12,3)","(128,128)",1.0165840000845492,C:\Users\mrkys\workspace\NTD-PL\multirun\neurips-lowrank-core\benchmark\cave_hsi_random_id10_seed2_mr0.5_tucker_r12_12_3,0.4997617660030242,2.0,0.03346355030404524,19.17110188305781,-14.989880363603628,29.508559692062715,0.974197616988994,28.987636152458094,0.03394731415051286,17.78112004972589,-14.871391046140616,29.383891612208004,0.973485567222737,29.374611134036243
cave_hsi,11,random-missing-completion,random,2,0.5,ntdpl,"(12,12,3)","(128,128)",6.8128373000072315,C:\Users\mrkys\workspace\NTD-PL\multirun\neurips-lowrank-core\run\cave_hsi_random_id11_seed2_mr0.5_ntdpl_r12_12_3,0.4997617660030242,2.0,0.06059912592172623,17.734495604775873,-11.894889880485955,24.350672540850617,0.9304435219341398,38.55368202138908,0.061183467507362366,16.98752983184299,-11.82226978173482,24.26731838765666,0.9293038495787656,38.84939231764315
cave_hsi,11,random-missing-completion,random,2,0.5,softimpute,"(12,12,3)","(128,128)",11.878741200082004,C:\Users\mrkys\workspace\NTD-PL\multirun\neurips-lowrank-core\benchmark\cave_hsi_random_id11_seed2_mr0.5_softimpute_r12_12_3,0.4997617660030242,2.0,0.05064262077212334,13.364365527886903,-13.453893987285126,25.909676386298134,0.947899634249037,31.656287453989947,0.07160242646932602,13.9887724124933,-10.456396721774997,22.901445211049158,0.8789811304479401,44.69250811059506
cave_hsi,11,random-missing-completion,random,2,0.5,tucker,"(12,12,3)","(128,128)",0.9855666999937966,C:\Users\mrkys\workspace\NTD-PL\multirun\neurips-lowrank-core\benchmark\cave_hsi_random_id11_seed2_mr0.5_tucker_r12_12_3,0.4997617660030242,2.0,0.06777363716345854,19.27969854198585,-10.92300148250214,23.3787841347328,0.9115523266624432,43.33640611927714,0.06830706072354806,18.73463156848149,-10.865639468283385,23.31068804209846,0.9104182785933077,43.58444739187066
cave_hsi,12,random-missing-completion,random,2,0.5,ntdpl,"(12,12,3)","(128,128)",6.670637900009751,C:\Users\mrkys\workspace\NTD-PL\multirun\neurips-lowrank-core\run\cave_hsi_random_id12_seed2_mr0.5_ntdpl_r12_12_3,0.4997617660030242,2.0,0.022863471880555153,8.956549183876788,-24.28308979638219,32.81715604175423,0.9964753575368547,11.216944889007591,0.0230858251452446,8.44305122366961,-24.177991997376175,32.733091697650984,0.9963956572902414,11.339612797713425
cave_hsi,12,random-missing-completion,random,2,0.5,softimpute,"(12,12,3)","(128,128)",10.296284099924378,C:\Users\mrkys\workspace\NTD-PL\multirun\neurips-lowrank-core\benchmark\cave_hsi_random_id12_seed2_mr0.5_softimpute_r12_12_3,0.4997617660030242,2.0,0.04699692502617836,9.725591190521424,-18.024544927152068,26.558611012264663,0.9838981700081966,20.525125673588533,0.06644786149263382,9.660152898498708,-14.995280068869771,23.550379837015683,0.9648693627965073,29.093917869997664
cave_hsi,12,random-missing-completion,random,2,0.5,tucker,"(12,12,3)","(128,128)",0.9901523999869823,C:\Users\mrkys\workspace\NTD-PL\multirun\neurips-lowrank-core\benchmark\cave_hsi_random_id12_seed2_mr0.5_tucker_r12_12_3,0.4997617660030242,2.0,0.029951482873643555,10.730259767632226,-21.93756708125737,30.471633423491102,0.9939398894011959,14.30281544365624,0.03015038208962089,10.117690353386221,-21.859043818919073,30.414143595277604,0.9938415475450407,14.415033158324198
cave_hsi,13,random-missing-completion,random,2,0.5,ntdpl,"(12,12,3)","(128,128)",5.93577290000394,C:\Users\mrkys\workspace\NTD-PL\multirun\neurips-lowrank-core\run\cave_hsi_random_id13_seed2_mr0.5_ntdpl_r12_12_3,0.4997617660030242,2.0,0.037786226719617844,24.103533394975862,-15.470435791069095,28.45332971963034,0.9798174763003623,31.198928963637417,0.03827250748872757,22.44334871621752,-15.360670257943955,28.342261189380128,0.9793149745580768,31.632857930549267
cave_hsi,13,random-missing-completion,random,2,0.5,softimpute,"(12,12,3)","(128,128)",13.25849899998866,C:\Users\mrkys\workspace\NTD-PL\multirun\neurips-lowrank-core\benchmark\cave_hsi_random_id13_seed2_mr0.5_softimpute_r12_12_3,0.4997617660030242,2.0,0.04177384078502655,17.45491268343592,-14.599018598097288,27.5819119669433,0.9724209083481109,34.4638819455426,0.05906306579709053,17.565526803835546,-11.592088970340074,24.573680791694322,0.937095696958129,48.8101957110408
cave_hsi,13,random-missing-completion,random,2,0.5,tucker,"(12,12,3)","(128,128)",1.029138799989596,C:\Users\mrkys\workspace\NTD-PL\multirun\neurips-lowrank-core\benchmark\cave_hsi_random_id13_seed2_mr0.5_tucker_r12_12_3,0.4997617660030242,2.0,0.04158962663077967,29.625293577758143,-14.637405861409238,27.620299569580364,0.975509417966711,34.31480186066134,0.041939048440888034,28.30814684279713,-14.56603720162806,27.54762855016491,0.9751258243168183,34.6482823972138
cave_hsi,14,random-missing-completion,random,2,0.5,ntdpl,"(12,12,3)","(128,128)",6.088213699986227,C:\Users\mrkys\workspace\NTD-PL\multirun\neurips-lowrank-core\run\cave_hsi_random_id14_seed2_mr0.5_ntdpl_r12_12_3,0.4997617660030242,2.0,0.02363971434533596,28.592003216084088,-14.002508153106792,32.527155812739444,0.9754572293392595,47.784261915302764,0.023903964087367058,26.231458255872717,-13.88263565283593,32.43060209015627,0.974775187229712,47.906686555292005
cave_hsi,14,random-missing-completion,random,2,0.5,softimpute,"(12,12,3)","(128,128)",17.047996600042097,C:\Users\mrkys\workspace\NTD-PL\multirun\neurips-lowrank-core\benchmark\cave_hsi_random_id14_seed2_mr0.5_softimpute_r12_12_3,0.4997617660030242,2.0,0.02247009053826332,15.676314364457495,-14.443256167805549,32.96790360211681,0.974461871721546,45.85357817199224,0.03176993876695633,16.618680720402143,-11.411706062893154,29.959672426867833,0.9397504235887105,64.79114023404591
cave_hsi,14,random-missing-completion,random,2,0.5,tucker,"(12,12,3)","(128,128)",1.018653400009498,C:\Users\mrkys\workspace\NTD-PL\multirun\neurips-lowrank-core\benchmark\cave_hsi_random_id14_seed2_mr0.5_tucker_r12_12_3,0.4997617660030242,2.0,0.027172990922306395,27.911132357438376,-12.792603933536917,31.317251125963985,0.9672703323456623,55.572883177454536,0.027300816126032502,25.907030765218614,-12.72852115575658,31.27648740077123,0.9667924346273086,55.309387526279764
cave_hsi,15,random-missing-completion,random,2,0.5,ntdpl,"(12,12,3)","(128,128)",4.367956700036302,C:\Users\mrkys\workspace\NTD-PL\multirun\neurips-lowrank-core\run\cave_hsi_random_id15_seed2_mr0.5_ntdpl_r12_12_3,0.4997617660030242,2.0,0.027154481038451195,25.084735828629167,-15.831931750315531,31.323170051152548,0.9808255782327523,28.819244874438,0.02758685313165188,22.405815119391022,-15.70086129143707,31.185956797431786,0.9802334402101025,29.168856416453835
cave_hsi,15,random-missing-completion,random,2,0.5,softimpute,"(12,12,3)","(128,128)",11.95013520005159,C:\Users\mrkys\workspace\NTD-PL\multirun\neurips-lowrank-core\benchmark\cave_hsi_random_id15_seed2_mr0.5_softimpute_r12_12_3,0.4997617660030242,2.0,0.03041905164718628,14.68981922309522,-14.84584826518576,30.337086432019124,0.9731540546234109,34.114577700826075,0.04300878942012787,16.16268511366204,-11.843759647272314,27.328855256770154,0.9390291173881671,48.1041714812522
cave_hsi,15,random-missing-completion,random,2,0.5,tucker,"(12,12,3)","(128,128)",1.0288391000358388,C:\Users\mrkys\workspace\NTD-PL\multirun\neurips-lowrank-core\benchmark\cave_hsi_random_id15_seed2_mr0.5_tucker_r12_12_3,0.4997617660030242,2.0,0.029857862135561863,26.3333774767828,-15.007587461759094,30.49882583172915,0.9767451666355427,32.16331225687043,0.030261272730469815,23.720651197971925,-14.897160558335433,30.382256206893622,0.9761456226729311,32.49728908157514
cave_hsi,1,random-missing-completion,random,0,0.7,ntdpl,"(12,12,3)","(128,128)",5.646575600025244,C:\Users\mrkys\workspace\NTD-PL\multirun\neurips-lowrank-core\run\cave_hsi_random_id01_seed0_mr0.7_ntdpl_r12_12_3,0.2999543220766129,0.0,0.02407585270702839,11.789906357338069,-18.88782548886657,32.368366301293825,0.988015783282878,16.88787975196991,0.02440653368830681,11.501459809874222,-18.777367227101106,32.24987800329694,0.9877238661627423,17.104972116816104
cave_hsi,1,random-missing-completion,random,0,0.7,softimpute,"(12,12,3)","(128,128)",20.753460499923676,C:\Users\mrkys\workspace\NTD-PL\multirun\neurips-lowrank-core\benchmark\cave_hsi_random_id01_seed0_mr0.7_softimpute_r12_12_3,0.2999543220766129,0.0,0.05483495816588402,14.744605065853179,-11.738308771417966,25.218850088611706,0.925056808061564,37.971033268509096,0.06553816795349121,13.850760739732678,-10.197602977305023,23.67011387479505,0.883148938669404,45.361327883879085
cave_hsi,1,random-missing-completion,random,0,0.7,tucker,"(12,12,3)","(128,128)",1.1616416999604553,C:\Users\mrkys\workspace\NTD-PL\multirun\neurips-lowrank-core\benchmark\cave_hsi_random_id01_seed0_mr0.7_tucker_r12_12_3,0.2999543220766129,0.0,0.025792719865306204,12.634493536800484,-18.289516220018214,31.770057174138238,0.9862454299384759,18.095704062119164,0.026142500596616013,12.375602542365506,-18.180546716535297,31.65305746795491,0.985917818009797,18.325454638853408
cave_hsi,2,random-missing-completion,random,0,0.7,ntdpl,"(12,12,3)","(128,128)",5.509563999949023,C:\Users\mrkys\workspace\NTD-PL\multirun\neurips-lowrank-core\run\cave_hsi_random_id02_seed0_mr0.7_ntdpl_r12_12_3,0.2999543220766129,0.0,0.10616888105869293,28.286439386315735,-6.002224083846195,19.480055268758427,0.762828482220259,95.99171079403598,0.10787513852119446,27.778566265940498,-5.857607071441083,19.341573024087637,0.7545467994335909,97.213242016942
cave_hsi,2,random-missing-completion,random,0,0.7,softimpute,"(12,12,3)","(128,128)",38.60908259998541,C:\Users\mrkys\workspace\NTD-PL\multirun\neurips-lowrank-core\benchmark\cave_hsi_random_id02_seed0_mr0.7_softimpute_r12_12_3,0.2999543220766129,0.0,0.09036072343587875,24.32798119192055,-7.402574401941853,20.88040618340486,0.8101022456066354,77.147952369959,0.10799819231033325,24.164629912513295,-5.847704226931359,19.33166996958821,0.6835155530827055,92.23969868992427
cave_hsi,2,random-missing-completion,random,0,0.7,tucker,"(12,12,3)","(128,128)",1.1495341000845656,C:\Users\mrkys\workspace\NTD-PL\multirun\neurips-lowrank-core\benchmark\cave_hsi_random_id02_seed0_mr0.7_tucker_r12_12_3,0.2999543220766129,0.0,0.11249767680020364,30.855463062178554,-5.4992975831974364,18.977128922300345,0.7257309600409378,99.10815271383682,0.11379043413821853,30.444786206629406,-5.3939192866240635,18.87788491270341,0.7189439336342562,100.0708903329453
cave_hsi,3,random-missing-completion,random,0,0.7,ntdpl,"(12,12,3)","(128,128)",5.075252200011164,C:\Users\mrkys\workspace\NTD-PL\multirun\neurips-lowrank-core\run\cave_hsi_random_id03_seed0_mr0.7_ntdpl_r12_12_3,0.2999543220766129,0.0,0.043222576379776,32.76694399331197,-9.893913146594034,27.28578718442032,0.925320637255023,55.71552925159347,0.043927934020757675,31.886487956496083,-9.77803716806194,27.145184552641712,0.9233242643200373,56.783622792108325
cave_hsi,3,random-missing-completion,random,0,0.7,softimpute,"(12,12,3)","(128,128)",24.784517600084655,C:\Users\mrkys\workspace\NTD-PL\multirun\neurips-lowrank-core\benchmark\cave_hsi_random_id03_seed0_mr0.7_softimpute_r12_12_3,0.2999543220766129,0.0,0.047385819256305695,15.557762941939927,-9.095158274751006,26.48703242330835,0.8910398539082879,69.2041067412102,0.05663503706455231,14.579178078650578,-7.571148977511481,24.938296209491693,0.8263985897582274,82.5781302431378
cave_hsi,3,random-missing-completion,random,0,0.7,tucker,"(12,12,3)","(128,128)",1.1936340000247583,C:\Users\mrkys\workspace\NTD-PL\multirun\neurips-lowrank-core\benchmark\cave_hsi_random_id03_seed0_mr0.7_tucker_r12_12_3,0.2999543220766129,0.0,0.046101773196422106,31.28490209021843,-9.333773347617095,26.725647403438522,0.9137649357009261,61.9472391238754,0.046782082923973616,30.43557272624868,-9.231261657327238,26.598408911653422,0.9117050619240459,62.95735283986649
cave_hsi,4,random-missing-completion,random,0,0.7,ntdpl,"(12,12,3)","(128,128)",4.955863400013186,C:\Users\mrkys\workspace\NTD-PL\multirun\neurips-lowrank-core\run\cave_hsi_random_id04_seed0_mr0.7_ntdpl_r12_12_3,0.2999543220766129,0.0,0.04248571768403053,17.598947570010964,-16.83659260151827,27.435141197839393,0.9853614976427751,27.05468106680583,0.04310819134116173,17.27361853855485,-16.708319789571128,27.30880428839157,0.9849273935146986,27.458130683749975
cave_hsi,4,random-missing-completion,random,0,0.7,softimpute,"(12,12,3)","(128,128)",18.607489399961196,C:\Users\mrkys\workspace\NTD-PL\multirun\neurips-lowrank-core\benchmark\cave_hsi_random_id04_seed0_mr0.7_softimpute_r12_12_3,0.2999543220766129,0.0,0.07161127030849457,19.876901592020655,-12.301824617932658,22.900372665989558,0.9478620744201618,44.80695508469667,0.08558904379606247,16.715940082851752,-10.751151716595711,21.351636452172905,0.9175907596710046,53.57488151625777
cave_hsi,4,random-missing-completion,random,0,0.7,tucker,"(12,12,3)","(128,128)",1.1635811000596732,C:\Users\mrkys\workspace\NTD-PL\multirun\neurips-lowrank-core\benchmark\cave_hsi_random_id04_seed0_mr0.7_tucker_r12_12_3,0.2999543220766129,0.0,0.0458160663623941,22.38722886669212,-16.181095863203517,26.779644016787202,0.982961134143643,28.90060803182259,0.04638851201557192,22.150428251415974,-16.071306521685777,26.67179115871749,0.9825296960987528,29.26717989153741
cave_hsi,5,random-missing-completion,random,0,0.7,ntdpl,"(12,12,3)","(128,128)",4.653619099990465,C:\Users\mrkys\workspace\NTD-PL\multirun\neurips-lowrank-core\run\cave_hsi_random_id05_seed0_mr0.7_ntdpl_r12_12_3,0.2999543220766129,0.0,0.014547865837812424,27.776990609801302,-20.946160024303396,36.74401421646771,0.9951084121485884,28.587719005789275,0.01484265923500061,26.462722316454997,-20.75914291358188,36.569765636623046,0.9948968082219533,28.961390689700806
cave_hsi,5,random-missing-completion,random,0,0.7,softimpute,"(12,12,3)","(128,128)",23.88097109994851,C:\Users\mrkys\workspace\NTD-PL\multirun\neurips-lowrank-core\benchmark\cave_hsi_random_id05_seed0_mr0.7_softimpute_r12_12_3,0.2999543220766129,0.0,0.03670439124107361,22.763996097519716,-12.907784940917386,28.70563940508272,0.9563636424295737,73.18292483050442,0.04386870563030243,23.405365185755002,-11.346280427146343,27.156903191266064,0.9283722181643657,87.51010066319496
cave_hsi,5,random-missing-completion,random,0,0.7,tucker,"(12,12,3)","(128,128)",1.171212900080718,C:\Users\mrkys\workspace\NTD-PL\multirun\neurips-lowrank-core\benchmark\cave_hsi_random_id05_seed0_mr0.7_tucker_r12_12_3,0.2999543220766129,0.0,0.016601501308131494,30.72910232522559,-19.799198343096855,35.597052720698954,0.9936081793682183,31.583953379394664,0.016878567974905032,29.339199484478975,-19.64266532404684,35.45328805821046,0.9933806095257394,31.923176530659187
cave_hsi,6,random-missing-completion,random,0,0.7,ntdpl,"(12,12,3)","(128,128)",4.746258599916473,C:\Users\mrkys\workspace\NTD-PL\multirun\neurips-lowrank-core\run\cave_hsi_random_id06_seed0_mr0.7_ntdpl_r12_12_3,0.2999543220766129,0.0,0.07738661766052246,11.165649905738336,-10.3777178475268,22.226682670952357,0.8753064305720876,50.98247257913855,0.07817166298627853,11.148737807876131,-10.289098778787997,22.139013161385925,0.8725822602868025,51.46728817014022
cave_hsi,6,random-missing-completion,random,0,0.7,softimpute,"(12,12,3)","(128,128)",17.753738999948837,C:\Users\mrkys\workspace\NTD-PL\multirun\neurips-lowrank-core\benchmark\cave_hsi_random_id06_seed0_mr0.7_softimpute_r12_12_3,0.2999543220766129,0.0,0.07769790291786194,13.157444724608169,-10.34284889995201,22.19181385877085,0.8648600725826625,51.17953751741595,0.09286373108625412,13.255096028997656,-8.793162657698367,20.643077644954193,0.7874246321285158,61.125397861844256
cave_hsi,6,random-missing-completion,random,0,0.7,tucker,"(12,12,3)","(128,128)",1.1698791000526398,C:\Users\mrkys\workspace\NTD-PL\multirun\neurips-lowrank-core\benchmark\cave_hsi_random_id06_seed0_mr0.7_tucker_r12_12_3,0.2999543220766129,0.0,0.07891724382988916,11.431672959770625,-10.207596683679892,22.05656181618517,0.8695701164050933,52.96000274802132,0.07961397373409797,11.429867817748809,-10.13029924402445,21.980213976152925,0.867038868795517,53.36715358451324
cave_hsi,7,random-missing-completion,random,0,0.7,ntdpl,"(12,12,3)","(128,128)",4.635325200040825,C:\Users\mrkys\workspace\NTD-PL\multirun\neurips-lowrank-core\run\cave_hsi_random_id07_seed0_mr0.7_ntdpl_r12_12_3,0.2999543220766129,0.0,0.01542686764150858,26.478291831693404,-17.453497167035284,36.23444517400768,0.9894305112134387,31.42559026648879,0.015853671357035637,25.770069458041462,-17.202693808521307,35.99740336141456,0.9888099934445644,32.28694917088857
cave_hsi,7,random-missing-completion,random,0,0.7,softimpute,"(12,12,3)","(128,128)",27.431373499915935,C:\Users\mrkys\workspace\NTD-PL\multirun\neurips-lowrank-core\benchmark\cave_hsi_random_id07_seed0_mr0.7_softimpute_r12_12_3,0.2999543220766129,0.0,0.028733614832162857,23.57752642576329,-12.051246651939834,30.832194831455254,0.9499612671729971,58.4532928444958,0.034342117607593536,21.93888116354881,-10.48874915476218,29.283458617638605,0.9184412330053121,69.98951152675326
cave_hsi,7,random-missing-completion,random,0,0.7,tucker,"(12,12,3)","(128,128)",1.2190554999979213,C:\Users\mrkys\workspace\NTD-PL\multirun\neurips-lowrank-core\benchmark\cave_hsi_random_id07_seed0_mr0.7_tucker_r12_12_3,0.2999543220766129,0.0,0.01659019671167356,30.262953437028465,-16.822021509619642,35.60296928941288,0.9877057098165039,33.72969488274617,0.016992495108020842,29.29060699343727,-16.600147601988493,35.3948569286994,0.9870717880912262,34.56737069235704
cave_hsi,8,random-missing-completion,random,0,0.7,ntdpl,"(12,12,3)","(128,128)",4.235279300017282,C:\Users\mrkys\workspace\NTD-PL\multirun\neurips-lowrank-core\run\cave_hsi_random_id08_seed0_mr0.7_ntdpl_r12_12_3,0.2999543220766129,0.0,0.045080073177814484,20.671170083831736,-13.708735231701315,26.92030790160787,0.9681628098334742,36.312996273902364,0.04574333876371384,20.135590952682193,-13.58632503894614,26.793442563148897,0.9672276747400316,36.84906716157201
cave_hsi,8,random-missing-completion,random,0,0.7,softimpute,"(12,12,3)","(128,128)",20.999033999978565,C:\Users\mrkys\workspace\NTD-PL\multirun\neurips-lowrank-core\benchmark\cave_hsi_random_id08_seed0_mr0.7_softimpute_r12_12_3,0.2999543220766129,0.0,0.065579853951931,20.751472629032072,-10.453017958446688,23.664590685066024,0.917185548464301,53.18619419347419,0.07838036864995956,20.26736460997489,-8.908736770178333,22.115854471249374,0.8688037609289779,63.52964127278198
cave_hsi,8,random-missing-completion,random,0,0.7,tucker,"(12,12,3)","(128,128)",1.123482699971646,C:\Users\mrkys\workspace\NTD-PL\multirun\neurips-lowrank-core\benchmark\cave_hsi_random_id08_seed0_mr0.7_tucker_r12_12_3,0.2999543220766129,0.0,0.05133553976267096,26.66352648974226,-12.580064742831043,25.791637345394026,0.958513896737905,41.77111227381234,0.051950061873939246,26.105486431656445,-12.481161250416807,25.68827861699868,0.9575250399174563,42.27410713070551
cave_hsi,9,random-missing-completion,random,0,0.7,ntdpl,"(12,12,3)","(128,128)",4.773044700035825,C:\Users\mrkys\workspace\NTD-PL\multirun\neurips-lowrank-core\run\cave_hsi_random_id09_seed0_mr0.7_ntdpl_r12_12_3,0.2999543220766129,0.0,0.03217639774084091,25.92767823824751,-14.385280681366496,29.84925206190919,0.9761145203229282,40.227129132873365,0.03279467299580574,24.957584986620013,-14.208119899450885,29.6839333516248,0.9751343604425391,40.686102539435694
cave_hsi,9,random-missing-completion,random,0,0.7,softimpute,"(12,12,3)","(128,128)",22.798303099931218,C:\Users\mrkys\workspace\NTD-PL\multirun\neurips-lowrank-core\benchmark\cave_hsi_random_id09_seed0_mr0.7_softimpute_r12_12_3,0.2999543220766129,0.0,0.04968864470720291,24.904050578129585,-10.610885382293738,26.074856204810143,0.9275179386670194,60.424577786668664,0.05938735976815224,23.62752873319731,-9.050305866555163,24.526119990993493,0.8839246924825056,72.19667765147491
cave_hsi,9,random-missing-completion,random,0,0.7,tucker,"(12,12,3)","(128,128)",1.2875192000064999,C:\Users\mrkys\workspace\NTD-PL\multirun\neurips-lowrank-core\benchmark\cave_hsi_random_id09_seed0_mr0.7_tucker_r12_12_3,0.2999543220766129,0.0,0.03553673651476631,34.1838541314474,-13.52247774093787,28.986449155096988,0.9707950052223846,44.58308608893628,0.03611949573604242,33.45430941394014,-13.36935252001162,28.845166429951874,0.9697736062269569,45.037610199022325
cave_hsi,10,random-missing-completion,random,0,0.7,ntdpl,"(12,12,3)","(128,128)",6.4895864999853075,C:\Users\mrkys\workspace\NTD-PL\multirun\neurips-lowrank-core\run\cave_hsi_random_id10_seed0_mr0.7_ntdpl_r12_12_3,0.2999543220766129,0.0,0.030506201088428497,19.021253125457807,-15.793557861471934,30.312237181610353,0.9785924060004307,25.922071352446462,0.030961155891418457,18.523010337637807,-15.661179502658856,30.183656351286462,0.9779396616381634,26.315744302384058
cave_hsi,10,random-missing-completion,random,0,0.7,softimpute,"(12,12,3)","(128,128)",20.226922799949534,C:\Users\mrkys\workspace\NTD-PL\multirun\neurips-lowrank-core\benchmark\cave_hsi_random_id10_seed0_mr0.7_softimpute_r12_12_3,0.2999543220766129,0.0,0.053956661373376846,16.336608521398418,-10.840419550623784,25.35909917917945,0.9183979928284606,48.18006800611386,0.06448844075202942,15.73678308653027,-9.287885537006533,23.810362965362796,0.8713935679336255,57.6292481739721
cave_hsi,10,random-missing-completion,random,0,0.7,tucker,"(12,12,3)","(128,128)",1.2085078000091016,C:\Users\mrkys\workspace\NTD-PL\multirun\neurips-lowrank-core\benchmark\cave_hsi_random_id10_seed0_mr0.7_tucker_r12_12_3,0.2999543220766129,0.0,0.033874907201178,19.227391536040912,-14.883758388472648,29.40243771693173,0.9735533240371319,29.246140869244474,0.03429666831770388,18.70262681852119,-14.772483987407137,29.29496133180583,0.9728755722679338,29.616036164412424
cave_hsi,11,random-missing-completion,random,0,0.7,ntdpl,"(12,12,3)","(128,128)",6.871907800086774,C:\Users\mrkys\workspace\NTD-PL\multirun\neurips-lowrank-core\run\cave_hsi_random_id11_seed0_mr0.7_ntdpl_r12_12_3,0.2999543220766129,0.0,0.060552794486284256,17.715527346457158,-11.901533497344834,24.357316144610394,0.9306266943327702,38.64207573668419,0.06112298741936684,17.41356057820562,-11.824418569801324,24.275908824545446,0.9293551322853119,38.933968460617216
cave_hsi,11,random-missing-completion,random,0,0.7,softimpute,"(12,12,3)","(128,128)",20.75236559996847,C:\Users\mrkys\workspace\NTD-PL\multirun\neurips-lowrank-core\benchmark\cave_hsi_random_id11_seed0_mr0.7_softimpute_r12_12_3,0.2999543220766129,0.0,0.07995691895484924,18.553468238196793,-9.48709653766658,21.94287895757674,0.855280186519735,49.64885543210998,0.09556367248296738,18.13373809942207,-7.942652809453361,20.39414274376009,0.7662284324452137,59.23807296941056
cave_hsi,11,random-missing-completion,random,0,0.7,tucker,"(12,12,3)","(128,128)",1.1441924999235198,C:\Users\mrkys\workspace\NTD-PL\multirun\neurips-lowrank-core\benchmark\cave_hsi_random_id11_seed0_mr0.7_tucker_r12_12_3,0.2999543220766129,0.0,0.06818126891915527,19.51014942876028,-10.87091575562648,23.32669840785714,0.9105265697814366,43.70501420067236,0.06872378138026157,19.295312696314486,-10.806368886547368,23.25785904773868,0.9091653379640119,43.9772135975161
cave_hsi,12,random-missing-completion,random,0,0.7,ntdpl,"(12,12,3)","(128,128)",6.086455199983902,C:\Users\mrkys\workspace\NTD-PL\multirun\neurips-lowrank-core\run\cave_hsi_random_id12_seed0_mr0.7_ntdpl_r12_12_3,0.2999543220766129,0.0,0.023001549765467644,9.018316356359762,-24.23079201399797,32.76485847715742,0.9964316380844317,11.352642803389056,0.023206882178783417,8.79778808940948,-24.159277656275385,32.68766446462952,0.9963695220883456,11.43251699857528
cave_hsi,12,random-missing-completion,random,0,0.7,softimpute,"(12,12,3)","(128,128)",20.010524999932386,C:\Users\mrkys\workspace\NTD-PL\multirun\neurips-lowrank-core\benchmark\cave_hsi_random_id12_seed0_mr0.7_softimpute_r12_12_3,0.2999543220766129,0.0,0.0837266594171524,14.748412011583163,-13.008658384668719,21.54272452847648,0.9446818258641476,35.87086978860572,0.10006923973560333,13.639316017050113,-11.465601255792137,19.99398831465983,0.9151695625923711,42.81626821362542
cave_hsi,12,random-missing-completion,random,0,0.7,tucker,"(12,12,3)","(128,128)",1.1166791000869125,C:\Users\mrkys\workspace\NTD-PL\multirun\neurips-lowrank-core\benchmark\cave_hsi_random_id12_seed0_mr0.7_tucker_r12_12_3,0.2999543220766129,0.0,0.03006084656563986,10.798524603271964,-21.905909519568873,30.4399758618026,0.9938927779910323,14.430458170689153,0.03027412239589264,10.534822109823203,-21.850181967478797,30.378568751738108,0.9938090608530183,14.50551201597689
cave_hsi,13,random-missing-completion,random,0,0.7,ntdpl,"(12,12,3)","(128,128)",6.446859699906781,C:\Users\mrkys\workspace\NTD-PL\multirun\neurips-lowrank-core\run\cave_hsi_random_id13_seed0_mr0.7_ntdpl_r12_12_3,0.2999543220766129,0.0,0.0378093495965004,24.23050875749498,-15.465122122925868,28.448015757202686,0.9797959823499576,31.264978761618966,0.03838511183857918,23.588155094534514,-15.344224277364724,28.316743632281973,0.9792182343961539,31.680377697543438
cave_hsi,13,random-missing-completion,random,0,0.7,softimpute,"(12,12,3)","(128,128)",22.563324599992484,C:\Users\mrkys\workspace\NTD-PL\multirun\neurips-lowrank-core\benchmark\cave_hsi_random_id13_seed0_mr0.7_softimpute_r12_12_3,0.2999543220766129,0.0,0.06685072183609009,21.378968764417568,-10.514984336079149,23.497877876934666,0.9206160683776758,55.17265310636513,0.07989928871393204,19.988669548615164,-8.976622620382418,21.94914166311801,0.8739615535071866,65.85984638874206
cave_hsi,13,random-missing-completion,random,0,0.7,tucker,"(12,12,3)","(128,128)",1.1983033999567851,C:\Users\mrkys\workspace\NTD-PL\multirun\neurips-lowrank-core\benchmark\cave_hsi_random_id13_seed0_mr0.7_tucker_r12_12_3,0.2999543220766129,0.0,0.041885483860994374,30.331072857310744,-14.575835556307737,27.55872926447886,0.9751322157524092,34.62417057315256,0.042442991114586714,29.819233561181257,-14.471360915996211,27.44388034707033,0.9745101826333515,35.016046940895734
cave_hsi,14,random-missing-completion,random,0,0.7,ntdpl,"(12,12,3)","(128,128)",8.073835000046529,C:\Users\mrkys\workspace\NTD-PL\multirun\neurips-lowrank-core\run\cave_hsi_random_id14_seed0_mr0.7_ntdpl_r12_12_3,0.2999543220766129,0.0,0.02452787011861801,27.676426194878736,-13.682155724068878,32.206802540607086,0.9735277356274918,49.956902163931275,0.025078345090150833,26.782996133392025,-13.507898855162798,32.01402267427538,0.9724376641182352,50.965047136003484
cave_hsi,14,random-missing-completion,random,0,0.7,softimpute,"(12,12,3)","(128,128)",29.412958400091156,C:\Users\mrkys\workspace\NTD-PL\multirun\neurips-lowrank-core\benchmark\cave_hsi_random_id14_seed0_mr0.7_softimpute_r12_12_3,0.2999543220766129,0.0,0.03634857013821602,22.222512566403672,-10.265605743343002,28.790252966737604,0.9223343942652634,73.54445507311667,0.043443433940410614,21.466935441341132,-8.73539291891164,27.241516752920955,0.8743156045532997,87.81143098340539
cave_hsi,14,random-missing-completion,random,0,0.7,tucker,"(12,12,3)","(128,128)",1.264242900069803,C:\Users\mrkys\workspace\NTD-PL\multirun\neurips-lowrank-core\benchmark\cave_hsi_random_id14_seed0_mr0.7_tucker_r12_12_3,0.2999543220766129,0.0,0.027610926158070502,27.342272943285522,-12.653733317603058,31.178380510030124,0.9661594185421867,57.14570936775105,0.02811755464667083,26.594169446859503,-12.514325207422923,31.020449042629245,0.9650462175233058,58.126937415304184
cave_hsi,15,random-missing-completion,random,0,0.7,ntdpl,"(12,12,3)","(128,128)",9.697268499992788,C:\Users\mrkys\workspace\NTD-PL\multirun\neurips-lowrank-core\run\cave_hsi_random_id15_seed0_mr0.7_ntdpl_r12_12_3,0.2999543220766129,0.0,0.027469461783766747,25.0536320913442,-15.731758611167523,31.2229965739586,0.9803838005246784,29.15255214312073,0.02785630151629448,23.9611918570087,-15.603392101754192,31.10153122315235,0.9797993666735153,29.55376489067457
cave_hsi,15,random-missing-completion,random,0,0.7,softimpute,"(12,12,3)","(128,128)",20.4904790999135,C:\Users\mrkys\workspace\NTD-PL\multirun\neurips-lowrank-core\benchmark\cave_hsi_random_id15_seed0_mr0.7_softimpute_r12_12_3,0.2999543220766129,0.0,0.04778587818145752,20.084244553602467,-10.922770470654484,26.414008869206707,0.9260575485063761,53.283273978670934,0.05711318179965019,20.051617168471875,-9.367133515570202,24.865272655390058,0.8825962335715293,63.742391010441644
cave_hsi,15,random-missing-completion,random,0,0.7,tucker,"(12,12,3)","(128,128)",1.2218405000166968,C:\Users\mrkys\workspace\NTD-PL\multirun\neurips-lowrank-core\benchmark\cave_hsi_random_id15_seed0_mr0.7_tucker_r12_12_3,0.2999543220766129,0.0,0.030109175486852567,26.286634222492097,-14.934784371925547,30.426022741895604,0.9763626230389362,32.38898940149119,0.03047357111881169,25.21104484348667,-14.823393872610463,30.321532979007895,0.9757563244291289,32.757526300350534
cave_hsi,1,random-missing-completion,random,1,0.7,ntdpl,"(12,12,3)","(128,128)",7.262154900003225,C:\Users\mrkys\workspace\NTD-PL\multirun\neurips-lowrank-core\run\cave_hsi_random_id01_seed1_mr0.7_ntdpl_r12_12_3,0.30045835433467744,1.0,0.024061018601059914,11.774231319236753,-18.89317915514472,32.373720404157496,0.9880217980005557,16.865950963784858,0.0243068914860487,11.483946986912423,-18.79380080639144,32.28541187821752,0.9877464214583364,17.070421441553393
cave_hsi,1,random-missing-completion,random,1,0.7,softimpute,"(12,12,3)","(128,128)",20.594442500034347,C:\Users\mrkys\workspace\NTD-PL\multirun\neurips-lowrank-core\benchmark\cave_hsi_random_id01_seed1_mr0.7_softimpute_r12_12_3,0.30045835433467744,1.0,0.05429002270102501,14.68488644838696,-11.825058881818888,25.305600214168813,0.9268019279577956,37.58056089979859,0.06491023302078247,13.800282230836785,-10.262125014504376,23.753735957761997,0.8851909776929463,44.985640493545056
cave_hsi,1,random-missing-completion,random,1,0.7,tucker,"(12,12,3)","(128,128)",1.271625900059007,C:\Users\mrkys\workspace\NTD-PL\multirun\neurips-lowrank-core\benchmark\cave_hsi_random_id01_seed1_mr0.7_tucker_r12_12_3,0.30045835433467744,1.0,0.025853542648558447,12.715349567362669,-18.26905780923173,31.749598763351756,0.986159315472258,18.120851306994744,0.026108190955429118,12.467948253484533,-18.172853314816834,31.664464390652004,0.9858494803674579,18.333174302594713
cave_hsi,2,random-missing-completion,random,1,0.7,ntdpl,"(12,12,3)","(128,128)",7.286529699922539,C:\Users\mrkys\workspace\NTD-PL\multirun\neurips-lowrank-core\run\cave_hsi_random_id02_seed1_mr0.7_ntdpl_r12_12_3,0.30045835433467744,1.0,0.10626040399074554,28.171418648278582,-5.994739835738042,19.472570859167632,0.7623805104853649,96.2671200462685,0.10749045759439468,27.647739472411835,-5.885433388149499,19.372601106266874,0.7567838610566171,97.10816092590593
cave_hsi,2,random-missing-completion,random,1,0.7,softimpute,"(12,12,3)","(128,128)",57.60061289998703,C:\Users\mrkys\workspace\NTD-PL\multirun\neurips-lowrank-core\benchmark\cave_hsi_random_id02_seed1_mr0.7_softimpute_r12_12_3,0.30045835433467744,1.0,0.09020090848207474,24.30949714059275,-7.417950643159555,20.895782058549273,0.8108011031292391,76.89783228560607,0.10784601420164108,24.19052672955853,-5.856749978046406,19.343917802142457,0.6841063819751906,92.10750766557393
cave_hsi,2,random-missing-completion,random,1,0.7,tucker,"(12,12,3)","(128,128)",1.1653505000285804,C:\Users\mrkys\workspace\NTD-PL\multirun\neurips-lowrank-core\benchmark\cave_hsi_random_id02_seed1_mr0.7_tucker_r12_12_3,0.30045835433467744,1.0,0.11298550562393468,31.253406108838647,-5.46171399145761,18.93954533056052,0.7224531780268545,99.57391946305192,0.11386469313345456,30.86252091609277,-5.385050386783447,18.872218398903698,0.7179804349129241,100.24908893059674
cave_hsi,3,random-missing-completion,random,1,0.7,ntdpl,"(12,12,3)","(128,128)",4.047518700012006,C:\Users\mrkys\workspace\NTD-PL\multirun\neurips-lowrank-core\run\cave_hsi_random_id03_seed1_mr0.7_ntdpl_r12_12_3,0.30045835433467744,1.0,0.043528202921152115,32.441468197641015,-9.832711674999683,27.224585639289437,0.9242492285324218,56.78773977696711,0.04412580654025078,31.58141949418654,-9.688220048836762,27.106146589930052,0.9215511607105008,57.81745926672166
cave_hsi,3,random-missing-completion,random,1,0.7,softimpute,"(12,12,3)","(128,128)",24.701683700084686,C:\Users\mrkys\workspace\NTD-PL\multirun\neurips-lowrank-core\benchmark\cave_hsi_random_id03_seed1_mr0.7_softimpute_r12_12_3,0.30045835433467744,1.0,0.04622632637619972,16.26092322666472,-9.31033868127315,26.702212343871686,0.8973103435384459,67.86648112477225,0.05526912584900856,15.636849902092191,-7.7324218007822285,25.15034808746487,0.8342122514197065,81.22245082833223
cave_hsi,3,random-missing-completion,random,1,0.7,tucker,"(12,12,3)","(128,128)",1.439975899993442,C:\Users\mrkys\workspace\NTD-PL\multirun\neurips-lowrank-core\benchmark\cave_hsi_random_id03_seed1_mr0.7_tucker_r12_12_3,0.30045835433467744,1.0,0.04618258042068625,30.617773510072247,-9.318562040742378,26.71043609656381,0.9134634372208542,63.027419859866306,0.04669580847395866,29.86219612105223,-9.196515481211762,26.614442019653268,0.9108663445834425,63.90743165493902
cave_hsi,4,random-missing-completion,random,1,0.7,ntdpl,"(12,12,3)","(128,128)",4.3871926999418065,C:\Users\mrkys\workspace\NTD-PL\multirun\neurips-lowrank-core\run\cave_hsi_random_id04_seed1_mr0.7_ntdpl_r12_12_3,0.30045835433467744,1.0,0.042297519743442535,17.511301846841604,-16.87515384560039,27.473701754216684,0.9854890052244611,26.885526305395956,0.042897455394268036,17.16440885792239,-16.762297095245412,27.35136938709526,0.9851014602504272,27.209439405300813
cave_hsi,4,random-missing-completion,random,1,0.7,softimpute,"(12,12,3)","(128,128)",18.139485400053672,C:\Users\mrkys\workspace\NTD-PL\multirun\neurips-lowrank-core\benchmark\cave_hsi_random_id04_seed1_mr0.7_softimpute_r12_12_3,0.30045835433467744,1.0,0.07195506989955902,19.92507806509717,-12.260223690483604,22.85877157415916,0.9471636233967168,44.999947628232796,0.08603093773126602,16.68807470786152,-10.71783460898988,21.306907317752348,0.916536465698206,53.72470339750014
cave_hsi,4,random-missing-completion,random,1,0.7,tucker,"(12,12,3)","(128,128)",1.1608376000076532,C:\Users\mrkys\workspace\NTD-PL\multirun\neurips-lowrank-core\benchmark\cave_hsi_random_id04_seed1_mr0.7_tucker_r12_12_3,0.30045835433467744,1.0,0.045843359565812036,22.612547239911258,-16.175923110759058,26.774471264342743,0.982939003988743,28.887387900480327,0.046399542007848786,22.35517656589961,-16.080653647558265,26.669726123577245,0.9825540533897733,29.18158904576841
cave_hsi,5,random-missing-completion,random,1,0.7,ntdpl,"(12,12,3)","(128,128)",4.888076900038868,C:\Users\mrkys\workspace\NTD-PL\multirun\neurips-lowrank-core\run\cave_hsi_random_id05_seed1_mr0.7_ntdpl_r12_12_3,0.30045835433467744,1.0,0.014446660876274109,27.665074664131165,-21.006796186631526,36.80465063432487,0.9951739228111413,28.327079843498804,0.014686468057334423,26.314787947398244,-20.877774336537183,36.66165264586981,0.9950288683925428,28.59775062213754
cave_hsi,5,random-missing-completion,random,1,0.7,softimpute,"(12,12,3)","(128,128)",25.321103199967183,C:\Users\mrkys\workspace\NTD-PL\multirun\neurips-lowrank-core\benchmark\cave_hsi_random_id05_seed1_mr0.7_softimpute_r12_12_3,0.30045835433467744,1.0,0.03682966157793999,22.604441561320833,-12.878190612554068,28.676045322955083,0.9557894180567128,72.98582296378613,0.044034283608198166,23.266584360337234,-11.340302767075814,27.124181066548264,0.9277345803904954,87.14726764967973
cave_hsi,5,random-missing-completion,random,1,0.7,tucker,"(12,12,3)","(128,128)",1.191980200004764,C:\Users\mrkys\workspace\NTD-PL\multirun\neurips-lowrank-core\benchmark\cave_hsi_random_id05_seed1_mr0.7_tucker_r12_12_3,0.30045835433467744,1.0,0.016560272363136824,30.68916609924348,-19.820796117340144,35.61865049494224,0.9936417917214696,31.872975704276747,0.016773030390544192,29.294825611706756,-19.72389099283109,35.50776932271948,0.9934983380456756,32.07451864189457
cave_hsi,6,random-missing-completion,random,1,0.7,ntdpl,"(12,12,3)","(128,128)",5.126026399899274,C:\Users\mrkys\workspace\NTD-PL\multirun\neurips-lowrank-core\run\cave_hsi_random_id06_seed1_mr0.7_ntdpl_r12_12_3,0.30045835433467744,1.0,0.07741857320070267,11.212026190778658,-10.374131671951094,22.223096992607697,0.8754901190577706,51.28973869419473,0.07830339670181274,11.159536751941658,-10.277128915973277,22.124388246026573,0.87265384755323,51.857750224899334
cave_hsi,6,random-missing-completion,random,1,0.7,softimpute,"(12,12,3)","(128,128)",17.939738200046122,C:\Users\mrkys\workspace\NTD-PL\multirun\neurips-lowrank-core\benchmark\cave_hsi_random_id06_seed1_mr0.7_softimpute_r12_12_3,0.30045835433467744,1.0,0.0775861144065857,13.157374859857148,-10.355355138508637,22.204320340843786,0.8652095386195227,51.20646985554475,0.0927635133266449,13.23082144305301,-8.80519707384808,20.65245608443697,0.7879915393747284,61.12491169828268
cave_hsi,6,random-missing-completion,random,1,0.7,tucker,"(12,12,3)","(128,128)",1.3767458000220358,C:\Users\mrkys\workspace\NTD-PL\multirun\neurips-lowrank-core\benchmark\cave_hsi_random_id06_seed1_mr0.7_tucker_r12_12_3,0.30045835433467744,1.0,0.07869745351512779,11.375173665466868,-10.231821272974358,22.08078640547964,0.8706095025663962,52.912975285481544,0.07943907486438018,11.34678458480515,-10.152057295389724,21.999316444239973,0.8681517427939621,53.35800429594564
cave_hsi,7,random-missing-completion,random,1,0.7,ntdpl,"(12,12,3)","(128,128)",6.068660999997519,C:\Users\mrkys\workspace\NTD-PL\multirun\neurips-lowrank-core\run\cave_hsi_random_id07_seed1_mr0.7_ntdpl_r12_12_3,0.30045835433467744,1.0,0.015369802713394165,26.488006537882022,-17.485686527715206,36.26663444579262,0.9895018589535345,31.08427203368732,0.015742162242531776,25.73038402277256,-17.264491973869294,36.05871270235019,0.9889513048081341,31.821775773495425
cave_hsi,7,random-missing-completion,random,1,0.7,softimpute,"(12,12,3)","(128,128)",28.08274389989674,C:\Users\mrkys\workspace\NTD-PL\multirun\neurips-lowrank-core\benchmark\cave_hsi_random_id07_seed1_mr0.7_softimpute_r12_12_3,0.30045835433467744,1.0,0.028631487861275673,23.446363047045736,-12.08217377879221,30.86312163438293,0.9502545359996081,58.28365893367662,0.034232381731271744,21.81745753583056,-10.517036258710172,29.311257377976116,0.9188488399674428,69.69945392570384
cave_hsi,7,random-missing-completion,random,1,0.7,tucker,"(12,12,3)","(128,128)",1.4228173999581486,C:\Users\mrkys\workspace\NTD-PL\multirun\neurips-lowrank-core\benchmark\cave_hsi_random_id07_seed1_mr0.7_tucker_r12_12_3,0.30045835433467744,1.0,0.016721198123854034,29.083068267581183,-16.753704365878757,35.534652145672,0.9875175010273453,33.6244920812125,0.017125017015966783,28.102466551925588,-16.533158888465753,35.327379766127606,0.9868633323253452,34.443027512794714
cave_hsi,8,random-missing-completion,random,1,0.7,ntdpl,"(12,12,3)","(128,128)",4.967710500000976,C:\Users\mrkys\workspace\NTD-PL\multirun\neurips-lowrank-core\run\cave_hsi_random_id08_seed1_mr0.7_ntdpl_r12_12_3,0.30045835433467744,1.0,0.045091237872838974,20.618764713016315,-13.706584414181414,26.91815674438045,0.9682386630515877,36.26117325376884,0.04588426649570465,20.046873440900086,-13.549803047170583,26.766723971859555,0.967046530768989,36.87689844123459
cave_hsi,8,random-missing-completion,random,1,0.7,softimpute,"(12,12,3)","(128,128)",22.040420199977234,C:\Users\mrkys\workspace\NTD-PL\multirun\neurips-lowrank-core\benchmark\cave_hsi_random_id08_seed1_mr0.7_softimpute_r12_12_3,0.30045835433467744,1.0,0.06529496610164642,20.718691332758446,-10.490833278035645,23.70240578658228,0.9179914247370858,52.916020446017775,0.07806797325611115,20.179797309791393,-8.933620515913365,22.150541530175467,0.8695714209540697,63.280751906992094
cave_hsi,8,random-missing-completion,random,1,0.7,tucker,"(12,12,3)","(128,128)",1.2002121999394149,C:\Users\mrkys\workspace\NTD-PL\multirun\neurips-lowrank-core\benchmark\cave_hsi_random_id08_seed1_mr0.7_tucker_r12_12_3,0.30045835433467744,1.0,0.05145002832568249,26.87500048440582,-12.560715033472176,25.77228763603516,0.9584930460417814,41.827365912361564,0.05213850482391641,26.29602011360416,-12.439907487828851,25.65682854506962,0.9573045627438023,42.36843870637899
cave_hsi,9,random-missing-completion,random,1,0.7,ntdpl,"(12,12,3)","(128,128)",5.481934899929911,C:\Users\mrkys\workspace\NTD-PL\multirun\neurips-lowrank-core\run\cave_hsi_random_id09_seed1_mr0.7_ntdpl_r12_12_3,0.30045835433467744,1.0,0.03244022652506828,25.79186099409494,-14.314351004210193,29.778322666815356,0.9756923641996971,40.55187897275539,0.032994285225868225,24.743519787353733,-14.169232791650284,29.631225046127987,0.974873993947543,40.98984017025238
cave_hsi,9,random-missing-completion,random,1,0.7,softimpute,"(12,12,3)","(128,128)",22.306329800048843,C:\Users\mrkys\workspace\NTD-PL\multirun\neurips-lowrank-core\benchmark\cave_hsi_random_id09_seed1_mr0.7_softimpute_r12_12_3,0.30045835433467744,1.0,0.0493653304874897,24.822190884867474,-10.667587461365235,26.131558912397228,0.9283032988127861,59.53738577229011,0.05902218446135521,23.506162874864565,-9.117702480051683,24.579694655990416,0.8854274955403388,71.18445817093692
cave_hsi,9,random-missing-completion,random,1,0.7,tucker,"(12,12,3)","(128,128)",1.2821102999150753,C:\Users\mrkys\workspace\NTD-PL\multirun\neurips-lowrank-core\benchmark\cave_hsi_random_id09_seed1_mr0.7_tucker_r12_12_3,0.30045835433467744,1.0,0.035584016125947596,33.4273783392529,-13.510929338253742,28.974900752412857,0.9706829579952293,44.72327593999592,0.036082214258388784,32.590272156023566,-13.392144256252585,28.854136378980716,0.9698860451091866,45.07902165047054
cave_hsi,10,random-missing-completion,random,1,0.7,ntdpl,"(12,12,3)","(128,128)",5.4860549999866635,C:\Users\mrkys\workspace\NTD-PL\multirun\neurips-lowrank-core\run\cave_hsi_random_id10_seed1_mr0.7_ntdpl_r12_12_3,0.30045835433467744,1.0,0.030580444261431694,19.323469363829172,-15.772445013577784,30.29112438530475,0.978546017254922,26.110678999177328,0.031068844720721245,18.797528492427844,-15.629557637345018,30.1534977863925,0.9778448380906302,26.572573006300043
cave_hsi,10,random-missing-completion,random,1,0.7,softimpute,"(12,12,3)","(128,128)",20.555483800009824,C:\Users\mrkys\workspace\NTD-PL\multirun\neurips-lowrank-core\benchmark\cave_hsi_random_id10_seed1_mr0.7_softimpute_r12_12_3,0.30045835433467744,1.0,0.05337214469909668,16.31895690042773,-10.935027546381576,25.45370701097255,0.9202458949175025,47.686421669775456,0.06381280720233917,15.704639499260225,-9.377902323499729,23.901842754565735,0.8741276958243033,57.056075913007206
cave_hsi,10,random-missing-completion,random,1,0.7,tucker,"(12,12,3)","(128,128)",1.2582647999515757,C:\Users\mrkys\workspace\NTD-PL\multirun\neurips-lowrank-core\benchmark\cave_hsi_random_id10_seed1_mr0.7_tucker_r12_12_3,0.30045835433467744,1.0,0.033933041013280936,19.250066522673656,-14.86886503118412,29.3875443596432,0.973515770741082,29.48931113344464,0.03432820293352773,18.659096133171005,-14.763038453611761,29.286978622123176,0.9728854279458998,29.8730645057585
cave_hsi,11,random-missing-completion,random,1,0.7,ntdpl,"(12,12,3)","(128,128)",4.071473199990578,C:\Users\mrkys\workspace\NTD-PL\multirun\neurips-lowrank-core\run\cave_hsi_random_id11_seed1_mr0.7_ntdpl_r12_12_3,0.30045835433467744,1.0,0.06058214232325554,17.790408560472827,-11.897324827009365,24.353107610951405,0.930605857982304,38.70010261533168,0.061139028519392014,17.47914901828441,-11.812351091274744,24.2736292177796,0.929229727951737,39.07927931134238
cave_hsi,11,random-missing-completion,random,1,0.7,softimpute,"(12,12,3)","(128,128)",20.393645100062713,C:\Users\mrkys\workspace\NTD-PL\multirun\neurips-lowrank-core\benchmark\cave_hsi_random_id11_seed1_mr0.7_softimpute_r12_12_3,0.30045835433467744,1.0,0.07939913868904114,18.484231702218658,-9.547901357028381,22.003683739685556,0.8576166914515354,49.20355343053114,0.0949312075972557,18.06249670863397,-7.990541354323366,20.45181948327874,0.7693149811358873,58.86083954693465
cave_hsi,11,random-missing-completion,random,1,0.7,tucker,"(12,12,3)","(128,128)",1.1853345000417903,C:\Users\mrkys\workspace\NTD-PL\multirun\neurips-lowrank-core\benchmark\cave_hsi_random_id11_seed1_mr0.7_tucker_r12_12_3,0.30045835433467744,1.0,0.06815064966439859,19.535917984057285,-10.87481734338159,23.33059999561225,0.9106735520610353,43.63867904840599,0.0686387371408204,19.30566190741208,-10.807336032976231,23.268614310243688,0.9092879276322761,43.9722112964497
cave_hsi,12,random-missing-completion,random,1,0.7,ntdpl,"(12,12,3)","(128,128)",4.676803099922836,C:\Users\mrkys\workspace\NTD-PL\multirun\neurips-lowrank-core\run\cave_hsi_random_id12_seed1_mr0.7_ntdpl_r12_12_3,0.30045835433467744,1.0,0.02295510657131672,8.996564431243339,-24.24834746528635,32.78241409840756,0.9964466748509891,11.323606315610265,0.023167544975876808,8.788658302515366,-24.16660760547225,32.70239968739397,0.9963818198907604,11.456396776634604
cave_hsi,12,random-missing-completion,random,1,0.7,softimpute,"(12,12,3)","(128,128)",18.986694400082342,C:\Users\mrkys\workspace\NTD-PL\multirun\neurips-lowrank-core\benchmark\cave_hsi_random_id12_seed1_mr0.7_softimpute_r12_12_3,0.30045835433467744,1.0,0.08352340757846832,14.729084705267118,-13.029769918410476,21.563836007611975,0.9450006049870934,35.73976055947308,0.09986227005720139,13.628531524647535,-11.476179638786599,20.011971751205163,0.9155096585995968,42.804870990907254
cave_hsi,12,random-missing-completion,random,1,0.7,tucker,"(12,12,3)","(128,128)",1.1491653000703081,C:\Users\mrkys\workspace\NTD-PL\multirun\neurips-lowrank-core\benchmark\cave_hsi_random_id12_seed1_mr0.7_tucker_r12_12_3,0.30045835433467744,1.0,0.030138636972990504,10.802435985471236,-21.883461510731742,30.41752785296547,0.993863763045791,14.466874824209523,0.030315310296059394,10.548426675954028,-21.830967843188954,30.366759642641536,0.9937945076676943,14.590118621129136
cave_hsi,13,random-missing-completion,random,1,0.7,ntdpl,"(12,12,3)","(128,128)",4.048832300002687,C:\Users\mrkys\workspace\NTD-PL\multirun\neurips-lowrank-core\run\cave_hsi_random_id13_seed1_mr0.7_ntdpl_r12_12_3,0.30045835433467744,1.0,0.03772418200969696,24.198784049469605,-15.484709514185138,28.467603220954686,0.9798925307013759,31.198977284417182,0.03805813193321228,23.552619696020603,-15.393305769104582,28.39105094545544,0.979469602105929,31.540505206900793
cave_hsi,13,random-missing-completion,random,1,0.7,softimpute,"(12,12,3)","(128,128)",20.83858700003475,C:\Users\mrkys\workspace\NTD-PL\multirun\neurips-lowrank-core\benchmark\cave_hsi_random_id13_seed1_mr0.7_softimpute_r12_12_3,0.30045835433467744,1.0,0.06600724905729294,21.520746324239656,-10.62527404990443,23.60816734124181,0.9230065948438861,54.53660480747013,0.07891959697008133,20.100613467644862,-9.058557341452136,22.056303084834994,0.8770083930310258,65.33773797944976
cave_hsi,13,random-missing-completion,random,1,0.7,tucker,"(12,12,3)","(128,128)",1.2080165001098067,C:\Users\mrkys\workspace\NTD-PL\multirun\neurips-lowrank-core\benchmark\cave_hsi_random_id13_seed1_mr0.7_tucker_r12_12_3,0.30045835433467744,1.0,0.04178529479484867,30.44638110382753,-14.596636882681882,27.579530590853008,0.9752840500232831,34.533831794501765,0.042119608070803234,29.923446170906438,-14.51256833146169,27.510313572845636,0.9748097483118497,34.88630307472552
cave_hsi,14,random-missing-completion,random,1,0.7,ntdpl,"(12,12,3)","(128,128)",4.5112260999158025,C:\Users\mrkys\workspace\NTD-PL\multirun\neurips-lowrank-core\run\cave_hsi_random_id14_seed1_mr0.7_ntdpl_r12_12_3,0.30045835433467744,1.0,0.02416081167757511,27.886296427279053,-13.813122591665,32.33777041138854,0.9743812572368777,49.371316649840715,0.024683983996510506,26.910040981738533,-13.625717760263461,32.151694029490834,0.973258915048048,50.3549774868323
cave_hsi,14,random-missing-completion,random,1,0.7,softimpute,"(12,12,3)","(128,128)",29.49199959996622,C:\Users\mrkys\workspace\NTD-PL\multirun\neurips-lowrank-core\benchmark\cave_hsi_random_id14_seed1_mr0.7_softimpute_r12_12_3,0.30045835433467744,1.0,0.03603064641356468,22.144909366245173,-10.341911988427482,28.866559109564456,0.9239400119042501,72.58548294798649,0.043078966438770294,21.42811103370284,-8.788717887182449,27.31469485315764,0.876261415685396,86.63727239058045
cave_hsi,14,random-missing-completion,random,1,0.7,tucker,"(12,12,3)","(128,128)",1.2541716999839991,C:\Users\mrkys\workspace\NTD-PL\multirun\neurips-lowrank-core\benchmark\cave_hsi_random_id14_seed1_mr0.7_tucker_r12_12_3,0.30045835433467744,1.0,0.02741936504508371,27.69697101852217,-12.714204936803025,31.23885212923009,0.9667094130443312,56.92564166310849,0.027879487003523537,26.82627912750749,-12.568327475377592,31.094304434714918,0.9655810904251252,57.71531045959563
cave_hsi,15,random-missing-completion,random,1,0.7,ntdpl,"(12,12,3)","(128,128)",5.6729416999733075,C:\Users\mrkys\workspace\NTD-PL\multirun\neurips-lowrank-core\run\cave_hsi_random_id15_seed1_mr0.7_ntdpl_r12_12_3,0.30045835433467744,1.0,0.027528071776032448,25.288747508067342,-15.713245645719311,31.204483966828466,0.980273065602336,29.171073012887533,0.02793089859187603,24.139688962693,-15.592229227622628,31.078301329926354,0.9796949132665911,29.56833849354627
cave_hsi,15,random-missing-completion,random,1,0.7,softimpute,"(12,12,3)","(128,128)",19.91080559999682,C:\Users\mrkys\workspace\NTD-PL\multirun\neurips-lowrank-core\benchmark\cave_hsi_random_id15_seed1_mr0.7_softimpute_r12_12_3,0.30045835433467744,1.0,0.04770086705684662,19.989612504550404,-10.9382363816908,26.429474056889557,0.9261827371650327,52.972549617954876,0.05703211948275566,19.953493923825853,-9.391537548629636,24.877609800482745,0.8829677078632667,63.20405765579046
cave_hsi,15,random-missing-completion,random,1,0.7,tucker,"(12,12,3)","(128,128)",1.3033213000744581,C:\Users\mrkys\workspace\NTD-PL\multirun\neurips-lowrank-core\benchmark\cave_hsi_random_id15_seed1_mr0.7_tucker_r12_12_3,0.30045835433467744,1.0,0.030094987217716706,26.546860861211602,-14.938878365982255,30.43011673595231,0.9763547276091309,32.36226198982249,0.030468336029019903,25.436170233953234,-14.836952687348223,30.323025266152058,0.9757692512579607,32.72429674056888
cave_hsi,1,random-missing-completion,random,2,0.7,ntdpl,"(12,12,3)","(128,128)",6.157918300013989,C:\Users\mrkys\workspace\NTD-PL\multirun\neurips-lowrank-core\run\cave_hsi_random_id01_seed2_mr0.7_ntdpl_r12_12_3,0.2997495589717742,2.0,0.02412085421383381,11.819359759510423,-18.87160527577593,32.352146869937755,0.9879619638135954,16.91388245076618,0.024380983784794807,11.569890821828384,-18.75635967773086,32.2589749710827,0.9876420435191553,17.1446538041982
cave_hsi,1,random-missing-completion,random,2,0.7,softimpute,"(12,12,3)","(128,128)",19.559174700058065,C:\Users\mrkys\workspace\NTD-PL\multirun\neurips-lowrank-core\benchmark\cave_hsi_random_id01_seed2_mr0.7_softimpute_r12_12_3,0.2997495589717742,2.0,0.053767334669828415,14.711106851122477,-11.909089164178159,25.389630343337657,0.9283107046174913,37.23151542742544,0.06425275653600693,13.83791941892487,-10.339548900393359,23.842164253546336,0.8874285811013776,44.62529315076456
cave_hsi,1,random-missing-completion,random,2,0.7,tucker,"(12,12,3)","(128,128)",1.487962600076571,C:\Users\mrkys\workspace\NTD-PL\multirun\neurips-lowrank-core\benchmark\cave_hsi_random_id01_seed2_mr0.7_tucker_r12_12_3,0.2997495589717742,2.0,0.025838966873982322,12.753952688139588,-18.273956142622087,31.754497096742114,0.9861846150527255,18.12439745366989,0.02608033680881509,12.533784828120247,-18.171120465213143,31.673736086052863,0.9858597674785458,18.34517984383736
cave_hsi,2,random-missing-completion,random,2,0.7,ntdpl,"(12,12,3)","(128,128)",6.33358890004456,C:\Users\mrkys\workspace\NTD-PL\multirun\neurips-lowrank-core\run\cave_hsi_random_id02_seed2_mr0.7_ntdpl_r12_12_3,0.2997495589717742,2.0,0.10585368424654007,28.390927905183585,-6.02804929099384,19.505880483118716,0.7647963075473774,96.43837203978538,0.10733310133218765,27.929180814387944,-5.910024993809707,19.385326115342295,0.7584799108817853,97.39138619092404
cave_hsi,2,random-missing-completion,random,2,0.7,softimpute,"(12,12,3)","(128,128)",63.213154800003394,C:\Users\mrkys\workspace\NTD-PL\multirun\neurips-lowrank-core\benchmark\cave_hsi_random_id02_seed2_mr0.7_softimpute_r12_12_3,0.2997495589717742,2.0,0.09044142067432404,24.36220042929257,-7.394821041448255,20.872652406280178,0.8095039026392258,76.79921748897397,0.10807884484529495,24.23697223576546,-5.849884878326476,19.325186316488853,0.6833030490965957,91.9720131933274
cave_hsi,2,random-missing-completion,random,2,0.7,tucker,"(12,12,3)","(128,128)",1.4725417000008747,C:\Users\mrkys\workspace\NTD-PL\multirun\neurips-lowrank-core\benchmark\cave_hsi_random_id02_seed2_mr0.7_tucker_r12_12_3,0.2997495589717742,2.0,0.11249338645902474,31.237796895157864,-5.499628844621373,18.977460183724283,0.7257796040558963,99.43053393574299,0.11350964980937744,30.904333495970405,-5.424043003036112,18.899344323457697,0.7212475149629133,100.11717046136171
cave_hsi,3,random-missing-completion,random,2,0.7,ntdpl,"(12,12,3)","(128,128)",5.85421309992671,C:\Users\mrkys\workspace\NTD-PL\multirun\neurips-lowrank-core\run\cave_hsi_random_id03_seed2_mr0.7_ntdpl_r12_12_3,0.2997495589717742,2.0,0.04319845512509346,32.8839614748043,-9.898761601236021,27.2906353241744,0.9253670540392553,55.76124549063886,0.043745215982198715,32.01841339207618,-9.797251739269687,27.18138849966629,0.9236089798944505,56.62246080331387
cave_hsi,3,random-missing-completion,random,2,0.7,softimpute,"(12,12,3)","(128,128)",24.764420899911784,C:\Users\mrkys\workspace\NTD-PL\multirun\neurips-lowrank-core\benchmark\cave_hsi_random_id03_seed2_mr0.7_softimpute_r12_12_3,0.2997495589717742,2.0,0.0471065379679203,16.27920668742874,-9.146502543906923,26.53837697314203,0.8926061278845655,68.85959153327185,0.05629300698637962,15.755268898760587,-7.60677392115197,24.990910883350704,0.828194546981336,82.26468110167544
cave_hsi,3,random-missing-completion,random,2,0.7,tucker,"(12,12,3)","(128,128)",1.41859839996323,C:\Users\mrkys\workspace\NTD-PL\multirun\neurips-lowrank-core\benchmark\cave_hsi_random_id03_seed2_mr0.7_tucker_r12_12_3,0.2997495589717742,2.0,0.04608492010856156,31.33704952169507,-9.336949165245434,26.72882322106686,0.913892597122485,61.97032445485703,0.04652850646414086,30.525248899164502,-9.2614809218399,26.645617756466574,0.9124440194240798,62.64063787346598
cave_hsi,4,random-missing-completion,random,2,0.7,ntdpl,"(12,12,3)","(128,128)",6.981552499928512,C:\Users\mrkys\workspace\NTD-PL\multirun\neurips-lowrank-core\run\cave_hsi_random_id04_seed2_mr0.7_ntdpl_r12_12_3,0.2997495589717742,2.0,0.042052172124385834,17.576014088533782,-16.925683037491346,27.52423132740813,0.9856589263672891,26.773038798462736,0.04253920540213585,17.23233043236092,-16.828642360329624,27.424212670216853,0.9853335443980655,27.061667001810424
cave_hsi,4,random-missing-completion,random,2,0.7,softimpute,"(12,12,3)","(128,128)",18.70793309994042,C:\Users\mrkys\workspace\NTD-PL\multirun\neurips-lowrank-core\benchmark\cave_hsi_random_id04_seed2_mr0.7_softimpute_r12_12_3,0.2997495589717742,2.0,0.07172895222902298,19.961845446906608,-12.287562532787549,22.886110532085787,0.9475462972853228,44.82564145715642,0.08571715652942657,16.757428522872193,-10.74307421504512,21.338644442294466,0.917140761463456,53.55225159552515
cave_hsi,4,random-missing-completion,random,2,0.7,tucker,"(12,12,3)","(128,128)",1.5250289000105113,C:\Users\mrkys\workspace\NTD-PL\multirun\neurips-lowrank-core\benchmark\cave_hsi_random_id04_seed2_mr0.7_tucker_r12_12_3,0.2997495589717742,2.0,0.04563669923480117,22.72771969236507,-16.215167333048942,26.81371548663263,0.9831047936152082,28.801045400322163,0.04612339466054437,22.495510814931457,-16.126004464381058,26.721574726554675,0.982754483402012,29.09093108092896
cave_hsi,5,random-missing-completion,random,2,0.7,ntdpl,"(12,12,3)","(128,128)",7.728946799994446,C:\Users\mrkys\workspace\NTD-PL\multirun\neurips-lowrank-core\run\cave_hsi_random_id05_seed2_mr0.7_ntdpl_r12_12_3,0.2997495589717742,2.0,0.014561639167368412,27.66947029119433,-20.93794050999739,36.73579444000297,0.9950952811741675,28.5083379324065,0.014891257509589195,26.348531196910898,-20.759924341014493,36.54137228252165,0.9948895316331186,28.962020876566335
cave_hsi,5,random-missing-completion,random,2,0.7,softimpute,"(12,12,3)","(128,128)",25.191792899975553,C:\Users\mrkys\workspace\NTD-PL\multirun\neurips-lowrank-core\benchmark\cave_hsi_random_id05_seed2_mr0.7_softimpute_r12_12_3,0.2997495589717742,2.0,0.03677785024046898,22.62128900945686,-12.890418995373336,28.68827335614631,0.9559160596481128,73.13539209936317,0.04395007714629173,23.368176858039348,-11.359359068240018,27.14080726635499,0.9280984206113816,87.53126389005378
cave_hsi,5,random-missing-completion,random,2,0.7,tucker,"(12,12,3)","(128,128)",2.1179233000148088,C:\Users\mrkys\workspace\NTD-PL\multirun\neurips-lowrank-core\benchmark\cave_hsi_random_id05_seed2_mr0.7_tucker_r12_12_3,0.2997495589717742,2.0,0.016643286917569573,30.754139299776178,-19.77736361936793,35.575217996970025,0.9935810090269442,31.697872618518875,0.016981669585712966,29.316560728079445,-19.61894400673739,35.4003922698076,0.9933415584867548,32.13412744344482
cave_hsi,6,random-missing-completion,random,2,0.7,ntdpl,"(12,12,3)","(128,128)",5.909034700016491,C:\Users\mrkys\workspace\NTD-PL\multirun\neurips-lowrank-core\run\cave_hsi_random_id06_seed2_mr0.7_ntdpl_r12_12_3,0.2997495589717742,2.0,0.07737547904253006,11.1388910452104,-10.3789675653381,22.227932280601394,0.875374469002606,51.00379764265627,0.07816588878631592,11.114996952149347,-10.282532992867104,22.13965465831319,0.8726957573980735,51.66023354826941
cave_hsi,6,random-missing-completion,random,2,0.7,softimpute,"(12,12,3)","(128,128)",17.927578200004064,C:\Users\mrkys\workspace\NTD-PL\multirun\neurips-lowrank-core\benchmark\cave_hsi_random_id06_seed2_mr0.7_softimpute_r12_12_3,0.2997495589717742,2.0,0.07725504785776138,13.165655092063322,-10.39249775347079,22.241463374439125,0.8661197939303793,50.65622977079124,0.09232092648744583,13.26673171476731,-8.8368755196875,20.693997284647804,0.7892436923813532,60.73347888579029
cave_hsi,6,random-missing-completion,random,2,0.7,tucker,"(12,12,3)","(128,128)",1.6271977999713272,C:\Users\mrkys\workspace\NTD-PL\multirun\neurips-lowrank-core\benchmark\cave_hsi_random_id06_seed2_mr0.7_tucker_r12_12_3,0.2997495589717742,2.0,0.07878958990446489,11.453944534549192,-10.221658067375214,22.070623199880494,0.8701226392759062,52.80426402172801,0.07945494510187541,11.446727586244553,-10.140459850047865,21.99758136154899,0.8678016272695054,53.36195728088615
cave_hsi,7,random-missing-completion,random,2,0.7,ntdpl,"(12,12,3)","(128,128)",6.072846100083552,C:\Users\mrkys\workspace\NTD-PL\multirun\neurips-lowrank-core\run\cave_hsi_random_id07_seed2_mr0.7_ntdpl_r12_12_3,0.2997495589717742,2.0,0.015335703268647194,26.040227746779422,-17.50497802442284,36.28592588421911,0.9895333610424801,31.403002456010583,0.015795819461345673,25.296940383201434,-17.253348457513656,36.029156793572675,0.9888977873841626,32.28112758988656
cave_hsi,7,random-missing-completion,random,2,0.7,softimpute,"(12,12,3)","(128,128)",28.963033100008033,C:\Users\mrkys\workspace\NTD-PL\multirun\neurips-lowrank-core\benchmark\cave_hsi_random_id07_seed2_mr0.7_softimpute_r12_12_3,0.2997495589717742,2.0,0.029112989082932472,23.589982396824645,-11.9373163806951,30.718264363555875,0.9485219428050876,58.97256432095524,0.03479045256972313,21.936776135950495,-10.394990125783682,29.17079827376455,0.9165070112380862,70.40570170849001
cave_hsi,7,random-missing-completion,random,2,0.7,tucker,"(12,12,3)","(128,128)",1.550325799966231,C:\Users\mrkys\workspace\NTD-PL\multirun\neurips-lowrank-core\benchmark\cave_hsi_random_id07_seed2_mr0.7_tucker_r12_12_3,0.2997495589717742,2.0,0.016773990286666006,30.806241474771685,-16.726324476324674,35.507272256117915,0.9874010633783004,34.17296111476092,0.01726411216533894,29.834454699351202,-16.481306911953183,35.25711502061264,0.9866551006739025,35.105942967356675
cave_hsi,8,random-missing-completion,random,2,0.7,ntdpl,"(12,12,3)","(128,128)",6.17275669996161,C:\Users\mrkys\workspace\NTD-PL\multirun\neurips-lowrank-core\run\cave_hsi_random_id08_seed2_mr0.7_ntdpl_r12_12_3,0.2997495589717742,2.0,0.04497377201914787,20.676040144280336,-13.72924134598602,26.940813834298154,0.9683949325062248,36.260309249833185,0.04556380584836006,20.127199228067028,-13.608172234515541,26.827600009302536,0.9675062796538488,36.731868584908106
cave_hsi,8,random-missing-completion,random,2,0.7,softimpute,"(12,12,3)","(128,128)",21.021340599982068,C:\Users\mrkys\workspace\NTD-PL\multirun\neurips-lowrank-core\benchmark\cave_hsi_random_id08_seed2_mr0.7_softimpute_r12_12_3,0.2997495589717742,2.0,0.06518270075321198,20.739193743915564,-10.505779930784358,23.71735254487012,0.9182747107883391,52.91398046129252,0.07789430022239685,20.251825598286572,-8.950458646217566,22.169886455078796,0.8701625834722975,63.27214816421227
cave_hsi,8,random-missing-completion,random,2,0.7,tucker,"(12,12,3)","(128,128)",1.6474953000433743,C:\Users\mrkys\workspace\NTD-PL\multirun\neurips-lowrank-core\benchmark\cave_hsi_random_id08_seed2_mr0.7_tucker_r12_12_3,0.2997495589717742,2.0,0.05143208867433445,26.802554818605053,-12.56374416696743,25.775316769530413,0.9584622839703034,41.94900031972816,0.05192999096812344,26.258059170192617,-12.472207243772429,25.691635058784218,0.9575837149149434,42.34037195054161
cave_hsi,9,random-missing-completion,random,2,0.7,ntdpl,"(12,12,3)","(128,128)",5.936192900058813,C:\Users\mrkys\workspace\NTD-PL\multirun\neurips-lowrank-core\run\cave_hsi_random_id09_seed2_mr0.7_ntdpl_r12_12_3,0.2997495589717742,2.0,0.032893210649490356,25.48230661368077,-14.193903001263761,29.657873925360157,0.9749601968202527,41.53673783919411,0.03353527933359146,24.457047646999122,-14.042168018266386,29.489961868851623,0.9740570829972663,41.95641144243913
cave_hsi,9,random-missing-completion,random,2,0.7,softimpute,"(12,12,3)","(128,128)",22.757260600104928,C:\Users\mrkys\workspace\NTD-PL\multirun\neurips-lowrank-core\benchmark\cave_hsi_random_id09_seed2_mr0.7_softimpute_r12_12_3,0.2997495589717742,2.0,0.04988619685173035,24.882934994712524,-10.576420800659644,26.040392766531927,0.9264798911088808,60.444375645200765,0.059614744037389755,23.588957636238792,-9.045132491642985,24.492926676740602,0.882952323253756,72.05825408058465
cave_hsi,9,random-missing-completion,random,2,0.7,tucker,"(12,12,3)","(128,128)",1.6875410999637097,C:\Users\mrkys\workspace\NTD-PL\multirun\neurips-lowrank-core\benchmark\cave_hsi_random_id09_seed2_mr0.7_tucker_r12_12_3,0.2997495589717742,2.0,0.03585277309883624,32.41329501601057,-13.445573533633324,28.90954494779244,0.9701668635476551,45.270443573222444,0.036420596384642276,31.563941417809787,-13.325265057377703,28.77305893884031,0.9693138574399435,45.631366100661594
cave_hsi,10,random-missing-completion,random,2,0.7,ntdpl,"(12,12,3)","(128,128)",7.302220799960196,C:\Users\mrkys\workspace\NTD-PL\multirun\neurips-lowrank-core\run\cave_hsi_random_id10_seed2_mr0.7_ntdpl_r12_12_3,0.2997495589717742,2.0,0.030710598453879356,19.139306870213847,-15.735554992189915,30.25423423628352,0.9782960779610843,26.29750669979356,0.03120017610490322,18.635278520102762,-15.617506037090049,30.116859329372204,0.9776851586650669,26.64825516311068
cave_hsi,10,random-missing-completion,random,2,0.7,softimpute,"(12,12,3)","(128,128)",20.968837999971583,C:\Users\mrkys\workspace\NTD-PL\multirun\neurips-lowrank-core\benchmark\cave_hsi_random_id10_seed2_mr0.7_softimpute_r12_12_3,0.2997495589717742,2.0,0.05433477461338043,16.33373971778365,-10.779762965187594,25.298442570061678,0.9169604819805426,48.59874027869756,0.06493086367845535,15.708538649406096,-9.251623174303553,23.750976480270353,0.8697955221729893,57.946716693356635
cave_hsi,10,random-missing-completion,random,2,0.7,tucker,"(12,12,3)","(128,128)",1.518572499975562,C:\Users\mrkys\workspace\NTD-PL\multirun\neurips-lowrank-core\benchmark\cave_hsi_random_id10_seed2_mr0.7_tucker_r12_12_3,0.2997495589717742,2.0,0.03398208182340217,19.102695131632984,-14.856321046259495,29.375000374718574,0.973364952970372,29.590763193942106,0.034463324771830776,18.554089817098642,-14.753503351698757,29.252856545648665,0.9727088633405369,29.934226174341184
cave_hsi,11,random-missing-completion,random,2,0.7,ntdpl,"(12,12,3)","(128,128)",7.059045700007118,C:\Users\mrkys\workspace\NTD-PL\multirun\neurips-lowrank-core\run\cave_hsi_random_id11_seed2_mr0.7_ntdpl_r12_12_3,0.2997495589717742,2.0,0.060514114797115326,17.73358612337436,-11.90708380978506,24.362866628038557,0.9307266964560997,38.54660084479847,0.06108741834759712,17.45999202193086,-11.836307307322965,24.280964669483215,0.9295554262787366,38.8097330174243
cave_hsi,11,random-missing-completion,random,2,0.7,softimpute,"(12,12,3)","(128,128)",21.397830299916677,C:\Users\mrkys\workspace\NTD-PL\multirun\neurips-lowrank-core\benchmark\cave_hsi_random_id11_seed2_mr0.7_softimpute_r12_12_3,0.2997495589717742,2.0,0.0798783004283905,18.448774236273124,-9.495641146462178,21.951424053479883,0.8554284324190721,49.489366798808035,0.09545575827360153,18.02557941154931,-7.959300626578002,20.40395796368856,0.7669717961417886,59.06829443357541
cave_hsi,11,random-missing-completion,random,2,0.7,tucker,"(12,12,3)","(128,128)",1.6234999999869615,C:\Users\mrkys\workspace\NTD-PL\multirun\neurips-lowrank-core\benchmark\cave_hsi_random_id11_seed2_mr0.7_tucker_r12_12_3,0.2997495589717742,2.0,0.06815784185472075,19.450025677450434,-10.873900737662371,23.32968338989303,0.9106004224659925,43.59682561703465,0.06867609663254554,19.249748745312775,-10.81923110177918,23.263887939156916,0.9094524612144915,43.814831215201224
cave_hsi,12,random-missing-completion,random,2,0.7,ntdpl,"(12,12,3)","(128,128)",6.4721450000070035,C:\Users\mrkys\workspace\NTD-PL\multirun\neurips-lowrank-core\run\cave_hsi_random_id12_seed2_mr0.7_ntdpl_r12_12_3,0.2997495589717742,2.0,0.02296346426010132,8.971622101989738,-24.24518585432814,32.7792518366296,0.9964449943496803,11.272388020986993,0.02318032830953598,8.775299270570592,-24.15553570564643,32.69760873056822,0.9963768490958025,11.380623996252888
cave_hsi,12,random-missing-completion,random,2,0.7,softimpute,"(12,12,3)","(128,128)",20.05525239999406,C:\Users\mrkys\workspace\NTD-PL\multirun\neurips-lowrank-core\benchmark\cave_hsi_random_id12_seed2_mr0.7_softimpute_r12_12_3,0.2997495589717742,2.0,0.08340640366077423,14.760758663831151,-13.04194596169982,21.576012136155853,0.9451601598549595,35.73910446979806,0.09967189282178879,13.681356019099244,-11.486473549256335,20.028546046364532,0.9157518462901888,42.79772324170409
cave_hsi,12,random-missing-completion,random,2,0.7,tucker,"(12,12,3)","(128,128)",1.7481990999076515,C:\Users\mrkys\workspace\NTD-PL\multirun\neurips-lowrank-core\benchmark\cave_hsi_random_id12_seed2_mr0.7_tucker_r12_12_3,0.2997495589717742,2.0,0.03017316287174745,10.79925726972493,-21.87351691681187,30.4075832590456,0.9938497628334098,14.442538852099007,0.03034207232858251,10.561735503780387,-21.817022525039327,30.359095214471026,0.993779958600267,14.531626016614227
cave_hsi,13,random-missing-completion,random,2,0.7,ntdpl,"(12,12,3)","(128,128)",7.775149599998258,C:\Users\mrkys\workspace\NTD-PL\multirun\neurips-lowrank-core\run\cave_hsi_random_id13_seed2_mr0.7_ntdpl_r12_12_3,0.2997495589717742,2.0,0.03788444399833679,24.0968797449542,-15.447888034994637,28.43078190372294,0.9797100676300071,31.30207391597259,0.03839574754238129,23.43008186123752,-15.333344874548038,28.314337369971838,0.9791596854907465,31.692614136167418
cave_hsi,13,random-missing-completion,random,2,0.7,softimpute,"(12,12,3)","(128,128)",22.539108199998736,C:\Users\mrkys\workspace\NTD-PL\multirun\neurips-lowrank-core\benchmark\cave_hsi_random_id13_seed2_mr0.7_softimpute_r12_12_3,0.2997495589717742,2.0,0.06634796410799026,21.564091433625308,-10.580554166136555,23.563448120779057,0.9218892477401015,54.724122983990995,0.07928679883480072,20.159114185201204,-9.034989707172867,22.015982030987736,0.8757781262677944,65.40162800208348
cave_hsi,13,random-missing-completion,random,2,0.7,tucker,"(12,12,3)","(128,128)",1.7317745999898762,C:\Users\mrkys\workspace\NTD-PL\multirun\neurips-lowrank-core\benchmark\cave_hsi_random_id13_seed2_mr0.7_tucker_r12_12_3,0.2997495589717742,2.0,0.04182284180161637,30.342140186365764,-14.588835508504099,27.571729216675223,0.975209524053941,34.532022204009714,0.042190330056427874,29.842478446801884,-14.514749000007981,27.495741542078115,0.974771588339377,34.8150731064633
cave_hsi,14,random-missing-completion,random,2,0.7,ntdpl,"(12,12,3)","(128,128)",7.362623199936934,C:\Users\mrkys\workspace\NTD-PL\multirun\neurips-lowrank-core\run\cave_hsi_random_id14_seed2_mr0.7_ntdpl_r12_12_3,0.2997495589717742,2.0,0.02448296919465065,28.330239410100287,-13.698071010864547,32.222718324174636,0.9737002171769238,49.31035771250741,0.024910416454076767,27.38390320713912,-13.548637401300933,32.07238040522565,0.9727877025027203,49.986222631694034
cave_hsi,14,random-missing-completion,random,2,0.7,softimpute,"(12,12,3)","(128,128)",30.516178800025955,C:\Users\mrkys\workspace\NTD-PL\multirun\neurips-lowrank-core\benchmark\cave_hsi_random_id14_seed2_mr0.7_softimpute_r12_12_3,0.2997495589717742,2.0,0.03615538775920868,22.30112369988915,-10.311892411708456,28.836539373265456,0.9231824883673758,72.29469713939758,0.04320622608065605,21.612131880842234,-8.765330679646445,27.28907328347413,0.8751526141771748,86.34912823510442
cave_hsi,14,random-missing-completion,random,2,0.7,tucker,"(12,12,3)","(128,128)",1.6483235000632703,C:\Users\mrkys\workspace\NTD-PL\multirun\neurips-lowrank-core\benchmark\cave_hsi_random_id14_seed2_mr0.7_tucker_r12_12_3,0.2997495589717742,2.0,0.027834387148325503,27.766845429118426,-12.583719536697293,31.10836672912436,0.9656969012127143,56.54317329437296,0.028146390430356962,26.95264544015848,-12.48780279017754,31.011545846939306,0.9649478107642034,57.160229493430194
cave_hsi,15,random-missing-completion,random,2,0.7,ntdpl,"(12,12,3)","(128,128)",6.914893800043501,C:\Users\mrkys\workspace\NTD-PL\multirun\neurips-lowrank-core\run\cave_hsi_random_id15_seed2_mr0.7_ntdpl_r12_12_3,0.2997495589717742,2.0,0.027607329189777374,25.50569466313489,-15.68827385376399,31.17951198079947,0.9801770256836658,29.27910826199081,0.0280392337590456,24.38956629212241,-15.553202852685653,31.044676940175894,0.9795497795392586,29.679907354779502
cave_hsi,15,random-missing-completion,random,2,0.7,softimpute,"(12,12,3)","(128,128)",20.5810899999924,C:\Users\mrkys\workspace\NTD-PL\multirun\neurips-lowrank-core\benchmark\cave_hsi_random_id15_seed2_mr0.7_softimpute_r12_12_3,0.2997495589717742,2.0,0.04789884760975838,20.076245486329483,-10.902260315511578,26.393498492308215,0.9256466747719595,53.16124153866916,0.0572398342192173,20.046601267686043,-9.354558382396164,24.84603240251689,0.8821651482788255,63.51490907878452
cave_hsi,15,random-missing-completion,random,2,0.7,tucker,"(12,12,3)","(128,128)",1.6710388000356033,C:\Users\mrkys\workspace\NTD-PL\multirun\neurips-lowrank-core\benchmark\cave_hsi_random_id15_seed2_mr0.7_tucker_r12_12_3,0.2997495589717742,2.0,0.030265568267065106,26.603688534159417,-14.889784977046837,30.381023347016892,0.9761088905000488,32.56186296762915,0.030688813716831295,25.476185137503414,-14.768923860950254,30.260397979940628,0.975437279236568,32.96371711778557
cave_hsi,1,random-missing-completion,random,0,0.3,ntdpl,"(24,24,4)","(128,128)",8.64630969997961,C:\Users\mrkys\workspace\NTD-PL\multirun\neurips-lowrank-core\run\cave_hsi_random_id01_seed0_mr0.3_ntdpl_r24_24_4,0.6991360572076613,0.0,0.015542836859822273,9.710297563803563,-22.688853690933716,36.169394264436235,0.9950354930822966,10.876240000879724,0.016058169305324554,8.580079441051618,-22.40066306766092,35.88607957295259,0.9946987788167397,11.225069585505507
cave_hsi,1,random-missing-completion,random,0,0.3,softimpute,"(24,24,4)","(128,128)",7.567069399985485,C:\Users\mrkys\workspace\NTD-PL\multirun\neurips-lowrank-core\benchmark\cave_hsi_random_id01_seed0_mr0.3_softimpute_r24_24_4,0.6991360572076613,0.0,0.020673509687185287,7.672627685154971,-20.21117473065535,33.69171537773877,0.9908295303356631,14.399963984391734,0.037690263241529465,8.510984916973632,-14.990000445434411,28.47541680367263,0.9657746262590099,26.275295221959027
cave_hsi,1,random-missing-completion,random,0,0.3,tucker,"(24,24,4)","(128,128)",1.814826599904336,C:\Users\mrkys\workspace\NTD-PL\multirun\neurips-lowrank-core\benchmark\cave_hsi_random_id01_seed0_mr0.3_tucker_r24_24_4,0.6991360572076613,0.0,0.01625248766931877,10.41885938005913,-22.301062141588204,35.781603095708235,0.9945760030762993,11.399338854509434,0.016775372463427276,9.309965709356902,-22.021140396168025,35.50655656831753,0.9942189957747656,11.747279883366492
cave_hsi,2,random-missing-completion,random,0,0.3,ntdpl,"(24,24,4)","(128,128)",9.048536299960688,C:\Users\mrkys\workspace\NTD-PL\multirun\neurips-lowrank-core\run\cave_hsi_random_id02_seed0_mr0.3_ntdpl_r24_24_4,0.6991360572076613,0.0,0.07584383338689804,24.361841346184523,-8.923762841714167,22.401593800713485,0.8902776068786847,71.44009119351522,0.07847773283720016,21.667653983694144,-8.637796964340488,22.10507134394971,0.8828252545179422,73.1252078851086
cave_hsi,2,random-missing-completion,random,0,0.3,softimpute,"(24,24,4)","(128,128)",31.251037699985318,C:\Users\mrkys\workspace\NTD-PL\multirun\neurips-lowrank-core\benchmark\cave_hsi_random_id02_seed0_mr0.3_softimpute_r24_24_4,0.6991360572076613,0.0,0.043129730969667435,14.364879358921518,-13.826633527597172,27.304465214039794,0.9649433912965159,38.13508638143152,0.07863061130046844,16.963238430084253,-8.620892415894932,22.088166639973657,0.852831624275739,69.40324587290424
cave_hsi,2,random-missing-completion,random,0,0.3,tucker,"(24,24,4)","(128,128)",1.6572788999183103,C:\Users\mrkys\workspace\NTD-PL\multirun\neurips-lowrank-core\benchmark\cave_hsi_random_id02_seed0_mr0.3_tucker_r24_24_4,0.6991360572076613,0.0,0.08641748267955084,29.146507005953673,-7.790136435580154,21.267967774683065,0.853106020318773,79.61897838669593,0.08860946147089269,27.49547637051743,-7.583123737153295,21.050398057695926,0.8461010129715549,80.90032623037118
cave_hsi,3,random-missing-completion,random,0,0.3,ntdpl,"(24,24,4)","(128,128)",8.065555599983782,C:\Users\mrkys\workspace\NTD-PL\multirun\neurips-lowrank-core\run\cave_hsi_random_id03_seed0_mr0.3_ntdpl_r24_24_4,0.6991360572076613,0.0,0.028970614075660706,11.871867877937596,-13.368971700212809,30.76084615677844,0.967674189681298,41.10046573948528,0.030518990010023117,11.273126069463022,-12.95992111968575,30.30859655675247,0.9643710989230245,43.00784818382736
cave_hsi,3,random-missing-completion,random,0,0.3,softimpute,"(24,24,4)","(128,128)",10.590927900047973,C:\Users\mrkys\workspace\NTD-PL\multirun\neurips-lowrank-core\benchmark\cave_hsi_random_id03_seed0_mr0.3_softimpute_r24_24_4,0.6991360572076613,0.0,0.020084012299776077,6.618365097290465,-16.55111635895233,33.94299063019761,0.9838919720865157,29.45395001589068,0.036615535616874695,8.064225523412123,-11.378016262836628,28.72669205613148,0.9377197351667225,53.34347198261887
cave_hsi,3,random-missing-completion,random,0,0.3,tucker,"(24,24,4)","(128,128)",1.4491645001107827,C:\Users\mrkys\workspace\NTD-PL\multirun\neurips-lowrank-core\benchmark\cave_hsi_random_id03_seed0_mr0.3_tucker_r24_24_4,0.6991360572076613,0.0,0.03257052386087429,10.920526478312222,-12.351631068823782,29.74350512464521,0.9588072557151077,47.42501318909417,0.034019216830775946,10.402368536909364,-12.016837898983422,29.36551377330936,0.9553663317854315,49.177494707542465
cave_hsi,4,random-missing-completion,random,0,0.3,ntdpl,"(24,24,4)","(128,128)",8.280070999986492,C:\Users\mrkys\workspace\NTD-PL\multirun\neurips-lowrank-core\run\cave_hsi_random_id04_seed0_mr0.3_ntdpl_r24_24_4,0.6991360572076613,0.0,0.026554854586720467,15.408454555960233,-20.918573548267794,31.517121727536615,0.9943296471774271,16.922539738370553,0.02731143683195114,13.561428495718799,-20.658211344561785,31.27310896917564,0.9939900139732838,17.4735084545801
cave_hsi,4,random-missing-completion,random,0,0.3,softimpute,"(24,24,4)","(128,128)",4.40256989991758,C:\Users\mrkys\workspace\NTD-PL\multirun\neurips-lowrank-core\benchmark\cave_hsi_random_id04_seed0_mr0.3_softimpute_r24_24_4,0.6991360572076613,0.0,0.03269469365477562,12.570851735558858,-19.111906172330016,29.710453989374752,0.9909381667513668,20.43989665998687,0.05960630998015404,13.404153685133466,-13.879257731766565,24.494155415308615,0.965439282260738,37.39431351162456
cave_hsi,4,random-missing-completion,random,0,0.3,tucker,"(24,24,4)","(128,128)",1.561959599959664,C:\Users\mrkys\workspace\NTD-PL\multirun\neurips-lowrank-core\benchmark\cave_hsi_random_id04_seed0_mr0.3_tucker_r24_24_4,0.6991360572076613,0.0,0.029565507780700887,17.138945523825093,-19.985745000303943,30.58429315388763,0.9929635976096672,18.589188446087338,0.030345942891069445,15.928885819483607,-19.74308954598801,30.35798727648615,0.9925714775414028,19.143840141837295
cave_hsi,5,random-missing-completion,random,0,0.3,ntdpl,"(24,24,4)","(128,128)",8.44599479995668,C:\Users\mrkys\workspace\NTD-PL\multirun\neurips-lowrank-core\run\cave_hsi_random_id05_seed0_mr0.3_ntdpl_r24_24_4,0.6991360572076613,0.0,0.009610149078071117,26.822927269577143,-24.547543131518058,40.34539794652568,0.9978691753696468,22.948615439178518,0.009767758660018444,20.749547965729825,-24.414763457797125,40.20410161754959,0.9978025780436396,23.181006956145765
cave_hsi,5,random-missing-completion,random,0,0.3,softimpute,"(24,24,4)","(128,128)",7.335633000009693,C:\Users\mrkys\workspace\NTD-PL\multirun\neurips-lowrank-core\benchmark\cave_hsi_random_id05_seed0_mr0.3_softimpute_r24_24_4,0.6991360572076613,0.0,0.013245158828794956,11.907067433069418,-21.761002581631228,37.55885671335753,0.9955221017331136,27.562625448431614,0.02414749562740326,15.961547493606309,-16.55321989579493,32.34255813929139,0.9814571902013437,49.917125148793716
cave_hsi,5,random-missing-completion,random,0,0.3,tucker,"(24,24,4)","(128,128)",1.5892672999761999,C:\Users\mrkys\workspace\NTD-PL\multirun\neurips-lowrank-core\benchmark\cave_hsi_random_id05_seed0_mr0.3_tucker_r24_24_4,0.6991360572076613,0.0,0.010863832831677824,28.48159552283058,-23.48248413764294,39.280338515245035,0.9972758300059442,25.228509349633605,0.011071008154585374,22.295414496888775,-23.326918285344966,39.11625658687452,0.9971761165178659,25.690706203483813
cave_hsi,6,random-missing-completion,random,0,0.3,ntdpl,"(24,24,4)","(128,128)",9.007503199973144,C:\Users\mrkys\workspace\NTD-PL\multirun\neurips-lowrank-core\run\cave_hsi_random_id06_seed0_mr0.3_ntdpl_r24_24_4,0.6991360572076613,0.0,0.06139933690428734,9.361338226009787,-12.387761246890719,24.23672648967449,0.9246477456534584,38.802653337400685,0.06271575391292572,9.041547473816465,-12.209861846075206,24.052467304864933,0.9215668696434778,39.6010798094595
cave_hsi,6,random-missing-completion,random,0,0.3,softimpute,"(24,24,4)","(128,128)",6.899844100000337,C:\Users\mrkys\workspace\NTD-PL\multirun\neurips-lowrank-core\benchmark\cave_hsi_random_id06_seed0_mr0.3_softimpute_r24_24_4,0.6991360572076613,0.0,0.03944868594408035,7.53662361521429,-16.230383806844472,28.07934921585283,0.9691398770649804,26.78640361445902,0.07191962748765945,10.338953283269063,-11.02044564171463,22.863050641786696,0.8790212427829438,48.87277423134312
cave_hsi,6,random-missing-completion,random,0,0.3,tucker,"(24,24,4)","(128,128)",1.55572189996019,C:\Users\mrkys\workspace\NTD-PL\multirun\neurips-lowrank-core\benchmark\cave_hsi_random_id06_seed0_mr0.3_tucker_r24_24_4,0.6991360572076613,0.0,0.06471042071784286,9.722097367578895,-11.931550399147117,23.780515531652394,0.9156912879764993,42.680320227672865,0.06592079589254335,9.586327230425324,-11.776946008399943,23.61955115678521,0.9127265679882968,43.40171313513142
cave_hsi,7,random-missing-completion,random,0,0.3,ntdpl,"(24,24,4)","(128,128)",9.975241400068626,C:\Users\mrkys\workspace\NTD-PL\multirun\neurips-lowrank-core\run\cave_hsi_random_id07_seed0_mr0.3_ntdpl_r24_24_4,0.6991360572076613,0.0,0.009184662252664566,20.79784373652999,-21.95778851105795,40.73873618646262,0.9962733433538802,18.782220297404102,0.009531723335385323,17.978659731151623,-21.571075851910024,40.41657146960583,0.9959340672516059,19.678967969364386
cave_hsi,7,random-missing-completion,random,0,0.3,softimpute,"(24,24,4)","(128,128)",5.464391999994405,C:\Users\mrkys\workspace\NTD-PL\multirun\neurips-lowrank-core\benchmark\cave_hsi_random_id07_seed0_mr0.3_softimpute_r24_24_4,0.6991360572076613,0.0,0.012386759743094444,14.213687570740534,-19.35989812125946,38.140845824783895,0.9926936741542489,24.857422948893106,0.022582532837986946,16.44869083958345,-14.079051920702017,32.924547250717765,0.9705878662343708,45.74191501973928
cave_hsi,7,random-missing-completion,random,0,0.3,tucker,"(24,24,4)","(128,128)",1.5664640000322834,C:\Users\mrkys\workspace\NTD-PL\multirun\neurips-lowrank-core\benchmark\cave_hsi_random_id07_seed0_mr0.3_tucker_r24_24_4,0.6991360572076613,0.0,0.009652843799002893,19.373266547533465,-21.525946649144657,40.306894428937895,0.995883805838303,19.55876195279235,0.01001449227555503,18.18926695517712,-21.14192595819607,39.98742128190494,0.9955129408431771,20.518910259702032
cave_hsi,8,random-missing-completion,random,0,0.3,ntdpl,"(24,24,4)","(128,128)",9.882090899976902,C:\Users\mrkys\workspace\NTD-PL\multirun\neurips-lowrank-core\run\cave_hsi_random_id08_seed0_mr0.3_ntdpl_r24_24_4,0.6991360572076613,0.0,0.02610856667160988,13.867616465523364,-18.452766713218608,31.664338919517988,0.9895458784109337,21.725238407059464,0.02693120762705803,11.859190510741126,-18.151224190528158,31.39488332883274,0.9888035608902233,22.479386788620165
cave_hsi,8,random-missing-completion,random,0,0.3,softimpute,"(24,24,4)","(128,128)",7.917138999910094,C:\Users\mrkys\workspace\NTD-PL\multirun\neurips-lowrank-core\benchmark\cave_hsi_random_id08_seed0_mr0.3_softimpute_r24_24_4,0.6991360572076613,0.0,0.02869913913309574,11.200264772248765,-17.631050357575244,30.84262278095514,0.9867119404486391,23.292292150545894,0.052321936935186386,13.159906773082836,-12.382664717547927,25.62632420688901,0.9485433379101559,42.742713297497275
cave_hsi,8,random-missing-completion,random,0,0.3,tucker,"(24,24,4)","(128,128)",1.5455750999972224,C:\Users\mrkys\workspace\NTD-PL\multirun\neurips-lowrank-core\benchmark\cave_hsi_random_id08_seed0_mr0.3_tucker_r24_24_4,0.6991360572076613,0.0,0.03293837643126671,19.420316778275705,-16.43438362724641,29.645956229809393,0.9832899738846593,27.155642624904498,0.03373729285331653,18.14700176487324,-16.1941362558566,29.437795379831332,0.9823584142167419,27.987209530930812
cave_hsi,9,random-missing-completion,random,0,0.3,ntdpl,"(24,24,4)","(128,128)",9.90514509996865,C:\Users\mrkys\workspace\NTD-PL\multirun\neurips-lowrank-core\run\cave_hsi_random_id09_seed0_mr0.3_ntdpl_r24_24_4,0.6991360572076613,0.0,0.020710067823529243,23.83309022569646,-18.21239793079315,33.676369484871216,0.9902109716461847,27.350470013808348,0.021669378504157066,19.55952630736394,-17.85310516418712,33.28307042225766,0.9893661013893367,28.170798607079934
cave_hsi,9,random-missing-completion,random,0,0.3,softimpute,"(24,24,4)","(128,128)",8.270714499987662,C:\Users\mrkys\workspace\NTD-PL\multirun\neurips-lowrank-core\benchmark\cave_hsi_random_id09_seed0_mr0.3_softimpute_r24_24_4,0.6991360572076613,0.0,0.021524880081415176,14.390718338546264,-17.87721331081692,33.341185125957125,0.9887908158901264,26.04317440710968,0.03924240916967392,16.124411195500187,-12.694921437226236,28.12488655189099,0.9568164688403207,47.18659888652093
cave_hsi,9,random-missing-completion,random,0,0.3,tucker,"(24,24,4)","(128,128)",1.6386017999611795,C:\Users\mrkys\workspace\NTD-PL\multirun\neurips-lowrank-core\benchmark\cave_hsi_random_id09_seed0_mr0.3_tucker_r24_24_4,0.6991360572076613,0.0,0.023480813159111862,30.780747897847707,-17.121765929899894,32.585737344059005,0.987391924601292,30.803493046134754,0.024422886160830985,27.529780013217575,-16.814094926407684,32.244060297046836,0.9864696471924425,31.651324370745414
cave_hsi,10,random-missing-completion,random,0,0.3,ntdpl,"(24,24,4)","(128,128)",9.796417200006545,C:\Users\mrkys\workspace\NTD-PL\multirun\neurips-lowrank-core\run\cave_hsi_random_id10_seed0_mr0.3_ntdpl_r24_24_4,0.6991360572076613,0.0,0.01777205802500248,9.773856902523544,-20.486565954870674,35.00524524730117,0.9928331431232322,15.352581062835249,0.018372174352407455,8.150194071861794,-20.1978332567387,34.7167886067589,0.9923422986765178,15.807241454271676
cave_hsi,10,random-missing-completion,random,0,0.3,softimpute,"(24,24,4)","(128,128)",8.182150700013153,C:\Users\mrkys\workspace\NTD-PL\multirun\neurips-lowrank-core\benchmark\cave_hsi_random_id10_seed0_mr0.3_softimpute_r24_24_4,0.6991360572076613,0.0,0.022236576303839684,8.308981575653187,-18.539961982194267,33.05864177634671,0.9882142725047103,19.761744194229195,0.04053991660475731,10.095730520567036,-13.323387812557804,27.84234320228058,0.9552003616205743,36.04337442962628
cave_hsi,10,random-missing-completion,random,0,0.3,tucker,"(24,24,4)","(128,128)",1.6287382000591606,C:\Users\mrkys\workspace\NTD-PL\multirun\neurips-lowrank-core\benchmark\cave_hsi_random_id10_seed0_mr0.3_tucker_r24_24_4,0.6991360572076613,0.0,0.01990053411477627,10.857742290152421,-19.504026017731555,34.022705346190634,0.9910108796225244,17.4134289525828,0.020540935413081874,9.545834793998548,-19.22864018181788,33.74759565928345,0.9904256319149682,17.91279092478657
cave_hsi,11,random-missing-completion,random,0,0.3,ntdpl,"(24,24,4)","(128,128)",9.00532390002627,C:\Users\mrkys\workspace\NTD-PL\multirun\neurips-lowrank-core\run\cave_hsi_random_id11_seed0_mr0.3_ntdpl_r24_24_4,0.6991360572076613,0.0,0.03426617756485939,10.637367101822086,-16.846904319931312,29.302686918030837,0.9787471057258097,21.556761649039693,0.0348966009914875,9.589769191045754,-16.672496512356073,29.144337504524987,0.9778955936043994,21.949796085259816
cave_hsi,11,random-missing-completion,random,0,0.3,softimpute,"(24,24,4)","(128,128)",7.657084999955259,C:\Users\mrkys\workspace\NTD-PL\multirun\neurips-lowrank-core\benchmark\cave_hsi_random_id11_seed0_mr0.3_softimpute_r24_24_4,0.6991360572076613,0.0,0.03160460665822029,9.34172350872422,-17.549209294604985,30.004991615898025,0.9810946179295168,19.738302880941745,0.05761894956231117,10.903227919097564,-12.316852427578448,24.788693041831888,0.9254774990003926,36.051498608172636
cave_hsi,11,random-missing-completion,random,0,0.3,tucker,"(24,24,4)","(128,128)",1.4517935999901965,C:\Users\mrkys\workspace\NTD-PL\multirun\neurips-lowrank-core\benchmark\cave_hsi_random_id11_seed0_mr0.3_tucker_r24_24_4,0.6991360572076613,0.0,0.03830294252791699,12.23360009161286,-15.879574570982113,28.335357223212775,0.9733334850440869,24.231496098744543,0.038904126832251966,11.693701693001692,-15.728245772804947,28.20008655167987,0.9724198206228232,24.63800913185106
cave_hsi,12,random-missing-completion,random,0,0.3,ntdpl,"(24,24,4)","(128,128)",9.415265400079079,C:\Users\mrkys\workspace\NTD-PL\multirun\neurips-lowrank-core\run\cave_hsi_random_id12_seed0_mr0.3_ntdpl_r24_24_4,0.6991360572076613,0.0,0.01428982149809599,7.2252044314725685,-28.365397785310332,36.8994642902613,0.998625697112687,7.259634460233162,0.014497471041977406,6.20077955161183,-28.263100177578625,36.77415514206948,0.998593059446013,7.371336219004884
cave_hsi,12,random-missing-completion,random,0,0.3,softimpute,"(24,24,4)","(128,128)",6.209376499988139,C:\Users\mrkys\workspace\NTD-PL\multirun\neurips-lowrank-core\benchmark\cave_hsi_random_id12_seed0_mr0.3_softimpute_r24_24_4,0.6991360572076613,0.0,0.02774183079600334,6.517158508066382,-22.603231336219345,31.13729741017002,0.9946228853616442,12.155929690703024,0.050576649606227875,7.477191391149583,-17.409943634277674,25.920998836103884,0.9805375609358719,22.163890982605327
cave_hsi,12,random-missing-completion,random,0,0.3,tucker,"(24,24,4)","(128,128)",1.5825253000948578,C:\Users\mrkys\workspace\NTD-PL\multirun\neurips-lowrank-core\benchmark\cave_hsi_random_id12_seed0_mr0.3_tucker_r24_24_4,0.6991360572076613,0.0,0.018499238445044638,8.352702686779509,-26.122856652865373,34.6569229950991,0.9976971023527412,9.337824733015273,0.018761174048191536,7.159422087544602,-26.023744820301058,34.53479975123198,0.9976443696313481,9.493140123914836
cave_hsi,13,random-missing-completion,random,0,0.3,ntdpl,"(24,24,4)","(128,128)",9.0218686000444,C:\Users\mrkys\workspace\NTD-PL\multirun\neurips-lowrank-core\run\cave_hsi_random_id13_seed0_mr0.3_ntdpl_r24_24_4,0.6991360572076613,0.0,0.021863149479031563,21.761809407722314,-20.222852219160576,33.20574577111854,0.9933300010566681,17.98293688335706,0.022538477554917336,18.373740716776492,-20.00317957225629,32.94150869431645,0.9929784525671669,18.44204954486476
cave_hsi,13,random-missing-completion,random,0,0.3,softimpute,"(24,24,4)","(128,128)",7.776529199909419,C:\Users\mrkys\workspace\NTD-PL\multirun\neurips-lowrank-core\benchmark\cave_hsi_random_id13_seed0_mr0.3_softimpute_r24_24_4,0.6991360572076613,0.0,0.02635432966053486,12.871122115465162,-18.60006686012431,31.582960398382227,0.9897228281986784,21.717654130297216,0.04804706946015358,14.451063375886989,-13.428332871866962,26.36666182431609,0.9606708985926121,39.42373438208936
cave_hsi,13,random-missing-completion,random,0,0.3,tucker,"(24,24,4)","(128,128)",1.4720851000165567,C:\Users\mrkys\workspace\NTD-PL\multirun\neurips-lowrank-core\benchmark\cave_hsi_random_id13_seed0_mr0.3_tucker_r24_24_4,0.6991360572076613,0.0,0.024577861276491305,25.154251496031772,-19.206224519217095,32.18911822738822,0.9915664192216151,20.26062489498744,0.025272469938265728,22.53712630749571,-19.008717342214645,31.94704622757722,0.9911674231637994,20.73407582499992
cave_hsi,14,random-missing-completion,random,0,0.3,ntdpl,"(24,24,4)","(128,128)",9.474541599978693,C:\Users\mrkys\workspace\NTD-PL\multirun\neurips-lowrank-core\run\cave_hsi_random_id14_seed0_mr0.3_ntdpl_r24_24_4,0.6991360572076613,0.0,0.013346918858587742,11.293415841976053,-18.967732097564028,37.492379095320196,0.9922943237838435,27.092313614123615,0.013814899139106274,10.087194816625129,-18.70592180594165,37.19304550319263,0.9918097825130632,27.658196511851646
cave_hsi,14,random-missing-completion,random,0,0.3,softimpute,"(24,24,4)","(128,128)",9.599562200019136,C:\Users\mrkys\workspace\NTD-PL\multirun\neurips-lowrank-core\benchmark\cave_hsi_random_id14_seed0_mr0.3_softimpute_r24_24_4,0.6991360572076613,0.0,0.014583781361579895,10.253849235068126,-18.197950073491235,36.722597145543794,0.9900709979692117,30.643695350819485,0.026587963104248047,12.115624180187211,-13.019174573772643,31.50629857147766,0.960474933400002,55.500309658682625
cave_hsi,14,random-missing-completion,random,0,0.3,tucker,"(24,24,4)","(128,128)",1.4841354000382125,C:\Users\mrkys\workspace\NTD-PL\multirun\neurips-lowrank-core\benchmark\cave_hsi_random_id14_seed0_mr0.3_tucker_r24_24_4,0.6991360572076613,0.0,0.015127532542585136,12.758826902864863,-17.87999089024158,36.40463808266865,0.9900855445727346,30.663060349020814,0.015550185918914489,12.227840313569061,-17.67816445659401,36.165288283127495,0.9896073871470177,31.126805015459396
cave_hsi,15,random-missing-completion,random,0,0.3,ntdpl,"(24,24,4)","(128,128)",8.918585899984464,C:\Users\mrkys\workspace\NTD-PL\multirun\neurips-lowrank-core\run\cave_hsi_random_id15_seed0_mr0.3_ntdpl_r24_24_4,0.6991360572076613,0.0,0.014877970330417156,14.461322049658456,-21.057887763860258,36.549125889155,0.9943171775569827,15.90132158943828,0.015201324597001076,11.186478556206916,-20.838086208014257,36.36237102269491,0.994027092403896,16.277580495322468
cave_hsi,15,random-missing-completion,random,0,0.3,softimpute,"(24,24,4)","(128,128)",8.12762980000116,C:\Users\mrkys\workspace\NTD-PL\multirun\neurips-lowrank-core\benchmark\cave_hsi_random_id15_seed0_mr0.3_softimpute_r24_24_4,0.6991360572076613,0.0,0.019104570150375366,9.897383324259378,-18.886016214784938,34.377254469068156,0.9900918973287197,21.426875945378487,0.03482989966869354,12.256217175050146,-13.636671274627492,29.160955895002022,0.9616721905000106,39.216349690686855
cave_hsi,15,random-missing-completion,random,0,0.3,tucker,"(24,24,4)","(128,128)",1.4923798000672832,C:\Users\mrkys\workspace\NTD-PL\multirun\neurips-lowrank-core\benchmark\cave_hsi_random_id15_seed0_mr0.3_tucker_r24_24_4,0.6991360572076613,0.0,0.016744349639099373,18.02152536305765,-20.03139595128864,35.5226343212587,0.9927991608310716,17.986411697112565,0.017071028374969457,15.179528009650856,-19.83052163756644,35.35480631569952,0.9924649683802947,18.391631996546273
cave_hsi,1,random-missing-completion,random,1,0.3,ntdpl,"(24,24,4)","(128,128)",9.063040699926205,C:\Users\mrkys\workspace\NTD-PL\multirun\neurips-lowrank-core\run\cave_hsi_random_id01_seed1_mr0.3_ntdpl_r24_24_4,0.6996223695816532,1.0,0.015354926697909832,8.277537234627358,-22.79450392676738,36.27504469057157,0.9951532929660984,10.800264776697928,0.015781864523887634,7.649268453038758,-22.56088632541517,36.03683342934569,0.994888621886607,11.10446119775839
cave_hsi,1,random-missing-completion,random,1,0.3,softimpute,"(24,24,4)","(128,128)",7.255390699952841,C:\Users\mrkys\workspace\NTD-PL\multirun\neurips-lowrank-core\benchmark\cave_hsi_random_id01_seed1_mr0.3_softimpute_r24_24_4,0.6996223695816532,1.0,0.020696232095360756,7.678604949155742,-20.201633783935826,33.6821747108213,0.9908081999829482,14.421320870656421,0.03776221349835396,8.577183418328204,-14.982903987952056,28.458850580440537,0.965728755507086,26.296344426563557
cave_hsi,1,random-missing-completion,random,1,0.3,tucker,"(24,24,4)","(128,128)",1.4194904000032693,C:\Users\mrkys\workspace\NTD-PL\multirun\neurips-lowrank-core\benchmark\cave_hsi_random_id01_seed1_mr0.3_tucker_r24_24_4,0.6996223695816532,1.0,0.01617375087398717,8.555469671425161,-22.343244059043805,35.82378501316383,0.9946230634598097,11.40620482414062,0.016648683628932143,8.209630631654736,-22.096454884031118,35.57240198824811,0.9943112357622245,11.749945608655201
cave_hsi,2,random-missing-completion,random,1,0.3,ntdpl,"(24,24,4)","(128,128)",9.75240080000367,C:\Users\mrkys\workspace\NTD-PL\multirun\neurips-lowrank-core\run\cave_hsi_random_id02_seed1_mr0.3_ntdpl_r24_24_4,0.6996223695816532,1.0,0.07577303797006607,24.329689463039728,-8.931874298732378,22.409705471582484,0.8905658653744374,71.673046269196,0.07784083485603333,21.548235385554825,-8.693232647512774,22.175850261470707,0.8843813620776124,72.98651055941468
cave_hsi,2,random-missing-completion,random,1,0.3,softimpute,"(24,24,4)","(128,128)",22.494117700029165,C:\Users\mrkys\workspace\NTD-PL\multirun\neurips-lowrank-core\benchmark\cave_hsi_random_id02_seed1_mr0.3_softimpute_r24_24_4,0.6996223695816532,1.0,0.04268510267138481,14.344631557865082,-13.916642282620908,27.394473829460875,0.9657087831532246,37.70891569618104,0.07788297533988953,16.92931851574911,-8.688531497627558,22.171149699080104,0.8551492737579957,68.85237334475275
cave_hsi,2,random-missing-completion,random,1,0.3,tucker,"(24,24,4)","(128,128)",1.499671999947168,C:\Users\mrkys\workspace\NTD-PL\multirun\neurips-lowrank-core\benchmark\cave_hsi_random_id02_seed1_mr0.3_tucker_r24_24_4,0.6996223695816532,1.0,0.0864432704332029,29.031116583939955,-7.787544874686619,21.265376213789526,0.8530933176548422,79.79776927405884,0.08811870986627307,27.257106251887237,-7.616019382294505,21.098637398391837,0.8473294892482343,80.73214010468315
cave_hsi,3,random-missing-completion,random,1,0.3,ntdpl,"(24,24,4)","(128,128)",9.062464599963278,C:\Users\mrkys\workspace\NTD-PL\multirun\neurips-lowrank-core\run\cave_hsi_random_id03_seed1_mr0.3_ntdpl_r24_24_4,0.6996223695816532,1.0,0.028950605541467667,11.991949092374895,-13.374973036006317,30.766847273838444,0.9677434499579467,41.17032226820992,0.030213452875614166,11.344631002619455,-13.001496266704685,30.395993023127993,0.964768704927668,42.87700165717974
cave_hsi,3,random-missing-completion,random,1,0.3,softimpute,"(24,24,4)","(128,128)",11.88653059990611,C:\Users\mrkys\workspace\NTD-PL\multirun\neurips-lowrank-core\benchmark\cave_hsi_random_id03_seed1_mr0.3_softimpute_r24_24_4,0.6996223695816532,1.0,0.019842281937599182,6.582003936077088,-16.656293862377712,34.048167886071326,0.9842999072500676,29.038638510572834,0.036204103380441666,8.017460069721563,-11.43034709932266,28.82484375569056,0.9385637218792295,52.849423028914245
cave_hsi,3,random-missing-completion,random,1,0.3,tucker,"(24,24,4)","(128,128)",1.5522783000487834,C:\Users\mrkys\workspace\NTD-PL\multirun\neurips-lowrank-core\benchmark\cave_hsi_random_id03_seed1_mr0.3_tucker_r24_24_4,0.6996223695816532,1.0,0.03255040841747243,10.919673887855994,-12.356997101552537,29.74887115737397,0.958900925083303,47.49588774991349,0.033705886533851176,10.393077761483696,-12.051388164989218,29.44588491081166,0.9558352175786132,49.05090044805961
cave_hsi,4,random-missing-completion,random,1,0.3,ntdpl,"(24,24,4)","(128,128)",9.081012799986638,C:\Users\mrkys\workspace\NTD-PL\multirun\neurips-lowrank-core\run\cave_hsi_random_id04_seed1_mr0.3_ntdpl_r24_24_4,0.6996223695816532,1.0,0.02663533389568329,15.386596950690215,-20.892289105714248,31.490836927973707,0.9942940496004155,16.97215056342766,0.02740049734711647,13.517165734479676,-20.641707111851947,31.244831241393747,0.9939526539362334,17.450046995489906
cave_hsi,4,random-missing-completion,random,1,0.3,softimpute,"(24,24,4)","(128,128)",4.259896099916659,C:\Users\mrkys\workspace\NTD-PL\multirun\neurips-lowrank-core\benchmark\cave_hsi_random_id04_seed1_mr0.3_softimpute_r24_24_4,0.6996223695816532,1.0,0.03278972953557968,12.561267381821896,-19.086695044798653,29.68524311510444,0.9908802361635096,20.493969465291077,0.05982794240117073,13.381165465570334,-13.858794597035487,24.46191898472367,0.9651732646456955,37.42229798661874
cave_hsi,4,random-missing-completion,random,1,0.3,tucker,"(24,24,4)","(128,128)",1.698757499922067,C:\Users\mrkys\workspace\NTD-PL\multirun\neurips-lowrank-core\benchmark\cave_hsi_random_id04_seed1_mr0.3_tucker_r24_24_4,0.6996223695816532,1.0,0.02956898159177629,16.943627591427393,-19.984724508202657,30.58327266178634,0.9929607618926547,18.58123615155237,0.030326654892690236,15.787926564657628,-19.76038596718423,30.36350981671104,0.9925829803148665,19.056312326803294
cave_hsi,5,random-missing-completion,random,1,0.3,ntdpl,"(24,24,4)","(128,128)",8.216543000075035,C:\Users\mrkys\workspace\NTD-PL\multirun\neurips-lowrank-core\run\cave_hsi_random_id05_seed1_mr0.3_ntdpl_r24_24_4,0.6996223695816532,1.0,0.009549266658723354,26.819705311325066,-24.602745736647723,40.40059986959142,0.9978962793962795,22.817415884839566,0.009737917222082615,20.837832501976074,-24.441126220467225,40.23067790028652,0.9978169445970425,22.979987292405042
cave_hsi,5,random-missing-completion,random,1,0.3,softimpute,"(24,24,4)","(128,128)",7.656553399981931,C:\Users\mrkys\workspace\NTD-PL\multirun\neurips-lowrank-core\benchmark\cave_hsi_random_id05_seed1_mr0.3_softimpute_r24_24_4,0.6996223695816532,1.0,0.013139949180185795,11.883654781296753,-21.830271639098896,37.62812606406005,0.9955855442732879,28.22421546304344,0.02397507056593895,16.09359481697264,-16.615250230199113,32.40480193367928,0.9816207464576743,50.881941416900055
cave_hsi,5,random-missing-completion,random,1,0.3,tucker,"(24,24,4)","(128,128)",1.6932169999927282,C:\Users\mrkys\workspace\NTD-PL\multirun\neurips-lowrank-core\benchmark\cave_hsi_random_id05_seed1_mr0.3_tucker_r24_24_4,0.6996223695816532,1.0,0.010856459239351132,28.502651338990063,-23.48838149956023,39.286235877162326,0.9972795928688319,25.22896742141037,0.011078301451711133,22.429799016105864,-23.32098459269456,39.110536428788556,0.997172876897344,25.509696978516445
cave_hsi,6,random-missing-completion,random,1,0.3,ntdpl,"(24,24,4)","(128,128)",8.969793700031005,C:\Users\mrkys\workspace\NTD-PL\multirun\neurips-lowrank-core\run\cave_hsi_random_id06_seed1_mr0.3_ntdpl_r24_24_4,0.6996223695816532,1.0,0.06139153242111206,9.354554832312093,-12.388865175954642,24.237830238373277,0.9246792251865501,38.76944134424239,0.06292010098695755,9.065349037042441,-12.172371536193868,24.02421157443555,0.9208480358314364,39.75958860659976
cave_hsi,6,random-missing-completion,random,1,0.3,softimpute,"(24,24,4)","(128,128)",7.092866400023922,C:\Users\mrkys\workspace\NTD-PL\multirun\neurips-lowrank-core\benchmark\cave_hsi_random_id06_seed1_mr0.3_softimpute_r24_24_4,0.6996223695816532,1.0,0.039315104484558105,7.536481614305746,-16.259846708847647,28.108811794680545,0.9693568587615466,26.70031056874434,0.07173409312963486,10.304436570020853,-11.033647731663265,22.885487664299774,0.879341773032503,48.75805276034356
cave_hsi,6,random-missing-completion,random,1,0.3,tucker,"(24,24,4)","(128,128)",1.6286742000374943,C:\Users\mrkys\workspace\NTD-PL\multirun\neurips-lowrank-core\benchmark\cave_hsi_random_id06_seed1_mr0.3_tucker_r24_24_4,0.6996223695816532,1.0,0.06469513826785399,9.685842159564631,-11.933601959770325,23.782567092275606,0.9157473770648188,42.63379896413027,0.06602140958293118,9.586889815175638,-11.75446431938556,23.606304150991555,0.9122069500489766,43.50028210833983
cave_hsi,7,random-missing-completion,random,1,0.3,ntdpl,"(24,24,4)","(128,128)",9.459465499967337,C:\Users\mrkys\workspace\NTD-PL\multirun\neurips-lowrank-core\run\cave_hsi_random_id07_seed1_mr0.3_ntdpl_r24_24_4,0.6996223695816532,1.0,0.009216779842972755,21.670053911399922,-21.927467427019835,40.7084153217471,0.9962463047726668,18.87130422700676,0.009570383466780186,18.679417962101965,-21.565578723211768,40.38141280711277,0.9959177729125986,19.627118187245678
cave_hsi,7,random-missing-completion,random,1,0.3,softimpute,"(24,24,4)","(128,128)",7.712957300012931,C:\Users\mrkys\workspace\NTD-PL\multirun\neurips-lowrank-core\benchmark\cave_hsi_random_id07_seed1_mr0.3_softimpute_r24_24_4,0.6996223695816532,1.0,0.012573887594044209,14.151068204540213,-19.229660802333868,38.01060890929133,0.9924495413075758,25.1307896186235,0.022942237555980682,16.413805089624695,-13.971450360209252,32.78728477891056,0.9695811242425175,45.97600672111363
cave_hsi,7,random-missing-completion,random,1,0.3,tucker,"(24,24,4)","(128,128)",1.6264001000672579,C:\Users\mrkys\workspace\NTD-PL\multirun\neurips-lowrank-core\benchmark\cave_hsi_random_id07_seed1_mr0.3_tucker_r24_24_4,0.6996223695816532,1.0,0.009649291142319013,20.976420095097208,-21.52914401402894,40.31009179382218,0.9958816621143545,19.614832246927214,0.010033420227777414,19.453445015170878,-21.155185588801743,39.97101995803633,0.9955080510619525,20.456583437832634
cave_hsi,8,random-missing-completion,random,1,0.3,ntdpl,"(24,24,4)","(128,128)",9.232138399966061,C:\Users\mrkys\workspace\NTD-PL\multirun\neurips-lowrank-core\run\cave_hsi_random_id08_seed1_mr0.3_ntdpl_r24_24_4,0.6996223695816532,1.0,0.026168309152126312,13.881347430619755,-18.432913966226188,31.644486757528934,0.9894996667564493,21.773943201066636,0.027012312784790993,11.907349931790083,-18.140138210029786,31.368764779736583,0.9887647711059611,22.477210731286696
cave_hsi,8,random-missing-completion,random,1,0.3,softimpute,"(24,24,4)","(128,128)",7.889104300062172,C:\Users\mrkys\workspace\NTD-PL\multirun\neurips-lowrank-core\benchmark\cave_hsi_random_id08_seed1_mr0.3_softimpute_r24_24_4,0.6996223695816532,1.0,0.028666513040661812,11.213858326025687,-17.640930082057277,30.85250290023744,0.9867370429812257,23.29859686860009,0.052304744720458984,13.17295998766184,-12.400551996251828,25.62917876985667,0.9486506264771846,42.61593203173765
cave_hsi,8,random-missing-completion,random,1,0.3,tucker,"(24,24,4)","(128,128)",1.578402999904938,C:\Users\mrkys\workspace\NTD-PL\multirun\neurips-lowrank-core\benchmark\cave_hsi_random_id08_seed1_mr0.3_tucker_r24_24_4,0.6996223695816532,1.0,0.03291951822703468,19.40157047891022,-16.439357982593126,29.650930585156104,0.9833143671672168,27.139182661725307,0.03378863698186965,18.096518686597314,-16.195960100375917,29.424586542242295,0.9823543727505524,27.95319600506472
cave_hsi,9,random-missing-completion,random,1,0.3,ntdpl,"(24,24,4)","(128,128)",8.748959799995646,C:\Users\mrkys\workspace\NTD-PL\multirun\neurips-lowrank-core\run\cave_hsi_random_id09_seed1_mr0.3_ntdpl_r24_24_4,0.6996223695816532,1.0,0.020756175741553307,23.7547747609536,-18.193081905000017,33.657052808658904,0.9901691394399276,27.32217094314622,0.02165975607931614,19.418679725960704,-17.82468210954685,33.28692850311003,0.9893012817495234,28.133655218743847
cave_hsi,9,random-missing-completion,random,1,0.3,softimpute,"(24,24,4)","(128,128)",8.038450899999589,C:\Users\mrkys\workspace\NTD-PL\multirun\neurips-lowrank-core\benchmark\cave_hsi_random_id09_seed1_mr0.3_softimpute_r24_24_4,0.6996223695816532,1.0,0.02126052975654602,14.254259880249958,-17.984546722983165,33.44851882328448,0.9890602349746574,25.609621815099494,0.03879183158278465,16.030943719706638,-12.762947647020713,28.225194692903713,0.9573760132247121,46.75450467370069
cave_hsi,9,random-missing-completion,random,1,0.3,tucker,"(24,24,4)","(128,128)",1.6375659999903291,C:\Users\mrkys\workspace\NTD-PL\multirun\neurips-lowrank-core\benchmark\cave_hsi_random_id09_seed1_mr0.3_tucker_r24_24_4,0.6996223695816532,1.0,0.02345896911528809,30.641501520622366,-17.129850115995588,32.5938215301547,0.9874202430978714,30.652138847491084,0.024319677588384825,27.281919592931168,-16.818596677450255,32.280843738079405,0.986494645399491,31.46405594539583
cave_hsi,10,random-missing-completion,random,1,0.3,ntdpl,"(24,24,4)","(128,128)",8.053211800055578,C:\Users\mrkys\workspace\NTD-PL\multirun\neurips-lowrank-core\run\cave_hsi_random_id10_seed1_mr0.3_ntdpl_r24_24_4,0.6996223695816532,1.0,0.017862409353256226,9.851761422181177,-20.44251949614366,34.961198600929755,0.992760065665252,15.459969329768498,0.01847187429666519,8.230442779798613,-20.144510080608672,34.66978080824775,0.9922499571048123,16.038139101321505
cave_hsi,10,random-missing-completion,random,1,0.3,softimpute,"(24,24,4)","(128,128)",8.112425999948755,C:\Users\mrkys\workspace\NTD-PL\multirun\neurips-lowrank-core\benchmark\cave_hsi_random_id10_seed1_mr0.3_softimpute_r24_24_4,0.6996223695816532,1.0,0.021968601271510124,8.284416570190675,-18.645272809612926,33.163952248825865,0.9885014746544007,19.50036980355869,0.04008377343416214,10.075977968277073,-13.415357727612392,27.940628118445098,0.9561871235355599,35.61270155474344
cave_hsi,10,random-missing-completion,random,1,0.3,tucker,"(24,24,4)","(128,128)",1.4844294999493286,C:\Users\mrkys\workspace\NTD-PL\multirun\neurips-lowrank-core\benchmark\cave_hsi_random_id10_seed1_mr0.3_tucker_r24_24_4,0.6996223695816532,1.0,0.01988522078790809,10.89559415785413,-19.510712324127507,34.02939165258659,0.9910252464017506,17.416621756854802,0.020527454246916266,9.554727094566097,-19.22802766567443,33.753298143684816,0.9904250153664845,18.01989179829433
cave_hsi,11,random-missing-completion,random,1,0.3,ntdpl,"(24,24,4)","(128,128)",8.699539400055073,C:\Users\mrkys\workspace\NTD-PL\multirun\neurips-lowrank-core\run\cave_hsi_random_id11_seed1_mr0.3_ntdpl_r24_24_4,0.6996223695816532,1.0,0.03428659215569496,10.66528587028368,-16.841730936205753,29.297513670988224,0.9787226422824357,21.591589030262053,0.03502698242664337,9.651502987290689,-16.66088975979178,29.111945377601497,0.9778654735622538,22.12680909123627
cave_hsi,11,random-missing-completion,random,1,0.3,softimpute,"(24,24,4)","(128,128)",7.62805689999368,C:\Users\mrkys\workspace\NTD-PL\multirun\neurips-lowrank-core\benchmark\cave_hsi_random_id11_seed1_mr0.3_softimpute_r24_24_4,0.6996223695816532,1.0,0.031634457409381866,9.308759076146998,-17.54101009419998,29.99679250056181,0.9810528870610155,19.7270576477652,0.057720035314559937,10.915237905133955,-12.322412429191946,24.77346837018104,0.9256586898567893,36.094987685799545
cave_hsi,11,random-missing-completion,random,1,0.3,tucker,"(24,24,4)","(128,128)",1.5272776999045163,C:\Users\mrkys\workspace\NTD-PL\multirun\neurips-lowrank-core\benchmark\cave_hsi_random_id11_seed1_mr0.3_tucker_r24_24_4,0.6996223695816532,1.0,0.03830888340795142,12.245001851464568,-15.878227472729199,28.334010124959853,0.9733294650624517,24.257355730706934,0.03900920594953422,11.773957542488617,-15.725602057036106,28.176657797273744,0.9724523589427365,24.79044651714387
cave_hsi,12,random-missing-completion,random,1,0.3,ntdpl,"(24,24,4)","(128,128)",9.398094299947843,C:\Users\mrkys\workspace\NTD-PL\multirun\neurips-lowrank-core\run\cave_hsi_random_id12_seed1_mr0.3_ntdpl_r24_24_4,0.6996223695816532,1.0,0.014280864037573338,7.229193510565287,-28.37084430077267,36.904910253998196,0.9986272492192562,7.254772791196719,0.01444225199520588,6.2198642439422915,-28.284432269964835,36.80730162252915,0.99859905004183,7.332358900498383
cave_hsi,12,random-missing-completion,random,1,0.3,softimpute,"(24,24,4)","(128,128)",6.390250400057994,C:\Users\mrkys\workspace\NTD-PL\multirun\neurips-lowrank-core\benchmark\cave_hsi_random_id12_seed1_mr0.3_softimpute_r24_24_4,0.6996223695816532,1.0,0.027918091043829918,6.563506069364262,-22.548218879042388,31.08228559162621,0.9945555890968547,12.290635983233903,0.050939176231622696,7.529896151409632,-17.336092197883993,25.85896146124544,0.980201033478758,22.4585367966536
cave_hsi,12,random-missing-completion,random,1,0.3,tucker,"(24,24,4)","(128,128)",1.3586561999982223,C:\Users\mrkys\workspace\NTD-PL\multirun\neurips-lowrank-core\benchmark\cave_hsi_random_id12_seed1_mr0.3_tucker_r24_24_4,0.6996223695816532,1.0,0.01849982251294125,8.361592538777973,-26.12258242161949,34.65664876385322,0.9976968044984722,9.347824631662784,0.018742116674588537,7.1754097364800735,-26.02075786567225,34.543627257030245,0.9976413431538267,9.48338157645131
cave_hsi,13,random-missing-completion,random,1,0.3,ntdpl,"(24,24,4)","(128,128)",9.20240259997081,C:\Users\mrkys\workspace\NTD-PL\multirun\neurips-lowrank-core\run\cave_hsi_random_id13_seed1_mr0.3_ntdpl_r24_24_4,0.6996223695816532,1.0,0.021833328530192375,21.759666865154053,-20.23470719834741,33.2176015510274,0.9933482328788299,17.973664789378606,0.022435646504163742,18.38431346287416,-19.974707662092975,32.981227847480014,0.9929367338728808,18.509619581119548
cave_hsi,13,random-missing-completion,random,1,0.3,softimpute,"(24,24,4)","(128,128)",8.265910299960524,C:\Users\mrkys\workspace\NTD-PL\multirun\neurips-lowrank-core\benchmark\cave_hsi_random_id13_seed1_mr0.3_softimpute_r24_24_4,0.6996223695816532,1.0,0.02625535987317562,12.887753540135384,-18.632746792988705,31.61564055733316,0.9898191108625183,21.682131315715424,0.047905366867780685,14.450096118937301,-13.385795677580784,26.39231642695239,0.9604266526918582,39.67215171624795
cave_hsi,13,random-missing-completion,random,1,0.3,tucker,"(24,24,4)","(128,128)",1.3966735999565572,C:\Users\mrkys\workspace\NTD-PL\multirun\neurips-lowrank-core\benchmark\cave_hsi_random_id13_seed1_mr0.3_tucker_r24_24_4,0.6996223695816532,1.0,0.024578612283992763,25.115539666163215,-19.20595911497619,32.188852823147315,0.9915651898731976,20.280062913154183,0.02520978880445778,22.477087519221968,-18.96209528475646,31.96861585239158,0.9910755355464755,20.84810281796441
cave_hsi,14,random-missing-completion,random,1,0.3,ntdpl,"(24,24,4)","(128,128)",9.198018499999307,C:\Users\mrkys\workspace\NTD-PL\multirun\neurips-lowrank-core\run\cave_hsi_random_id14_seed1_mr0.3_ntdpl_r24_24_4,0.6996223695816532,1.0,0.013381673954427242,11.27409981319786,-18.94514409372791,37.4697914172364,0.9922555095245724,27.14824449103422,0.013795939274132252,10.171686599092343,-18.699701271402617,37.204974468509945,0.991805171345015,27.792040286259983
cave_hsi,14,random-missing-completion,random,1,0.3,softimpute,"(24,24,4)","(128,128)",9.99999270006083,C:\Users\mrkys\workspace\NTD-PL\multirun\neurips-lowrank-core\benchmark\cave_hsi_random_id14_seed1_mr0.3_softimpute_r24_24_4,0.6996223695816532,1.0,0.014450859278440475,10.22204198847798,-18.2774792199248,36.8021259276566,0.9902784981496981,29.958590114777927,0.026366950944066048,12.132970007175366,-13.073528168339013,31.578801797275826,0.9612696871370618,54.402273951989
cave_hsi,14,random-missing-completion,random,1,0.3,tucker,"(24,24,4)","(128,128)",1.4491218999028206,C:\Users\mrkys\workspace\NTD-PL\multirun\neurips-lowrank-core\benchmark\cave_hsi_random_id14_seed1_mr0.3_tucker_r24_24_4,0.6996223695816532,1.0,0.015146826820540122,12.6547432507819,-17.868919607798063,36.39356680022513,0.9900643235326664,30.590688180006666,0.015596510175978842,12.19663597151733,-17.634177910814113,36.13945134171419,0.9895172365025902,31.21550357374207
cave_hsi,15,random-missing-completion,random,1,0.3,ntdpl,"(24,24,4)","(128,128)",9.382587599917315,C:\Users\mrkys\workspace\NTD-PL\multirun\neurips-lowrank-core\run\cave_hsi_random_id15_seed1_mr0.3_ntdpl_r24_24_4,0.6996223695816532,1.0,0.014851367101073265,14.469054023910655,-21.073432769560977,36.56467152631511,0.994336496233867,15.885740706978515,0.015293357893824577,11.225615493071711,-20.831314879202072,36.30994253474525,0.9940057858414352,16.282604785744205
cave_hsi,15,random-missing-completion,random,1,0.3,softimpute,"(24,24,4)","(128,128)",8.643614999949932,C:\Users\mrkys\workspace\NTD-PL\multirun\neurips-lowrank-core\benchmark\cave_hsi_random_id15_seed1_mr0.3_softimpute_r24_24_4,0.6996223695816532,1.0,0.01916174776852131,9.89025001439548,-18.86005958707202,34.35129816765133,0.9900210273922652,21.56056203721198,0.034962404519319534,12.214319474615639,-13.649345811134285,29.127974037270562,0.9616544823803602,39.20474740139932
cave_hsi,15,random-missing-completion,random,1,0.3,tucker,"(24,24,4)","(128,128)",1.4664726000046358,C:\Users\mrkys\workspace\NTD-PL\multirun\neurips-lowrank-core\benchmark\cave_hsi_random_id15_seed1_mr0.3_tucker_r24_24_4,0.6996223695816532,1.0,0.01674994759807013,18.078003431628215,-20.028492576190075,35.51973094616013,0.9927930094150738,18.0025147922894,0.017208463027388623,15.33841295888887,-19.806530343407765,35.28515833840158,0.9924074334793347,18.427510772216234
cave_hsi,1,random-missing-completion,random,2,0.3,ntdpl,"(24,24,4)","(128,128)",9.695774600026198,C:\Users\mrkys\workspace\NTD-PL\multirun\neurips-lowrank-core\run\cave_hsi_random_id01_seed2_mr0.3_ntdpl_r24_24_4,0.6997621597782258,2.0,0.01572040468454361,8.093101740760797,-22.59018439576878,36.0707254792172,0.9949205456401619,11.07911054035089,0.0161884855479002,7.611910027942703,-22.32682146621228,35.815875775595046,0.9946154889676433,11.428993274351159
cave_hsi,1,random-missing-completion,random,2,0.3,softimpute,"(24,24,4)","(128,128)",7.473545799963176,C:\Users\mrkys\workspace\NTD-PL\multirun\neurips-lowrank-core\benchmark\cave_hsi_random_id01_seed2_mr0.3_softimpute_r24_24_4,0.6997621597782258,2.0,0.02052490971982479,7.679954449564643,-20.27383374299565,33.754374935831855,0.9909639218199984,14.284338124246378,0.03745834156870842,8.548421103261093,-15.0399746069215,28.529029208770368,0.9662362555818226,26.116404706124026
cave_hsi,1,random-missing-completion,random,2,0.3,tucker,"(24,24,4)","(128,128)",1.4970942999934778,C:\Users\mrkys\workspace\NTD-PL\multirun\neurips-lowrank-core\benchmark\cave_hsi_random_id01_seed2_mr0.3_tucker_r24_24_4,0.6997621597782258,2.0,0.016277801692299684,8.379044202200806,-22.287543979985344,35.768084934105374,0.9945547178736276,11.49108756763461,0.016751091165753608,8.06413851138788,-22.030083361750116,35.51913795543132,0.9942345858160234,11.851141956650956
cave_hsi,2,random-missing-completion,random,2,0.3,ntdpl,"(24,24,4)","(128,128)",9.537753799930215,C:\Users\mrkys\workspace\NTD-PL\multirun\neurips-lowrank-core\run\cave_hsi_random_id02_seed2_mr0.3_ntdpl_r24_24_4,0.6997621597782258,2.0,0.07586091756820679,24.398578889103007,-8.921807014835966,22.39963868451394,0.8903051240791776,71.46417942201445,0.07837765663862228,21.628202340780412,-8.633118088940382,22.116154273132974,0.8827188330074427,73.57768589631966
cave_hsi,2,random-missing-completion,random,2,0.3,softimpute,"(24,24,4)","(128,128)",21.66675179998856,C:\Users\mrkys\workspace\NTD-PL\multirun\neurips-lowrank-core\benchmark\cave_hsi_random_id02_seed2_mr0.3_softimpute_r24_24_4,0.6997621597782258,2.0,0.04275241494178772,14.31815979781403,-13.902955757978205,27.38078735576333,0.9656055100579357,37.85461728186811,0.07802394777536392,16.919708320626267,-8.672404873233347,22.155441628701837,0.8547561467648324,69.09176475409899
cave_hsi,2,random-missing-completion,random,2,0.3,tucker,"(24,24,4)","(128,128)",1.5576302000554278,C:\Users\mrkys\workspace\NTD-PL\multirun\neurips-lowrank-core\benchmark\cave_hsi_random_id02_seed2_mr0.3_tucker_r24_24_4,0.6997621597782258,2.0,0.08644253709054005,29.14467343379127,-7.787618561862306,21.265449900965216,0.8531242555266205,79.6010402127601,0.08818137995992396,27.422466684517218,-7.60942567654865,21.092462182706768,0.8471506829822627,80.93141867239846
cave_hsi,3,random-missing-completion,random,2,0.3,ntdpl,"(24,24,4)","(128,128)",9.40384369995445,C:\Users\mrkys\workspace\NTD-PL\multirun\neurips-lowrank-core\run\cave_hsi_random_id03_seed2_mr0.3_ntdpl_r24_24_4,0.6997621597782258,2.0,0.028933068737387657,12.10888534859296,-13.38023599317359,30.772110168465396,0.9677755077415408,41.10858685345767,0.029968401417136192,11.532093606483349,-13.084181745367793,30.46672836108528,0.9655246787078069,42.06359814669596
cave_hsi,3,random-missing-completion,random,2,0.3,softimpute,"(24,24,4)","(128,128)",10.826330299954861,C:\Users\mrkys\workspace\NTD-PL\multirun\neurips-lowrank-core\benchmark\cave_hsi_random_id03_seed2_mr0.3_softimpute_r24_24_4,0.6997621597782258,2.0,0.019897019490599632,6.577653626238623,-16.632365473952785,34.024239714657895,0.9841977091712583,28.89220334882287,0.03631242737174034,8.110085710361457,-11.416347505587634,28.798893987596404,0.9383276463200786,52.78361611280842
cave_hsi,3,random-missing-completion,random,2,0.3,tucker,"(24,24,4)","(128,128)",1.5896779000759125,C:\Users\mrkys\workspace\NTD-PL\multirun\neurips-lowrank-core\benchmark\cave_hsi_random_id03_seed2_mr0.3_tucker_r24_24_4,0.6997621597782258,2.0,0.032586646345908944,11.015586432894727,-12.347332597048045,29.739206652869473,0.9587729651177297,47.468923808363925,0.0334919128079629,10.580474046543815,-12.11865437215236,29.5012009618808,0.956550337515414,48.26564644926646
cave_hsi,4,random-missing-completion,random,2,0.3,ntdpl,"(24,24,4)","(128,128)",8.676160999923013,C:\Users\mrkys\workspace\NTD-PL\multirun\neurips-lowrank-core\run\cave_hsi_random_id04_seed2_mr0.3_ntdpl_r24_24_4,0.6997621597782258,2.0,0.026599301025271416,15.432368967381993,-20.904047017988056,31.502595215654082,0.9943113802797859,16.974553980283595,0.027362095192074776,13.549640114833991,-20.680494301496935,31.25701299114485,0.9940003357647657,17.35277503969426
cave_hsi,4,random-missing-completion,random,2,0.3,softimpute,"(24,24,4)","(128,128)",6.341677799937315,C:\Users\mrkys\workspace\NTD-PL\multirun\neurips-lowrank-core\benchmark\cave_hsi_random_id04_seed2_mr0.3_softimpute_r24_24_4,0.6997621597782258,2.0,0.03278367221355438,12.465359555922204,-19.088299719010365,29.68684777309186,0.9908899065472241,20.490445218262472,0.059830810874700546,13.334135822584148,-13.884983516787718,24.461502046030365,0.9654382072468686,37.21351348058042
cave_hsi,4,random-missing-completion,random,2,0.3,tucker,"(24,24,4)","(128,128)",1.448762399959378,C:\Users\mrkys\workspace\NTD-PL\multirun\neurips-lowrank-core\benchmark\cave_hsi_random_id04_seed2_mr0.3_tucker_r24_24_4,0.6997621597782258,2.0,0.02963240955640456,17.02513205770505,-19.96611249585484,30.56466064943853,0.9929327555840415,18.63123732298055,0.03038301675974353,15.838225278560126,-19.77086341635551,30.347382136084768,0.9925941079322712,18.996291766140295
cave_hsi,5,random-missing-completion,random,2,0.3,ntdpl,"(24,24,4)","(128,128)",8.728461100021377,C:\Users\mrkys\workspace\NTD-PL\multirun\neurips-lowrank-core\run\cave_hsi_random_id05_seed2_mr0.3_ntdpl_r24_24_4,0.6997621597782258,2.0,0.009631537832319736,26.820439915124307,-24.52823315306428,40.32608771026419,0.9978597424893407,22.995908834071653,0.009838484227657318,20.697366279883823,-24.370722696676793,40.14143637893249,0.9977771165917355,23.29121377355942
cave_hsi,5,random-missing-completion,random,2,0.3,softimpute,"(24,24,4)","(128,128)",7.901734299957752,C:\Users\mrkys\workspace\NTD-PL\multirun\neurips-lowrank-core\benchmark\cave_hsi_random_id05_seed2_mr0.3_softimpute_r24_24_4,0.6997621597782258,2.0,0.013345242477953434,11.795250225736229,-21.695616228583624,37.49347080272372,0.995441469689314,28.60489018431751,0.024355314671993256,15.976984882356863,-16.49741163314821,32.268125075662226,0.9810670497902518,51.69424645758321
cave_hsi,5,random-missing-completion,random,2,0.3,tucker,"(24,24,4)","(128,128)",1.3714406000217423,C:\Users\mrkys\workspace\NTD-PL\multirun\neurips-lowrank-core\benchmark\cave_hsi_random_id05_seed2_mr0.3_tucker_r24_24_4,0.6997621597782258,2.0,0.010863112444624925,28.481368972872165,-23.483060123117276,39.280914500719376,0.9972758901065294,25.208237422051294,0.01112928617008271,22.198975408893062,-23.2999403051409,39.070653806452185,0.9971534517594589,25.59971219500784
cave_hsi,6,random-missing-completion,random,2,0.3,ntdpl,"(24,24,4)","(128,128)",9.356431000051089,C:\Users\mrkys\workspace\NTD-PL\multirun\neurips-lowrank-core\run\cave_hsi_random_id06_seed2_mr0.3_ntdpl_r24_24_4,0.6997621597782258,2.0,0.06144734099507332,9.367413359060777,-12.380972801147841,24.22993763264486,0.9245774814374358,38.92046853896166,0.06292670220136642,9.082090921693837,-12.169186609820386,24.02330109971222,0.9209996913134247,40.024495552246556
cave_hsi,6,random-missing-completion,random,2,0.3,softimpute,"(24,24,4)","(128,128)",6.776145400013775,C:\Users\mrkys\workspace\NTD-PL\multirun\neurips-lowrank-core\benchmark\cave_hsi_random_id06_seed2_mr0.3_softimpute_r24_24_4,0.6997621597782258,2.0,0.03915373980998993,7.526145406343101,-16.295569631503394,28.144534727377923,0.9696142306015905,26.48840002615217,0.07145629823207855,10.321149893217324,-11.065074752157777,22.91918900031643,0.8803656107890028,48.58254775819783
cave_hsi,6,random-missing-completion,random,2,0.3,tucker,"(24,24,4)","(128,128)",1.4267902000574395,C:\Users\mrkys\workspace\NTD-PL\multirun\neurips-lowrank-core\benchmark\cave_hsi_random_id06_seed2_mr0.3_tucker_r24_24_4,0.6997621597782258,2.0,0.06469283167084242,9.684924753105328,-11.933911646166884,23.782876778672165,0.9157796412176308,42.69733135891168,0.065915804990309,9.574603698176215,-11.766094413599324,23.62020879549453,0.9126144607994249,43.6286413088179
cave_hsi,7,random-missing-completion,random,2,0.3,ntdpl,"(24,24,4)","(128,128)",9.282019999925978,C:\Users\mrkys\workspace\NTD-PL\multirun\neurips-lowrank-core\run\cave_hsi_random_id07_seed2_mr0.3_ntdpl_r24_24_4,0.6997621597782258,2.0,0.009186817333102226,20.574824891180086,-21.955750839989655,40.73669870512425,0.99627071544606,18.77072567528315,0.009437990374863148,17.649534911388596,-21.738834678873534,40.50240946082452,0.9960784921794961,19.315711204084277
cave_hsi,7,random-missing-completion,random,2,0.3,softimpute,"(24,24,4)","(128,128)",7.436891300021671,C:\Users\mrkys\workspace\NTD-PL\multirun\neurips-lowrank-core\benchmark\cave_hsi_random_id07_seed2_mr0.3_softimpute_r24_24_4,0.6997621597782258,2.0,0.012567696161568165,14.141997669324944,-19.233938327330847,38.01488612938457,0.9924639721310249,25.21751915021731,0.022936278954148293,16.389876142414053,-14.0259654008291,32.78954040232308,0.970068141060294,45.96650831329194
cave_hsi,7,random-missing-completion,random,2,0.3,tucker,"(24,24,4)","(128,128)",1.434382600011304,C:\Users\mrkys\workspace\NTD-PL\multirun\neurips-lowrank-core\benchmark\cave_hsi_random_id07_seed2_mr0.3_tucker_r24_24_4,0.6997621597782258,2.0,0.009692161181233217,18.90713795083677,-21.490639662820385,40.27158744261363,0.9958496682229915,19.608139163684786,0.00997136614705121,17.787620851646984,-21.26133178550354,40.02490672447876,0.9956238832906548,20.206672324221
cave_hsi,8,random-missing-completion,random,2,0.3,ntdpl,"(24,24,4)","(128,128)",9.431404999922961,C:\Users\mrkys\workspace\NTD-PL\multirun\neurips-lowrank-core\run\cave_hsi_random_id08_seed2_mr0.3_ntdpl_r24_24_4,0.6997621597782258,2.0,0.026084737852215767,13.872968696328954,-18.460697708606546,31.67227022457379,0.9895654020367226,21.68106568462936,0.026871884241700172,11.883893767077247,-18.15530340679999,31.414037530906462,0.9888260423270966,22.458284448489607
cave_hsi,8,random-missing-completion,random,2,0.3,softimpute,"(24,24,4)","(128,128)",7.744966399972327,C:\Users\mrkys\workspace\NTD-PL\multirun\neurips-lowrank-core\benchmark\cave_hsi_random_id08_seed2_mr0.3_softimpute_r24_24_4,0.6997621597782258,2.0,0.028557928279042244,11.184097606249516,-17.673893506994467,30.88546624395765,0.986848817810496,23.20792940523693,0.05211874842643738,13.115127524639664,-12.40138636666677,25.660120516896164,0.9488435388638414,42.70287298573376
cave_hsi,8,random-missing-completion,random,2,0.3,tucker,"(24,24,4)","(128,128)",1.493839000002481,C:\Users\mrkys\workspace\NTD-PL\multirun\neurips-lowrank-core\benchmark\cave_hsi_random_id08_seed2_mr0.3_tucker_r24_24_4,0.6997621597782258,2.0,0.03294443286726566,19.35469394946572,-16.432786684572136,29.644359287135117,0.9832809088513289,27.144647495421104,0.033758621780900624,18.109079473366915,-16.173571756211274,29.43230584114549,0.9822798872130046,27.991260554978346
cave_hsi,9,random-missing-completion,random,2,0.3,ntdpl,"(24,24,4)","(128,128)",9.34484859998338,C:\Users\mrkys\workspace\NTD-PL\multirun\neurips-lowrank-core\run\cave_hsi_random_id09_seed2_mr0.3_ntdpl_r24_24_4,0.6997621597782258,2.0,0.020738253369927406,23.817934490359704,-18.200585046609365,33.66455636123844,0.9901804973372511,27.180139782201433,0.021463705226778984,19.522537568366793,-17.94781889819646,33.36590603193632,0.9895879691860309,27.668159807469767
cave_hsi,9,random-missing-completion,random,2,0.3,softimpute,"(24,24,4)","(128,128)",8.230475699994713,C:\Users\mrkys\workspace\NTD-PL\multirun\neurips-lowrank-core\benchmark\cave_hsi_random_id09_seed2_mr0.3_softimpute_r24_24_4,0.6997621597782258,2.0,0.02139398455619812,14.314008498489066,-17.930194830032903,33.39416614072066,0.9889075616642038,25.837742022928932,0.039044421166181564,16.103237414068545,-12.750732921905357,28.168820413659166,0.957140367387956,46.91484317231446
cave_hsi,9,random-missing-completion,random,2,0.3,tucker,"(24,24,4)","(128,128)",1.4678199000190943,C:\Users\mrkys\workspace\NTD-PL\multirun\neurips-lowrank-core\benchmark\cave_hsi_random_id09_seed2_mr0.3_tucker_r24_24_4,0.6997621597782258,2.0,0.023504833967751833,30.794472033505606,-17.112884830083278,32.57685624424239,0.9873632022596941,30.655363801620478,0.024236780952706274,27.511675785262472,-16.89241387638482,32.31050124400308,0.9867063637408918,31.162868215970786
cave_hsi,10,random-missing-completion,random,2,0.3,ntdpl,"(24,24,4)","(128,128)",9.385016199899837,C:\Users\mrkys\workspace\NTD-PL\multirun\neurips-lowrank-core\run\cave_hsi_random_id10_seed2_mr0.3_ntdpl_r24_24_4,0.6997621597782258,2.0,0.01777735911309719,9.839814532073294,-20.483976174796254,35.00265527026229,0.9928286872562193,15.368474717943299,0.018284762278199196,8.175574520368267,-20.261582508698336,34.75821380466837,0.9924732930674646,15.814167698806974
cave_hsi,10,random-missing-completion,random,2,0.3,softimpute,"(24,24,4)","(128,128)",8.07539320003707,C:\Users\mrkys\workspace\NTD-PL\multirun\neurips-lowrank-core\benchmark\cave_hsi_random_id10_seed2_mr0.3_softimpute_r24_24_4,0.6997621597782258,2.0,0.02229180373251438,8.2232648321484,-18.518416510121835,33.037095604710494,0.9881548198237755,19.744375442814746,0.04068295657634735,10.045055820090763,-13.315118585988408,27.811749877649,0.9552044633631247,36.01316856337953
cave_hsi,10,random-missing-completion,random,2,0.3,tucker,"(24,24,4)","(128,128)",1.556208400055766,C:\Users\mrkys\workspace\NTD-PL\multirun\neurips-lowrank-core\benchmark\cave_hsi_random_id10_seed2_mr0.3_tucker_r24_24_4,0.6997621597782258,2.0,0.01990554017049573,10.884332148636073,-19.50184132363593,34.020520652095016,0.9910065967823499,17.430236047548863,0.020469456342354968,9.555778302060956,-19.281242487636153,33.777873836198545,0.9905615250924659,17.935203921763804
cave_hsi,11,random-missing-completion,random,2,0.3,ntdpl,"(24,24,4)","(128,128)",10.127440099953674,C:\Users\mrkys\workspace\NTD-PL\multirun\neurips-lowrank-core\run\cave_hsi_random_id11_seed2_mr0.3_ntdpl_r24_24_4,0.6997621597782258,2.0,0.03425741568207741,10.632436436037496,-16.849125609925167,29.304908418622126,0.9787540080714723,21.5651980034417,0.03500523418188095,9.599879589781168,-16.678832625773612,29.117340166352008,0.977875336752311,21.993139504272328
cave_hsi,11,random-missing-completion,random,2,0.3,softimpute,"(24,24,4)","(128,128)",7.298762599937618,C:\Users\mrkys\workspace\NTD-PL\multirun\neurips-lowrank-core\benchmark\cave_hsi_random_id11_seed2_mr0.3_softimpute_r24_24_4,0.6997621597782258,2.0,0.03172033652663231,9.314399484992105,-17.51746125280508,29.973243572976386,0.9809467749391162,19.823719749444855,0.05789020657539368,10.920573097005027,-12.309390671643675,24.747897845914892,0.9252198522483617,36.114944127744195
cave_hsi,11,random-missing-completion,random,2,0.3,tucker,"(24,24,4)","(128,128)",1.3730701000895351,C:\Users\mrkys\workspace\NTD-PL\multirun\neurips-lowrank-core\benchmark\cave_hsi_random_id11_seed2_mr0.3_tucker_r24_24_4,0.6997621597782258,2.0,0.03830574423214065,12.23615573063818,-15.878939256771016,28.334721909001676,0.973322293354826,24.22971103337305,0.038987217551009555,11.749944058807124,-15.743047853840364,28.18155517075297,0.9724431540716371,24.607822372805146
cave_hsi,12,random-missing-completion,random,2,0.3,ntdpl,"(24,24,4)","(128,128)",9.482381999958307,C:\Users\mrkys\workspace\NTD-PL\multirun\neurips-lowrank-core\run\cave_hsi_random_id12_seed2_mr0.3_ntdpl_r24_24_4,0.6997621597782258,2.0,0.014283648692071438,7.223716469714418,-28.36915051730536,36.90321697241857,0.9986267907936596,7.261307209190313,0.01450824923813343,6.2293732704429665,-28.21934907781381,36.76769946232148,0.9985826439261392,7.415619930359958
cave_hsi,12,random-missing-completion,random,2,0.3,softimpute,"(24,24,4)","(128,128)",5.993921499932185,C:\Users\mrkys\workspace\NTD-PL\multirun\neurips-lowrank-core\benchmark\cave_hsi_random_id12_seed2_mr0.3_softimpute_r24_24_4,0.6997621597782258,2.0,0.027828067541122437,6.5605285176925445,-22.576272783810122,31.110339289432595,0.9945919697432938,12.22214741260855,0.05078674107789993,7.523267894500036,-17.336642423502436,25.8849935623711,0.9802431206853202,22.399129394976374
cave_hsi,12,random-missing-completion,random,2,0.3,tucker,"(24,24,4)","(128,128)",1.5680323999840766,C:\Users\mrkys\workspace\NTD-PL\multirun\neurips-lowrank-core\benchmark\cave_hsi_random_id12_seed2_mr0.3_tucker_r24_24_4,0.6997621597782258,2.0,0.01849562052100327,8.364901920083213,-26.12455553157018,34.65862187380391,0.9976980383061145,9.350264958704798,0.018758130538076078,7.219411941914037,-25.98785829311478,34.53620892410044,0.9976315817267525,9.54278646898941
cave_hsi,13,random-missing-completion,random,2,0.3,ntdpl,"(24,24,4)","(128,128)",9.559337900020182,C:\Users\mrkys\workspace\NTD-PL\multirun\neurips-lowrank-core\run\cave_hsi_random_id13_seed2_mr0.3_ntdpl_r24_24_4,0.6997621597782258,2.0,0.021819761022925377,21.79635833848276,-20.240106502743146,33.223000199950114,0.9933572795991585,17.95214833681885,0.022287530824542046,18.362183478385603,-20.054546021130445,33.038760734451735,0.9930686550771215,18.36185963588333
cave_hsi,13,random-missing-completion,random,2,0.3,softimpute,"(24,24,4)","(128,128)",7.713448400027119,C:\Users\mrkys\workspace\NTD-PL\multirun\neurips-lowrank-core\benchmark\cave_hsi_random_id13_seed2_mr0.3_softimpute_r24_24_4,0.6997621597782258,2.0,0.026101959869265556,12.857918796520444,-18.683643774991033,31.666537535485865,0.9899385017539623,21.545340218624307,0.04763656109571457,14.460646118721012,-13.456977437512469,26.44119180842437,0.9611111855752106,39.35991872058409
cave_hsi,13,random-missing-completion,random,2,0.3,tucker,"(24,24,4)","(128,128)",1.4841895999852568,C:\Users\mrkys\workspace\NTD-PL\multirun\neurips-lowrank-core\benchmark\cave_hsi_random_id13_seed2_mr0.3_tucker_r24_24_4,0.6997621597782258,2.0,0.024566747187551332,25.093511460314765,-19.210153159799372,32.1930468679705,0.9915766490138614,20.261760811652927,0.025073140222311482,22.390559948865327,-19.031610940228887,32.015825410331814,0.991228640960753,20.69387945167807
cave_hsi,14,random-missing-completion,random,2,0.3,ntdpl,"(24,24,4)","(128,128)",9.61383249994833,C:\Users\mrkys\workspace\NTD-PL\multirun\neurips-lowrank-core\run\cave_hsi_random_id14_seed2_mr0.3_ntdpl_r24_24_4,0.6997621597782258,2.0,0.01333414576947689,11.364210716609502,-18.97604873608573,37.500695720879435,0.9923113350434145,27.079962907626744,0.013815173879265785,10.221465774562635,-18.689120179118653,37.19287326844169,0.9917792345204174,27.7164285240915
cave_hsi,14,random-missing-completion,random,2,0.3,softimpute,"(24,24,4)","(128,128)",9.755959900096059,C:\Users\mrkys\workspace\NTD-PL\multirun\neurips-lowrank-core\benchmark\cave_hsi_random_id14_seed2_mr0.3_softimpute_r24_24_4,0.6997621597782258,2.0,0.014314360916614532,10.158212244153837,-18.359913453889675,36.884560493163455,0.9904523077967592,29.39381309373098,0.026123974472284317,12.037380308308755,-13.155462154342812,31.65921476610196,0.9618759030515353,53.34149149437051
cave_hsi,14,random-missing-completion,random,2,0.3,tucker,"(24,24,4)","(128,128)",1.4165866000112146,C:\Users\mrkys\workspace\NTD-PL\multirun\neurips-lowrank-core\benchmark\cave_hsi_random_id14_seed2_mr0.3_tucker_r24_24_4,0.6997621597782258,2.0,0.015139786658434302,12.841439904615772,-17.87295770021992,36.39760489264699,0.990072222298803,30.719510412076843,0.01555609108665333,12.38260497335882,-17.658237641898392,36.161990451253835,0.989561619883834,31.300048075787917
cave_hsi,15,random-missing-completion,random,2,0.3,ntdpl,"(24,24,4)","(128,128)",9.68934179993812,C:\Users\mrkys\workspace\NTD-PL\multirun\neurips-lowrank-core\run\cave_hsi_random_id15_seed2_mr0.3_ntdpl_r24_24_4,0.6997621597782258,2.0,0.014835131354629993,14.380918432928992,-21.082933532960148,36.57417211001214,0.9943481841939552,15.863717361799088,0.015228943899273872,11.132023470724224,-20.881569178995328,36.346604395529695,0.9940694137883093,16.179194454799692
cave_hsi,15,random-missing-completion,random,2,0.3,softimpute,"(24,24,4)","(128,128)",8.542316899984144,C:\Users\mrkys\workspace\NTD-PL\multirun\neurips-lowrank-core\benchmark\cave_hsi_random_id15_seed2_mr0.3_softimpute_r24_24_4,0.6997621597782258,2.0,0.019118590280413628,9.79104734197131,-18.87964405953833,34.37088283153693,0.9900650397105178,21.450235203819805,0.03489178046584129,12.140534099620922,-13.680502041062425,29.14553710447544,0.9619175332150334,38.89593892911691
cave_hsi,15,random-missing-completion,random,2,0.3,tucker,"(24,24,4)","(128,128)",1.400031599914655,C:\Users\mrkys\workspace\NTD-PL\multirun\neurips-lowrank-core\benchmark\cave_hsi_random_id15_seed2_mr0.3_tucker_r24_24_4,0.6997621597782258,2.0,0.01674337037611708,18.014478290545114,-20.031903944677822,35.52314231464788,0.9927983839020132,17.995044401172635,0.01714518777417779,15.281143013721154,-19.852120084815713,35.31715508255532,0.9924824689992473,18.293461208607102
cave_hsi,1,random-missing-completion,random,0,0.5,ntdpl,"(24,24,4)","(128,128)",7.48592380003538,C:\Users\mrkys\workspace\NTD-PL\multirun\neurips-lowrank-core\run\cave_hsi_random_id01_seed0_mr0.5_ntdpl_r24_24_4,0.5002205141129032,0.0,0.015426448546350002,8.758007931520904,-22.754139581127447,36.23468049471064,0.9951092874421071,10.830859582397707,0.015817267820239067,8.395726452076651,-22.53077432520194,36.017370285801356,0.994857319550875,11.11346481180442
cave_hsi,1,random-missing-completion,random,0,0.5,softimpute,"(24,24,4)","(128,128)",12.11516919999849,C:\Users\mrkys\workspace\NTD-PL\multirun\neurips-lowrank-core\benchmark\cave_hsi_random_id01_seed0_mr0.5_softimpute_r24_24_4,0.5002205141129032,0.0,0.033233340829610825,10.7512120468765,-16.08797875843059,29.568519821296317,0.9749952604067769,23.090420185221685,0.047009412199258804,10.730738062133739,-13.069707548737275,26.556304080919784,0.9443355573047635,32.70319654984386
cave_hsi,1,random-missing-completion,random,0,0.5,tucker,"(24,24,4)","(128,128)",1.0928154001012444,C:\Users\mrkys\workspace\NTD-PL\multirun\neurips-lowrank-core\benchmark\cave_hsi_random_id01_seed0_mr0.5_tucker_r24_24_4,0.5002205141129032,0.0,0.016330259021504485,9.400598538926008,-22.25959757929364,35.74013853341367,0.9945223042397523,11.499268559230845,0.016745312826425843,9.169180916578398,-22.03553867316533,35.52213469610843,0.9942390808955524,11.800733541715157
cave_hsi,2,random-missing-completion,random,0,0.5,ntdpl,"(24,24,4)","(128,128)",7.828260999987833,C:\Users\mrkys\workspace\NTD-PL\multirun\neurips-lowrank-core\run\cave_hsi_random_id02_seed0_mr0.5_ntdpl_r24_24_4,0.5002205141129032,0.0,0.07635515183210373,24.656526901978513,-8.865402038421522,22.343233653209484,0.8889941889641959,71.88017411297676,0.07860353589057922,23.47942433022591,-8.591365919950007,22.09115843997147,0.8817757650435236,73.7872268205142
cave_hsi,2,random-missing-completion,random,0,0.5,softimpute,"(24,24,4)","(128,128)",24.71546160010621,C:\Users\mrkys\workspace\NTD-PL\multirun\neurips-lowrank-core\benchmark\cave_hsi_random_id02_seed0_mr0.5_softimpute_r24_24_4,0.5002205141129032,0.0,0.06265797466039658,18.90196722623034,-10.582641751630256,24.060473202481063,0.9194269140806884,54.82246968187576,0.08863130211830139,19.95543903308262,-7.5484654055113785,21.048257462104523,0.8012901676635609,77.63491901246368
cave_hsi,2,random-missing-completion,random,0,0.5,tucker,"(24,24,4)","(128,128)",1.1245567000005394,C:\Users\mrkys\workspace\NTD-PL\multirun\neurips-lowrank-core\benchmark\cave_hsi_random_id02_seed0_mr0.5_tucker_r24_24_4,0.5002205141129032,0.0,0.08699024942794828,29.41355167204719,-7.732757138858935,21.210588477961846,0.8514086751901516,80.09915314920734,0.08884682849133169,28.7676037534644,-7.527369166514749,21.02716140631196,0.8443677411406049,81.64782888310819
cave_hsi,3,random-missing-completion,random,0,0.5,ntdpl,"(24,24,4)","(128,128)",7.946893400046974,C:\Users\mrkys\workspace\NTD-PL\multirun\neurips-lowrank-core\run\cave_hsi_random_id03_seed0_mr0.5_ntdpl_r24_24_4,0.5002205141129032,0.0,0.029466994106769562,12.146761922821234,-13.22140912624034,30.613283455216585,0.9665713999130691,41.86770031666764,0.030912799760699272,11.968159865167761,-12.825362993408975,30.197233299081468,0.9633488465262594,43.882221404163
cave_hsi,3,random-missing-completion,random,0,0.5,softimpute,"(24,24,4)","(128,128)",16.416979199973866,C:\Users\mrkys\workspace\NTD-PL\multirun\neurips-lowrank-core\benchmark\cave_hsi_random_id03_seed0_mr0.5_softimpute_r24_24_4,0.5002205141129032,0.0,0.030498811975121498,10.217858076907483,-12.92246765450567,30.31434155718822,0.9600391856192966,44.72388419435347,0.04314135015010834,10.424748676366601,-9.93025538549395,27.30212581681169,0.9080573960858392,63.12035495133582
cave_hsi,3,random-missing-completion,random,0,0.5,tucker,"(24,24,4)","(128,128)",1.1180884999921545,C:\Users\mrkys\workspace\NTD-PL\multirun\neurips-lowrank-core\benchmark\cave_hsi_random_id03_seed0_mr0.5_tucker_r24_24_4,0.5002205141129032,0.0,0.03300630731740006,11.173798732623567,-12.23618716395424,29.628061219775667,0.9577101682779969,48.078447933446505,0.034315076768897786,10.997647924074801,-11.918430352255772,29.290300503572624,0.9544556919566335,49.862308453197926
cave_hsi,4,random-missing-completion,random,0,0.5,ntdpl,"(24,24,4)","(128,128)",8.126474000047892,C:\Users\mrkys\workspace\NTD-PL\multirun\neurips-lowrank-core\run\cave_hsi_random_id04_seed0_mr0.5_ntdpl_r24_24_4,0.5002205141129032,0.0,0.026933075860142708,15.308693462186639,-20.795732814913144,31.394280701890604,0.9941671811185895,17.14278543737439,0.02770119532942772,14.52720421290769,-20.53239859141682,31.150030158117307,0.9938083707769317,17.67405035864396
cave_hsi,4,random-missing-completion,random,0,0.5,softimpute,"(24,24,4)","(128,128)",10.078180000069551,C:\Users\mrkys\workspace\NTD-PL\multirun\neurips-lowrank-core\benchmark\cave_hsi_random_id04_seed0_mr0.5_softimpute_r24_24_4,0.5002205141129032,0.0,0.04893908277153969,16.47253522186426,-15.608335400163867,26.206883315464108,0.9783853103929194,30.589540298262367,0.06922557950019836,15.351775379366734,-12.577036181623392,23.19466757508757,0.9510343651181273,43.39319521787673
cave_hsi,4,random-missing-completion,random,0,0.5,tucker,"(24,24,4)","(128,128)",1.1064824999775738,C:\Users\mrkys\workspace\NTD-PL\multirun\neurips-lowrank-core\benchmark\cave_hsi_random_id04_seed0_mr0.5_tucker_r24_24_4,0.5002205141129032,0.0,0.029706649822356393,17.007475675499684,-19.944378309301594,30.542926462885283,0.9928973492601375,18.662550902669306,0.030499618088641073,16.532150513222955,-19.69648046180612,30.31411197570966,0.9924860307970435,19.20775121516669
cave_hsi,5,random-missing-completion,random,0,0.5,ntdpl,"(24,24,4)","(128,128)",7.863717300002463,C:\Users\mrkys\workspace\NTD-PL\multirun\neurips-lowrank-core\run\cave_hsi_random_id05_seed0_mr0.5_ntdpl_r24_24_4,0.5002205141129032,0.0,0.009774565696716309,26.835447507504064,-24.400195987689056,40.198050156171675,0.9977952449938028,23.325679464149864,0.009953697212040424,23.825600434050358,-24.229809891964425,40.04031159267123,0.9977068917792111,23.59497870996788
cave_hsi,5,random-missing-completion,random,0,0.5,softimpute,"(24,24,4)","(128,128)",16.06731840001885,C:\Users\mrkys\workspace\NTD-PL\multirun\neurips-lowrank-core\benchmark\cave_hsi_random_id05_seed0_mr0.5_softimpute_r24_24_4,0.5002205141129032,0.0,0.021413275972008705,17.081951326298395,-17.588483664065468,33.38633764286212,0.9871031461213713,44.8271422039966,0.030289625748991966,19.601002434959362,-14.56362058680368,30.37412190248558,0.9688604304386139,63.294556335073715
cave_hsi,5,random-missing-completion,random,0,0.5,tucker,"(24,24,4)","(128,128)",1.2497986999806017,C:\Users\mrkys\workspace\NTD-PL\multirun\neurips-lowrank-core\benchmark\cave_hsi_random_id05_seed0_mr0.5_tucker_r24_24_4,0.5002205141129032,0.0,0.011048886589366601,28.424312262836857,-23.335775306241814,39.133629683843914,0.9971828997808596,25.560520607426636,0.011306675107386602,25.302639775168714,-23.12280016539528,38.93330173846024,0.9970421233847541,25.945569093386716
cave_hsi,6,random-missing-completion,random,0,0.5,ntdpl,"(24,24,4)","(128,128)",8.270134799997322,C:\Users\mrkys\workspace\NTD-PL\multirun\neurips-lowrank-core\run\cave_hsi_random_id06_seed0_mr0.5_ntdpl_r24_24_4,0.5002205141129032,0.0,0.062075916677713394,9.373804613130726,-12.292572196004844,24.141537164306904,0.9230635380556446,39.400883972830165,0.06352599710226059,9.303000788766266,-12.085309627132617,23.940970072210696,0.9192509445903746,40.26243828074579
cave_hsi,6,random-missing-completion,random,0,0.5,softimpute,"(24,24,4)","(128,128)",12.493713700096123,C:\Users\mrkys\workspace\NTD-PL\multirun\neurips-lowrank-core\benchmark\cave_hsi_random_id06_seed0_mr0.5_softimpute_r24_24_4,0.5002205141129032,0.0,0.05612482503056526,10.313067155632837,-13.167935190749674,25.01689995268928,0.9340767241538783,37.921404058772964,0.07938999682664871,11.770354599942642,-10.149023880616877,22.004684212312746,0.8484254441486331,53.64017448260875
cave_hsi,6,random-missing-completion,random,0,0.5,tucker,"(24,24,4)","(128,128)",1.1269157000351697,C:\Users\mrkys\workspace\NTD-PL\multirun\neurips-lowrank-core\benchmark\cave_hsi_random_id06_seed0_mr0.5_tucker_r24_24_4,0.5002205141129032,0.0,0.06520512104471246,9.732305542432995,-11.865400758340172,23.714365890845453,0.9144774804323244,43.045927223358,0.06648788191792121,9.727196414080545,-11.689489692038482,23.545150040027956,0.9108647720938604,43.80744023111311
cave_hsi,7,random-missing-completion,random,0,0.5,ntdpl,"(24,24,4)","(128,128)",8.300716800033115,C:\Users\mrkys\workspace\NTD-PL\multirun\neurips-lowrank-core\run\cave_hsi_random_id07_seed0_mr0.5_ntdpl_r24_24_4,0.5002205141129032,0.0,0.009374238550662994,22.06477951927105,-21.78033209194821,40.56127984210405,0.9961180900344863,19.169141699832515,0.009769449010491371,20.562771587302322,-21.386761673290046,40.202598168662064,0.9957533635082364,20.050861555016876
cave_hsi,7,random-missing-completion,random,0,0.5,softimpute,"(24,24,4)","(128,128)",16.05099430005066,C:\Users\mrkys\workspace\NTD-PL\multirun\neurips-lowrank-core\benchmark\cave_hsi_random_id07_seed0_mr0.5_softimpute_r24_24_4,0.5002205141129032,0.0,0.018634721636772156,19.13857612529491,-15.812594466347258,34.593542513402404,0.9819397793573769,37.56040247865549,0.026359286159276962,19.511802653637123,-12.765490569018887,31.581326773025864,0.957284035521348,53.37655356975133
cave_hsi,7,random-missing-completion,random,0,0.5,tucker,"(24,24,4)","(128,128)",1.1686754999682307,C:\Users\mrkys\workspace\NTD-PL\multirun\neurips-lowrank-core\benchmark\cave_hsi_random_id07_seed0_mr0.5_tucker_r24_24_4,0.5002205141129032,0.0,0.009877939979466867,21.017242535175683,-21.325724560909237,40.106672340702474,0.9956841544094758,20.029119953589316,0.010310698450876938,20.13308102691567,-20.918401763904306,39.734238288728235,0.9952644688309332,20.996666328786493
cave_hsi,8,random-missing-completion,random,0,0.5,ntdpl,"(24,24,4)","(128,128)",8.246435299981385,C:\Users\mrkys\workspace\NTD-PL\multirun\neurips-lowrank-core\run\cave_hsi_random_id08_seed0_mr0.5_ntdpl_r24_24_4,0.5002205141129032,0.0,0.026381459087133408,13.910754953097559,-18.362451334747114,31.5740238374927,0.989320710591274,21.917900240283892,0.027269484475255013,13.044544022299178,-18.06795953053333,31.286461333915096,0.9885713899695181,22.626995186959483
cave_hsi,8,random-missing-completion,random,0,0.5,softimpute,"(24,24,4)","(128,128)",12.981927099986933,C:\Users\mrkys\workspace\NTD-PL\multirun\neurips-lowrank-core\benchmark\cave_hsi_random_id08_seed0_mr0.5_softimpute_r24_24_4,0.5002205141129032,0.0,0.043703872710466385,15.793079853647034,-13.978029252780226,27.189601630015577,0.9671108707452437,35.46558987146514,0.061820242553949356,16.595164445495723,-10.958884059169234,24.177385889639037,0.9249954472545229,50.28996549993758
cave_hsi,8,random-missing-completion,random,0,0.5,tucker,"(24,24,4)","(128,128)",1.1392273999517784,C:\Users\mrkys\workspace\NTD-PL\multirun\neurips-lowrank-core\benchmark\cave_hsi_random_id08_seed0_mr0.5_tucker_r24_24_4,0.5002205141129032,0.0,0.03319459226862413,19.545599280339523,-16.367080626480842,29.578653229043823,0.9830193702724508,27.342600790747838,0.034072324137033816,18.967758887229984,-16.13346317102814,29.35196482763686,0.982081026941514,28.10499292350508
cave_hsi,9,random-missing-completion,random,0,0.5,ntdpl,"(24,24,4)","(128,128)",7.574747700011358,C:\Users\mrkys\workspace\NTD-PL\multirun\neurips-lowrank-core\run\cave_hsi_random_id09_seed0_mr0.5_ntdpl_r24_24_4,0.5002205141129032,0.0,0.021030057221651077,23.77685350188351,-18.07921964583182,33.54319106568442,0.9899069394957438,27.535305645142916,0.02188127115368843,21.65701091241739,-17.750041171046163,33.19854933865012,0.9891060519946271,28.191865324270154
cave_hsi,9,random-missing-completion,random,0,0.5,softimpute,"(24,24,4)","(128,128)",14.626918699941598,C:\Users\mrkys\workspace\NTD-PL\multirun\neurips-lowrank-core\benchmark\cave_hsi_random_id09_seed0_mr0.5_softimpute_r24_24_4,0.5002205141129032,0.0,0.032782480120658875,19.810889642253272,-14.223192855354423,29.687163711311012,0.9720219675993841,39.70313633948851,0.04637165367603302,20.021017007818422,-11.226440474219919,26.674947970934472,0.9358565095076776,55.8354260874101
cave_hsi,9,random-missing-completion,random,0,0.5,tucker,"(24,24,4)","(128,128)",1.1333054000278935,C:\Users\mrkys\workspace\NTD-PL\multirun\neurips-lowrank-core\benchmark\cave_hsi_random_id09_seed0_mr0.5_tucker_r24_24_4,0.5002205141129032,0.0,0.02377024719436505,30.80832330601557,-17.015354623477123,32.479326037636234,0.9870763325712378,30.92224918340053,0.024636289438959163,29.136966555038565,-16.719986020449298,32.16849404503361,0.9861593784773262,31.615198824427644
cave_hsi,10,random-missing-completion,random,0,0.5,ntdpl,"(24,24,4)","(128,128)",6.95181350002531,C:\Users\mrkys\workspace\NTD-PL\multirun\neurips-lowrank-core\run\cave_hsi_random_id10_seed0_mr0.5_ntdpl_r24_24_4,0.5002205141129032,0.0,0.017970010638237,9.786793302124753,-20.390354076057502,34.909033670991775,0.9926707906614359,15.495115147993243,0.018597615882754326,9.051972897053815,-20.098119594239435,34.610854194459414,0.992168920524871,15.988932053658033
cave_hsi,10,random-missing-completion,random,0,0.5,softimpute,"(24,24,4)","(128,128)",13.25876299990341,C:\Users\mrkys\workspace\NTD-PL\multirun\neurips-lowrank-core\benchmark\cave_hsi_random_id10_seed0_mr0.5_softimpute_r24_24_4,0.5002205141129032,0.0,0.03443450480699539,12.140573857825018,-14.741443950435489,29.26012328006767,0.9699916681631546,30.71296947102574,0.0487084835767746,13.05121899669019,-11.735173359955237,26.247907539691134,0.9324774383194416,43.42031168070735
cave_hsi,10,random-missing-completion,random,0,0.5,tucker,"(24,24,4)","(128,128)",1.107494099996984,C:\Users\mrkys\workspace\NTD-PL\multirun\neurips-lowrank-core\benchmark\cave_hsi_random_id10_seed0_mr0.5_tucker_r24_24_4,0.5002205141129032,0.0,0.020129856216227246,10.938026017693728,-19.40450721522049,33.92318654367958,0.9908031914885316,17.599128798264733,0.020814478548569087,10.293291760302223,-19.119954588334164,33.63268929469442,0.9901916676562083,18.1446644154437
cave_hsi,11,random-missing-completion,random,0,0.5,ntdpl,"(24,24,4)","(128,128)",7.820835300022736,C:\Users\mrkys\workspace\NTD-PL\multirun\neurips-lowrank-core\run\cave_hsi_random_id11_seed0_mr0.5_ntdpl_r24_24_4,0.5002205141129032,0.0,0.0344930924475193,10.672543075950568,-16.78957496179691,29.24535732665568,0.9784686682130238,21.6969453033993,0.03517633303999901,10.26922825651589,-16.616106340769697,29.074988798919648,0.9775728872699466,22.06948024836676
cave_hsi,11,random-missing-completion,random,0,0.5,softimpute,"(24,24,4)","(128,128)",14.577903299941681,C:\Users\mrkys\workspace\NTD-PL\multirun\neurips-lowrank-core\benchmark\cave_hsi_random_id11_seed0_mr0.5_softimpute_r24_24_4,0.5002205141129032,0.0,0.050363194197416306,13.347441063965245,-13.501951727565304,25.9577346199399,0.9485376354387003,31.516326943990975,0.07124002277851105,13.918627331059357,-10.486636351870267,22.945518879563362,0.8798666573379703,44.49770619435363
cave_hsi,11,random-missing-completion,random,0,0.5,tucker,"(24,24,4)","(128,128)",1.0619105000514537,C:\Users\mrkys\workspace\NTD-PL\multirun\neurips-lowrank-core\benchmark\cave_hsi_random_id11_seed0_mr0.5_tucker_r24_24_4,0.5002205141129032,0.0,0.03850448009327146,12.278860536109034,-15.83399207365676,28.289774725887415,0.9730555081515082,24.348298105452905,0.039167620994223974,12.083032857943,-15.682573582347114,28.141456126080104,0.972079253690594,24.725652705356605
cave_hsi,12,random-missing-completion,random,0,0.5,ntdpl,"(24,24,4)","(128,128)",7.922624800004996,C:\Users\mrkys\workspace\NTD-PL\multirun\neurips-lowrank-core\run\cave_hsi_random_id12_seed0_mr0.5_ntdpl_r24_24_4,0.5002205141129032,0.0,0.014417778700590134,7.2413148953670445,-28.287966694949517,36.822033118147765,0.9986010575643194,7.30494334414545,0.014636133797466755,6.801680653859605,-28.154600043655343,36.69147250450847,0.9985582527950797,7.411834308869181
cave_hsi,12,random-missing-completion,random,0,0.5,softimpute,"(24,24,4)","(128,128)",13.0929001000477,C:\Users\mrkys\workspace\NTD-PL\multirun\neurips-lowrank-core\benchmark\cave_hsi_random_id12_seed0_mr0.5_softimpute_r24_24_4,0.5002205141129032,0.0,0.04678880423307419,9.69503062394993,-18.063094749032516,26.59716090825094,0.9840360193716958,20.398741894797716,0.06618395447731018,9.618820101202173,-15.048073315325425,23.58494516787441,0.9652742413702279,28.871090794021313
cave_hsi,12,random-missing-completion,random,0,0.5,tucker,"(24,24,4)","(128,128)",1.0751100999768823,C:\Users\mrkys\workspace\NTD-PL\multirun\neurips-lowrank-core\benchmark\cave_hsi_random_id12_seed0_mr0.5_tucker_r24_24_4,0.5002205141129032,0.0,0.018643652428905595,8.377259353762152,-26.055313700913402,34.58938004314713,0.9976605434287751,9.369894618711188,0.018955819897027604,7.851474367112216,-25.908276118758188,34.44514852540617,0.9975813711285607,9.528950833267265
cave_hsi,13,random-missing-completion,random,0,0.5,ntdpl,"(24,24,4)","(128,128)",7.108306200010702,C:\Users\mrkys\workspace\NTD-PL\multirun\neurips-lowrank-core\run\cave_hsi_random_id13_seed0_mr0.5_ntdpl_r24_24_4,0.5002205141129032,0.0,0.022157898172736168,21.736713946325622,-20.106535164658762,33.089429252890085,0.9931472430527295,18.21603708340869,0.022853940725326538,20.256534079094255,-19.856541319928024,32.820777880470295,0.9927419452655466,18.75453836790677
cave_hsi,13,random-missing-completion,random,0,0.5,softimpute,"(24,24,4)","(128,128)",13.695081600104459,C:\Users\mrkys\workspace\NTD-PL\multirun\neurips-lowrank-core\benchmark\cave_hsi_random_id13_seed0_mr0.5_softimpute_r24_24_4,0.5002205141129032,0.0,0.04190993309020996,17.39397884559461,-14.570767428139984,27.553660621877615,0.972205075064677,34.58561050307205,0.05928267166018486,17.50837222160798,-11.57720823498593,24.541444881501082,0.9367499235785237,48.882197448504705
cave_hsi,13,random-missing-completion,random,0,0.5,tucker,"(24,24,4)","(128,128)",1.1061218000249937,C:\Users\mrkys\workspace\NTD-PL\multirun\neurips-lowrank-core\benchmark\cave_hsi_random_id13_seed0_mr0.5_tucker_r24_24_4,0.5002205141129032,0.0,0.024836585350033857,25.07425845417108,-19.115268556404402,32.098162264575535,0.9913836182703943,20.472154703415946,0.025515295398358034,23.88306186258576,-18.89975132406359,31.863987986858998,0.9909446277747824,20.998291910703877
cave_hsi,14,random-missing-completion,random,0,0.5,ntdpl,"(24,24,4)","(128,128)",6.600085099926218,C:\Users\mrkys\workspace\NTD-PL\multirun\neurips-lowrank-core\run\cave_hsi_random_id14_seed0_mr0.5_ntdpl_r24_24_4,0.5002205141129032,0.0,0.01355151366442442,11.292174029655701,-18.8355964343511,37.3602434545996,0.9920551015829954,27.393247839951478,0.01409654039889574,10.778417958927239,-18.50934833971082,37.01774911145251,0.9914288028940583,28.123209332059197
cave_hsi,14,random-missing-completion,random,0,0.5,softimpute,"(24,24,4)","(128,128)",19.770791599992663,C:\Users\mrkys\workspace\NTD-PL\multirun\neurips-lowrank-core\benchmark\cave_hsi_random_id14_seed0_mr0.5_softimpute_r24_24_4,0.5002205141129032,0.0,0.022884748876094818,15.500942807190295,-14.284429845591404,32.80907743255931,0.9733316775064926,47.06973408326018,0.03237105906009674,16.216809230454345,-11.288461723516106,29.796861692182777,0.9372913677853709,66.37311361019339
cave_hsi,14,random-missing-completion,random,0,0.5,tucker,"(24,24,4)","(128,128)",1.1576097999932244,C:\Users\mrkys\workspace\NTD-PL\multirun\neurips-lowrank-core\benchmark\cave_hsi_random_id14_seed0_mr0.5_tucker_r24_24_4,0.5002205141129032,0.0,0.015281051703214416,12.758938750960713,-17.79228790447504,36.31693509690211,0.989881841275806,30.888549146469686,0.01578332044043066,12.548228033317933,-17.52763190403491,36.036032522837104,0.9892382603169684,31.574998440817232
cave_hsi,15,random-missing-completion,random,0,0.5,ntdpl,"(24,24,4)","(128,128)",6.356205399963073,C:\Users\mrkys\workspace\NTD-PL\multirun\neurips-lowrank-core\run\cave_hsi_random_id15_seed0_mr0.5_ntdpl_r24_24_4,0.5002205141129032,0.0,0.014970040880143642,14.480118266546114,-21.00430201810859,36.49554085959159,0.9942451953440009,15.990171421502719,0.015326418913900852,12.838756770046173,-20.77790125355207,36.29118599470527,0.9939409404716346,16.366305214406662
cave_hsi,15,random-missing-completion,random,0,0.5,softimpute,"(24,24,4)","(128,128)",13.200453500030562,C:\Users\mrkys\workspace\NTD-PL\multirun\neurips-lowrank-core\benchmark\cave_hsi_random_id15_seed0_mr0.5_softimpute_r24_24_4,0.5002205141129032,0.0,0.030239518731832504,14.642159673676804,-14.89726406594228,30.3885023226313,0.9735137698549754,33.86306202205533,0.04277457296848297,15.996713131203705,-11.863001397714765,27.376286582254764,0.9394548412151986,48.05208994483567
cave_hsi,15,random-missing-completion,random,0,0.5,tucker,"(24,24,4)","(128,128)",1.1888197999214754,C:\Users\mrkys\workspace\NTD-PL\multirun\neurips-lowrank-core\benchmark\cave_hsi_random_id15_seed0_mr0.5_tucker_r24_24_4,0.5002205141129032,0.0,0.016890020358336352,18.160656854579678,-19.95615816909194,35.44739653906199,0.9926715825710365,18.145961914459686,0.017241189394659847,16.599128274083867,-19.755370796032718,35.26865554781315,0.9923298621141269,18.532273514774875
cave_hsi,1,random-missing-completion,random,1,0.5,ntdpl,"(24,24,4)","(128,128)",8.08302439993713,C:\Users\mrkys\workspace\NTD-PL\multirun\neurips-lowrank-core\run\cave_hsi_random_id01_seed1_mr0.5_ntdpl_r24_24_4,0.5003169890372984,1.0,0.015432017855346203,8.91322041175576,-22.751004508924364,36.23154539718649,0.9951047345215203,10.829908226440116,0.015818236395716667,8.515871673128467,-22.523757930332586,36.01683849229887,0.9948392455720085,11.116828037003465
cave_hsi,1,random-missing-completion,random,1,0.5,softimpute,"(24,24,4)","(128,128)",12.49977990007028,C:\Users\mrkys\workspace\NTD-PL\multirun\neurips-lowrank-core\benchmark\cave_hsi_random_id01_seed1_mr0.5_softimpute_r24_24_4,0.5003169890372984,1.0,0.03321441262960434,10.759058887917554,-16.09292784555767,29.573468963584993,0.9750373957796827,23.083497144528934,0.04698716849088669,10.768599649360265,-13.067334235349193,26.560414802005678,0.9442756231361271,32.69414099569895
cave_hsi,1,random-missing-completion,random,1,0.5,tucker,"(24,24,4)","(128,128)",1.019882500055246,C:\Users\mrkys\workspace\NTD-PL\multirun\neurips-lowrank-core\benchmark\cave_hsi_random_id01_seed1_mr0.5_tucker_r24_24_4,0.5003169890372984,1.0,0.016379998927440353,9.646581144651513,-22.233181666142592,35.713722620262615,0.9944871223069989,11.529927708121406,0.016793839965779524,9.35107352855295,-22.003919342372548,35.496999793410005,0.9941850394373821,11.838990465917142
cave_hsi,2,random-missing-completion,random,1,0.5,ntdpl,"(24,24,4)","(128,128)",7.570118100033142,C:\Users\mrkys\workspace\NTD-PL\multirun\neurips-lowrank-core\run\cave_hsi_random_id02_seed1_mr0.5_ntdpl_r24_24_4,0.5003169890372984,1.0,0.07700075209140778,24.61423822030912,-8.792269223265802,22.27010067814199,0.8871154435763797,72.29645786645973,0.07933373749256134,23.426284929460998,-8.519771811884123,22.010842084160007,0.8798236304858037,74.20206770619062
cave_hsi,2,random-missing-completion,random,1,0.5,softimpute,"(24,24,4)","(128,128)",23.742826999980025,C:\Users\mrkys\workspace\NTD-PL\multirun\neurips-lowrank-core\benchmark\cave_hsi_random_id02_seed1_mr0.5_softimpute_r24_24_4,0.5003169890372984,1.0,0.06255970150232315,18.881406583138382,-10.59627510398877,24.07410618130306,0.9196456670585548,54.685372229484365,0.08850084245204926,19.941424572473274,-7.569982375611569,21.061052019723743,0.8019008387309746,77.38276650878537
cave_hsi,2,random-missing-completion,random,1,0.5,tucker,"(24,24,4)","(128,128)",1.0630695999134332,C:\Users\mrkys\workspace\NTD-PL\multirun\neurips-lowrank-core\benchmark\cave_hsi_random_id02_seed1_mr0.5_tucker_r24_24_4,0.5003169890372984,1.0,0.08731034706486777,29.451340693191668,-7.700854369398523,21.178685708501433,0.8504047583414652,80.22277740868078,0.08901808661224653,28.74395553886396,-7.519364949305761,21.0104348967953,0.8442428547969613,81.6428379254151
cave_hsi,3,random-missing-completion,random,1,0.5,ntdpl,"(24,24,4)","(128,128)",7.1904021999798715,C:\Users\mrkys\workspace\NTD-PL\multirun\neurips-lowrank-core\run\cave_hsi_random_id03_seed1_mr0.5_ntdpl_r24_24_4,0.5003169890372984,1.0,0.0295228473842144,11.956008541530249,-13.204961172808511,30.596835363110273,0.966457787835962,42.026963544658926,0.030863014981150627,11.870511011469201,-12.820338802962342,30.21123327831104,0.9632830902158679,43.879731089398646
cave_hsi,3,random-missing-completion,random,1,0.5,softimpute,"(24,24,4)","(128,128)",16.28572000004351,C:\Users\mrkys\workspace\NTD-PL\multirun\neurips-lowrank-core\benchmark\cave_hsi_random_id03_seed1_mr0.5_softimpute_r24_24_4,0.5003169890372984,1.0,0.03018774837255478,10.161965694669243,-13.011511524224408,30.403385409100633,0.9609070114847106,44.1554522370236,0.042705465108156204,10.404003806491868,-9.999436628441645,27.390331247521317,0.9095905057019161,62.337922271226745
cave_hsi,3,random-missing-completion,random,1,0.5,tucker,"(24,24,4)","(128,128)",1.0559528999729082,C:\Users\mrkys\workspace\NTD-PL\multirun\neurips-lowrank-core\benchmark\cave_hsi_random_id03_seed1_mr0.5_tucker_r24_24_4,0.5003169890372984,1.0,0.03299207272722706,10.973384411856447,-12.23993392504502,29.63180798086645,0.95775061350736,48.078049252040884,0.03411460450591447,10.860419737392688,-11.950298734793973,29.34119318350128,0.9547427568127528,49.52638149181954
cave_hsi,4,random-missing-completion,random,1,0.5,ntdpl,"(24,24,4)","(128,128)",6.9754736999748275,C:\Users\mrkys\workspace\NTD-PL\multirun\neurips-lowrank-core\run\cave_hsi_random_id04_seed1_mr0.5_ntdpl_r24_24_4,0.5003169890372984,1.0,0.026912836357951164,15.381028388417658,-20.80226250419291,31.400810859049315,0.9941765407788055,17.14426623107876,0.027754640206694603,14.591629101228595,-20.542936089820248,31.1332875594151,0.9938172698783113,17.64570676446862
cave_hsi,4,random-missing-completion,random,1,0.5,softimpute,"(24,24,4)","(128,128)",9.861342699965462,C:\Users\mrkys\workspace\NTD-PL\multirun\neurips-lowrank-core\benchmark\cave_hsi_random_id04_seed1_mr0.5_softimpute_r24_24_4,0.5003169890372984,1.0,0.04934149235486984,16.48748344961367,-15.537206262815973,26.135754027016098,0.9779948040663684,30.824808221743933,0.06980153918266296,15.350767198856206,-12.532348091965622,23.122699865436786,0.9503935974810267,43.553244208983294
cave_hsi,4,random-missing-completion,random,1,0.5,tucker,"(24,24,4)","(128,128)",1.0505101999733597,C:\Users\mrkys\workspace\NTD-PL\multirun\neurips-lowrank-core\benchmark\cave_hsi_random_id04_seed1_mr0.5_tucker_r24_24_4,0.5003169890372984,1.0,0.029724146842791333,17.061200501707788,-19.93926388373735,30.537812037321036,0.9928884526109893,18.683837935196408,0.030574199490989145,16.598440227171636,-19.70254619543756,30.292898101171133,0.9924872787979929,19.185807438163614
cave_hsi,5,random-missing-completion,random,1,0.5,ntdpl,"(24,24,4)","(128,128)",7.385295100044459,C:\Users\mrkys\workspace\NTD-PL\multirun\neurips-lowrank-core\run\cave_hsi_random_id05_seed1_mr0.5_ntdpl_r24_24_4,0.5003169890372984,1.0,0.009664184413850307,26.82438503293063,-24.49884169230615,40.29669643563104,0.9978447866491832,22.990751092487844,0.009851147420704365,23.863775797250234,-24.34400886450802,40.130263200003085,0.9977659242328558,23.099219494746357
cave_hsi,5,random-missing-completion,random,1,0.5,softimpute,"(24,24,4)","(128,128)",15.795765799935907,C:\Users\mrkys\workspace\NTD-PL\multirun\neurips-lowrank-core\benchmark\cave_hsi_random_id05_seed1_mr0.5_softimpute_r24_24_4,0.5003169890372984,1.0,0.021431270986795425,17.114306162558634,-17.581186961561418,33.379041017802635,0.9870474842195088,45.234120357066374,0.0303180068731308,19.711707726409358,-14.579732760492025,30.36598685622332,0.96884639838561,63.70283019078285
cave_hsi,5,random-missing-completion,random,1,0.5,tucker,"(24,24,4)","(128,128)",1.147063700016588,C:\Users\mrkys\workspace\NTD-PL\multirun\neurips-lowrank-core\benchmark\cave_hsi_random_id05_seed1_mr0.5_tucker_r24_24_4,0.5003169890372984,1.0,0.011007454242040372,28.498179719831448,-23.36840784691299,39.16626222451509,0.9972029960865489,25.435267975543212,0.011266249527620535,25.45814826500865,-23.178158416330476,38.96441268269757,0.9970769103631749,25.630619570889156
cave_hsi,6,random-missing-completion,random,1,0.5,ntdpl,"(24,24,4)","(128,128)",6.758707500062883,C:\Users\mrkys\workspace\NTD-PL\multirun\neurips-lowrank-core\run\cave_hsi_random_id06_seed1_mr0.5_ntdpl_r24_24_4,0.5003169890372984,1.0,0.06195290759205818,9.460589284910679,-12.30980123640515,24.158766295433885,0.923379913494194,39.176438868056245,0.06357195973396301,9.384946799576683,-12.081585863261932,23.934687803003705,0.9192196710687532,40.21327112302428
cave_hsi,6,random-missing-completion,random,1,0.5,softimpute,"(24,24,4)","(128,128)",11.878779700025916,C:\Users\mrkys\workspace\NTD-PL\multirun\neurips-lowrank-core\benchmark\cave_hsi_random_id06_seed1_mr0.5_softimpute_r24_24_4,0.5003169890372984,1.0,0.05598302558064461,10.296033348337545,-13.189907496371475,25.03887250400294,0.9343835996201388,37.78595924926892,0.07919706404209137,11.716657934925042,-10.17271651358406,22.025818342423626,0.8492844298528459,53.48929557443447
cave_hsi,6,random-missing-completion,random,1,0.5,tucker,"(24,24,4)","(128,128)",1.0754835000261664,C:\Users\mrkys\workspace\NTD-PL\multirun\neurips-lowrank-core\benchmark\cave_hsi_random_id06_seed1_mr0.5_tucker_r24_24_4,0.5003169890372984,1.0,0.06517322690331796,9.786477823139872,-11.869650374969613,23.718615507474894,0.9145727036264004,42.91539210547862,0.06660075790811786,9.757965928550416,-11.677314680372564,23.530416571716955,0.9106628737602193,43.841753921258736
cave_hsi,7,random-missing-completion,random,1,0.5,ntdpl,"(24,24,4)","(128,128)",7.166379100061022,C:\Users\mrkys\workspace\NTD-PL\multirun\neurips-lowrank-core\run\cave_hsi_random_id07_seed1_mr0.5_ntdpl_r24_24_4,0.5003169890372984,1.0,0.009404129348695278,20.62378872642953,-21.752680061399957,40.53362754054022,0.9960919473545157,19.15834293970153,0.009792421013116837,19.208793155051133,-21.374195752849833,40.18219812694228,0.995736088718853,19.91615435777179
cave_hsi,7,random-missing-completion,random,1,0.5,softimpute,"(24,24,4)","(128,128)",12.606066800071858,C:\Users\mrkys\workspace\NTD-PL\multirun\neurips-lowrank-core\benchmark\cave_hsi_random_id07_seed1_mr0.5_softimpute_r24_24_4,0.5003169890372984,1.0,0.01880403235554695,19.07722716516666,-15.73403289123043,34.51498055493163,0.9815901566109394,37.76060445535481,0.02660134807229042,19.49659879068161,-12.693924336059348,31.50192639335232,0.9564925854175165,53.54052846515707
cave_hsi,7,random-missing-completion,random,1,0.5,tucker,"(24,24,4)","(128,128)",1.0893054000334814,C:\Users\mrkys\workspace\NTD-PL\multirun\neurips-lowrank-core\benchmark\cave_hsi_random_id07_seed1_mr0.5_tucker_r24_24_4,0.5003169890372984,1.0,0.009840793074380636,19.42221742658868,-21.358450223230186,40.13939800302343,0.9957202283264084,19.905346217266896,0.010248737472405251,18.85703973083136,-20.97859014613466,39.786592628825915,0.9953291769704209,20.725414079653326
cave_hsi,8,random-missing-completion,random,1,0.5,ntdpl,"(24,24,4)","(128,128)",6.659229100099765,C:\Users\mrkys\workspace\NTD-PL\multirun\neurips-lowrank-core\run\cave_hsi_random_id08_seed1_mr0.5_ntdpl_r24_24_4,0.5003169890372984,1.0,0.026501957327127457,13.867841997854239,-18.322868468493354,31.53444114124468,0.9892298712781802,22.034702234751464,0.027384093031287193,12.96610210225187,-18.019883610830625,31.250032449331,0.9884437970724207,22.743213043366083
cave_hsi,8,random-missing-completion,random,1,0.5,softimpute,"(24,24,4)","(128,128)",14.352803400019184,C:\Users\mrkys\workspace\NTD-PL\multirun\neurips-lowrank-core\benchmark\cave_hsi_random_id08_seed1_mr0.5_softimpute_r24_24_4,0.5003169890372984,1.0,0.04361541569232941,15.72639719280891,-13.995626987827325,27.207199736724373,0.9672518274151463,35.38356994823017,0.06170107051730156,16.45204081259596,-10.963996815014148,24.194145575145058,0.9250071364732664,50.15411295688374
cave_hsi,8,random-missing-completion,random,1,0.5,tucker,"(24,24,4)","(128,128)",1.0724173999624327,C:\Users\mrkys\workspace\NTD-PL\multirun\neurips-lowrank-core\benchmark\cave_hsi_random_id08_seed1_mr0.5_tucker_r24_24_4,0.5003169890372984,1.0,0.0332204979142816,19.45816590925448,-16.360304648612697,29.571877251175675,0.9830089907924217,27.37093837777378,0.03416418603147172,18.87391585766192,-16.098429420829554,29.328578439409153,0.9819438465458539,28.167518244317264
cave_hsi,9,random-missing-completion,random,1,0.5,ntdpl,"(24,24,4)","(128,128)",7.3167527000186965,C:\Users\mrkys\workspace\NTD-PL\multirun\neurips-lowrank-core\run\cave_hsi_random_id09_seed1_mr0.5_ntdpl_r24_24_4,0.5003169890372984,1.0,0.02101808413863182,23.82400671282886,-18.084166541319274,33.54813800860856,0.9899215578334896,27.543626816484775,0.02189388871192932,21.656217435238474,-17.725103062386612,33.19354165111681,0.9890537074515503,28.414437900694434
cave_hsi,9,random-missing-completion,random,1,0.5,softimpute,"(24,24,4)","(128,128)",15.412235200055875,C:\Users\mrkys\workspace\NTD-PL\multirun\neurips-lowrank-core\benchmark\cave_hsi_random_id09_seed1_mr0.5_softimpute_r24_24_4,0.5003169890372984,1.0,0.03247280791401863,19.74098953784999,-14.305631861767731,29.76960343560301,0.9725781694362183,39.008232144790696,0.04593804478645325,19.922495442382623,-11.288111295387358,26.756549274023698,0.9368577214194002,55.287306851731266
cave_hsi,9,random-missing-completion,random,1,0.5,tucker,"(24,24,4)","(128,128)",1.0903450000332668,C:\Users\mrkys\workspace\NTD-PL\multirun\neurips-lowrank-core\benchmark\cave_hsi_random_id09_seed1_mr0.5_tucker_r24_24_4,0.5003169890372984,1.0,0.023783244826646212,31.007982000591053,-17.010606454728048,32.47457786888717,0.9870679516906109,31.01132116689169,0.02465790200915059,29.29931841512261,-16.69243910289675,32.16087755286723,0.9860867491844935,31.961623317758164
cave_hsi,10,random-missing-completion,random,1,0.5,ntdpl,"(24,24,4)","(128,128)",6.281761600053869,C:\Users\mrkys\workspace\NTD-PL\multirun\neurips-lowrank-core\run\cave_hsi_random_id10_seed1_mr0.5_ntdpl_r24_24_4,0.5003169890372984,1.0,0.018036557361483574,9.863129423233648,-20.35824749772141,34.876927137754244,0.99261367392672,15.602024023183947,0.018611595034599304,9.114093099047235,-20.085851395549085,34.60432783652503,0.9921337650165438,16.094979969339803
cave_hsi,10,random-missing-completion,random,1,0.5,softimpute,"(24,24,4)","(128,128)",13.449757999973372,C:\Users\mrkys\workspace\NTD-PL\multirun\neurips-lowrank-core\benchmark\cave_hsi_random_id10_seed1_mr0.5_softimpute_r24_24_4,0.5003169890372984,1.0,0.03421672433614731,12.107687749861853,-14.796551611991669,29.3152308194523,0.9703780563946527,30.46746084054421,0.048405103385448456,13.003345296522053,-11.783700084760016,26.302176657872987,0.9331759958909441,43.0885368721205
cave_hsi,10,random-missing-completion,random,1,0.5,tucker,"(24,24,4)","(128,128)",1.094596799928695,C:\Users\mrkys\workspace\NTD-PL\multirun\neurips-lowrank-core\benchmark\cave_hsi_random_id10_seed1_mr0.5_tucker_r24_24_4,0.5003169890372984,1.0,0.02009750237302178,10.936435597585321,-19.41847889926334,33.93715822772243,0.9908323555025003,17.59125692738255,0.020686508862208818,10.287204955714461,-19.167779464396713,33.686255928405494,0.990284689223935,18.100342371880746
cave_hsi,11,random-missing-completion,random,1,0.5,ntdpl,"(24,24,4)","(128,128)",6.997626699972898,C:\Users\mrkys\workspace\NTD-PL\multirun\neurips-lowrank-core\run\cave_hsi_random_id11_seed1_mr0.5_ntdpl_r24_24_4,0.5003169890372984,1.0,0.034482479095458984,10.69008999635577,-16.792247496349297,29.24803014392191,0.9784815094868915,21.67335367096902,0.0351436547935009,10.294365649063248,-16.63982752007029,29.083061643461903,0.9777347502018199,22.077289081989036
cave_hsi,11,random-missing-completion,random,1,0.5,softimpute,"(24,24,4)","(128,128)",12.668788100010715,C:\Users\mrkys\workspace\NTD-PL\multirun\neurips-lowrank-core\benchmark\cave_hsi_random_id11_seed1_mr0.5_softimpute_r24_24_4,0.5003169890372984,1.0,0.050462957471609116,13.329315186046358,-13.484763564972962,25.94054656342628,0.9482813938010041,31.45957528125499,0.07138802856206894,13.904528407286772,-10.484258325251925,22.92749240184697,0.8799272785404445,44.48199474307676
cave_hsi,11,random-missing-completion,random,1,0.5,tucker,"(24,24,4)","(128,128)",0.9948277999646962,C:\Users\mrkys\workspace\NTD-PL\multirun\neurips-lowrank-core\benchmark\cave_hsi_random_id11_seed1_mr0.5_tucker_r24_24_4,0.5003169890372984,1.0,0.03847904796396499,12.295764227034116,-15.839730981239404,28.295513633470062,0.9731009572710431,24.317168086674933,0.03909092097217013,12.153397744127453,-15.715247737832597,28.15848195159051,0.9723589996389184,24.704816774407355
cave_hsi,12,random-missing-completion,random,1,0.5,ntdpl,"(24,24,4)","(128,128)",6.174420400056988,C:\Users\mrkys\workspace\NTD-PL\multirun\neurips-lowrank-core\run\cave_hsi_random_id12_seed1_mr0.5_ntdpl_r24_24_4,0.5003169890372984,1.0,0.01434851810336113,7.236870008488802,-28.32979268234039,36.863858795017386,0.9986144486785745,7.2827422293769875,0.014510078355669975,6.783976859959816,-28.233698817179196,36.76660492839173,0.9985836877018823,7.3597261589494085
cave_hsi,12,random-missing-completion,random,1,0.5,softimpute,"(24,24,4)","(128,128)",11.979286500019953,C:\Users\mrkys\workspace\NTD-PL\multirun\neurips-lowrank-core\benchmark\cave_hsi_random_id12_seed1_mr0.5_softimpute_r24_24_4,0.5003169890372984,1.0,0.04724065959453583,9.73760081331205,-17.979614153117666,26.51368033978596,0.9837203660145264,20.60933381416187,0.06682956963777542,9.648208563419644,-14.967720340423869,23.50062617820665,0.9645939179102986,29.188087619820628
cave_hsi,12,random-missing-completion,random,1,0.5,tucker,"(24,24,4)","(128,128)",1.0325910999672487,C:\Users\mrkys\workspace\NTD-PL\multirun\neurips-lowrank-core\benchmark\cave_hsi_random_id12_seed1_mr0.5_tucker_r24_24_4,0.5003169890372984,1.0,0.018606772165621656,8.399161724685806,-26.072512860647112,34.60657920288084,0.9976699184029478,9.409677716109517,0.018841605599376834,7.854888909176327,-25.9647357173483,34.49764182572684,0.9976119077099717,9.533779475913153
cave_hsi,13,random-missing-completion,random,1,0.5,ntdpl,"(24,24,4)","(128,128)",6.758932999917306,C:\Users\mrkys\workspace\NTD-PL\multirun\neurips-lowrank-core\run\cave_hsi_random_id13_seed1_mr0.5_ntdpl_r24_24_4,0.5003169890372984,1.0,0.02218206413090229,21.744956407059036,-20.097067242582646,33.07996065229945,0.9931328815401793,18.256943260785942,0.022814618423581123,20.29081449851879,-19.833829556933008,32.83573588166125,0.9927049093378625,18.833341352632317
cave_hsi,13,random-missing-completion,random,1,0.5,softimpute,"(24,24,4)","(128,128)",13.298891199985519,C:\Users\mrkys\workspace\NTD-PL\multirun\neurips-lowrank-core\benchmark\cave_hsi_random_id13_seed1_mr0.5_softimpute_r24_24_4,0.5003169890372984,1.0,0.041782937943935394,17.47274991689975,-14.597127375769492,27.580020450508037,0.9724436370313488,34.548208587666664,0.05910874158143997,17.49988353744302,-11.565060101077751,24.566966288928725,0.9367679557376055,49.00728865831124
cave_hsi,13,random-missing-completion,random,1,0.5,tucker,"(24,24,4)","(128,128)",1.0496738000074401,C:\Users\mrkys\workspace\NTD-PL\multirun\neurips-lowrank-core\benchmark\cave_hsi_random_id13_seed1_mr0.5_tucker_r24_24_4,0.5003169890372984,1.0,0.02482345572624404,25.148151424128248,-19.11986148316859,32.10275519133972,0.9913947783950463,20.476781550865546,0.025453985899530823,23.99121460762873,-18.882977945463576,31.884884016147858,0.9909130606342146,21.061878670880745
cave_hsi,14,random-missing-completion,random,1,0.5,ntdpl,"(24,24,4)","(128,128)",6.333927299943753,C:\Users\mrkys\workspace\NTD-PL\multirun\neurips-lowrank-core\run\cave_hsi_random_id14_seed1_mr0.5_ntdpl_r24_24_4,0.5003169890372984,1.0,0.013540206477046013,11.341100226969207,-18.842847360325923,37.367494525071514,0.9920737349673888,27.428533044788495,0.013976065441966057,10.847103571726773,-18.57836678764273,37.09230130058566,0.9915806734032282,28.07443170776815
cave_hsi,14,random-missing-completion,random,1,0.5,softimpute,"(24,24,4)","(128,128)",19.480188200017437,C:\Users\mrkys\workspace\NTD-PL\multirun\neurips-lowrank-core\benchmark\cave_hsi_random_id14_seed1_mr0.5_softimpute_r24_24_4,0.5003169890372984,1.0,0.022791830822825432,15.537402750876598,-14.319768415148229,32.844415744062935,0.973664713761263,46.6307180248622,0.03224273771047592,16.300695458269907,-11.317427144223668,29.831361582483623,0.9382105679927085,65.81674729740494
cave_hsi,14,random-missing-completion,random,1,0.5,tucker,"(24,24,4)","(128,128)",1.0900949999922886,C:\Users\mrkys\workspace\NTD-PL\multirun\neurips-lowrank-core\benchmark\cave_hsi_random_id14_seed1_mr0.5_tucker_r24_24_4,0.5003169890372984,1.0,0.015284861646139583,12.808978695867012,-17.790122567973004,36.31476976040007,0.9898871161336348,30.900108104892134,0.01572326012361161,12.591828310228639,-17.555213661876557,36.06914801211502,0.9893345927057633,31.529054880648204
cave_hsi,15,random-missing-completion,random,1,0.5,ntdpl,"(24,24,4)","(128,128)",7.1885780999436975,C:\Users\mrkys\workspace\NTD-PL\multirun\neurips-lowrank-core\run\cave_hsi_random_id15_seed1_mr0.5_ntdpl_r24_24_4,0.5003169890372984,1.0,0.015015563927590847,14.535232295425434,-20.977928320849056,36.46916681686617,0.9942097855235993,16.01232147530239,0.015388590283691883,12.85898671277532,-20.77399576303305,36.256023012795296,0.9939273375036999,16.361359918105247
cave_hsi,15,random-missing-completion,random,1,0.5,softimpute,"(24,24,4)","(128,128)",13.39271970000118,C:\Users\mrkys\workspace\NTD-PL\multirun\neurips-lowrank-core\benchmark\cave_hsi_random_id15_seed1_mr0.5_softimpute_r24_24_4,0.5003169890372984,1.0,0.03036467544734478,14.686576386498922,-14.86138847672805,30.352626873738693,0.9732419386462182,34.0119422670487,0.042955756187438965,15.989676438802608,-11.857545316075765,27.339572712159384,0.9391785948763788,47.97847410089231
cave_hsi,15,random-missing-completion,random,1,0.5,tucker,"(24,24,4)","(128,128)",1.0106046999571845,C:\Users\mrkys\workspace\NTD-PL\multirun\neurips-lowrank-core\benchmark\cave_hsi_random_id15_seed1_mr0.5_tucker_r24_24_4,0.5003169890372984,1.0,0.016921906450725676,18.097513307108805,-19.939775833761004,35.43101420373106,0.992641964049592,18.15041652468248,0.01730269367582382,16.568071763513554,-19.755698359558743,35.23772561663699,0.9923162775557076,18.516719494951058
cave_hsi,1,random-missing-completion,random,2,0.5,ntdpl,"(24,24,4)","(128,128)",6.40061200002674,C:\Users\mrkys\workspace\NTD-PL\multirun\neurips-lowrank-core\run\cave_hsi_random_id01_seed2_mr0.5_ntdpl_r24_24_4,0.4997617660030242,2.0,0.015780549496412277,10.01760321211357,-22.557016694172262,36.037557574752796,0.9948801983776192,11.031735975888157,0.016190459951758385,9.488948813358943,-22.300846398071307,35.81481678273297,0.994571868249061,11.364252206782975
cave_hsi,1,random-missing-completion,random,2,0.5,softimpute,"(24,24,4)","(128,128)",12.912440499989316,C:\Users\mrkys\workspace\NTD-PL\multirun\neurips-lowrank-core\benchmark\cave_hsi_random_id01_seed2_mr0.5_softimpute_r24_24_4,0.4997617660030242,2.0,0.03288785368204117,10.721880704005759,-16.178747875280067,29.659289094930354,0.9755501327025166,22.82481319676911,0.04649937525391579,10.69856609489585,-13.137087863751134,26.651057919681378,0.9452651821955471,32.41101882655811
cave_hsi,1,random-missing-completion,random,2,0.5,tucker,"(24,24,4)","(128,128)",1.0340050999075174,C:\Users\mrkys\workspace\NTD-PL\multirun\neurips-lowrank-core\benchmark\cave_hsi_random_id01_seed2_mr0.5_tucker_r24_24_4,0.4997617660030242,2.0,0.01648156814879444,10.737587517200467,-22.179488435104275,35.6600293892243,0.9944209647209038,11.547201667465481,0.016902943210737827,10.170819703491668,-21.926783303591865,35.44075335282529,0.9940899919024222,11.891945350574547
cave_hsi,2,random-missing-completion,random,2,0.5,ntdpl,"(24,24,4)","(128,128)",7.367087000049651,C:\Users\mrkys\workspace\NTD-PL\multirun\neurips-lowrank-core\run\cave_hsi_random_id02_seed2_mr0.5_ntdpl_r24_24_4,0.4997617660030242,2.0,0.07669313997030258,24.693891124205017,-8.827038161928488,22.30486953661419,0.8880149931766639,71.87559052911895,0.07893188297748566,23.498459447205665,-8.556498486047428,22.054950749075388,0.8807676777087494,73.6012679194746
cave_hsi,2,random-missing-completion,random,2,0.5,softimpute,"(24,24,4)","(128,128)",26.234371199971065,C:\Users\mrkys\workspace\NTD-PL\multirun\neurips-lowrank-core\benchmark\cave_hsi_random_id02_seed2_mr0.5_softimpute_r24_24_4,0.4997617660030242,2.0,0.0625494047999382,18.861360350254728,-10.597704810650457,24.07553594227317,0.9196969396783244,54.420317917617645,0.08843715488910675,19.921113291479603,-7.568852320803235,21.067304767024197,0.8019786773424168,77.1128958047702
cave_hsi,2,random-missing-completion,random,2,0.5,tucker,"(24,24,4)","(128,128)",1.055523999966681,C:\Users\mrkys\workspace\NTD-PL\multirun\neurips-lowrank-core\benchmark\cave_hsi_random_id02_seed2_mr0.5_tucker_r24_24_4,0.4997617660030242,2.0,0.08727609488449543,29.44598071165509,-7.7042625454180635,21.182093884520974,0.8505416328927194,80.22823898851502,0.08894543403650594,28.808945396211683,-7.51907444239073,21.01752682538337,0.8442613288348766,81.37050389659377
cave_hsi,3,random-missing-completion,random,2,0.5,ntdpl,"(24,24,4)","(128,128)",6.871150700026192,C:\Users\mrkys\workspace\NTD-PL\multirun\neurips-lowrank-core\run\cave_hsi_random_id03_seed2_mr0.5_ntdpl_r24_24_4,0.4997617660030242,2.0,0.029600491747260094,11.82500940181926,-13.182147528529459,30.57402187626737,0.9662826571882606,42.17941349081957,0.031056158244609833,11.770330231705795,-12.766611921160012,30.157045791117444,0.9628941634829312,44.09985135031617
cave_hsi,3,random-missing-completion,random,2,0.5,softimpute,"(24,24,4)","(128,128)",17.58453989995178,C:\Users\mrkys\workspace\NTD-PL\multirun\neurips-lowrank-core\benchmark\cave_hsi_random_id03_seed2_mr0.5_softimpute_r24_24_4,0.4997617660030242,2.0,0.030596254393458366,10.112916168935275,-12.89476082903586,30.286634670295385,0.9597749918740315,44.68964422067721,0.043259330093860626,10.33953438957488,-9.887970388152317,27.278403495046412,0.9070587757826886,63.15579667754797
cave_hsi,3,random-missing-completion,random,2,0.5,tucker,"(24,24,4)","(128,128)",1.0620980000821874,C:\Users\mrkys\workspace\NTD-PL\multirun\neurips-lowrank-core\benchmark\cave_hsi_random_id03_seed2_mr0.5_tucker_r24_24_4,0.4997617660030242,2.0,0.03301487480628635,11.031542272214967,-12.233932849173266,29.625806904994697,0.9577032449823277,48.17033428161317,0.03434775483089995,10.946639875369314,-11.891599354154007,29.282032913816913,0.9542170875446796,49.91940977335766
cave_hsi,4,random-missing-completion,random,2,0.5,ntdpl,"(24,24,4)","(128,128)",7.027250099927187,C:\Users\mrkys\workspace\NTD-PL\multirun\neurips-lowrank-core\run\cave_hsi_random_id04_seed2_mr0.5_ntdpl_r24_24_4,0.4997617660030242,2.0,0.026834193617105484,15.364813991495216,-20.82768112807829,31.426229278705065,0.9942097281621906,17.076047198443934,0.02748466655611992,14.565559681824903,-20.627934731124867,31.21819058575909,0.9939309372972233,17.43814149310814
cave_hsi,4,random-missing-completion,random,2,0.5,softimpute,"(24,24,4)","(128,128)",10.245605100062676,C:\Users\mrkys\workspace\NTD-PL\multirun\neurips-lowrank-core\benchmark\cave_hsi_random_id04_seed2_mr0.5_softimpute_r24_24_4,0.4997617660030242,2.0,0.049415186047554016,16.44026923216921,-15.524243404102778,26.122791472292477,0.9779167641876167,30.86926714467846,0.06986697763204575,15.348089275432544,-12.5243045615792,23.114560297043496,0.9502426974771508,43.55573334528739
cave_hsi,4,random-missing-completion,random,2,0.5,tucker,"(24,24,4)","(128,128)",1.0351910000899807,C:\Users\mrkys\workspace\NTD-PL\multirun\neurips-lowrank-core\benchmark\cave_hsi_random_id04_seed2_mr0.5_tucker_r24_24_4,0.4997617660030242,2.0,0.029765922564498063,17.152755313762132,-19.927064894173018,30.525613047756703,0.9928692792686539,18.70793981360196,0.03040189439673346,16.67168775086267,-19.75173117919076,30.34198707755218,0.9925682738686555,19.06372595325083
cave_hsi,5,random-missing-completion,random,2,0.5,ntdpl,"(24,24,4)","(128,128)",6.549541199929081,C:\Users\mrkys\workspace\NTD-PL\multirun\neurips-lowrank-core\run\cave_hsi_random_id05_seed2_mr0.5_ntdpl_r24_24_4,0.4997617660030242,2.0,0.00971981417387724,26.819755578194094,-24.44898639256167,40.24684064210605,0.9978202574786058,23.195383456875884,0.009896351024508476,23.74212245395963,-24.309435577476425,40.090497890068384,0.997749419362249,23.575715238933338
cave_hsi,5,random-missing-completion,random,2,0.5,softimpute,"(24,24,4)","(128,128)",15.401930899941362,C:\Users\mrkys\workspace\NTD-PL\multirun\neurips-lowrank-core\benchmark\cave_hsi_random_id05_seed2_mr0.5_softimpute_r24_24_4,0.4997617660030242,2.0,0.021576756611466408,17.013668394344087,-17.522422357917023,33.32027653207067,0.9868813663182898,46.1791619673138,0.03050687536597252,19.607388327170675,-14.530982919447876,30.312045356821695,0.9685488148648138,65.13701894523017
cave_hsi,5,random-missing-completion,random,2,0.5,tucker,"(24,24,4)","(128,128)",1.2356619000202045,C:\Users\mrkys\workspace\NTD-PL\multirun\neurips-lowrank-core\benchmark\cave_hsi_random_id05_seed2_mr0.5_tucker_r24_24_4,0.4997617660030242,2.0,0.010964749060868787,28.503655785970125,-23.402171685030936,39.200026062633036,0.9972254485033764,25.4120625763644,0.01119705101414681,25.30955904128189,-23.236864442361423,39.01792686252889,0.9971187010205974,25.894322655534594
cave_hsi,6,random-missing-completion,random,2,0.5,ntdpl,"(24,24,4)","(128,128)",6.982568999985233,C:\Users\mrkys\workspace\NTD-PL\multirun\neurips-lowrank-core\run\cave_hsi_random_id06_seed2_mr0.5_ntdpl_r24_24_4,0.4997617660030242,2.0,0.06209336221218109,9.43004735146777,-12.290131473466875,24.139096559436545,0.9229675273174565,39.48215159741325,0.06359976530075073,9.367780114356233,-12.073696947033188,23.930889640719442,0.9191647075707824,40.524820069353375
cave_hsi,6,random-missing-completion,random,2,0.5,softimpute,"(24,24,4)","(128,128)",11.409793800092302,C:\Users\mrkys\workspace\NTD-PL\multirun\neurips-lowrank-core\benchmark\cave_hsi_random_id06_seed2_mr0.5_softimpute_r24_24_4,0.4997617660030242,2.0,0.05599389970302582,10.320487372328133,-13.188220627441837,25.037185812966083,0.9343144125114455,37.71678283454002,0.07916847616434097,11.754654319719139,-10.171761730829232,22.028954637717106,0.849392247007578,53.469565091413116
cave_hsi,6,random-missing-completion,random,2,0.5,tucker,"(24,24,4)","(128,128)",1.0462526000337675,C:\Users\mrkys\workspace\NTD-PL\multirun\neurips-lowrank-core\benchmark\cave_hsi_random_id06_seed2_mr0.5_tucker_r24_24_4,0.4997617660030242,2.0,0.06516689317991493,9.78058417996121,-11.87049453596141,23.719459668466687,0.914526191869413,43.13682743306524,0.06645846641863946,9.785294821340049,-11.691800722770353,23.548993692565627,0.9110612844729972,44.02789254318861
cave_hsi,7,random-missing-completion,random,2,0.5,ntdpl,"(24,24,4)","(128,128)",7.094049200066365,C:\Users\mrkys\workspace\NTD-PL\multirun\neurips-lowrank-core\run\cave_hsi_random_id07_seed2_mr0.5_ntdpl_r24_24_4,0.4997617660030242,2.0,0.009241269901394844,22.624644170743288,-21.90441932387673,40.68536713948615,0.996226901091025,18.995645285695005,0.00955788791179657,21.140939701044,-21.651416878517786,40.39276185022625,0.9960004217971951,19.59087763550745
cave_hsi,7,random-missing-completion,random,2,0.5,softimpute,"(24,24,4)","(128,128)",12.874138799961656,C:\Users\mrkys\workspace\NTD-PL\multirun\neurips-lowrank-core\benchmark\cave_hsi_random_id07_seed2_mr0.5_softimpute_r24_24_4,0.4997617660030242,2.0,0.01894395239651203,19.144692911077907,-15.669640505657451,34.45058822674968,0.9813163480508975,38.088907460473216,0.026784414425492287,19.56647567594247,-12.701011910859956,31.442357051500704,0.9566426237373421,53.649267484551125
cave_hsi,7,random-missing-completion,random,2,0.5,tucker,"(24,24,4)","(128,128)",1.138296200078912,C:\Users\mrkys\workspace\NTD-PL\multirun\neurips-lowrank-core\benchmark\cave_hsi_random_id07_seed2_mr0.5_tucker_r24_24_4,0.4997617660030242,2.0,0.009824332358790917,21.858911801726002,-21.37299129420927,40.153939074002515,0.9957307513735789,20.015358397707672,0.010176982815991357,20.871496819264223,-21.106274444039293,39.847619175911994,0.9954604846869276,20.67870198574756
cave_hsi,8,random-missing-completion,random,2,0.5,ntdpl,"(24,24,4)","(128,128)",7.257414000108838,C:\Users\mrkys\workspace\NTD-PL\multirun\neurips-lowrank-core\run\cave_hsi_random_id08_seed2_mr0.5_ntdpl_r24_24_4,0.4997617660030242,2.0,0.02648664079606533,13.884896146298994,-18.32788935442136,31.539462176191755,0.9892404701041883,21.987634256589313,0.02731056697666645,12.956904561975616,-18.055297912217952,31.27338563935064,0.9885456814129664,22.644515987372248
cave_hsi,8,random-missing-completion,random,2,0.5,softimpute,"(24,24,4)","(128,128)",12.552085399976932,C:\Users\mrkys\workspace\NTD-PL\multirun\neurips-lowrank-core\benchmark\cave_hsi_random_id08_seed2_mr0.5_softimpute_r24_24_4,0.4997617660030242,2.0,0.0435510016977787,15.733164917365354,-14.00846402133059,27.220036584364827,0.9673046435555868,35.32156324423366,0.0615757554769516,16.496090767363413,-10.993717854896403,24.21180540911585,0.9254409098650919,50.02785445182132
cave_hsi,8,random-missing-completion,random,2,0.5,tucker,"(24,24,4)","(128,128)",1.0760691000614315,C:\Users\mrkys\workspace\NTD-PL\multirun\neurips-lowrank-core\benchmark\cave_hsi_random_id08_seed2_mr0.5_tucker_r24_24_4,0.4997617660030242,2.0,0.03326073503322308,19.458307567375158,-16.349790547063748,29.561363149626732,0.9829515309428594,27.39440872567106,0.034041714204437544,18.82507826095398,-16.141684044668185,29.35977157410886,0.9821109641209982,28.009741263098714
cave_hsi,9,random-missing-completion,random,2,0.5,ntdpl,"(24,24,4)","(128,128)",7.002566499984823,C:\Users\mrkys\workspace\NTD-PL\multirun\neurips-lowrank-core\run\cave_hsi_random_id09_seed2_mr0.5_ntdpl_r24_24_4,0.4997617660030242,2.0,0.021056532859802246,23.878432043516273,-18.06829109464531,33.53226258933812,0.9898809692440173,27.400150526559614,0.02186243236064911,21.682304358284217,-17.758328347035302,33.20603091741897,0.9891337051324531,28.049941415872244
cave_hsi,9,random-missing-completion,random,2,0.5,softimpute,"(24,24,4)","(128,128)",14.068237900035456,C:\Users\mrkys\workspace\NTD-PL\multirun\neurips-lowrank-core\benchmark\cave_hsi_random_id09_seed2_mr0.5_softimpute_r24_24_4,0.4997617660030242,2.0,0.032694198191165924,19.772942904833332,-14.246614155041286,29.71058560621309,0.9721408716274869,39.458074016005824,0.046225570142269135,19.921225541371456,-11.254651705891025,26.70235443096412,0.9361747403772278,55.64560324186459
cave_hsi,9,random-missing-completion,random,2,0.5,tucker,"(24,24,4)","(128,128)",1.1640285999746993,C:\Users\mrkys\workspace\NTD-PL\multirun\neurips-lowrank-core\benchmark\cave_hsi_random_id09_seed2_mr0.5_tucker_r24_24_4,0.4997617660030242,2.0,0.02385334736437568,30.87283122144047,-16.985041933102323,32.449013347261435,0.9869894945158388,30.955983626075117,0.024629949287086526,29.067416592684893,-16.72302708156243,32.17072964739265,0.9861840430595821,31.61902004684569
cave_hsi,10,random-missing-completion,random,2,0.5,ntdpl,"(24,24,4)","(128,128)",7.041010599932633,C:\Users\mrkys\workspace\NTD-PL\multirun\neurips-lowrank-core\run\cave_hsi_random_id10_seed2_mr0.5_ntdpl_r24_24_4,0.4997617660030242,2.0,0.01797396130859852,9.932776144875898,-20.388444636965932,34.90712411906217,0.992667218942405,15.540271333116095,0.01855924166738987,9.19339975835505,-20.116294634491936,34.62879558959685,0.9921990516263146,16.045625157760124
cave_hsi,10,random-missing-completion,random,2,0.5,softimpute,"(24,24,4)","(128,128)",12.519278599997051,C:\Users\mrkys\workspace\NTD-PL\multirun\neurips-lowrank-core\benchmark\cave_hsi_random_id10_seed2_mr0.5_softimpute_r24_24_4,0.4997617660030242,2.0,0.03419100493192673,12.071958910395,-14.8030837833462,29.321763060220626,0.9704128435528143,30.4866802125911,0.048341862857341766,12.974785366629128,-11.801031707217266,26.31353188497165,0.9334851349140411,43.0884327679655
cave_hsi,10,random-missing-completion,random,2,0.5,tucker,"(24,24,4)","(128,128)",1.0766760000260547,C:\Users\mrkys\workspace\NTD-PL\multirun\neurips-lowrank-core\benchmark\cave_hsi_random_id10_seed2_mr0.5_tucker_r24_24_4,0.4997617660030242,2.0,0.020155567715238375,10.985439541206478,-19.393419965720856,33.91209929417994,0.9907789601395414,17.656247154936093,0.020783910273199948,10.374664883317827,-19.13295425736959,33.64545482343698,0.9902147563332965,18.21245545966029
cave_hsi,11,random-missing-completion,random,2,0.5,ntdpl,"(24,24,4)","(128,128)",7.605236200033687,C:\Users\mrkys\workspace\NTD-PL\multirun\neurips-lowrank-core\run\cave_hsi_random_id11_seed2_mr0.5_ntdpl_r24_24_4,0.4997617660030242,2.0,0.03448966518044472,10.63273367832897,-16.790437550537575,29.24622025549929,0.9784698570122687,21.686465359503536,0.03515458106994629,10.241103921831016,-16.635313489444467,29.080361809926725,0.9776853611660374,22.065178664949002
cave_hsi,11,random-missing-completion,random,2,0.5,softimpute,"(24,24,4)","(128,128)",12.714835399994627,C:\Users\mrkys\workspace\NTD-PL\multirun\neurips-lowrank-core\benchmark\cave_hsi_random_id11_seed2_mr0.5_softimpute_r24_24_4,0.4997617660030242,2.0,0.0504840612411499,13.312762094395396,-13.481131620100786,25.936914387064775,0.9482286676658381,31.551944206776028,0.07137823849916458,13.928550715592262,-10.483634724913802,22.928683211815798,0.8797604309324322,44.54499056614365
cave_hsi,11,random-missing-completion,random,2,0.5,tucker,"(24,24,4)","(128,128)",1.057759499992244,C:\Users\mrkys\workspace\NTD-PL\multirun\neurips-lowrank-core\benchmark\cave_hsi_random_id11_seed2_mr0.5_tucker_r24_24_4,0.4997617660030242,2.0,0.0385059352889583,12.24341008716258,-15.83366381496405,28.289446467194708,0.9730465455600291,24.321573466899448,0.039147138367086456,12.08017711259191,-15.700951008551474,28.14599958236655,0.9722080594203395,24.678815794942345
cave_hsi,12,random-missing-completion,random,2,0.5,ntdpl,"(24,24,4)","(128,128)",6.861551599926315,C:\Users\mrkys\workspace\NTD-PL\multirun\neurips-lowrank-core\run\cave_hsi_random_id12_seed2_mr0.5_ntdpl_r24_24_4,0.4997617660030242,2.0,0.014369282871484756,7.231579569251872,-28.317232117803886,36.85129791345942,0.998610678676696,7.294112586555171,0.014557979069650173,6.777958801246509,-28.18287836884155,36.73797832258921,0.9985694838389336,7.402274256121992
cave_hsi,12,random-missing-completion,random,2,0.5,softimpute,"(24,24,4)","(128,128)",10.79070120002143,C:\Users\mrkys\workspace\NTD-PL\multirun\neurips-lowrank-core\benchmark\cave_hsi_random_id12_seed2_mr0.5_softimpute_r24_24_4,0.4997617660030242,2.0,0.04699692502617836,9.725591190515907,-18.024544927152068,26.558611012270752,0.983898170008219,20.525125673579893,0.06644786149263382,9.660152898493461,-14.995280068869771,23.550379837021783,0.9648693627965554,29.093917869985543
cave_hsi,12,random-missing-completion,random,2,0.5,tucker,"(24,24,4)","(128,128)",1.02344199991785,C:\Users\mrkys\workspace\NTD-PL\multirun\neurips-lowrank-core\benchmark\cave_hsi_random_id12_seed2_mr0.5_tucker_r24_24_4,0.4997617660030242,2.0,0.018591781831165416,8.39668919373265,-26.079513369203653,34.61357971143738,0.9976739418606333,9.404458791753864,0.01885168411318608,7.873700984293515,-25.93789714512054,34.492996921479076,0.9976012004464633,9.55672313272329
cave_hsi,13,random-missing-completion,random,2,0.5,ntdpl,"(24,24,4)","(128,128)",6.935575800016522,C:\Users\mrkys\workspace\NTD-PL\multirun\neurips-lowrank-core\run\cave_hsi_random_id13_seed2_mr0.5_ntdpl_r24_24_4,0.4997617660030242,2.0,0.022086720913648605,21.78403818458159,-20.13448139154764,33.117375248086816,0.993191817705989,18.165029720119342,0.022602209821343422,20.274508832117732,-19.935390789308677,32.91698222846905,0.9928758311931731,18.611971680113438
cave_hsi,13,random-missing-completion,random,2,0.5,softimpute,"(24,24,4)","(128,128)",14.037498599966057,C:\Users\mrkys\workspace\NTD-PL\multirun\neurips-lowrank-core\benchmark\cave_hsi_random_id13_seed2_mr0.5_softimpute_r24_24_4,0.4997617660030242,2.0,0.04177384078502655,17.45491267908563,-14.599018598097288,27.581911961495198,0.972420908309685,34.463881964641274,0.05906306579709053,17.565526797927667,-11.592088970340074,24.57368078624622,0.9370956968615981,48.81019573751781
cave_hsi,13,random-missing-completion,random,2,0.5,tucker,"(24,24,4)","(128,128)",1.115936000016518,C:\Users\mrkys\workspace\NTD-PL\multirun\neurips-lowrank-core\benchmark\cave_hsi_random_id13_seed2_mr0.5_tucker_r24_24_4,0.4997617660030242,2.0,0.024792504899985048,25.14443127668818,-19.13069813704249,32.11359184521362,0.9914190487430753,20.43837050341256,0.025344516906860928,23.988488633361484,-18.940728300885574,31.922319649422427,0.9910414430165405,20.918226875736735
cave_hsi,14,random-missing-completion,random,2,0.5,ntdpl,"(24,24,4)","(128,128)",6.940957000013441,C:\Users\mrkys\workspace\NTD-PL\multirun\neurips-lowrank-core\run\cave_hsi_random_id14_seed2_mr0.5_ntdpl_r24_24_4,0.4997617660030242,2.0,0.013514594174921513,11.40487642109733,-18.859292499198293,37.383939750664176,0.9921073111708564,27.377301535690346,0.013967501930892467,10.89901874964277,-18.54965882892367,37.097625192546545,0.991524582386691,28.032068996372768
cave_hsi,14,random-missing-completion,random,2,0.5,softimpute,"(24,24,4)","(128,128)",17.648800599970855,C:\Users\mrkys\workspace\NTD-PL\multirun\neurips-lowrank-core\benchmark\cave_hsi_random_id14_seed2_mr0.5_softimpute_r24_24_4,0.4997617660030242,2.0,0.022423958405852318,15.505654307890467,-14.461107063939505,32.985754475451444,0.974514921760343,45.69646312958536,0.03170471265912056,16.249783610284652,-11.429556891383292,29.97752330020247,0.939776468953035,64.56988776511163
cave_hsi,14,random-missing-completion,random,2,0.5,tucker,"(24,24,4)","(128,128)",1.1623721000505611,C:\Users\mrkys\workspace\NTD-PL\multirun\neurips-lowrank-core\benchmark\cave_hsi_random_id14_seed2_mr0.5_tucker_r24_24_4,0.4997617660030242,2.0,0.015307567439739364,12.922995897071688,-17.777229178369147,36.301876370796215,0.9898558861735253,31.076855718789105,0.01569438725029319,12.714278168016204,-17.537146467371834,36.08511271238648,0.9892791258419409,31.680228200537357
cave_hsi,15,random-missing-completion,random,2,0.5,ntdpl,"(24,24,4)","(128,128)",7.019077999982983,C:\Users\mrkys\workspace\NTD-PL\multirun\neurips-lowrank-core\run\cave_hsi_random_id15_seed2_mr0.5_ntdpl_r24_24_4,0.4997617660030242,2.0,0.015056648291647434,14.331559756966552,-20.954195594031265,36.4454340066587,0.994178124035224,16.122991699041556,0.015462403185665607,12.695985946163237,-20.729364350784007,36.21445965901648,0.9938654981255782,16.48420848009914
cave_hsi,15,random-missing-completion,random,2,0.5,softimpute,"(24,24,4)","(128,128)",12.923982899985276,C:\Users\mrkys\workspace\NTD-PL\multirun\neurips-lowrank-core\benchmark\cave_hsi_random_id15_seed2_mr0.5_softimpute_r24_24_4,0.4997617660030242,2.0,0.0303752850741148,14.593205732934543,-14.858354817668495,30.34959277080043,0.9732190777075557,34.04911584146201,0.04294690862298012,15.94470118567957,-11.856266088213413,27.341361595551458,0.9391530775979902,48.01230379319029
cave_hsi,15,random-missing-completion,random,2,0.5,tucker,"(24,24,4)","(128,128)",1.0910069999517873,C:\Users\mrkys\workspace\NTD-PL\multirun\neurips-lowrank-core\benchmark\cave_hsi_random_id15_seed2_mr0.5_tucker_r24_24_4,0.4997617660030242,2.0,0.016924582037490248,17.933076561297263,-19.938402583392026,35.42964095336208,0.9926422203367558,18.20909445384127,0.017337346806400557,16.418821543352806,-19.735251618399076,35.22034726695727,0.9922868631369727,18.578095159906987
cave_hsi,1,random-missing-completion,random,0,0.7,ntdpl,"(24,24,4)","(128,128)",9.09617390006315,C:\Users\mrkys\workspace\NTD-PL\multirun\neurips-lowrank-core\run\cave_hsi_random_id01_seed0_mr0.7_ntdpl_r24_24_4,0.2999543220766129,0.0,0.016359681263566017,10.290073780877488,-22.243962635849126,35.72450307514779,0.994498401315383,11.440484530345499,0.016805825755000114,10.056081701652396,-22.01829198836334,35.49080282177525,0.9942124879735416,11.735857794957841
cave_hsi,1,random-missing-completion,random,0,0.7,softimpute,"(24,24,4)","(128,128)",22.17081290006172,C:\Users\mrkys\workspace\NTD-PL\multirun\neurips-lowrank-core\benchmark\cave_hsi_random_id01_seed0_mr0.7_softimpute_r24_24_4,0.2999543220766129,0.0,0.05483495816588402,14.744605065853179,-11.738308771417966,25.218850088611706,0.925056808061564,37.971033268509096,0.06553816795349121,13.850760739732678,-10.197602977305023,23.67011387479505,0.883148938669404,45.361327883879085
cave_hsi,1,random-missing-completion,random,0,0.7,tucker,"(24,24,4)","(128,128)",2.304888300015591,C:\Users\mrkys\workspace\NTD-PL\multirun\neurips-lowrank-core\benchmark\cave_hsi_random_id01_seed0_mr0.7_tucker_r24_24_4,0.2999543220766129,0.0,0.01693506482186902,10.833722568457102,-21.943721779469065,35.42426273358909,0.9941121015218688,11.863762204403264,0.01741451060162623,10.593661689898155,-21.709263768015056,35.18177451943467,0.993793782010189,12.182188254624782
cave_hsi,2,random-missing-completion,random,0,0.7,ntdpl,"(24,24,4)","(128,128)",8.700875600101426,C:\Users\mrkys\workspace\NTD-PL\multirun\neurips-lowrank-core\run\cave_hsi_random_id02_seed0_mr0.7_ntdpl_r24_24_4,0.2999543220766129,0.0,0.07871139794588089,24.783398285262628,-8.601416525061445,22.079247841681976,0.882356383166111,73.61479945498431,0.08136618137359619,24.332985885923634,-8.307155235365594,21.791121175839358,0.8739354921886835,75.84746927681688
cave_hsi,2,random-missing-completion,random,0,0.7,softimpute,"(24,24,4)","(128,128)",23.986620099982247,C:\Users\mrkys\workspace\NTD-PL\multirun\neurips-lowrank-core\benchmark\cave_hsi_random_id02_seed0_mr0.7_softimpute_r24_24_4,0.2999543220766129,0.0,0.08987916260957718,24.091119072204805,-7.448988262069232,20.926819504949844,0.8118814815122805,76.70700687746398,0.10742264240980148,23.91626778896792,-5.8941176224034395,19.378083291133187,0.6863704385330961,91.71188305339105
cave_hsi,2,random-missing-completion,random,0,0.7,tucker,"(24,24,4)","(128,128)",2.3490482000634074,C:\Users\mrkys\workspace\NTD-PL\multirun\neurips-lowrank-core\benchmark\cave_hsi_random_id02_seed0_mr0.7_tucker_r24_24_4,0.2999543220766129,0.0,0.0887954273359176,29.786631987480973,-7.55435662773742,21.03218796684033,0.8457439830102581,81.29838588518487,0.09089521725419403,29.566573184044117,-7.345213733630505,20.829179359709855,0.8380907406364648,82.9676927963515
cave_hsi,3,random-missing-completion,random,0,0.7,ntdpl,"(24,24,4)","(128,128)",8.50532979995478,C:\Users\mrkys\workspace\NTD-PL\multirun\neurips-lowrank-core\run\cave_hsi_random_id03_seed0_mr0.7_ntdpl_r24_24_4,0.2999543220766129,0.0,0.03124397248029709,12.036051818496283,-12.712801250630829,30.10467519741959,0.9623854829567045,44.3129884886743,0.03285514563322067,12.038960696935959,-12.300785185062832,29.667932496677896,0.958613277857733,46.44890194686015
cave_hsi,3,random-missing-completion,random,0,0.7,softimpute,"(24,24,4)","(128,128)",26.7884298999561,C:\Users\mrkys\workspace\NTD-PL\multirun\neurips-lowrank-core\benchmark\cave_hsi_random_id03_seed0_mr0.7_softimpute_r24_24_4,0.2999543220766129,0.0,0.04692072048783302,15.303257218803047,-9.180832684026685,26.57270736012609,0.892898487754919,68.5648433839732,0.05607915669679642,13.948451469426255,-7.656823400972236,25.02397114630943,0.8292381926526389,81.82024051043486
cave_hsi,3,random-missing-completion,random,0,0.7,tucker,"(24,24,4)","(128,128)",2.4806614000117406,C:\Users\mrkys\workspace\NTD-PL\multirun\neurips-lowrank-core\benchmark\cave_hsi_random_id03_seed0_mr0.7_tucker_r24_24_4,0.2999543220766129,0.0,0.034400378019468394,11.412895130133059,-11.876861644569395,29.268735700390828,0.954033830272108,49.877978451213764,0.035832517613103035,11.431202889319225,-11.547306285356695,28.91445353968288,0.9503820426322473,51.74754374906956
cave_hsi,4,random-missing-completion,random,0,0.7,ntdpl,"(24,24,4)","(128,128)",8.47358849993907,C:\Users\mrkys\workspace\NTD-PL\multirun\neurips-lowrank-core\run\cave_hsi_random_id04_seed0_mr0.7_ntdpl_r24_24_4,0.2999543220766129,0.0,0.027528870850801468,15.407149120601611,-20.605683849121235,31.20423211235908,0.9939063096821334,17.58814914374222,0.02832690253853798,15.104415387344606,-20.355533796849834,30.956018402255154,0.9935479456647025,18.10048846329423
cave_hsi,4,random-missing-completion,random,0,0.7,softimpute,"(24,24,4)","(128,128)",19.624069900019094,C:\Users\mrkys\workspace\NTD-PL\multirun\neurips-lowrank-core\benchmark\cave_hsi_random_id04_seed0_mr0.7_softimpute_r24_24_4,0.2999543220766129,0.0,0.07161127030849457,19.876901591854804,-12.301824617932658,22.900372665989583,0.9478620744201705,44.80695508469636,0.08558904379606247,16.71594008274784,-10.751151716595711,21.35163645217293,0.9175907596710229,53.57488151625741
cave_hsi,4,random-missing-completion,random,0,0.7,tucker,"(24,24,4)","(128,128)",2.104681900003925,C:\Users\mrkys\workspace\NTD-PL\multirun\neurips-lowrank-core\benchmark\cave_hsi_random_id04_seed0_mr0.7_tucker_r24_24_4,0.2999543220766129,0.0,0.030402351301396097,17.247605445381843,-19.74330838625918,30.341856539842873,0.992559001273014,19.15355076874822,0.03118783838889191,17.093871323786118,-19.519809860969698,30.120294498001414,0.992168878727905,19.651990136778426
cave_hsi,5,random-missing-completion,random,0,0.7,ntdpl,"(24,24,4)","(128,128)",8.902079700026661,C:\Users\mrkys\workspace\NTD-PL\multirun\neurips-lowrank-core\run\cave_hsi_random_id05_seed0_mr0.7_ntdpl_r24_24_4,0.2999543220766129,0.0,0.01131694670766592,27.05947930804482,-23.127560193467815,38.92541433146395,0.9970396564215823,24.077624798794435,0.011831095442175865,25.759935647853784,-22.72887762366855,38.539500853556035,0.9967543298680218,24.734914839931445
cave_hsi,5,random-missing-completion,random,0,0.7,softimpute,"(24,24,4)","(128,128)",25.599044400034472,C:\Users\mrkys\workspace\NTD-PL\multirun\neurips-lowrank-core\benchmark\cave_hsi_random_id05_seed0_mr0.7_softimpute_r24_24_4,0.2999543220766129,0.0,0.03670439124107361,22.76399609972198,-12.907784940917386,28.705639401663483,0.9563636423951016,73.18292483281758,0.04386870563030243,23.405365188264085,-11.346280427146343,27.15690318784683,0.9283722181074401,87.51010066587385
cave_hsi,5,random-missing-completion,random,0,0.7,tucker,"(24,24,4)","(128,128)",2.432522700051777,C:\Users\mrkys\workspace\NTD-PL\multirun\neurips-lowrank-core\benchmark\cave_hsi_random_id05_seed0_mr0.7_tucker_r24_24_4,0.2999543220766129,0.0,0.01150847661299373,28.717147704351348,-22.98178883243783,38.77964321003993,0.9969428325700487,26.481119820512745,0.011842926368029673,27.400102609674782,-22.720196683545957,38.53081941770958,0.9967547968227253,27.14021079492755
cave_hsi,6,random-missing-completion,random,0,0.7,ntdpl,"(24,24,4)","(128,128)",8.945558100007474,C:\Users\mrkys\workspace\NTD-PL\multirun\neurips-lowrank-core\run\cave_hsi_random_id06_seed0_mr0.7_ntdpl_r24_24_4,0.2999543220766129,0.0,0.06322570890188217,9.556979160676708,-12.13316071328823,23.982126305066515,0.9203529556178657,40.041317631844954,0.06476007401943207,9.552115541787044,-11.92393818442959,23.773852781638247,0.9163323801282768,40.89305066346215
cave_hsi,6,random-missing-completion,random,0,0.7,softimpute,"(24,24,4)","(128,128)",19.29725010006223,C:\Users\mrkys\workspace\NTD-PL\multirun\neurips-lowrank-core\benchmark\cave_hsi_random_id06_seed0_mr0.7_softimpute_r24_24_4,0.2999543220766129,0.0,0.07769790291786194,13.157444724597667,-10.34284889995201,22.19181385877086,0.8648600725826792,51.17953751741589,0.09286373108625412,13.255096028986836,-8.793162657698367,20.643077644954207,0.7874246321285555,61.12539786184418
cave_hsi,6,random-missing-completion,random,0,0.7,tucker,"(24,24,4)","(128,128)",2.0478089000098407,C:\Users\mrkys\workspace\NTD-PL\multirun\neurips-lowrank-core\benchmark\cave_hsi_random_id06_seed0_mr0.7_tucker_r24_24_4,0.2999543220766129,0.0,0.06616922187637106,9.906145592452791,-11.737914316616243,23.586879449121522,0.9120904113963911,43.61249042588934,0.06748469476626788,9.928346605274157,-11.56597950969546,23.415894241823935,0.9084359502439459,44.35284498200755
cave_hsi,7,random-missing-completion,random,0,0.7,ntdpl,"(24,24,4)","(128,128)",7.889414899982512,C:\Users\mrkys\workspace\NTD-PL\multirun\neurips-lowrank-core\run\cave_hsi_random_id07_seed0_mr0.7_ntdpl_r24_24_4,0.2999543220766129,0.0,0.00992545485496521,21.834141205908345,-21.28404377343701,40.064991626959845,0.9956482015900522,20.193901401804084,0.01039477065205574,21.224589333492055,-20.86899235950625,39.66370197512156,0.9952146802023909,21.146820076459818
cave_hsi,7,random-missing-completion,random,0,0.7,softimpute,"(24,24,4)","(128,128)",28.925278200069442,C:\Users\mrkys\workspace\NTD-PL\multirun\neurips-lowrank-core\benchmark\cave_hsi_random_id07_seed0_mr0.7_softimpute_r24_24_4,0.2999543220766129,0.0,0.028733614832162857,23.57752642599649,-12.051246651939834,30.832194831458025,0.9499612671732363,58.453292844480195,0.034342117607593536,21.93888116408231,-10.48874915476218,29.283458617641372,0.9184412330058196,69.98951152673489
cave_hsi,7,random-missing-completion,random,0,0.7,tucker,"(24,24,4)","(128,128)",2.551996700000018,C:\Users\mrkys\workspace\NTD-PL\multirun\neurips-lowrank-core\benchmark\cave_hsi_random_id07_seed0_mr0.7_tucker_r24_24_4,0.2999543220766129,0.0,0.010484686543199341,20.21422839043624,-20.807943199131863,39.5888909789251,0.9951430497288606,21.159616463868947,0.011014625007031556,19.902434315945335,-20.365896349679836,39.160605676390745,0.9946271382356927,22.235716141103378
cave_hsi,8,random-missing-completion,random,0,0.7,ntdpl,"(24,24,4)","(128,128)",8.832637500017881,C:\Users\mrkys\workspace\NTD-PL\multirun\neurips-lowrank-core\run\cave_hsi_random_id08_seed0_mr0.7_ntdpl_r24_24_4,0.2999543220766129,0.0,0.027656540274620056,14.17009665711259,-17.952470608997594,31.16404338758948,0.9882606446742161,22.90682966579957,0.02858278527855873,13.791429244868485,-17.67079141187243,30.87790908221727,0.9874697516266941,23.593344152786017
cave_hsi,8,random-missing-completion,random,0,0.7,softimpute,"(24,24,4)","(128,128)",22.607362000038847,C:\Users\mrkys\workspace\NTD-PL\multirun\neurips-lowrank-core\benchmark\cave_hsi_random_id08_seed0_mr0.7_softimpute_r24_24_4,0.2999543220766129,0.0,0.065579853951931,20.751472635671647,-10.453017958446688,23.66459063527646,0.9171855473633072,53.1861944675513,0.07838036864995956,20.267364517845024,-8.908736770178333,22.11585442145981,0.8688037591022004,63.529641600564446
cave_hsi,8,random-missing-completion,random,0,0.7,tucker,"(24,24,4)","(128,128)",2.0868740999139845,C:\Users\mrkys\workspace\NTD-PL\multirun\neurips-lowrank-core\benchmark\cave_hsi_random_id08_seed0_mr0.7_tucker_r24_24_4,0.2999543220766129,0.0,0.034246247383911604,19.923227510174215,-16.096167606268438,29.30774020883142,0.9819299343461421,28.16860328758403,0.03518245045359618,19.682979012622788,-15.866360938713683,29.073478305295556,0.9809431743332755,28.888874941483024
cave_hsi,9,random-missing-completion,random,0,0.7,ntdpl,"(24,24,4)","(128,128)",7.869730800040998,C:\Users\mrkys\workspace\NTD-PL\multirun\neurips-lowrank-core\run\cave_hsi_random_id09_seed0_mr0.7_ntdpl_r24_24_4,0.2999543220766129,0.0,0.021924490109086037,23.967373531649763,-17.717438505701086,33.181410103001205,0.9890290195965378,28.2989130101044,0.022818779572844505,23.067431851956833,-17.358338058979207,32.834151490578336,0.9880807886724045,29.01570609599074
cave_hsi,9,random-missing-completion,random,0,0.7,softimpute,"(24,24,4)","(128,128)",23.777381099993363,C:\Users\mrkys\workspace\NTD-PL\multirun\neurips-lowrank-core\benchmark\cave_hsi_random_id09_seed0_mr0.7_softimpute_r24_24_4,0.2999543220766129,0.0,0.04968864470720291,24.90405057295856,-10.610885382293738,26.074856196299656,0.9275179384843907,60.42457780865112,0.05938735976815224,23.62752871664501,-9.050305866555163,24.526119982483003,0.8839246921660903,72.19667767788671
cave_hsi,9,random-missing-completion,random,0,0.7,tucker,"(24,24,4)","(128,128)",2.3113219999941066,C:\Users\mrkys\workspace\NTD-PL\multirun\neurips-lowrank-core\benchmark\cave_hsi_random_id09_seed0_mr0.7_tucker_r24_24_4,0.2999543220766129,0.0,0.024533346474447243,31.106315022372943,-16.740892740947423,32.204864155106534,0.9862278897369147,31.632235116996522,0.02537473554830856,30.492272583506598,-16.43615559420287,31.911969504143123,0.9852230744585997,32.34059796446018
cave_hsi,10,random-missing-completion,random,0,0.7,ntdpl,"(24,24,4)","(128,128)",8.116260800044984,C:\Users\mrkys\workspace\NTD-PL\multirun\neurips-lowrank-core\run\cave_hsi_random_id10_seed0_mr0.7_ntdpl_r24_24_4,0.2999543220766129,0.0,0.018707245588302612,9.732983625472778,-20.0411235404433,34.559803132341536,0.9920553477569566,16.073517925954032,0.019396763294935226,9.461973007647485,-19.722937493026382,34.24541516385236,0.9914579302480344,16.650264630712538
cave_hsi,10,random-missing-completion,random,0,0.7,softimpute,"(24,24,4)","(128,128)",20.71374979999382,C:\Users\mrkys\workspace\NTD-PL\multirun\neurips-lowrank-core\benchmark\cave_hsi_random_id10_seed0_mr0.7_softimpute_r24_24_4,0.2999543220766129,0.0,0.053956661373376846,16.336608526780974,-10.840419550623784,25.359099176818674,0.9183979927786231,48.18006801763067,0.06448844075202942,15.736783081439047,-9.287885537006533,23.810362963002024,0.8713935678538973,57.62924818775843
cave_hsi,10,random-missing-completion,random,0,0.7,tucker,"(24,24,4)","(128,128)",2.165365600027144,C:\Users\mrkys\workspace\NTD-PL\multirun\neurips-lowrank-core\benchmark\cave_hsi_random_id10_seed0_mr0.7_tucker_r24_24_4,0.2999543220766129,0.0,0.021006789171040853,10.703427555647433,-19.03412713590392,33.552806464363,0.9899849140048911,18.3088927730767,0.021768494853013978,10.466074993931645,-18.72095462565556,33.24343197005425,0.9892438242986691,18.963601392059406
cave_hsi,11,random-missing-completion,random,0,0.7,ntdpl,"(24,24,4)","(128,128)",8.262734599993564,C:\Users\mrkys\workspace\NTD-PL\multirun\neurips-lowrank-core\run\cave_hsi_random_id11_seed0_mr0.7_ntdpl_r24_24_4,0.2999543220766129,0.0,0.035138968378305435,10.863502473802823,-16.628437524734096,29.084220116155052,0.9776515722166395,22.03060508664571,0.03584448620676994,10.753584681122222,-16.460062807375483,28.91155276197081,0.9767564098831036,22.413460852525617
cave_hsi,11,random-missing-completion,random,0,0.7,softimpute,"(24,24,4)","(128,128)",21.724030200042762,C:\Users\mrkys\workspace\NTD-PL\multirun\neurips-lowrank-core\benchmark\cave_hsi_random_id11_seed0_mr0.7_softimpute_r24_24_4,0.2999543220766129,0.0,0.07995691895484924,18.55346842667479,-9.487096250135982,21.942878821710146,0.8552801812612549,49.648856100467405,0.09556367993354797,18.13373833423602,-7.9426524064861725,20.394142607893492,0.7662284232131508,59.23807376639457
cave_hsi,11,random-missing-completion,random,0,0.7,tucker,"(24,24,4)","(128,128)",1.856615300057456,C:\Users\mrkys\workspace\NTD-PL\multirun\neurips-lowrank-core\benchmark\cave_hsi_random_id11_seed0_mr0.7_tucker_r24_24_4,0.2999543220766129,0.0,0.03905088618286329,12.493844311468003,-15.7115994721275,28.16738212435816,0.972287620415291,24.637995788185673,0.0397494974284126,12.479163872672125,-15.561876998051725,28.013367159243035,0.971304247283242,25.019957842427903
cave_hsi,12,random-missing-completion,random,0,0.7,ntdpl,"(24,24,4)","(128,128)",7.715829499997199,C:\Users\mrkys\workspace\NTD-PL\multirun\neurips-lowrank-core\run\cave_hsi_random_id12_seed0_mr0.7_ntdpl_r24_24_4,0.2999543220766129,0.0,0.014723757281899452,7.267830968428732,-28.105560906558967,36.63962720082304,0.9985409430574894,7.417395014027406,0.014985471032559872,7.087655719445474,-27.958205313172076,36.48659223161671,0.998489429309806,7.529322966981071
cave_hsi,12,random-missing-completion,random,0,0.7,softimpute,"(24,24,4)","(128,128)",21.194879799964838,C:\Users\mrkys\workspace\NTD-PL\multirun\neurips-lowrank-core\benchmark\cave_hsi_random_id12_seed0_mr0.7_softimpute_r24_24_4,0.2999543220766129,0.0,0.0837266594171524,14.748412011583163,-13.008658384668719,21.54272452847648,0.9446818258641476,35.87086978860572,0.10006923973560333,13.639316017050113,-11.465601255792137,19.99398831465983,0.9151695625923711,42.81626821362542
cave_hsi,12,random-missing-completion,random,0,0.7,tucker,"(24,24,4)","(128,128)",1.859214400057681,C:\Users\mrkys\workspace\NTD-PL\multirun\neurips-lowrank-core\benchmark\cave_hsi_random_id12_seed0_mr0.7_tucker_r24_24_4,0.2999543220766129,0.0,0.019031782244357327,8.451627652086952,-25.876344457819982,34.41041080005371,0.9975616378274833,9.49317164100098,0.019401122273975117,8.253008188043733,-25.71507616012859,34.2434629443879,0.9974674629989999,9.648129265242233
cave_hsi,13,random-missing-completion,random,0,0.7,ntdpl,"(24,24,4)","(128,128)",7.280488600023091,C:\Users\mrkys\workspace\NTD-PL\multirun\neurips-lowrank-core\run\cave_hsi_random_id13_seed0_mr0.7_ntdpl_r24_24_4,0.2999543220766129,0.0,0.022771622985601425,21.740690844167652,-19.869226655735595,32.85212047788961,0.9927651135002379,18.74378370063567,0.023471292108297348,21.154961409054398,-19.616740240676066,32.58925994891171,0.992330887477806,19.28706762354141
cave_hsi,13,random-missing-completion,random,0,0.7,softimpute,"(24,24,4)","(128,128)",23.642742999945767,C:\Users\mrkys\workspace\NTD-PL\multirun\neurips-lowrank-core\benchmark\cave_hsi_random_id13_seed0_mr0.7_softimpute_r24_24_4,0.2999543220766129,0.0,0.06685072183609009,21.378968763935458,-10.514984336079149,23.49787787655903,0.9206160683706636,55.172653108575595,0.07989928871393204,19.988669547813853,-8.976622620382418,21.94914166274238,0.8739615534958588,65.85984639139325
cave_hsi,13,random-missing-completion,random,0,0.7,tucker,"(24,24,4)","(128,128)",1.9730170000111684,C:\Users\mrkys\workspace\NTD-PL\multirun\neurips-lowrank-core\benchmark\cave_hsi_random_id13_seed0_mr0.7_tucker_r24_24_4,0.2999543220766129,0.0,0.02540574368150346,25.426196183424477,-18.918468048255797,31.901361756426923,0.9909863078526083,20.958222276746387,0.026111475120190533,24.966654140217145,-18.69085242510372,31.66337185617784,0.9904988970865316,21.50319547495511
cave_hsi,14,random-missing-completion,random,0,0.7,ntdpl,"(24,24,4)","(128,128)",7.058594899950549,C:\Users\mrkys\workspace\NTD-PL\multirun\neurips-lowrank-core\run\cave_hsi_random_id14_seed0_mr0.7_ntdpl_r24_24_4,0.2999543220766129,0.0,0.014391246251761913,11.446401742189618,-18.313384685163474,36.83803177019284,0.991037323160476,28.648903925669956,0.015015969052910805,11.242912936276232,-17.96280908611553,36.4689326846194,0.9902824647480091,29.588124710156034
cave_hsi,14,random-missing-completion,random,0,0.7,softimpute,"(24,24,4)","(128,128)",30.546662899898365,C:\Users\mrkys\workspace\NTD-PL\multirun\neurips-lowrank-core\benchmark\cave_hsi_random_id14_seed0_mr0.7_softimpute_r24_24_4,0.2999543220766129,0.0,0.03634857013821602,22.222512577750877,-10.265605743343002,28.790252955587587,0.9223343940526196,73.54445507430201,0.043443433940410614,21.46693550675837,-8.73539291891164,27.241516741770933,0.8743156041939649,87.8114309851527
cave_hsi,14,random-missing-completion,random,0,0.7,tucker,"(24,24,4)","(128,128)",2.7376740999752656,C:\Users\mrkys\workspace\NTD-PL\multirun\neurips-lowrank-core\benchmark\cave_hsi_random_id14_seed0_mr0.7_tucker_r24_24_4,0.2999543220766129,0.0,0.015947087114645212,12.872324569899723,-17.42172547421126,35.946372666638325,0.9889880980613445,31.740051106191462,0.016531316193282023,12.83178565174482,-17.127727511122256,35.633851346328576,0.9882199777832884,32.630079962143924
cave_hsi,15,random-missing-completion,random,0,0.7,ntdpl,"(24,24,4)","(128,128)",7.417123399907723,C:\Users\mrkys\workspace\NTD-PL\multirun\neurips-lowrank-core\run\cave_hsi_random_id15_seed0_mr0.7_ntdpl_r24_24_4,0.2999543220766129,0.0,0.015369330532848835,14.39612010528143,-20.775662759279683,36.26690108304142,0.9939349644324293,16.368892663181484,0.01575515605509281,13.720689939941385,-20.553406870428084,36.05154595429547,0.9936171096927915,16.74127919048515
cave_hsi,15,random-missing-completion,random,0,0.7,softimpute,"(24,24,4)","(128,128)",21.16068129998166,C:\Users\mrkys\workspace\NTD-PL\multirun\neurips-lowrank-core\benchmark\cave_hsi_random_id15_seed0_mr0.7_softimpute_r24_24_4,0.2999543220766129,0.0,0.04778587818145752,20.084244483878912,-10.922770470654484,26.414008779467558,0.9260575467106616,53.28327431117129,0.05711318179965019,20.051616963693366,-9.367133515570202,24.865272565650905,0.8825962305612809,63.74239140798513
cave_hsi,15,random-missing-completion,random,0,0.7,tucker,"(24,24,4)","(128,128)",2.069065099931322,C:\Users\mrkys\workspace\NTD-PL\multirun\neurips-lowrank-core\benchmark\cave_hsi_random_id15_seed0_mr0.7_tucker_r24_24_4,0.2999543220766129,0.0,0.017258945732050893,18.107829285355937,-19.768476366451694,35.25971473642175,0.9923482515137219,18.496904195952133,0.017653317698866616,17.429734041691837,-19.565334151922194,35.063473258319625,0.9919825241131792,18.89117796483296
cave_hsi,1,random-missing-completion,random,1,0.7,ntdpl,"(24,24,4)","(128,128)",7.91556849994231,C:\Users\mrkys\workspace\NTD-PL\multirun\neurips-lowrank-core\run\cave_hsi_random_id01_seed1_mr0.7_ntdpl_r24_24_4,0.30045835433467744,1.0,0.016021089628338814,9.45460861075533,-22.42561775146106,35.90615864031043,0.9947207930137628,11.19735885537505,0.016428174450993538,9.257539166306582,-22.196602983837135,35.68821413058394,0.9944349485166655,11.492993815483112
cave_hsi,1,random-missing-completion,random,1,0.7,softimpute,"(24,24,4)","(128,128)",21.10882349999156,C:\Users\mrkys\workspace\NTD-PL\multirun\neurips-lowrank-core\benchmark\cave_hsi_random_id01_seed1_mr0.7_softimpute_r24_24_4,0.30045835433467744,1.0,0.05429002270102501,14.68488644838501,-11.825058881818888,25.30560021416283,0.9268019279576799,37.580560899819524,0.06491023302078247,13.800282230846298,-10.262125014504376,23.753735957756014,0.8851909776927511,44.985640493569655
cave_hsi,1,random-missing-completion,random,1,0.7,tucker,"(24,24,4)","(128,128)",1.8314596000127494,C:\Users\mrkys\workspace\NTD-PL\multirun\neurips-lowrank-core\benchmark\cave_hsi_random_id01_seed1_mr0.7_tucker_r24_24_4,0.30045835433467744,1.0,0.017201309519882756,10.29508262622757,-21.80822883376328,35.28876978788331,0.9939178892061792,12.030472198399144,0.017704250147126642,10.130172405312136,-21.546838180126397,35.03844925596157,0.9935400433286451,12.388824811765563
cave_hsi,2,random-missing-completion,random,1,0.7,ntdpl,"(24,24,4)","(128,128)",8.462938999990001,C:\Users\mrkys\workspace\NTD-PL\multirun\neurips-lowrank-core\run\cave_hsi_random_id02_seed1_mr0.7_ntdpl_r24_24_4,0.30045835433467744,1.0,0.07870211452245712,25.073091400120607,-8.602440878730285,22.080272269656987,0.8827141362083522,73.40410361323335,0.08105012029409409,24.601162192482505,-8.33775829394116,21.824926023104556,0.8755195845015415,75.34642635114174
cave_hsi,2,random-missing-completion,random,1,0.7,softimpute,"(24,24,4)","(128,128)",23.27359990007244,C:\Users\mrkys\workspace\NTD-PL\multirun\neurips-lowrank-core\benchmark\cave_hsi_random_id02_seed1_mr0.7_softimpute_r24_24_4,0.30045835433467744,1.0,0.08970493823289871,24.075087802389987,-7.4658419310268105,20.94367340192179,0.8126318094926825,76.44628434585151,0.10725302249193192,23.940939031019614,-5.904641119703217,19.391809145514973,0.6870517168065067,91.56544999483701
cave_hsi,2,random-missing-completion,random,1,0.7,tucker,"(24,24,4)","(128,128)",2.1576258999994025,C:\Users\mrkys\workspace\NTD-PL\multirun\neurips-lowrank-core\benchmark\cave_hsi_random_id02_seed1_mr0.7_tucker_r24_24_4,0.30045835433467744,1.0,0.08870916842569,30.139058454291142,-7.562798498555461,21.040629837658372,0.8463917381883261,81.20600897381784,0.09050683026549541,29.901734740536078,-7.379204882299138,20.86637289441939,0.8401029213584926,82.64236996705573
cave_hsi,3,random-missing-completion,random,1,0.7,ntdpl,"(24,24,4)","(128,128)",7.280730500002392,C:\Users\mrkys\workspace\NTD-PL\multirun\neurips-lowrank-core\run\cave_hsi_random_id03_seed1_mr0.7_ntdpl_r24_24_4,0.30045835433467744,1.0,0.03166398033499718,12.378610624201405,-12.596815860048558,29.98868963740486,0.9615572496489976,44.38199857356067,0.033471424132585526,12.4208425003407,-12.088590103741595,29.50651663396254,0.956745509882153,46.705494760415526
cave_hsi,3,random-missing-completion,random,1,0.7,softimpute,"(24,24,4)","(128,128)",25.3638506999705,C:\Users\mrkys\workspace\NTD-PL\multirun\neurips-lowrank-core\benchmark\cave_hsi_random_id03_seed1_mr0.7_softimpute_r24_24_4,0.30045835433467744,1.0,0.04564441740512848,15.32699465838645,-9.420372703650294,26.81224651684921,0.8995797532367283,66.84652894379715,0.054573386907577515,13.979155029983453,-7.842455225326229,25.26038226044239,0.8377749907635115,80.00760774554443
cave_hsi,3,random-missing-completion,random,1,0.7,tucker,"(24,24,4)","(128,128)",2.3418821999803185,C:\Users\mrkys\workspace\NTD-PL\multirun\neurips-lowrank-core\benchmark\cave_hsi_random_id03_seed1_mr0.7_tucker_r24_24_4,0.30045835433467744,1.0,0.0348330837082279,11.831110756035972,-11.768287475292155,29.16016153111358,0.9530844412512637,50.336109256336584,0.036321560492286804,11.846945138925571,-11.378783482512222,28.79671002095373,0.9486503220761111,52.34150637671622
cave_hsi,4,random-missing-completion,random,1,0.7,ntdpl,"(24,24,4)","(128,128)",7.739572700113058,C:\Users\mrkys\workspace\NTD-PL\multirun\neurips-lowrank-core\run\cave_hsi_random_id04_seed1_mr0.7_ntdpl_r24_24_4,0.30045835433467744,1.0,0.02758553996682167,15.322816565872852,-20.5878218568259,31.186369969332656,0.9938803185372942,17.57645424378087,0.028364764526486397,15.014743613894822,-20.355343725694816,30.94441611159165,0.9935424626107332,18.03127120433073
cave_hsi,4,random-missing-completion,random,1,0.7,softimpute,"(24,24,4)","(128,128)",18.4929065000033,C:\Users\mrkys\workspace\NTD-PL\multirun\neurips-lowrank-core\benchmark\cave_hsi_random_id04_seed1_mr0.7_softimpute_r24_24_4,0.30045835433467744,1.0,0.07195506989955902,19.92507806508649,-12.260223690483604,22.858771574158922,0.9471636233967186,44.99994762823521,0.08603093773126602,16.688074707876655,-10.71783460898988,21.306907317752106,0.9165364656982115,53.72470339750301
cave_hsi,4,random-missing-completion,random,1,0.7,tucker,"(24,24,4)","(128,128)",2.3091313999611884,C:\Users\mrkys\workspace\NTD-PL\multirun\neurips-lowrank-core\benchmark\cave_hsi_random_id04_seed1_mr0.7_tucker_r24_24_4,0.30045835433467744,1.0,0.030573465435825446,17.229541459468294,-19.694558489390246,30.29310664297393,0.9924727268785175,19.224205524402024,0.03133278785146576,17.070679030281276,-19.490946760312543,30.08001923633152,0.9921087567787993,19.664442574636258
cave_hsi,5,random-missing-completion,random,1,0.7,ntdpl,"(24,24,4)","(128,128)",8.322907899972051,C:\Users\mrkys\workspace\NTD-PL\multirun\neurips-lowrank-core\run\cave_hsi_random_id05_seed1_mr0.7_ntdpl_r24_24_4,0.30045835433467744,1.0,0.010151298716664314,26.87633206966791,-24.071713622235325,39.86956773229627,0.9976216678320573,23.699538977121673,0.01040578167885542,25.51363198691702,-23.870627662516636,39.65450658217587,0.9975088534700248,24.020804206057537
cave_hsi,5,random-missing-completion,random,1,0.7,softimpute,"(24,24,4)","(128,128)",25.853697299957275,C:\Users\mrkys\workspace\NTD-PL\multirun\neurips-lowrank-core\benchmark\cave_hsi_random_id05_seed1_mr0.7_softimpute_r24_24_4,0.30045835433467744,1.0,0.03682966157793999,22.604441564386025,-12.878190612554068,28.6760453170684,0.9557894179965412,72.98582297228165,0.044034283608198166,23.266584362906347,-11.340302767075814,27.124181060661584,0.9277345802915282,87.14726765977859
cave_hsi,5,random-missing-completion,random,1,0.7,tucker,"(24,24,4)","(128,128)",2.9794935999670997,C:\Users\mrkys\workspace\NTD-PL\multirun\neurips-lowrank-core\benchmark\cave_hsi_random_id05_seed1_mr0.7_tucker_r24_24_4,0.30045835433467744,1.0,0.01152194562461931,28.75516036323198,-22.971629195706488,38.76948357330859,0.9969350688220393,26.312243206509283,0.01183744799274026,27.369740846639473,-22.750959990840517,38.53483832072891,0.9967754383912006,26.72710996580554
cave_hsi,6,random-missing-completion,random,1,0.7,ntdpl,"(24,24,4)","(128,128)",9.161012900061905,C:\Users\mrkys\workspace\NTD-PL\multirun\neurips-lowrank-core\run\cave_hsi_random_id06_seed1_mr0.7_ntdpl_r24_24_4,0.30045835433467744,1.0,0.06336797028779984,9.621935085071222,-12.113639359980974,23.96260492744546,0.920039438172811,40.39933468577753,0.06497009098529816,9.594763167260332,-11.898470920998033,23.74573057916411,0.9159292574144946,41.34029532674001
cave_hsi,6,random-missing-completion,random,1,0.7,softimpute,"(24,24,4)","(128,128)",18.258582299924456,C:\Users\mrkys\workspace\NTD-PL\multirun\neurips-lowrank-core\benchmark\cave_hsi_random_id06_seed1_mr0.7_softimpute_r24_24_4,0.30045835433467744,1.0,0.0775861144065857,13.157374859857148,-10.355355138508637,22.204320340843786,0.8652095386195227,51.20646985554475,0.0927635133266449,13.23082144305301,-8.80519707384808,20.65245608443697,0.7879915393747284,61.12491169828268
cave_hsi,6,random-missing-completion,random,1,0.7,tucker,"(24,24,4)","(128,128)",2.161451800027862,C:\Users\mrkys\workspace\NTD-PL\multirun\neurips-lowrank-core\benchmark\cave_hsi_random_id06_seed1_mr0.7_tucker_r24_24_4,0.30045835433467744,1.0,0.0663275861730937,9.945685001063135,-11.717151017043788,23.566116149549067,0.9116846116960489,43.95457208301155,0.06775725020315673,9.945706668522782,-11.533625397562048,23.380884546412297,0.9078055476209151,44.77806746021441
cave_hsi,7,random-missing-completion,random,1,0.7,ntdpl,"(24,24,4)","(128,128)",9.344063900061883,C:\Users\mrkys\workspace\NTD-PL\multirun\neurips-lowrank-core\run\cave_hsi_random_id07_seed1_mr0.7_ntdpl_r24_24_4,0.30045835433467744,1.0,0.009780562482774258,20.94951316354468,-21.411775258253954,40.19272298014536,0.995773482404221,19.864241725776534,0.010192275047302246,20.306274451020855,-21.040356572482537,39.834577340709096,0.9953954962876838,20.64834417776085
cave_hsi,7,random-missing-completion,random,1,0.7,softimpute,"(24,24,4)","(128,128)",28.265922100050375,C:\Users\mrkys\workspace\NTD-PL\multirun\neurips-lowrank-core\benchmark\cave_hsi_random_id07_seed1_mr0.7_softimpute_r24_24_4,0.30045835433467744,1.0,0.028631487861275673,23.44636304724225,-12.08217377879221,30.8631216343827,0.950254535999497,58.28365893367887,0.034232381731271744,21.817457536063937,-10.517036258710172,29.311257377975885,0.9188488399672017,69.69945392570614
cave_hsi,7,random-missing-completion,random,1,0.7,tucker,"(24,24,4)","(128,128)",2.610496599925682,C:\Users\mrkys\workspace\NTD-PL\multirun\neurips-lowrank-core\benchmark\cave_hsi_random_id07_seed1_mr0.7_tucker_r24_24_4,0.30045835433467744,1.0,0.010349347600838835,19.72665485361048,-20.92079274567334,39.701740525466576,0.9952658811472485,20.89819340832989,0.01083537351762967,19.466264154016823,-20.508901383564826,39.303122261226676,0.9947937474683042,21.842187290967704
cave_hsi,8,random-missing-completion,random,1,0.7,ntdpl,"(24,24,4)","(128,128)",9.445682999910787,C:\Users\mrkys\workspace\NTD-PL\multirun\neurips-lowrank-core\run\cave_hsi_random_id08_seed1_mr0.7_ntdpl_r24_24_4,0.30045835433467744,1.0,0.02750730700790882,14.073342328186417,-17.999465913280137,31.2110384116679,0.9884024744616627,22.812504573330074,0.028425253927707672,13.696713887950914,-17.708991679203052,30.925912446472502,0.9875902872270704,23.518444790745484
cave_hsi,8,random-missing-completion,random,1,0.7,softimpute,"(24,24,4)","(128,128)",22.442610100028105,C:\Users\mrkys\workspace\NTD-PL\multirun\neurips-lowrank-core\benchmark\cave_hsi_random_id08_seed1_mr0.7_softimpute_r24_24_4,0.30045835433467744,1.0,0.06529496610164642,20.718691310468856,-10.490833278035645,23.70240572469708,0.9179914232801951,52.91602074866346,0.07806797325611115,20.179797158083353,-8.933620515913365,22.150541468290264,0.8695714184795743,63.280752268282356
cave_hsi,8,random-missing-completion,random,1,0.7,tucker,"(24,24,4)","(128,128)",2.2645561000099406,C:\Users\mrkys\workspace\NTD-PL\multirun\neurips-lowrank-core\benchmark\cave_hsi_random_id08_seed1_mr0.7_tucker_r24_24_4,0.30045835433467744,1.0,0.03403865356659113,19.80526637579699,-16.14897994155072,29.360552544113702,0.9821688732526017,28.0387488957254,0.03495459349348442,19.57719327018746,-15.91299382593939,29.129914883180156,0.9811582682524689,28.75003868461365
cave_hsi,9,random-missing-completion,random,1,0.7,ntdpl,"(24,24,4)","(128,128)",9.134920299984515,C:\Users\mrkys\workspace\NTD-PL\multirun\neurips-lowrank-core\run\cave_hsi_random_id09_seed1_mr0.7_ntdpl_r24_24_4,0.30045835433467744,1.0,0.021781571209430695,23.766687768600303,-17.774244243845413,33.23821575541442,0.9891847155378081,28.242857959942214,0.022595977410674095,22.809156838815525,-17.457385118893672,32.919376932659475,0.9883690969571202,28.966512502357038
cave_hsi,9,random-missing-completion,random,1,0.7,softimpute,"(24,24,4)","(128,128)",23.505443300004117,C:\Users\mrkys\workspace\NTD-PL\multirun\neurips-lowrank-core\benchmark\cave_hsi_random_id09_seed1_mr0.7_softimpute_r24_24_4,0.30045835433467744,1.0,0.0493653304874897,24.822190876327838,-10.667587461365235,26.131558897544377,0.9283032985078585,59.5373858087054,0.05902218446135521,23.50616284913309,-9.117702480051683,24.57969464113756,0.8854274950170892,71.18445821456444
cave_hsi,9,random-missing-completion,random,1,0.7,tucker,"(24,24,4)","(128,128)",2.887631200021133,C:\Users\mrkys\workspace\NTD-PL\multirun\neurips-lowrank-core\benchmark\cave_hsi_random_id09_seed1_mr0.7_tucker_r24_24_4,0.30045835433467744,1.0,0.02439711468676779,30.720862599088697,-16.789259230959402,32.25323064511852,0.9864103723781732,31.54159201458761,0.025179320497511704,30.004306572867915,-16.5171277606936,31.979119883421735,0.9855383968467141,32.283625173245625
cave_hsi,10,random-missing-completion,random,1,0.7,ntdpl,"(24,24,4)","(128,128)",9.088421699940227,C:\Users\mrkys\workspace\NTD-PL\multirun\neurips-lowrank-core\run\cave_hsi_random_id10_seed1_mr0.7_ntdpl_r24_24_4,0.30045835433467744,1.0,0.018770214170217514,9.805928273530908,-20.01193616422835,34.53061576240386,0.9920044380739099,16.184424075639942,0.019430167973041534,9.506332277310033,-19.70652910148175,34.2304695223213,0.9914239353878306,16.756831656992873
cave_hsi,10,random-missing-completion,random,1,0.7,softimpute,"(24,24,4)","(128,128)",21.25454150000587,C:\Users\mrkys\workspace\NTD-PL\multirun\neurips-lowrank-core\benchmark\cave_hsi_random_id10_seed1_mr0.7_softimpute_r24_24_4,0.30045835433467744,1.0,0.05337214469909668,16.3189569085541,-10.935027546381576,25.453707008881818,0.9202458948722788,47.68642167954236,0.06381280720233917,15.704639495247768,-9.377902323499729,23.901842752474998,0.8741276957503007,57.05607592472952
cave_hsi,10,random-missing-completion,random,1,0.7,tucker,"(24,24,4)","(128,128)",2.499297000002116,C:\Users\mrkys\workspace\NTD-PL\multirun\neurips-lowrank-core\benchmark\cave_hsi_random_id10_seed1_mr0.7_tucker_r24_24_4,0.30045835433467744,1.0,0.02078515056358614,10.813387208010466,-19.12625717557399,33.644936504033076,0.9901997114344673,18.149359690557702,0.02144780422151726,10.56570140613941,-18.848403097615762,33.372343266127174,0.9895544385929025,18.743672847067376
cave_hsi,11,random-missing-completion,random,1,0.7,ntdpl,"(24,24,4)","(128,128)",8.875677699921653,C:\Users\mrkys\workspace\NTD-PL\multirun\neurips-lowrank-core\run\cave_hsi_random_id11_seed1_mr0.7_ntdpl_r24_24_4,0.30045835433467744,1.0,0.03499862551689148,10.72291741083463,-16.663197599890815,29.118980525662572,0.9778279938450102,21.947609101088986,0.035697221755981445,10.596630926417994,-16.486033469754577,28.947311685478724,0.9768931120126646,22.379591412940478
cave_hsi,11,random-missing-completion,random,1,0.7,softimpute,"(24,24,4)","(128,128)",21.625392899964936,C:\Users\mrkys\workspace\NTD-PL\multirun\neurips-lowrank-core\benchmark\cave_hsi_random_id11_seed1_mr0.7_softimpute_r24_24_4,0.30045835433467744,1.0,0.07939913868904114,18.484231750798955,-9.547901357028381,22.003683676862376,0.8576166888813719,49.20355366671796,0.0949312075972557,18.06249675791782,-7.990541354323366,20.45181942045556,0.7693149764630809,58.8608398301633
cave_hsi,11,random-missing-completion,random,1,0.7,tucker,"(24,24,4)","(128,128)",2.3097770999884233,C:\Users\mrkys\workspace\NTD-PL\multirun\neurips-lowrank-core\benchmark\cave_hsi_random_id11_seed1_mr0.7_tucker_r24_24_4,0.30045835433467744,1.0,0.039006110395479035,12.355755327621385,-15.721564436381401,28.17734708861206,0.9723520828164952,24.594692407081926,0.039683633753935264,12.323671855307545,-15.56649306648297,28.027771343750423,0.9713390947655752,25.024540548840417
cave_hsi,12,random-missing-completion,random,1,0.7,ntdpl,"(24,24,4)","(128,128)",8.870135800098069,C:\Users\mrkys\workspace\NTD-PL\multirun\neurips-lowrank-core\run\cave_hsi_random_id12_seed1_mr0.7_ntdpl_r24_24_4,0.30045835433467744,1.0,0.014670531265437603,7.278110111687056,-28.137016670109016,36.67108291705245,0.9985515925517108,7.411188753194888,0.0148977842181921,7.096934523547924,-28.00177492993751,36.537566634274754,0.9985068630110306,7.534836562191158
cave_hsi,12,random-missing-completion,random,1,0.7,softimpute,"(24,24,4)","(128,128)",20.213412099983543,C:\Users\mrkys\workspace\NTD-PL\multirun\neurips-lowrank-core\benchmark\cave_hsi_random_id12_seed1_mr0.7_softimpute_r24_24_4,0.30045835433467744,1.0,0.08352340757846832,14.729084705267118,-13.029769918410476,21.563836007611975,0.9450006049870934,35.73976055947308,0.09986227005720139,13.628531524647535,-11.476179638786599,20.011971751205163,0.9155096585995968,42.804870990907254
cave_hsi,12,random-missing-completion,random,1,0.7,tucker,"(24,24,4)","(128,128)",2.05403210001532,C:\Users\mrkys\workspace\NTD-PL\multirun\neurips-lowrank-core\benchmark\cave_hsi_random_id12_seed1_mr0.7_tucker_r24_24_4,0.30045835433467744,1.0,0.019029666448019993,8.507912097372053,-25.87731013695901,34.41137647919274,0.9975622680898625,9.571677888066466,0.019363750921035403,8.30636086041897,-25.724418448412276,34.260210247864855,0.9974767375720507,9.751440638513111
cave_hsi,13,random-missing-completion,random,1,0.7,ntdpl,"(24,24,4)","(128,128)",8.797590099973604,C:\Users\mrkys\workspace\NTD-PL\multirun\neurips-lowrank-core\run\cave_hsi_random_id13_seed1_mr0.7_ntdpl_r24_24_4,0.30045835433467744,1.0,0.022708918899297714,21.92469267270385,-19.893176763134225,32.8760709951337,0.9928051715819075,18.68657088463303,0.023292172700166702,21.344899133509976,-19.65805469334166,32.655799391530856,0.9924067243827057,19.20614962780628
cave_hsi,13,random-missing-completion,random,1,0.7,softimpute,"(24,24,4)","(128,128)",21.8712375999894,C:\Users\mrkys\workspace\NTD-PL\multirun\neurips-lowrank-core\benchmark\cave_hsi_random_id13_seed1_mr0.7_softimpute_r24_24_4,0.30045835433467744,1.0,0.06600724905729294,21.52074632410072,-10.62527404990443,23.608167332865335,0.9230065946781183,54.53660485856163,0.07891959697008133,20.100613456732567,-9.058557341452136,22.05630307645852,0.8770083927553253,65.33773804074139
cave_hsi,13,random-missing-completion,random,1,0.7,tucker,"(24,24,4)","(128,128)",2.5959112000418827,C:\Users\mrkys\workspace\NTD-PL\multirun\neurips-lowrank-core\benchmark\cave_hsi_random_id13_seed1_mr0.7_tucker_r24_24_4,0.30045835433467744,1.0,0.02547241157662087,25.527316001970775,-18.89570502519115,31.878598733362278,0.9909418013841307,21.010363671562597,0.02606140317257575,25.05641449875578,-18.68229886132156,31.68004410270551,0.9904880340083709,21.538830361325783
cave_hsi,14,random-missing-completion,random,1,0.7,ntdpl,"(24,24,4)","(128,128)",8.644324199995026,C:\Users\mrkys\workspace\NTD-PL\multirun\neurips-lowrank-core\run\cave_hsi_random_id14_seed1_mr0.7_ntdpl_r24_24_4,0.30045835433467744,1.0,0.014118361286818981,11.44817797154612,-18.479667135762824,37.00431407976555,0.9913818013555994,28.49259570517862,0.01463641319423914,11.250935202170503,-18.165329748333,36.691306370338964,0.9907347962476252,29.33242224676193
cave_hsi,14,random-missing-completion,random,1,0.7,softimpute,"(24,24,4)","(128,128)",30.93481379991863,C:\Users\mrkys\workspace\NTD-PL\multirun\neurips-lowrank-core\benchmark\cave_hsi_random_id14_seed1_mr0.7_softimpute_r24_24_4,0.30045835433467744,1.0,0.03603064641356468,22.144909228254257,-10.341911988427482,28.86655909010687,0.9239400113515949,72.58548283938644,0.043078966438770294,21.428110721208675,-8.788717887182449,27.314694833700056,0.8762614146626557,86.63727226013764
cave_hsi,14,random-missing-completion,random,1,0.7,tucker,"(24,24,4)","(128,128)",2.6267907000146806,C:\Users\mrkys\workspace\NTD-PL\multirun\neurips-lowrank-core\benchmark\cave_hsi_random_id14_seed1_mr0.7_tucker_r24_24_4,0.30045835433467744,1.0,0.01594390209570464,13.02616988529541,-17.42346042968238,35.94810762210945,0.9889921883429859,32.269963011565444,0.016487355990010652,12.974464616166284,-17.131002736766785,35.65697969610411,0.988226048260321,33.21666951777495
cave_hsi,15,random-missing-completion,random,1,0.7,ntdpl,"(24,24,4)","(128,128)",8.822541699977592,C:\Users\mrkys\workspace\NTD-PL\multirun\neurips-lowrank-core\run\cave_hsi_random_id15_seed1_mr0.7_ntdpl_r24_24_4,0.30045835433467744,1.0,0.01535723451524973,14.220761926871907,-20.782501332440752,36.27373963674546,0.9939415184527137,16.349758622786567,0.015777159482240677,13.510630493711554,-20.553351279014286,36.039424206411226,0.9936081807521668,16.738297870910717
cave_hsi,15,random-missing-completion,random,1,0.7,softimpute,"(24,24,4)","(128,128)",20.63241520000156,C:\Users\mrkys\workspace\NTD-PL\multirun\neurips-lowrank-core\benchmark\cave_hsi_random_id15_seed1_mr0.7_softimpute_r24_24_4,0.30045835433467744,1.0,0.04770086705684662,19.98961246455667,-10.938235980086784,26.42947392775571,0.9261827347185199,52.972550197818705,0.05703212320804596,19.953493706416026,-9.391536704810449,24.877609671348893,0.8829677038233543,63.20405834856827
cave_hsi,15,random-missing-completion,random,1,0.7,tucker,"(24,24,4)","(128,128)",2.559156799921766,C:\Users\mrkys\workspace\NTD-PL\multirun\neurips-lowrank-core\benchmark\cave_hsi_random_id15_seed1_mr0.7_tucker_r24_24_4,0.30045835433467744,1.0,0.017299536707436326,18.012518377793924,-19.74807217797206,35.23931054794212,0.9923063650679866,18.520336830164336,0.017739430862080612,17.335584284737102,-19.5351337780496,35.02120635685343,0.9919123845278718,18.93078176876493
cave_hsi,1,random-missing-completion,random,2,0.7,ntdpl,"(24,24,4)","(128,128)",9.119635100010782,C:\Users\mrkys\workspace\NTD-PL\multirun\neurips-lowrank-core\run\cave_hsi_random_id01_seed2_mr0.7_ntdpl_r24_24_4,0.2997495589717742,2.0,0.016158532351255417,8.214392464558916,-22.351421323708177,35.83196232900142,0.9946304876098289,11.379854372410708,0.016582295298576355,8.1552530202502,-22.10449173279239,35.60710702433663,0.9943181241980833,11.710167808081419
cave_hsi,1,random-missing-completion,random,2,0.7,softimpute,"(24,24,4)","(128,128)",20.210700300056487,C:\Users\mrkys\workspace\NTD-PL\multirun\neurips-lowrank-core\benchmark\cave_hsi_random_id01_seed2_mr0.7_softimpute_r24_24_4,0.2997495589717742,2.0,0.053767334669828415,14.711106851131476,-11.909089164178159,25.38963034333888,0.9283107046175105,37.23151542742168,0.06425275653600693,13.837919418936757,-10.339548900393359,23.84216425354756,0.8874285811014061,44.62529315075998
cave_hsi,1,random-missing-completion,random,2,0.7,tucker,"(24,24,4)","(128,128)",2.2422168999910355,C:\Users\mrkys\workspace\NTD-PL\multirun\neurips-lowrank-core\benchmark\cave_hsi_random_id01_seed2_mr0.7_tucker_r24_24_4,0.2997495589717742,2.0,0.01679378192806459,8.581112742939284,-22.016488856847538,35.49702981096756,0.9942034746037265,11.847037607776434,0.017245263282128543,8.566629673534509,-21.763987797260512,35.26660341810023,0.9938584325439412,12.199048988996063
cave_hsi,2,random-missing-completion,random,2,0.7,ntdpl,"(24,24,4)","(128,128)",10.07505880005192,C:\Users\mrkys\workspace\NTD-PL\multirun\neurips-lowrank-core\run\cave_hsi_random_id02_seed2_mr0.7_ntdpl_r24_24_4,0.2997495589717742,2.0,0.07886555045843124,25.029832453312892,-8.584422415229447,22.06225352297304,0.8821800395300448,73.20477752621461,0.0813477411866188,24.604171684733178,-8.317788744735978,21.79308999035429,0.8747684712126327,75.14124536763096
cave_hsi,2,random-missing-completion,random,2,0.7,softimpute,"(24,24,4)","(128,128)",22.5324620999163,C:\Users\mrkys\workspace\NTD-PL\multirun\neurips-lowrank-core\benchmark\cave_hsi_random_id02_seed2_mr0.7_softimpute_r24_24_4,0.2997495589717742,2.0,0.08994415402412415,24.122044810800578,-7.44270974135801,20.920541355926467,0.8113313513179994,76.33078977217336,0.1074845939874649,23.988973836307885,-5.897773939924748,19.373075266135142,0.6862187433154493,91.41057466342811
cave_hsi,2,random-missing-completion,random,2,0.7,tucker,"(24,24,4)","(128,128)",2.6446986000519246,C:\Users\mrkys\workspace\NTD-PL\multirun\neurips-lowrank-core\benchmark\cave_hsi_random_id02_seed2_mr0.7_tucker_r24_24_4,0.2997495589717742,2.0,0.08867106208313036,29.842955728775884,-7.566530453239766,21.044361792342677,0.8465757938023826,81.18735555410608,0.09054275473323954,29.665358532113615,-7.3876246070662965,20.862925927487886,0.8403490124340289,82.61656694240527
cave_hsi,3,random-missing-completion,random,2,0.7,ntdpl,"(24,24,4)","(128,128)",9.37276500009466,C:\Users\mrkys\workspace\NTD-PL\multirun\neurips-lowrank-core\run\cave_hsi_random_id03_seed2_mr0.7_ntdpl_r24_24_4,0.2997495589717742,2.0,0.03214006870985031,11.49521386092246,-12.467189450513239,29.859063475471643,0.9602971491864868,45.08423336432899,0.03398346155881882,11.550229291673467,-11.990511264906498,29.374647873796462,0.9557017811040085,47.374035560125165
cave_hsi,3,random-missing-completion,random,2,0.7,softimpute,"(24,24,4)","(128,128)",24.68091320001986,C:\Users\mrkys\workspace\NTD-PL\multirun\neurips-lowrank-core\benchmark\cave_hsi_random_id03_seed2_mr0.7_softimpute_r24_24_4,0.2997495589717742,2.0,0.04653104767203331,15.315263295160081,-9.253269605249576,26.645143270961768,0.8948975948519428,67.86788535681909,0.05560529604554176,14.024232095930087,-7.7135400018812526,25.09767718117044,0.8317449727590671,81.07934800450464
cave_hsi,3,random-missing-completion,random,2,0.7,tucker,"(24,24,4)","(128,128)",2.941977999988012,C:\Users\mrkys\workspace\NTD-PL\multirun\neurips-lowrank-core\benchmark\cave_hsi_random_id03_seed2_mr0.7_tucker_r24_24_4,0.2997495589717742,2.0,0.03440988104552044,11.186289249667858,-11.874462518707581,29.266336574529014,0.9542226178095056,50.09351588592622,0.03574604641356433,11.2419532978647,-11.551302866811621,28.935439701438295,0.9507530850151757,51.92709566851954
cave_hsi,4,random-missing-completion,random,2,0.7,ntdpl,"(24,24,4)","(128,128)",9.143113199970685,C:\Users\mrkys\workspace\NTD-PL\multirun\neurips-lowrank-core\run\cave_hsi_random_id04_seed2_mr0.7_ntdpl_r24_24_4,0.2997495589717742,2.0,0.02746034599840641,15.53010443718709,-20.627331841958338,31.225880000466866,0.9939383464054147,17.568860102398034,0.028200417757034302,15.220600064251814,-20.399318772705932,30.994889161232773,0.9936128685866873,18.03378221275284
cave_hsi,4,random-missing-completion,random,2,0.7,softimpute,"(24,24,4)","(128,128)",18.882686899974942,C:\Users\mrkys\workspace\NTD-PL\multirun\neurips-lowrank-core\benchmark\cave_hsi_random_id04_seed2_mr0.7_softimpute_r24_24_4,0.2997495589717742,2.0,0.07172895222902298,19.96184544661251,-12.287562532787549,22.886110532068678,0.9475462972849233,44.82564145724046,0.08571715652942657,16.757428521219303,-10.74307421504512,21.33864444227735,0.9171407614627106,53.552251595626984
cave_hsi,4,random-missing-completion,random,2,0.7,tucker,"(24,24,4)","(128,128)",2.338373600039631,C:\Users\mrkys\workspace\NTD-PL\multirun\neurips-lowrank-core\benchmark\cave_hsi_random_id04_seed2_mr0.7_tucker_r24_24_4,0.2997495589717742,2.0,0.030477190495103782,17.254774747395647,-19.721953254948755,30.32050140853244,0.9925271168260381,19.201743508866993,0.031195087730741592,17.083369966754574,-19.522705510915223,30.11827577308884,0.9921784625830763,19.64571293270001
cave_hsi,5,random-missing-completion,random,2,0.7,ntdpl,"(24,24,4)","(128,128)",9.636185599956661,C:\Users\mrkys\workspace\NTD-PL\multirun\neurips-lowrank-core\run\cave_hsi_random_id05_seed2_mr0.7_ntdpl_r24_24_4,0.2997495589717742,2.0,0.01036622654646635,26.8711459067402,-23.88973208583287,39.68758634011063,0.9975188330056748,24.014681745796405,0.010724040679633617,25.531299423736485,-23.611382745222365,39.392830794353074,0.9973538866769024,24.60806987371635
cave_hsi,5,random-missing-completion,random,2,0.7,softimpute,"(24,24,4)","(128,128)",25.056309799896553,C:\Users\mrkys\workspace\NTD-PL\multirun\neurips-lowrank-core\benchmark\cave_hsi_random_id05_seed2_mr0.7_softimpute_r24_24_4,0.2997495589717742,2.0,0.03677785024046898,22.621289010288205,-12.890418995373336,28.6882733530732,0.9559160596166123,73.13539209929095,0.04395007714629173,23.36817685868822,-11.359359068240018,27.140807263281875,0.92809842055959,87.53126388995051
cave_hsi,5,random-missing-completion,random,2,0.7,tucker,"(24,24,4)","(128,128)",2.7080884999595582,C:\Users\mrkys\workspace\NTD-PL\multirun\neurips-lowrank-core\benchmark\cave_hsi_random_id05_seed2_mr0.7_tucker_r24_24_4,0.2997495589717742,2.0,0.011781853379062936,28.814409876013194,-22.77787334650521,38.57572772410731,0.9967926272478967,26.51830196113183,0.012233981607755857,27.459241496927778,-22.467195271820888,38.2486435348911,0.9965536179696906,27.252266736313295
cave_hsi,6,random-missing-completion,random,2,0.7,ntdpl,"(24,24,4)","(128,128)",9.257678000023589,C:\Users\mrkys\workspace\NTD-PL\multirun\neurips-lowrank-core\run\cave_hsi_random_id06_seed2_mr0.7_ntdpl_r24_24_4,0.2997495589717742,2.0,0.06346754729747772,9.595507626819645,-12.100000800074621,23.948965952104867,0.9196977527594319,40.41403452027269,0.0650489330291748,9.591434888726777,-11.878074844692929,23.735195847963073,0.9155636486251925,41.4701923753999
cave_hsi,6,random-missing-completion,random,2,0.7,softimpute,"(24,24,4)","(128,128)",17.862083899904974,C:\Users\mrkys\workspace\NTD-PL\multirun\neurips-lowrank-core\benchmark\cave_hsi_random_id06_seed2_mr0.7_softimpute_r24_24_4,0.2997495589717742,2.0,0.07725504785776138,13.165655092070397,-10.39249775347079,22.241463374436563,0.8661197939303125,50.656229770819714,0.09232092648744583,13.266731714776636,-8.8368755196875,20.693997284645242,0.7892436923812581,60.733478885824546
cave_hsi,6,random-missing-completion,random,2,0.7,tucker,"(24,24,4)","(128,128)",2.271862499997951,C:\Users\mrkys\workspace\NTD-PL\multirun\neurips-lowrank-core\benchmark\cave_hsi_random_id06_seed2_mr0.7_tucker_r24_24_4,0.2997495589717742,2.0,0.06627066181803677,9.93089004251082,-11.72460871280686,23.573573845312144,0.9117684877571487,43.866129270136796,0.06764274414332751,9.96346306715054,-11.538454132063308,23.39557564356443,0.9079846972729915,44.8130795965694
cave_hsi,7,random-missing-completion,random,2,0.7,ntdpl,"(24,24,4)","(128,128)",9.94729979999829,C:\Users\mrkys\workspace\NTD-PL\multirun\neurips-lowrank-core\run\cave_hsi_random_id07_seed2_mr0.7_ntdpl_r24_24_4,0.2997495589717742,2.0,0.011295494623482227,23.44632538101207,-20.160947389351463,38.94189557406234,0.994343494457931,22.965610770170404,0.011950609274208546,22.800917269134438,-19.676390746123047,38.45219861693158,0.9936668538340715,24.233981976109607
cave_hsi,7,random-missing-completion,random,2,0.7,softimpute,"(24,24,4)","(128,128)",28.778616100084037,C:\Users\mrkys\workspace\NTD-PL\multirun\neurips-lowrank-core\benchmark\cave_hsi_random_id07_seed2_mr0.7_softimpute_r24_24_4,0.2997495589717742,2.0,0.029112989082932472,23.589982396790344,-11.9373163806951,30.71826436355564,0.9485219428049929,58.97256432095733,0.03479045256972313,21.936776135788044,-10.394990125783682,29.170798273764316,0.9165070112378821,70.40570170849249
cave_hsi,7,random-missing-completion,random,2,0.7,tucker,"(24,24,4)","(128,128)",2.974050800083205,C:\Users\mrkys\workspace\NTD-PL\multirun\neurips-lowrank-core\benchmark\cave_hsi_random_id07_seed2_mr0.7_tucker_r24_24_4,0.2997495589717742,2.0,0.010518230041913686,21.023487019524076,-20.780198921383978,39.561146701177215,0.9951018214104612,21.225715674794717,0.01106169781012166,20.701128194738097,-20.347756091608854,39.12356420026831,0.9945847900875415,22.275842778718843
cave_hsi,8,random-missing-completion,random,2,0.7,ntdpl,"(24,24,4)","(128,128)",8.963065399904735,C:\Users\mrkys\workspace\NTD-PL\multirun\neurips-lowrank-core\run\cave_hsi_random_id08_seed2_mr0.7_ntdpl_r24_24_4,0.2997495589717742,2.0,0.02747936174273491,14.161443427310859,-18.008294605744407,31.219866841695946,0.988432090556057,22.74566169153249,0.028361963108181953,13.778272956653577,-17.725846207622233,30.94527413729548,0.9876576307849487,23.42834877397854
cave_hsi,8,random-missing-completion,random,2,0.7,softimpute,"(24,24,4)","(128,128)",20.769443799974397,C:\Users\mrkys\workspace\NTD-PL\multirun\neurips-lowrank-core\benchmark\cave_hsi_random_id08_seed2_mr0.7_softimpute_r24_24_4,0.2997495589717742,2.0,0.06518270075321198,20.73919377288847,-10.505779930784358,23.717352479896498,0.9182747093199108,52.91398079186388,0.07789430022239685,20.251825452416952,-8.950458646217566,22.16988639010517,0.8701625810067001,63.27214856023087
cave_hsi,8,random-missing-completion,random,2,0.7,tucker,"(24,24,4)","(128,128)",2.453427799977362,C:\Users\mrkys\workspace\NTD-PL\multirun\neurips-lowrank-core\benchmark\cave_hsi_random_id08_seed2_mr0.7_tucker_r24_24_4,0.2997495589717742,2.0,0.03396236124855121,19.729109088868846,-16.168469854592956,29.380042457155938,0.9822512995851947,27.962041487613646,0.034780085562512136,19.496366402147267,-15.95395926346505,29.17338707847684,0.9813545424773531,28.591299371917493
cave_hsi,9,random-missing-completion,random,2,0.7,ntdpl,"(24,24,4)","(128,128)",8.269038500031456,C:\Users\mrkys\workspace\NTD-PL\multirun\neurips-lowrank-core\run\cave_hsi_random_id09_seed2_mr0.7_ntdpl_r24_24_4,0.2997495589717742,2.0,0.021791743114590645,23.927657789789507,-17.770188998125683,33.234160612924725,0.9891580084373435,28.14044625563408,0.02266964130103588,22.950007877993865,-17.443313154618917,32.89110676784111,0.9883033862354265,28.79252327843038
cave_hsi,9,random-missing-completion,random,2,0.7,softimpute,"(24,24,4)","(128,128)",22.63396260002628,C:\Users\mrkys\workspace\NTD-PL\multirun\neurips-lowrank-core\benchmark\cave_hsi_random_id09_seed2_mr0.7_softimpute_r24_24_4,0.2997495589717742,2.0,0.04988619685173035,24.882934983944676,-10.576420800659644,26.04039274781905,0.9264798907152526,60.444375684050364,0.059614744037389755,23.58895759959986,-9.045132491642985,24.492926658027727,0.8829523225812196,72.05825412692232
cave_hsi,9,random-missing-completion,random,2,0.7,tucker,"(24,24,4)","(128,128)",2.8204632000997663,C:\Users\mrkys\workspace\NTD-PL\multirun\neurips-lowrank-core\benchmark\cave_hsi_random_id09_seed2_mr0.7_tucker_r24_24_4,0.2997495589717742,2.0,0.02452439631672494,31.184654146525222,-16.74406207074772,32.208033484906835,0.9862393387178928,31.64322875180393,0.02537916740767629,30.426956888480724,-16.46265870913435,31.910452590596954,0.9853115049337278,32.28732237426963
cave_hsi,10,random-missing-completion,random,2,0.7,ntdpl,"(24,24,4)","(128,128)",8.291898100054823,C:\Users\mrkys\workspace\NTD-PL\multirun\neurips-lowrank-core\run\cave_hsi_random_id10_seed2_mr0.7_ntdpl_r24_24_4,0.2997495589717742,2.0,0.018846411257982254,9.982608991211984,-19.976747691603908,34.495426838914895,0.9919342909540665,16.275661733903693,0.019584329798817635,9.6993903621146,-19.66247278004629,34.16182592199704,0.9913261969767463,16.857750001648565
cave_hsi,10,random-missing-completion,random,2,0.7,softimpute,"(24,24,4)","(128,128)",20.78461889992468,C:\Users\mrkys\workspace\NTD-PL\multirun\neurips-lowrank-core\benchmark\cave_hsi_random_id10_seed2_mr0.7_softimpute_r24_24_4,0.2997495589717742,2.0,0.05433477461338043,16.33373972101932,-10.779762965187594,25.298442569951284,0.916960481976164,48.59874027819292,0.06493086367845535,15.7085386493737,-9.251623174303553,23.750976480159963,0.869795522165426,57.946716692754144
cave_hsi,10,random-missing-completion,random,2,0.7,tucker,"(24,24,4)","(128,128)",2.4344191999407485,C:\Users\mrkys\workspace\NTD-PL\multirun\neurips-lowrank-core\benchmark\cave_hsi_random_id10_seed2_mr0.7_tucker_r24_24_4,0.2997495589717742,2.0,0.021089812231091788,11.012772509951798,-18.999866409481136,33.518545737940215,0.9898999494737843,18.443204265786456,0.021865493371935774,10.783090956274712,-18.705461182227374,33.20481437617728,0.9891870425340297,19.06241003445755
cave_hsi,11,random-missing-completion,random,2,0.7,ntdpl,"(24,24,4)","(128,128)",7.568422500044107,C:\Users\mrkys\workspace\NTD-PL\multirun\neurips-lowrank-core\run\cave_hsi_random_id11_seed2_mr0.7_ntdpl_r24_24_4,0.2997495589717742,2.0,0.03501145541667938,10.706633719247629,-16.66001427919928,29.115796994096424,0.9778205801265196,22.01296059858164,0.03568098321557045,10.583907300236689,-16.506606533059692,28.95126357647587,0.9770106056693817,22.379435614695744
cave_hsi,11,random-missing-completion,random,2,0.7,softimpute,"(24,24,4)","(128,128)",20.83566049998626,C:\Users\mrkys\workspace\NTD-PL\multirun\neurips-lowrank-core\benchmark\cave_hsi_random_id11_seed2_mr0.7_softimpute_r24_24_4,0.2997495589717742,2.0,0.0798783004283905,18.448774379161126,-9.495641146462178,21.951423962556134,0.8554284288811161,49.48936728072039,0.09545575827360153,18.025579570938913,-7.959300626578002,20.40395787276481,0.7669717899252311,59.06829500739713
cave_hsi,11,random-missing-completion,random,2,0.7,tucker,"(24,24,4)","(128,128)",2.124734300072305,C:\Users\mrkys\workspace\NTD-PL\multirun\neurips-lowrank-core\benchmark\cave_hsi_random_id11_seed2_mr0.7_tucker_r24_24_4,0.2997495589717742,2.0,0.039008546596222646,12.3635963296373,-15.721021959579783,28.176804611810443,0.9723411876819571,24.67236504452256,0.03963389809076264,12.3302579331557,-15.594007395446887,28.038664232824626,0.971506204869969,25.009763394830088
cave_hsi,12,random-missing-completion,random,2,0.7,ntdpl,"(24,24,4)","(128,128)",8.353767900029197,C:\Users\mrkys\workspace\NTD-PL\multirun\neurips-lowrank-core\run\cave_hsi_random_id12_seed2_mr0.7_ntdpl_r24_24_4,0.2997495589717742,2.0,0.014699779450893402,7.265550694000067,-28.119717013780637,36.653783489942676,0.9985457293347177,7.423355110431616,0.01493738405406475,7.099015735570382,-27.972436132490266,36.51450886519858,0.9984978824118211,7.538509773392112
cave_hsi,12,random-missing-completion,random,2,0.7,softimpute,"(24,24,4)","(128,128)",19.853935100021772,C:\Users\mrkys\workspace\NTD-PL\multirun\neurips-lowrank-core\benchmark\cave_hsi_random_id12_seed2_mr0.7_softimpute_r24_24_4,0.2997495589717742,2.0,0.08340640366077423,14.760758663831151,-13.04194596169982,21.576012136155853,0.9451601598549595,35.73910446979806,0.09967189282178879,13.681356019099244,-11.486473549256335,20.028546046364532,0.9157518462901888,42.79772324170409
cave_hsi,12,random-missing-completion,random,2,0.7,tucker,"(24,24,4)","(128,128)",2.199222799972631,C:\Users\mrkys\workspace\NTD-PL\multirun\neurips-lowrank-core\benchmark\cave_hsi_random_id12_seed2_mr0.7_tucker_r24_24_4,0.2997495589717742,2.0,0.019071937947930502,8.53465550171126,-25.858037156751358,34.39210349898509,0.9975519400786966,9.614043644538436,0.019411524019589416,8.353634809314311,-25.696734637509834,34.238807326941526,0.9974634296086602,9.77723930054974
cave_hsi,13,random-missing-completion,random,2,0.7,ntdpl,"(24,24,4)","(128,128)",7.8798951000208035,C:\Users\mrkys\workspace\NTD-PL\multirun\neurips-lowrank-core\run\cave_hsi_random_id13_seed2_mr0.7_ntdpl_r24_24_4,0.2997495589717742,2.0,0.022615855559706688,21.803233098076387,-19.928845651765506,32.91173899600487,0.992863833610816,18.598959787914783,0.023223748430609703,21.212301533059655,-19.700361230023486,32.6813538325718,0.992477343412971,19.068280034482832
cave_hsi,13,random-missing-completion,random,2,0.7,softimpute,"(24,24,4)","(128,128)",22.90890829998534,C:\Users\mrkys\workspace\NTD-PL\multirun\neurips-lowrank-core\benchmark\cave_hsi_random_id13_seed2_mr0.7_softimpute_r24_24_4,0.2997495589717742,2.0,0.06634796410799026,21.564091433462124,-10.580554166136555,23.563448120286104,0.9218892477298155,54.724122987249466,0.07928679883480072,20.15911418475386,-9.034989707172867,22.01598203049478,0.8757781262506229,65.40162800596352
cave_hsi,13,random-missing-completion,random,2,0.7,tucker,"(24,24,4)","(128,128)",2.34181010001339,C:\Users\mrkys\workspace\NTD-PL\multirun\neurips-lowrank-core\benchmark\cave_hsi_random_id13_seed2_mr0.7_tucker_r24_24_4,0.2997495589717742,2.0,0.025318118863384836,25.343351072221587,-18.94847760268023,31.931371310851357,0.991053141639591,20.869876819674175,0.025938032560756254,24.937301181442074,-18.74026683593072,31.721259378000852,0.990613394601288,21.349889753884696
cave_hsi,14,random-missing-completion,random,2,0.7,ntdpl,"(24,24,4)","(128,128)",8.251273799920455,C:\Users\mrkys\workspace\NTD-PL\multirun\neurips-lowrank-core\run\cave_hsi_random_id14_seed2_mr0.7_ntdpl_r24_24_4,0.2997495589717742,2.0,0.014267674647271633,11.62525546448363,-18.388288775021387,36.912936040626214,0.9912097447555364,28.46604152998075,0.014844648540019989,11.433022110805211,-18.04485887696625,36.5686017434652,0.990486027046123,29.281183921386283
cave_hsi,14,random-missing-completion,random,2,0.7,softimpute,"(24,24,4)","(128,128)",30.58111489994917,C:\Users\mrkys\workspace\NTD-PL\multirun\neurips-lowrank-core\benchmark\cave_hsi_random_id14_seed2_mr0.7_softimpute_r24_24_4,0.2997495589717742,2.0,0.03615538775920868,22.301123679764046,-10.311892411708456,28.836539258720496,0.923182485904441,72.29469796219475,0.04320622608065605,21.612131710206686,-8.76532970562742,27.28907316892917,0.8751526099090536,86.34912921830609
cave_hsi,14,random-missing-completion,random,2,0.7,tucker,"(24,24,4)","(128,128)",2.8474072000244632,C:\Users\mrkys\workspace\NTD-PL\multirun\neurips-lowrank-core\benchmark\cave_hsi_random_id14_seed2_mr0.7_tucker_r24_24_4,0.2997495589717742,2.0,0.015936158946293504,13.235201525736109,-17.42767975300614,35.95232694543321,0.9890111301230766,31.889036558246552,0.0164656404262361,13.20167852007365,-17.144684400589604,35.66842745735137,0.9882693243456978,32.66849901181029
cave_hsi,15,random-missing-completion,random,2,0.7,ntdpl,"(24,24,4)","(128,128)",9.115582800004631,C:\Users\mrkys\workspace\NTD-PL\multirun\neurips-lowrank-core\run\cave_hsi_random_id15_seed2_mr0.7_ntdpl_r24_24_4,0.2997495589717742,2.0,0.0153770437464118,14.456595959337266,-20.771304682624006,36.26254302153603,0.993927582551837,16.40270093853887,0.015796301886439323,13.759484176963767,-20.537417640511947,36.02889155855581,0.9935910822467555,16.78902022869895
cave_hsi,15,random-missing-completion,random,2,0.7,softimpute,"(24,24,4)","(128,128)",20.73080120002851,C:\Users\mrkys\workspace\NTD-PL\multirun\neurips-lowrank-core\benchmark\cave_hsi_random_id15_seed2_mr0.7_softimpute_r24_24_4,0.2997495589717742,2.0,0.04789884760975838,20.076245404807835,-10.902260315511578,26.393498422215252,0.9256466732141487,53.16124171794544,0.0572398342192173,20.046600982604595,-9.354558382396164,24.846032332423928,0.8821651455969285,63.51490929276344
cave_hsi,15,random-missing-completion,random,2,0.7,tucker,"(24,24,4)","(128,128)",2.1603153999894857,C:\Users\mrkys\workspace\NTD-PL\multirun\neurips-lowrank-core\benchmark\cave_hsi_random_id15_seed2_mr0.7_tucker_r24_24_4,0.2997495589717742,2.0,0.017313709272621904,18.07067228860008,-19.740959216417366,35.23219758638742,0.9922996296038173,18.594426093923,0.017752546245524213,17.414930511701105,-19.523312827752882,35.01478694674326,0.9919040072479713,19.009779358624176
